contract,sample_id,planet,measure,jhora_value_virupa,local_value_virupa,pyjhora_value_virupa,jhora_minus_local_virupa,jhora_minus_pyjhora_virupa,local_absolute_delta_virupa,pyjhora_absolute_delta_virupa,local_pass_fail,pyjhora_pass_fail,nearest_profile,tolerance_virupa,jhora_source,pyjhora_source
GANN_JHORA_KAALA_WITNESS_COMPARATOR_V1,case_103_event_start,JUPITER,abda,0.000000000,0.000000000,0.000000000,0.000000000,0.000000000,0.000000000,0.000000000,pass,pass,tie,0.500000000,Jagannatha Hora 8.0 locked visible Kaala Bala table; accessibility_sha256=A7570C532230A244CCC96BD73C9782E188A1C3B64AB899032064080F61E866E0; screenshot_sha256=BDDD318EAF738D26069BBDFB75783824D094B4E59F17FDC28E41A36ABECA66F1,PyJHora 4.8.7 Tier B isolated export; Raman ayanamsa; wheel sha256 D8D8014573A38DDEFEDCAE57D3B8D84687CAC2AD31BB5B1DD70D945906A4D54D; event civil timezone; Tokyo reference coordinates; Dig uses _dig_bala(method=2) canonical bounded circular-distance variant because the package default method=1 can exceed 60 virupa
GANN_JHORA_KAALA_WITNESS_COMPARATOR_V1,case_103_event_start,JUPITER,ayana,59.610000000,59.568335737,59.830000000,0.041664263,-0.220000000,0.041664263,0.220000000,pass,pass,local,0.500000000,Jagannatha Hora 8.0 locked visible Kaala Bala table; accessibility_sha256=A7570C532230A244CCC96BD73C9782E188A1C3B64AB899032064080F61E866E0; screenshot_sha256=BDDD318EAF738D26069BBDFB75783824D094B4E59F17FDC28E41A36ABECA66F1,PyJHora 4.8.7 Tier B isolated export; Raman ayanamsa; wheel sha256 D8D8014573A38DDEFEDCAE57D3B8D84687CAC2AD31BB5B1DD70D945906A4D54D; event civil timezone; Tokyo reference coordinates; Dig uses _dig_bala(method=2) canonical bounded circular-distance variant because the package default method=1 can exceed 60 virupa
GANN_JHORA_KAALA_WITNESS_COMPARATOR_V1,case_103_event_start,JUPITER,hora,60.000000000,60.000000000,0.000000000,0.000000000,60.000000000,0.000000000,60.000000000,pass,fail,local,0.500000000,Jagannatha Hora 8.0 locked visible Kaala Bala table; accessibility_sha256=A7570C532230A244CCC96BD73C9782E188A1C3B64AB899032064080F61E866E0; screenshot_sha256=BDDD318EAF738D26069BBDFB75783824D094B4E59F17FDC28E41A36ABECA66F1,PyJHora 4.8.7 Tier B isolated export; Raman ayanamsa; wheel sha256 D8D8014573A38DDEFEDCAE57D3B8D84687CAC2AD31BB5B1DD70D945906A4D54D; event civil timezone; Tokyo reference coordinates; Dig uses _dig_bala(method=2) canonical bounded circular-distance variant because the package default method=1 can exceed 60 virupa
GANN_JHORA_KAALA_WITNESS_COMPARATOR_V1,case_103_event_start,JUPITER,masa,0.000000000,0.000000000,0.000000000,0.000000000,0.000000000,0.000000000,0.000000000,pass,pass,tie,0.500000000,Jagannatha Hora 8.0 locked visible Kaala Bala table; accessibility_sha256=A7570C532230A244CCC96BD73C9782E188A1C3B64AB899032064080F61E866E0; screenshot_sha256=BDDD318EAF738D26069BBDFB75783824D094B4E59F17FDC28E41A36ABECA66F1,PyJHora 4.8.7 Tier B isolated export; Raman ayanamsa; wheel sha256 D8D8014573A38DDEFEDCAE57D3B8D84687CAC2AD31BB5B1DD70D945906A4D54D; event civil timezone; Tokyo reference coordinates; Dig uses _dig_bala(method=2) canonical bounded circular-distance variant because the package default method=1 can exceed 60 virupa
GANN_JHORA_KAALA_WITNESS_COMPARATOR_V1,case_103_event_start,JUPITER,nathonnatha,10.750000000,11.550100000,26.870000000,-0.800100000,-16.120000000,0.800100000,16.120000000,fail,fail,local,0.500000000,Jagannatha Hora 8.0 locked visible Kaala Bala table; accessibility_sha256=A7570C532230A244CCC96BD73C9782E188A1C3B64AB899032064080F61E866E0; screenshot_sha256=BDDD318EAF738D26069BBDFB75783824D094B4E59F17FDC28E41A36ABECA66F1,PyJHora 4.8.7 Tier B isolated export; Raman ayanamsa; wheel sha256 D8D8014573A38DDEFEDCAE57D3B8D84687CAC2AD31BB5B1DD70D945906A4D54D; event civil timezone; Tokyo reference coordinates; Dig uses _dig_bala(method=2) canonical bounded circular-distance variant because the package default method=1 can exceed 60 virupa
GANN_JHORA_KAALA_WITNESS_COMPARATOR_V1,case_103_event_start,JUPITER,paksha,48.870000000,48.874405858,71.120000000,-0.004405858,-22.250000000,0.004405858,22.250000000,pass,fail,local,0.500000000,Jagannatha Hora 8.0 locked visible Kaala Bala table; accessibility_sha256=A7570C532230A244CCC96BD73C9782E188A1C3B64AB899032064080F61E866E0; screenshot_sha256=BDDD318EAF738D26069BBDFB75783824D094B4E59F17FDC28E41A36ABECA66F1,PyJHora 4.8.7 Tier B isolated export; Raman ayanamsa; wheel sha256 D8D8014573A38DDEFEDCAE57D3B8D84687CAC2AD31BB5B1DD70D945906A4D54D; event civil timezone; Tokyo reference coordinates; Dig uses _dig_bala(method=2) canonical bounded circular-distance variant because the package default method=1 can exceed 60 virupa
GANN_JHORA_KAALA_WITNESS_COMPARATOR_V1,case_103_event_start,JUPITER,total,284.240000000,284.992841595,262.820000000,-0.752841595,21.420000000,0.752841595,21.420000000,fail,fail,local,0.500000000,Jagannatha Hora 8.0 locked visible Kaala Bala table; accessibility_sha256=A7570C532230A244CCC96BD73C9782E188A1C3B64AB899032064080F61E866E0; screenshot_sha256=BDDD318EAF738D26069BBDFB75783824D094B4E59F17FDC28E41A36ABECA66F1,PyJHora 4.8.7 Tier B isolated export; Raman ayanamsa; wheel sha256 D8D8014573A38DDEFEDCAE57D3B8D84687CAC2AD31BB5B1DD70D945906A4D54D; event civil timezone; Tokyo reference coordinates; Dig uses _dig_bala(method=2) canonical bounded circular-distance variant because the package default method=1 can exceed 60 virupa
GANN_JHORA_KAALA_WITNESS_COMPARATOR_V1,case_103_event_start,JUPITER,tribhaga,60.000000000,60.000000000,60.000000000,0.000000000,0.000000000,0.000000000,0.000000000,pass,pass,tie,0.500000000,Jagannatha Hora 8.0 locked visible Kaala Bala table; accessibility_sha256=A7570C532230A244CCC96BD73C9782E188A1C3B64AB899032064080F61E866E0; screenshot_sha256=BDDD318EAF738D26069BBDFB75783824D094B4E59F17FDC28E41A36ABECA66F1,PyJHora 4.8.7 Tier B isolated export; Raman ayanamsa; wheel sha256 D8D8014573A38DDEFEDCAE57D3B8D84687CAC2AD31BB5B1DD70D945906A4D54D; event civil timezone; Tokyo reference coordinates; Dig uses _dig_bala(method=2) canonical bounded circular-distance variant because the package default method=1 can exceed 60 virupa
GANN_JHORA_KAALA_WITNESS_COMPARATOR_V1,case_103_event_start,JUPITER,vara,45.000000000,45.000000000,45.000000000,0.000000000,0.000000000,0.000000000,0.000000000,pass,pass,tie,0.500000000,Jagannatha Hora 8.0 locked visible Kaala Bala table; accessibility_sha256=A7570C532230A244CCC96BD73C9782E188A1C3B64AB899032064080F61E866E0; screenshot_sha256=BDDD318EAF738D26069BBDFB75783824D094B4E59F17FDC28E41A36ABECA66F1,PyJHora 4.8.7 Tier B isolated export; Raman ayanamsa; wheel sha256 D8D8014573A38DDEFEDCAE57D3B8D84687CAC2AD31BB5B1DD70D945906A4D54D; event civil timezone; Tokyo reference coordinates; Dig uses _dig_bala(method=2) canonical bounded circular-distance variant because the package default method=1 can exceed 60 virupa
GANN_JHORA_KAALA_WITNESS_COMPARATOR_V1,case_103_event_start,JUPITER,yuddha,0.000000000,0.000000000,0.000000000,0.000000000,0.000000000,0.000000000,0.000000000,pass,pass,tie,0.500000000,Jagannatha Hora 8.0 locked visible Kaala Bala table; accessibility_sha256=A7570C532230A244CCC96BD73C9782E188A1C3B64AB899032064080F61E866E0; screenshot_sha256=BDDD318EAF738D26069BBDFB75783824D094B4E59F17FDC28E41A36ABECA66F1,PyJHora 4.8.7 Tier B isolated export; Raman ayanamsa; wheel sha256 D8D8014573A38DDEFEDCAE57D3B8D84687CAC2AD31BB5B1DD70D945906A4D54D; event civil timezone; Tokyo reference coordinates; Dig uses _dig_bala(method=2) canonical bounded circular-distance variant because the package default method=1 can exceed 60 virupa
GANN_JHORA_KAALA_WITNESS_COMPARATOR_V1,case_103_event_start,MARS,abda,0.000000000,0.000000000,0.000000000,0.000000000,0.000000000,0.000000000,0.000000000,pass,pass,tie,0.500000000,Jagannatha Hora 8.0 locked visible Kaala Bala table; accessibility_sha256=A7570C532230A244CCC96BD73C9782E188A1C3B64AB899032064080F61E866E0; screenshot_sha256=BDDD318EAF738D26069BBDFB75783824D094B4E59F17FDC28E41A36ABECA66F1,PyJHora 4.8.7 Tier B isolated export; Raman ayanamsa; wheel sha256 D8D8014573A38DDEFEDCAE57D3B8D84687CAC2AD31BB5B1DD70D945906A4D54D; event civil timezone; Tokyo reference coordinates; Dig uses _dig_bala(method=2) canonical bounded circular-distance variant because the package default method=1 can exceed 60 virupa
GANN_JHORA_KAALA_WITNESS_COMPARATOR_V1,case_103_event_start,MARS,ayana,51.570000000,53.877977998,51.740000000,-2.307977998,-0.170000000,2.307977998,0.170000000,fail,pass,pyjhora,0.500000000,Jagannatha Hora 8.0 locked visible Kaala Bala table; accessibility_sha256=A7570C532230A244CCC96BD73C9782E188A1C3B64AB899032064080F61E866E0; screenshot_sha256=BDDD318EAF738D26069BBDFB75783824D094B4E59F17FDC28E41A36ABECA66F1,PyJHora 4.8.7 Tier B isolated export; Raman ayanamsa; wheel sha256 D8D8014573A38DDEFEDCAE57D3B8D84687CAC2AD31BB5B1DD70D945906A4D54D; event civil timezone; Tokyo reference coordinates; Dig uses _dig_bala(method=2) canonical bounded circular-distance variant because the package default method=1 can exceed 60 virupa
GANN_JHORA_KAALA_WITNESS_COMPARATOR_V1,case_103_event_start,MARS,hora,0.000000000,0.000000000,0.000000000,0.000000000,0.000000000,0.000000000,0.000000000,pass,pass,tie,0.500000000,Jagannatha Hora 8.0 locked visible Kaala Bala table; accessibility_sha256=A7570C532230A244CCC96BD73C9782E188A1C3B64AB899032064080F61E866E0; screenshot_sha256=BDDD318EAF738D26069BBDFB75783824D094B4E59F17FDC28E41A36ABECA66F1,PyJHora 4.8.7 Tier B isolated export; Raman ayanamsa; wheel sha256 D8D8014573A38DDEFEDCAE57D3B8D84687CAC2AD31BB5B1DD70D945906A4D54D; event civil timezone; Tokyo reference coordinates; Dig uses _dig_bala(method=2) canonical bounded circular-distance variant because the package default method=1 can exceed 60 virupa
GANN_JHORA_KAALA_WITNESS_COMPARATOR_V1,case_103_event_start,MARS,masa,30.000000000,30.000000000,30.000000000,0.000000000,0.000000000,0.000000000,0.000000000,pass,pass,tie,0.500000000,Jagannatha Hora 8.0 locked visible Kaala Bala table; accessibility_sha256=A7570C532230A244CCC96BD73C9782E188A1C3B64AB899032064080F61E866E0; screenshot_sha256=BDDD318EAF738D26069BBDFB75783824D094B4E59F17FDC28E41A36ABECA66F1,PyJHora 4.8.7 Tier B isolated export; Raman ayanamsa; wheel sha256 D8D8014573A38DDEFEDCAE57D3B8D84687CAC2AD31BB5B1DD70D945906A4D54D; event civil timezone; Tokyo reference coordinates; Dig uses _dig_bala(method=2) canonical bounded circular-distance variant because the package default method=1 can exceed 60 virupa
GANN_JHORA_KAALA_WITNESS_COMPARATOR_V1,case_103_event_start,MARS,nathonnatha,49.250000000,48.449900000,33.130000000,0.800100000,16.120000000,0.800100000,16.120000000,fail,fail,local,0.500000000,Jagannatha Hora 8.0 locked visible Kaala Bala table; accessibility_sha256=A7570C532230A244CCC96BD73C9782E188A1C3B64AB899032064080F61E866E0; screenshot_sha256=BDDD318EAF738D26069BBDFB75783824D094B4E59F17FDC28E41A36ABECA66F1,PyJHora 4.8.7 Tier B isolated export; Raman ayanamsa; wheel sha256 D8D8014573A38DDEFEDCAE57D3B8D84687CAC2AD31BB5B1DD70D945906A4D54D; event civil timezone; Tokyo reference coordinates; Dig uses _dig_bala(method=2) canonical bounded circular-distance variant because the package default method=1 can exceed 60 virupa
GANN_JHORA_KAALA_WITNESS_COMPARATOR_V1,case_103_event_start,MARS,paksha,11.130000000,11.125594142,-11.120000000,0.004405858,22.250000000,0.004405858,22.250000000,pass,fail,local,0.500000000,Jagannatha Hora 8.0 locked visible Kaala Bala table; accessibility_sha256=A7570C532230A244CCC96BD73C9782E188A1C3B64AB899032064080F61E866E0; screenshot_sha256=BDDD318EAF738D26069BBDFB75783824D094B4E59F17FDC28E41A36ABECA66F1,PyJHora 4.8.7 Tier B isolated export; Raman ayanamsa; wheel sha256 D8D8014573A38DDEFEDCAE57D3B8D84687CAC2AD31BB5B1DD70D945906A4D54D; event civil timezone; Tokyo reference coordinates; Dig uses _dig_bala(method=2) canonical bounded circular-distance variant because the package default method=1 can exceed 60 virupa
GANN_JHORA_KAALA_WITNESS_COMPARATOR_V1,case_103_event_start,MARS,total,201.950000000,203.453472140,103.750000000,-1.503472140,98.200000000,1.503472140,98.200000000,fail,fail,local,0.500000000,Jagannatha Hora 8.0 locked visible Kaala Bala table; accessibility_sha256=A7570C532230A244CCC96BD73C9782E188A1C3B64AB899032064080F61E866E0; screenshot_sha256=BDDD318EAF738D26069BBDFB75783824D094B4E59F17FDC28E41A36ABECA66F1,PyJHora 4.8.7 Tier B isolated export; Raman ayanamsa; wheel sha256 D8D8014573A38DDEFEDCAE57D3B8D84687CAC2AD31BB5B1DD70D945906A4D54D; event civil timezone; Tokyo reference coordinates; Dig uses _dig_bala(method=2) canonical bounded circular-distance variant because the package default method=1 can exceed 60 virupa
GANN_JHORA_KAALA_WITNESS_COMPARATOR_V1,case_103_event_start,MARS,tribhaga,60.000000000,60.000000000,0.000000000,0.000000000,60.000000000,0.000000000,60.000000000,pass,fail,local,0.500000000,Jagannatha Hora 8.0 locked visible Kaala Bala table; accessibility_sha256=A7570C532230A244CCC96BD73C9782E188A1C3B64AB899032064080F61E866E0; screenshot_sha256=BDDD318EAF738D26069BBDFB75783824D094B4E59F17FDC28E41A36ABECA66F1,PyJHora 4.8.7 Tier B isolated export; Raman ayanamsa; wheel sha256 D8D8014573A38DDEFEDCAE57D3B8D84687CAC2AD31BB5B1DD70D945906A4D54D; event civil timezone; Tokyo reference coordinates; Dig uses _dig_bala(method=2) canonical bounded circular-distance variant because the package default method=1 can exceed 60 virupa
GANN_JHORA_KAALA_WITNESS_COMPARATOR_V1,case_103_event_start,MARS,vara,0.000000000,0.000000000,0.000000000,0.000000000,0.000000000,0.000000000,0.000000000,pass,pass,tie,0.500000000,Jagannatha Hora 8.0 locked visible Kaala Bala table; accessibility_sha256=A7570C532230A244CCC96BD73C9782E188A1C3B64AB899032064080F61E866E0; screenshot_sha256=BDDD318EAF738D26069BBDFB75783824D094B4E59F17FDC28E41A36ABECA66F1,PyJHora 4.8.7 Tier B isolated export; Raman ayanamsa; wheel sha256 D8D8014573A38DDEFEDCAE57D3B8D84687CAC2AD31BB5B1DD70D945906A4D54D; event civil timezone; Tokyo reference coordinates; Dig uses _dig_bala(method=2) canonical bounded circular-distance variant because the package default method=1 can exceed 60 virupa
GANN_JHORA_KAALA_WITNESS_COMPARATOR_V1,case_103_event_start,MARS,yuddha,0.000000000,0.000000000,0.000000000,0.000000000,0.000000000,0.000000000,0.000000000,pass,pass,tie,0.500000000,Jagannatha Hora 8.0 locked visible Kaala Bala table; accessibility_sha256=A7570C532230A244CCC96BD73C9782E188A1C3B64AB899032064080F61E866E0; screenshot_sha256=BDDD318EAF738D26069BBDFB75783824D094B4E59F17FDC28E41A36ABECA66F1,PyJHora 4.8.7 Tier B isolated export; Raman ayanamsa; wheel sha256 D8D8014573A38DDEFEDCAE57D3B8D84687CAC2AD31BB5B1DD70D945906A4D54D; event civil timezone; Tokyo reference coordinates; Dig uses _dig_bala(method=2) canonical bounded circular-distance variant because the package default method=1 can exceed 60 virupa
GANN_JHORA_KAALA_WITNESS_COMPARATOR_V1,case_103_event_start,MERCURY,abda,0.000000000,0.000000000,0.000000000,0.000000000,0.000000000,0.000000000,0.000000000,pass,pass,tie,0.500000000,Jagannatha Hora 8.0 locked visible Kaala Bala table; accessibility_sha256=A7570C532230A244CCC96BD73C9782E188A1C3B64AB899032064080F61E866E0; screenshot_sha256=BDDD318EAF738D26069BBDFB75783824D094B4E59F17FDC28E41A36ABECA66F1,PyJHora 4.8.7 Tier B isolated export; Raman ayanamsa; wheel sha256 D8D8014573A38DDEFEDCAE57D3B8D84687CAC2AD31BB5B1DD70D945906A4D54D; event civil timezone; Tokyo reference coordinates; Dig uses _dig_bala(method=2) canonical bounded circular-distance variant because the package default method=1 can exceed 60 virupa
GANN_JHORA_KAALA_WITNESS_COMPARATOR_V1,case_103_event_start,MERCURY,ayana,48.560000000,46.417019667,48.600000000,2.142980333,-0.040000000,2.142980333,0.040000000,fail,pass,pyjhora,0.500000000,Jagannatha Hora 8.0 locked visible Kaala Bala table; accessibility_sha256=A7570C532230A244CCC96BD73C9782E188A1C3B64AB899032064080F61E866E0; screenshot_sha256=BDDD318EAF738D26069BBDFB75783824D094B4E59F17FDC28E41A36ABECA66F1,PyJHora 4.8.7 Tier B isolated export; Raman ayanamsa; wheel sha256 D8D8014573A38DDEFEDCAE57D3B8D84687CAC2AD31BB5B1DD70D945906A4D54D; event civil timezone; Tokyo reference coordinates; Dig uses _dig_bala(method=2) canonical bounded circular-distance variant because the package default method=1 can exceed 60 virupa
GANN_JHORA_KAALA_WITNESS_COMPARATOR_V1,case_103_event_start,MERCURY,hora,0.000000000,0.000000000,0.000000000,0.000000000,0.000000000,0.000000000,0.000000000,pass,pass,tie,0.500000000,Jagannatha Hora 8.0 locked visible Kaala Bala table; accessibility_sha256=A7570C532230A244CCC96BD73C9782E188A1C3B64AB899032064080F61E866E0; screenshot_sha256=BDDD318EAF738D26069BBDFB75783824D094B4E59F17FDC28E41A36ABECA66F1,PyJHora 4.8.7 Tier B isolated export; Raman ayanamsa; wheel sha256 D8D8014573A38DDEFEDCAE57D3B8D84687CAC2AD31BB5B1DD70D945906A4D54D; event civil timezone; Tokyo reference coordinates; Dig uses _dig_bala(method=2) canonical bounded circular-distance variant because the package default method=1 can exceed 60 virupa
GANN_JHORA_KAALA_WITNESS_COMPARATOR_V1,case_103_event_start,MERCURY,masa,0.000000000,0.000000000,0.000000000,0.000000000,0.000000000,0.000000000,0.000000000,pass,pass,tie,0.500000000,Jagannatha Hora 8.0 locked visible Kaala Bala table; accessibility_sha256=A7570C532230A244CCC96BD73C9782E188A1C3B64AB899032064080F61E866E0; screenshot_sha256=BDDD318EAF738D26069BBDFB75783824D094B4E59F17FDC28E41A36ABECA66F1,PyJHora 4.8.7 Tier B isolated export; Raman ayanamsa; wheel sha256 D8D8014573A38DDEFEDCAE57D3B8D84687CAC2AD31BB5B1DD70D945906A4D54D; event civil timezone; Tokyo reference coordinates; Dig uses _dig_bala(method=2) canonical bounded circular-distance variant because the package default method=1 can exceed 60 virupa
GANN_JHORA_KAALA_WITNESS_COMPARATOR_V1,case_103_event_start,MERCURY,nathonnatha,60.000000000,60.000000000,60.000000000,0.000000000,0.000000000,0.000000000,0.000000000,pass,pass,tie,0.500000000,Jagannatha Hora 8.0 locked visible Kaala Bala table; accessibility_sha256=A7570C532230A244CCC96BD73C9782E188A1C3B64AB899032064080F61E866E0; screenshot_sha256=BDDD318EAF738D26069BBDFB75783824D094B4E59F17FDC28E41A36ABECA66F1,PyJHora 4.8.7 Tier B isolated export; Raman ayanamsa; wheel sha256 D8D8014573A38DDEFEDCAE57D3B8D84687CAC2AD31BB5B1DD70D945906A4D54D; event civil timezone; Tokyo reference coordinates; Dig uses _dig_bala(method=2) canonical bounded circular-distance variant because the package default method=1 can exceed 60 virupa
GANN_JHORA_KAALA_WITNESS_COMPARATOR_V1,case_103_event_start,MERCURY,paksha,48.870000000,48.874405858,71.120000000,-0.004405858,-22.250000000,0.004405858,22.250000000,pass,fail,local,0.500000000,Jagannatha Hora 8.0 locked visible Kaala Bala table; accessibility_sha256=A7570C532230A244CCC96BD73C9782E188A1C3B64AB899032064080F61E866E0; screenshot_sha256=BDDD318EAF738D26069BBDFB75783824D094B4E59F17FDC28E41A36ABECA66F1,PyJHora 4.8.7 Tier B isolated export; Raman ayanamsa; wheel sha256 D8D8014573A38DDEFEDCAE57D3B8D84687CAC2AD31BB5B1DD70D945906A4D54D; event civil timezone; Tokyo reference coordinates; Dig uses _dig_bala(method=2) canonical bounded circular-distance variant because the package default method=1 can exceed 60 virupa
GANN_JHORA_KAALA_WITNESS_COMPARATOR_V1,case_103_event_start,MERCURY,total,157.430000000,155.291425525,179.720000000,2.138574475,-22.290000000,2.138574475,22.290000000,fail,fail,local,0.500000000,Jagannatha Hora 8.0 locked visible Kaala Bala table; accessibility_sha256=A7570C532230A244CCC96BD73C9782E188A1C3B64AB899032064080F61E866E0; screenshot_sha256=BDDD318EAF738D26069BBDFB75783824D094B4E59F17FDC28E41A36ABECA66F1,PyJHora 4.8.7 Tier B isolated export; Raman ayanamsa; wheel sha256 D8D8014573A38DDEFEDCAE57D3B8D84687CAC2AD31BB5B1DD70D945906A4D54D; event civil timezone; Tokyo reference coordinates; Dig uses _dig_bala(method=2) canonical bounded circular-distance variant because the package default method=1 can exceed 60 virupa
GANN_JHORA_KAALA_WITNESS_COMPARATOR_V1,case_103_event_start,MERCURY,tribhaga,0.000000000,0.000000000,0.000000000,0.000000000,0.000000000,0.000000000,0.000000000,pass,pass,tie,0.500000000,Jagannatha Hora 8.0 locked visible Kaala Bala table; accessibility_sha256=A7570C532230A244CCC96BD73C9782E188A1C3B64AB899032064080F61E866E0; screenshot_sha256=BDDD318EAF738D26069BBDFB75783824D094B4E59F17FDC28E41A36ABECA66F1,PyJHora 4.8.7 Tier B isolated export; Raman ayanamsa; wheel sha256 D8D8014573A38DDEFEDCAE57D3B8D84687CAC2AD31BB5B1DD70D945906A4D54D; event civil timezone; Tokyo reference coordinates; Dig uses _dig_bala(method=2) canonical bounded circular-distance variant because the package default method=1 can exceed 60 virupa
GANN_JHORA_KAALA_WITNESS_COMPARATOR_V1,case_103_event_start,MERCURY,vara,0.000000000,0.000000000,0.000000000,0.000000000,0.000000000,0.000000000,0.000000000,pass,pass,tie,0.500000000,Jagannatha Hora 8.0 locked visible Kaala Bala table; accessibility_sha256=A7570C532230A244CCC96BD73C9782E188A1C3B64AB899032064080F61E866E0; screenshot_sha256=BDDD318EAF738D26069BBDFB75783824D094B4E59F17FDC28E41A36ABECA66F1,PyJHora 4.8.7 Tier B isolated export; Raman ayanamsa; wheel sha256 D8D8014573A38DDEFEDCAE57D3B8D84687CAC2AD31BB5B1DD70D945906A4D54D; event civil timezone; Tokyo reference coordinates; Dig uses _dig_bala(method=2) canonical bounded circular-distance variant because the package default method=1 can exceed 60 virupa
GANN_JHORA_KAALA_WITNESS_COMPARATOR_V1,case_103_event_start,MERCURY,yuddha,0.000000000,0.000000000,0.000000000,0.000000000,0.000000000,0.000000000,0.000000000,pass,pass,tie,0.500000000,Jagannatha Hora 8.0 locked visible Kaala Bala table; accessibility_sha256=A7570C532230A244CCC96BD73C9782E188A1C3B64AB899032064080F61E866E0; screenshot_sha256=BDDD318EAF738D26069BBDFB75783824D094B4E59F17FDC28E41A36ABECA66F1,PyJHora 4.8.7 Tier B isolated export; Raman ayanamsa; wheel sha256 D8D8014573A38DDEFEDCAE57D3B8D84687CAC2AD31BB5B1DD70D945906A4D54D; event civil timezone; Tokyo reference coordinates; Dig uses _dig_bala(method=2) canonical bounded circular-distance variant because the package default method=1 can exceed 60 virupa
GANN_JHORA_KAALA_WITNESS_COMPARATOR_V1,case_103_event_start,MOON,abda,15.000000000,15.000000000,15.000000000,0.000000000,0.000000000,0.000000000,0.000000000,pass,pass,tie,0.500000000,Jagannatha Hora 8.0 locked visible Kaala Bala table; accessibility_sha256=A7570C532230A244CCC96BD73C9782E188A1C3B64AB899032064080F61E866E0; screenshot_sha256=BDDD318EAF738D26069BBDFB75783824D094B4E59F17FDC28E41A36ABECA66F1,PyJHora 4.8.7 Tier B isolated export; Raman ayanamsa; wheel sha256 D8D8014573A38DDEFEDCAE57D3B8D84687CAC2AD31BB5B1DD70D945906A4D54D; event civil timezone; Tokyo reference coordinates; Dig uses _dig_bala(method=2) canonical bounded circular-distance variant because the package default method=1 can exceed 60 virupa
GANN_JHORA_KAALA_WITNESS_COMPARATOR_V1,case_103_event_start,MOON,ayana,59.910000000,66.446025958,59.980000000,-6.536025958,-0.070000000,6.536025958,0.070000000,fail,pass,pyjhora,0.500000000,Jagannatha Hora 8.0 locked visible Kaala Bala table; accessibility_sha256=A7570C532230A244CCC96BD73C9782E188A1C3B64AB899032064080F61E866E0; screenshot_sha256=BDDD318EAF738D26069BBDFB75783824D094B4E59F17FDC28E41A36ABECA66F1,PyJHora 4.8.7 Tier B isolated export; Raman ayanamsa; wheel sha256 D8D8014573A38DDEFEDCAE57D3B8D84687CAC2AD31BB5B1DD70D945906A4D54D; event civil timezone; Tokyo reference coordinates; Dig uses _dig_bala(method=2) canonical bounded circular-distance variant because the package default method=1 can exceed 60 virupa
GANN_JHORA_KAALA_WITNESS_COMPARATOR_V1,case_103_event_start,MOON,hora,0.000000000,0.000000000,60.000000000,0.000000000,-60.000000000,0.000000000,60.000000000,pass,fail,local,0.500000000,Jagannatha Hora 8.0 locked visible Kaala Bala table; accessibility_sha256=A7570C532230A244CCC96BD73C9782E188A1C3B64AB899032064080F61E866E0; screenshot_sha256=BDDD318EAF738D26069BBDFB75783824D094B4E59F17FDC28E41A36ABECA66F1,PyJHora 4.8.7 Tier B isolated export; Raman ayanamsa; wheel sha256 D8D8014573A38DDEFEDCAE57D3B8D84687CAC2AD31BB5B1DD70D945906A4D54D; event civil timezone; Tokyo reference coordinates; Dig uses _dig_bala(method=2) canonical bounded circular-distance variant because the package default method=1 can exceed 60 virupa
GANN_JHORA_KAALA_WITNESS_COMPARATOR_V1,case_103_event_start,MOON,masa,0.000000000,0.000000000,0.000000000,0.000000000,0.000000000,0.000000000,0.000000000,pass,pass,tie,0.500000000,Jagannatha Hora 8.0 locked visible Kaala Bala table; accessibility_sha256=A7570C532230A244CCC96BD73C9782E188A1C3B64AB899032064080F61E866E0; screenshot_sha256=BDDD318EAF738D26069BBDFB75783824D094B4E59F17FDC28E41A36ABECA66F1,PyJHora 4.8.7 Tier B isolated export; Raman ayanamsa; wheel sha256 D8D8014573A38DDEFEDCAE57D3B8D84687CAC2AD31BB5B1DD70D945906A4D54D; event civil timezone; Tokyo reference coordinates; Dig uses _dig_bala(method=2) canonical bounded circular-distance variant because the package default method=1 can exceed 60 virupa
GANN_JHORA_KAALA_WITNESS_COMPARATOR_V1,case_103_event_start,MOON,nathonnatha,49.250000000,48.449900000,33.130000000,0.800100000,16.120000000,0.800100000,16.120000000,fail,fail,local,0.500000000,Jagannatha Hora 8.0 locked visible Kaala Bala table; accessibility_sha256=A7570C532230A244CCC96BD73C9782E188A1C3B64AB899032064080F61E866E0; screenshot_sha256=BDDD318EAF738D26069BBDFB75783824D094B4E59F17FDC28E41A36ABECA66F1,PyJHora 4.8.7 Tier B isolated export; Raman ayanamsa; wheel sha256 D8D8014573A38DDEFEDCAE57D3B8D84687CAC2AD31BB5B1DD70D945906A4D54D; event civil timezone; Tokyo reference coordinates; Dig uses _dig_bala(method=2) canonical bounded circular-distance variant because the package default method=1 can exceed 60 virupa
GANN_JHORA_KAALA_WITNESS_COMPARATOR_V1,case_103_event_start,MOON,paksha,97.750000000,97.748811715,-22.240000000,0.001188285,119.990000000,0.001188285,119.990000000,pass,fail,local,0.500000000,Jagannatha Hora 8.0 locked visible Kaala Bala table; accessibility_sha256=A7570C532230A244CCC96BD73C9782E188A1C3B64AB899032064080F61E866E0; screenshot_sha256=BDDD318EAF738D26069BBDFB75783824D094B4E59F17FDC28E41A36ABECA66F1,PyJHora 4.8.7 Tier B isolated export; Raman ayanamsa; wheel sha256 D8D8014573A38DDEFEDCAE57D3B8D84687CAC2AD31BB5B1DD70D945906A4D54D; event civil timezone; Tokyo reference coordinates; Dig uses _dig_bala(method=2) canonical bounded circular-distance variant because the package default method=1 can exceed 60 virupa
GANN_JHORA_KAALA_WITNESS_COMPARATOR_V1,case_103_event_start,MOON,total,221.910000000,227.644737674,145.870000000,-5.734737674,76.040000000,5.734737674,76.040000000,fail,fail,local,0.500000000,Jagannatha Hora 8.0 locked visible Kaala Bala table; accessibility_sha256=A7570C532230A244CCC96BD73C9782E188A1C3B64AB899032064080F61E866E0; screenshot_sha256=BDDD318EAF738D26069BBDFB75783824D094B4E59F17FDC28E41A36ABECA66F1,PyJHora 4.8.7 Tier B isolated export; Raman ayanamsa; wheel sha256 D8D8014573A38DDEFEDCAE57D3B8D84687CAC2AD31BB5B1DD70D945906A4D54D; event civil timezone; Tokyo reference coordinates; Dig uses _dig_bala(method=2) canonical bounded circular-distance variant because the package default method=1 can exceed 60 virupa
GANN_JHORA_KAALA_WITNESS_COMPARATOR_V1,case_103_event_start,MOON,tribhaga,0.000000000,0.000000000,0.000000000,0.000000000,0.000000000,0.000000000,0.000000000,pass,pass,tie,0.500000000,Jagannatha Hora 8.0 locked visible Kaala Bala table; accessibility_sha256=A7570C532230A244CCC96BD73C9782E188A1C3B64AB899032064080F61E866E0; screenshot_sha256=BDDD318EAF738D26069BBDFB75783824D094B4E59F17FDC28E41A36ABECA66F1,PyJHora 4.8.7 Tier B isolated export; Raman ayanamsa; wheel sha256 D8D8014573A38DDEFEDCAE57D3B8D84687CAC2AD31BB5B1DD70D945906A4D54D; event civil timezone; Tokyo reference coordinates; Dig uses _dig_bala(method=2) canonical bounded circular-distance variant because the package default method=1 can exceed 60 virupa
GANN_JHORA_KAALA_WITNESS_COMPARATOR_V1,case_103_event_start,MOON,vara,0.000000000,0.000000000,0.000000000,0.000000000,0.000000000,0.000000000,0.000000000,pass,pass,tie,0.500000000,Jagannatha Hora 8.0 locked visible Kaala Bala table; accessibility_sha256=A7570C532230A244CCC96BD73C9782E188A1C3B64AB899032064080F61E866E0; screenshot_sha256=BDDD318EAF738D26069BBDFB75783824D094B4E59F17FDC28E41A36ABECA66F1,PyJHora 4.8.7 Tier B isolated export; Raman ayanamsa; wheel sha256 D8D8014573A38DDEFEDCAE57D3B8D84687CAC2AD31BB5B1DD70D945906A4D54D; event civil timezone; Tokyo reference coordinates; Dig uses _dig_bala(method=2) canonical bounded circular-distance variant because the package default method=1 can exceed 60 virupa
GANN_JHORA_KAALA_WITNESS_COMPARATOR_V1,case_103_event_start,MOON,yuddha,0.000000000,0.000000000,0.000000000,0.000000000,0.000000000,0.000000000,0.000000000,pass,pass,tie,0.500000000,Jagannatha Hora 8.0 locked visible Kaala Bala table; accessibility_sha256=A7570C532230A244CCC96BD73C9782E188A1C3B64AB899032064080F61E866E0; screenshot_sha256=BDDD318EAF738D26069BBDFB75783824D094B4E59F17FDC28E41A36ABECA66F1,PyJHora 4.8.7 Tier B isolated export; Raman ayanamsa; wheel sha256 D8D8014573A38DDEFEDCAE57D3B8D84687CAC2AD31BB5B1DD70D945906A4D54D; event civil timezone; Tokyo reference coordinates; Dig uses _dig_bala(method=2) canonical bounded circular-distance variant because the package default method=1 can exceed 60 virupa
GANN_JHORA_KAALA_WITNESS_COMPARATOR_V1,case_103_event_start,SATURN,abda,0.000000000,0.000000000,0.000000000,0.000000000,0.000000000,0.000000000,0.000000000,pass,pass,tie,0.500000000,Jagannatha Hora 8.0 locked visible Kaala Bala table; accessibility_sha256=A7570C532230A244CCC96BD73C9782E188A1C3B64AB899032064080F61E866E0; screenshot_sha256=BDDD318EAF738D26069BBDFB75783824D094B4E59F17FDC28E41A36ABECA66F1,PyJHora 4.8.7 Tier B isolated export; Raman ayanamsa; wheel sha256 D8D8014573A38DDEFEDCAE57D3B8D84687CAC2AD31BB5B1DD70D945906A4D54D; event civil timezone; Tokyo reference coordinates; Dig uses _dig_bala(method=2) canonical bounded circular-distance variant because the package default method=1 can exceed 60 virupa
GANN_JHORA_KAALA_WITNESS_COMPARATOR_V1,case_103_event_start,SATURN,ayana,30.270000000,32.792058014,30.380000000,-2.522058014,-0.110000000,2.522058014,0.110000000,fail,pass,pyjhora,0.500000000,Jagannatha Hora 8.0 locked visible Kaala Bala table; accessibility_sha256=A7570C532230A244CCC96BD73C9782E188A1C3B64AB899032064080F61E866E0; screenshot_sha256=BDDD318EAF738D26069BBDFB75783824D094B4E59F17FDC28E41A36ABECA66F1,PyJHora 4.8.7 Tier B isolated export; Raman ayanamsa; wheel sha256 D8D8014573A38DDEFEDCAE57D3B8D84687CAC2AD31BB5B1DD70D945906A4D54D; event civil timezone; Tokyo reference coordinates; Dig uses _dig_bala(method=2) canonical bounded circular-distance variant because the package default method=1 can exceed 60 virupa
GANN_JHORA_KAALA_WITNESS_COMPARATOR_V1,case_103_event_start,SATURN,hora,0.000000000,0.000000000,0.000000000,0.000000000,0.000000000,0.000000000,0.000000000,pass,pass,tie,0.500000000,Jagannatha Hora 8.0 locked visible Kaala Bala table; accessibility_sha256=A7570C532230A244CCC96BD73C9782E188A1C3B64AB899032064080F61E866E0; screenshot_sha256=BDDD318EAF738D26069BBDFB75783824D094B4E59F17FDC28E41A36ABECA66F1,PyJHora 4.8.7 Tier B isolated export; Raman ayanamsa; wheel sha256 D8D8014573A38DDEFEDCAE57D3B8D84687CAC2AD31BB5B1DD70D945906A4D54D; event civil timezone; Tokyo reference coordinates; Dig uses _dig_bala(method=2) canonical bounded circular-distance variant because the package default method=1 can exceed 60 virupa
GANN_JHORA_KAALA_WITNESS_COMPARATOR_V1,case_103_event_start,SATURN,masa,0.000000000,0.000000000,0.000000000,0.000000000,0.000000000,0.000000000,0.000000000,pass,pass,tie,0.500000000,Jagannatha Hora 8.0 locked visible Kaala Bala table; accessibility_sha256=A7570C532230A244CCC96BD73C9782E188A1C3B64AB899032064080F61E866E0; screenshot_sha256=BDDD318EAF738D26069BBDFB75783824D094B4E59F17FDC28E41A36ABECA66F1,PyJHora 4.8.7 Tier B isolated export; Raman ayanamsa; wheel sha256 D8D8014573A38DDEFEDCAE57D3B8D84687CAC2AD31BB5B1DD70D945906A4D54D; event civil timezone; Tokyo reference coordinates; Dig uses _dig_bala(method=2) canonical bounded circular-distance variant because the package default method=1 can exceed 60 virupa
GANN_JHORA_KAALA_WITNESS_COMPARATOR_V1,case_103_event_start,SATURN,nathonnatha,49.250000000,48.449900000,33.130000000,0.800100000,16.120000000,0.800100000,16.120000000,fail,fail,local,0.500000000,Jagannatha Hora 8.0 locked visible Kaala Bala table; accessibility_sha256=A7570C532230A244CCC96BD73C9782E188A1C3B64AB899032064080F61E866E0; screenshot_sha256=BDDD318EAF738D26069BBDFB75783824D094B4E59F17FDC28E41A36ABECA66F1,PyJHora 4.8.7 Tier B isolated export; Raman ayanamsa; wheel sha256 D8D8014573A38DDEFEDCAE57D3B8D84687CAC2AD31BB5B1DD70D945906A4D54D; event civil timezone; Tokyo reference coordinates; Dig uses _dig_bala(method=2) canonical bounded circular-distance variant because the package default method=1 can exceed 60 virupa
GANN_JHORA_KAALA_WITNESS_COMPARATOR_V1,case_103_event_start,SATURN,paksha,11.130000000,11.125594142,-11.120000000,0.004405858,22.250000000,0.004405858,22.250000000,pass,fail,local,0.500000000,Jagannatha Hora 8.0 locked visible Kaala Bala table; accessibility_sha256=A7570C532230A244CCC96BD73C9782E188A1C3B64AB899032064080F61E866E0; screenshot_sha256=BDDD318EAF738D26069BBDFB75783824D094B4E59F17FDC28E41A36ABECA66F1,PyJHora 4.8.7 Tier B isolated export; Raman ayanamsa; wheel sha256 D8D8014573A38DDEFEDCAE57D3B8D84687CAC2AD31BB5B1DD70D945906A4D54D; event civil timezone; Tokyo reference coordinates; Dig uses _dig_bala(method=2) canonical bounded circular-distance variant because the package default method=1 can exceed 60 virupa
GANN_JHORA_KAALA_WITNESS_COMPARATOR_V1,case_103_event_start,SATURN,total,90.650000000,92.367552157,53.990000000,-1.717552157,36.660000000,1.717552157,36.660000000,fail,fail,local,0.500000000,Jagannatha Hora 8.0 locked visible Kaala Bala table; accessibility_sha256=A7570C532230A244CCC96BD73C9782E188A1C3B64AB899032064080F61E866E0; screenshot_sha256=BDDD318EAF738D26069BBDFB75783824D094B4E59F17FDC28E41A36ABECA66F1,PyJHora 4.8.7 Tier B isolated export; Raman ayanamsa; wheel sha256 D8D8014573A38DDEFEDCAE57D3B8D84687CAC2AD31BB5B1DD70D945906A4D54D; event civil timezone; Tokyo reference coordinates; Dig uses _dig_bala(method=2) canonical bounded circular-distance variant because the package default method=1 can exceed 60 virupa
GANN_JHORA_KAALA_WITNESS_COMPARATOR_V1,case_103_event_start,SATURN,tribhaga,0.000000000,0.000000000,0.000000000,0.000000000,0.000000000,0.000000000,0.000000000,pass,pass,tie,0.500000000,Jagannatha Hora 8.0 locked visible Kaala Bala table; accessibility_sha256=A7570C532230A244CCC96BD73C9782E188A1C3B64AB899032064080F61E866E0; screenshot_sha256=BDDD318EAF738D26069BBDFB75783824D094B4E59F17FDC28E41A36ABECA66F1,PyJHora 4.8.7 Tier B isolated export; Raman ayanamsa; wheel sha256 D8D8014573A38DDEFEDCAE57D3B8D84687CAC2AD31BB5B1DD70D945906A4D54D; event civil timezone; Tokyo reference coordinates; Dig uses _dig_bala(method=2) canonical bounded circular-distance variant because the package default method=1 can exceed 60 virupa
GANN_JHORA_KAALA_WITNESS_COMPARATOR_V1,case_103_event_start,SATURN,vara,0.000000000,0.000000000,0.000000000,0.000000000,0.000000000,0.000000000,0.000000000,pass,pass,tie,0.500000000,Jagannatha Hora 8.0 locked visible Kaala Bala table; accessibility_sha256=A7570C532230A244CCC96BD73C9782E188A1C3B64AB899032064080F61E866E0; screenshot_sha256=BDDD318EAF738D26069BBDFB75783824D094B4E59F17FDC28E41A36ABECA66F1,PyJHora 4.8.7 Tier B isolated export; Raman ayanamsa; wheel sha256 D8D8014573A38DDEFEDCAE57D3B8D84687CAC2AD31BB5B1DD70D945906A4D54D; event civil timezone; Tokyo reference coordinates; Dig uses _dig_bala(method=2) canonical bounded circular-distance variant because the package default method=1 can exceed 60 virupa
GANN_JHORA_KAALA_WITNESS_COMPARATOR_V1,case_103_event_start,SATURN,yuddha,0.000000000,0.000000000,1.600000000,0.000000000,-1.600000000,0.000000000,1.600000000,pass,fail,local,0.500000000,Jagannatha Hora 8.0 locked visible Kaala Bala table; accessibility_sha256=A7570C532230A244CCC96BD73C9782E188A1C3B64AB899032064080F61E866E0; screenshot_sha256=BDDD318EAF738D26069BBDFB75783824D094B4E59F17FDC28E41A36ABECA66F1,PyJHora 4.8.7 Tier B isolated export; Raman ayanamsa; wheel sha256 D8D8014573A38DDEFEDCAE57D3B8D84687CAC2AD31BB5B1DD70D945906A4D54D; event civil timezone; Tokyo reference coordinates; Dig uses _dig_bala(method=2) canonical bounded circular-distance variant because the package default method=1 can exceed 60 virupa
GANN_JHORA_KAALA_WITNESS_COMPARATOR_V1,case_103_event_start,SUN,abda,0.000000000,0.000000000,0.000000000,0.000000000,0.000000000,0.000000000,0.000000000,pass,pass,tie,0.500000000,Jagannatha Hora 8.0 locked visible Kaala Bala table; accessibility_sha256=A7570C532230A244CCC96BD73C9782E188A1C3B64AB899032064080F61E866E0; screenshot_sha256=BDDD318EAF738D26069BBDFB75783824D094B4E59F17FDC28E41A36ABECA66F1,PyJHora 4.8.7 Tier B isolated export; Raman ayanamsa; wheel sha256 D8D8014573A38DDEFEDCAE57D3B8D84687CAC2AD31BB5B1DD70D945906A4D54D; event civil timezone; Tokyo reference coordinates; Dig uses _dig_bala(method=2) canonical bounded circular-distance variant because the package default method=1 can exceed 60 virupa
GANN_JHORA_KAALA_WITNESS_COMPARATOR_V1,case_103_event_start,SUN,ayana,108.530000000,108.720065272,108.720000000,-0.190065272,-0.190000000,0.190065272,0.190000000,pass,pass,pyjhora,0.500000000,Jagannatha Hora 8.0 locked visible Kaala Bala table; accessibility_sha256=A7570C532230A244CCC96BD73C9782E188A1C3B64AB899032064080F61E866E0; screenshot_sha256=BDDD318EAF738D26069BBDFB75783824D094B4E59F17FDC28E41A36ABECA66F1,PyJHora 4.8.7 Tier B isolated export; Raman ayanamsa; wheel sha256 D8D8014573A38DDEFEDCAE57D3B8D84687CAC2AD31BB5B1DD70D945906A4D54D; event civil timezone; Tokyo reference coordinates; Dig uses _dig_bala(method=2) canonical bounded circular-distance variant because the package default method=1 can exceed 60 virupa
GANN_JHORA_KAALA_WITNESS_COMPARATOR_V1,case_103_event_start,SUN,hora,0.000000000,0.000000000,0.000000000,0.000000000,0.000000000,0.000000000,0.000000000,pass,pass,tie,0.500000000,Jagannatha Hora 8.0 locked visible Kaala Bala table; accessibility_sha256=A7570C532230A244CCC96BD73C9782E188A1C3B64AB899032064080F61E866E0; screenshot_sha256=BDDD318EAF738D26069BBDFB75783824D094B4E59F17FDC28E41A36ABECA66F1,PyJHora 4.8.7 Tier B isolated export; Raman ayanamsa; wheel sha256 D8D8014573A38DDEFEDCAE57D3B8D84687CAC2AD31BB5B1DD70D945906A4D54D; event civil timezone; Tokyo reference coordinates; Dig uses _dig_bala(method=2) canonical bounded circular-distance variant because the package default method=1 can exceed 60 virupa
GANN_JHORA_KAALA_WITNESS_COMPARATOR_V1,case_103_event_start,SUN,masa,0.000000000,0.000000000,0.000000000,0.000000000,0.000000000,0.000000000,0.000000000,pass,pass,tie,0.500000000,Jagannatha Hora 8.0 locked visible Kaala Bala table; accessibility_sha256=A7570C532230A244CCC96BD73C9782E188A1C3B64AB899032064080F61E866E0; screenshot_sha256=BDDD318EAF738D26069BBDFB75783824D094B4E59F17FDC28E41A36ABECA66F1,PyJHora 4.8.7 Tier B isolated export; Raman ayanamsa; wheel sha256 D8D8014573A38DDEFEDCAE57D3B8D84687CAC2AD31BB5B1DD70D945906A4D54D; event civil timezone; Tokyo reference coordinates; Dig uses _dig_bala(method=2) canonical bounded circular-distance variant because the package default method=1 can exceed 60 virupa
GANN_JHORA_KAALA_WITNESS_COMPARATOR_V1,case_103_event_start,SUN,nathonnatha,10.750000000,11.550100000,26.870000000,-0.800100000,-16.120000000,0.800100000,16.120000000,fail,fail,local,0.500000000,Jagannatha Hora 8.0 locked visible Kaala Bala table; accessibility_sha256=A7570C532230A244CCC96BD73C9782E188A1C3B64AB899032064080F61E866E0; screenshot_sha256=BDDD318EAF738D26069BBDFB75783824D094B4E59F17FDC28E41A36ABECA66F1,PyJHora 4.8.7 Tier B isolated export; Raman ayanamsa; wheel sha256 D8D8014573A38DDEFEDCAE57D3B8D84687CAC2AD31BB5B1DD70D945906A4D54D; event civil timezone; Tokyo reference coordinates; Dig uses _dig_bala(method=2) canonical bounded circular-distance variant because the package default method=1 can exceed 60 virupa
GANN_JHORA_KAALA_WITNESS_COMPARATOR_V1,case_103_event_start,SUN,paksha,11.130000000,11.125594142,-11.120000000,0.004405858,22.250000000,0.004405858,22.250000000,pass,fail,local,0.500000000,Jagannatha Hora 8.0 locked visible Kaala Bala table; accessibility_sha256=A7570C532230A244CCC96BD73C9782E188A1C3B64AB899032064080F61E866E0; screenshot_sha256=BDDD318EAF738D26069BBDFB75783824D094B4E59F17FDC28E41A36ABECA66F1,PyJHora 4.8.7 Tier B isolated export; Raman ayanamsa; wheel sha256 D8D8014573A38DDEFEDCAE57D3B8D84687CAC2AD31BB5B1DD70D945906A4D54D; event civil timezone; Tokyo reference coordinates; Dig uses _dig_bala(method=2) canonical bounded circular-distance variant because the package default method=1 can exceed 60 virupa
GANN_JHORA_KAALA_WITNESS_COMPARATOR_V1,case_103_event_start,SUN,total,130.400000000,131.395759415,124.470000000,-0.995759415,5.930000000,0.995759415,5.930000000,fail,fail,local,0.500000000,Jagannatha Hora 8.0 locked visible Kaala Bala table; accessibility_sha256=A7570C532230A244CCC96BD73C9782E188A1C3B64AB899032064080F61E866E0; screenshot_sha256=BDDD318EAF738D26069BBDFB75783824D094B4E59F17FDC28E41A36ABECA66F1,PyJHora 4.8.7 Tier B isolated export; Raman ayanamsa; wheel sha256 D8D8014573A38DDEFEDCAE57D3B8D84687CAC2AD31BB5B1DD70D945906A4D54D; event civil timezone; Tokyo reference coordinates; Dig uses _dig_bala(method=2) canonical bounded circular-distance variant because the package default method=1 can exceed 60 virupa
GANN_JHORA_KAALA_WITNESS_COMPARATOR_V1,case_103_event_start,SUN,tribhaga,0.000000000,0.000000000,0.000000000,0.000000000,0.000000000,0.000000000,0.000000000,pass,pass,tie,0.500000000,Jagannatha Hora 8.0 locked visible Kaala Bala table; accessibility_sha256=A7570C532230A244CCC96BD73C9782E188A1C3B64AB899032064080F61E866E0; screenshot_sha256=BDDD318EAF738D26069BBDFB75783824D094B4E59F17FDC28E41A36ABECA66F1,PyJHora 4.8.7 Tier B isolated export; Raman ayanamsa; wheel sha256 D8D8014573A38DDEFEDCAE57D3B8D84687CAC2AD31BB5B1DD70D945906A4D54D; event civil timezone; Tokyo reference coordinates; Dig uses _dig_bala(method=2) canonical bounded circular-distance variant because the package default method=1 can exceed 60 virupa
GANN_JHORA_KAALA_WITNESS_COMPARATOR_V1,case_103_event_start,SUN,vara,0.000000000,0.000000000,0.000000000,0.000000000,0.000000000,0.000000000,0.000000000,pass,pass,tie,0.500000000,Jagannatha Hora 8.0 locked visible Kaala Bala table; accessibility_sha256=A7570C532230A244CCC96BD73C9782E188A1C3B64AB899032064080F61E866E0; screenshot_sha256=BDDD318EAF738D26069BBDFB75783824D094B4E59F17FDC28E41A36ABECA66F1,PyJHora 4.8.7 Tier B isolated export; Raman ayanamsa; wheel sha256 D8D8014573A38DDEFEDCAE57D3B8D84687CAC2AD31BB5B1DD70D945906A4D54D; event civil timezone; Tokyo reference coordinates; Dig uses _dig_bala(method=2) canonical bounded circular-distance variant because the package default method=1 can exceed 60 virupa
GANN_JHORA_KAALA_WITNESS_COMPARATOR_V1,case_103_event_start,SUN,yuddha,0.000000000,0.000000000,0.000000000,0.000000000,0.000000000,0.000000000,0.000000000,pass,pass,tie,0.500000000,Jagannatha Hora 8.0 locked visible Kaala Bala table; accessibility_sha256=A7570C532230A244CCC96BD73C9782E188A1C3B64AB899032064080F61E866E0; screenshot_sha256=BDDD318EAF738D26069BBDFB75783824D094B4E59F17FDC28E41A36ABECA66F1,PyJHora 4.8.7 Tier B isolated export; Raman ayanamsa; wheel sha256 D8D8014573A38DDEFEDCAE57D3B8D84687CAC2AD31BB5B1DD70D945906A4D54D; event civil timezone; Tokyo reference coordinates; Dig uses _dig_bala(method=2) canonical bounded circular-distance variant because the package default method=1 can exceed 60 virupa
GANN_JHORA_KAALA_WITNESS_COMPARATOR_V1,case_103_event_start,VENUS,abda,0.000000000,0.000000000,0.000000000,0.000000000,0.000000000,0.000000000,0.000000000,pass,pass,tie,0.500000000,Jagannatha Hora 8.0 locked visible Kaala Bala table; accessibility_sha256=A7570C532230A244CCC96BD73C9782E188A1C3B64AB899032064080F61E866E0; screenshot_sha256=BDDD318EAF738D26069BBDFB75783824D094B4E59F17FDC28E41A36ABECA66F1,PyJHora 4.8.7 Tier B isolated export; Raman ayanamsa; wheel sha256 D8D8014573A38DDEFEDCAE57D3B8D84687CAC2AD31BB5B1DD70D945906A4D54D; event civil timezone; Tokyo reference coordinates; Dig uses _dig_bala(method=2) canonical bounded circular-distance variant because the package default method=1 can exceed 60 virupa
GANN_JHORA_KAALA_WITNESS_COMPARATOR_V1,case_103_event_start,VENUS,ayana,35.340000000,34.235305580,24.750000000,1.104694420,10.590000000,1.104694420,10.590000000,fail,fail,local,0.500000000,Jagannatha Hora 8.0 locked visible Kaala Bala table; accessibility_sha256=A7570C532230A244CCC96BD73C9782E188A1C3B64AB899032064080F61E866E0; screenshot_sha256=BDDD318EAF738D26069BBDFB75783824D094B4E59F17FDC28E41A36ABECA66F1,PyJHora 4.8.7 Tier B isolated export; Raman ayanamsa; wheel sha256 D8D8014573A38DDEFEDCAE57D3B8D84687CAC2AD31BB5B1DD70D945906A4D54D; event civil timezone; Tokyo reference coordinates; Dig uses _dig_bala(method=2) canonical bounded circular-distance variant because the package default method=1 can exceed 60 virupa
GANN_JHORA_KAALA_WITNESS_COMPARATOR_V1,case_103_event_start,VENUS,hora,0.000000000,0.000000000,0.000000000,0.000000000,0.000000000,0.000000000,0.000000000,pass,pass,tie,0.500000000,Jagannatha Hora 8.0 locked visible Kaala Bala table; accessibility_sha256=A7570C532230A244CCC96BD73C9782E188A1C3B64AB899032064080F61E866E0; screenshot_sha256=BDDD318EAF738D26069BBDFB75783824D094B4E59F17FDC28E41A36ABECA66F1,PyJHora 4.8.7 Tier B isolated export; Raman ayanamsa; wheel sha256 D8D8014573A38DDEFEDCAE57D3B8D84687CAC2AD31BB5B1DD70D945906A4D54D; event civil timezone; Tokyo reference coordinates; Dig uses _dig_bala(method=2) canonical bounded circular-distance variant because the package default method=1 can exceed 60 virupa
GANN_JHORA_KAALA_WITNESS_COMPARATOR_V1,case_103_event_start,VENUS,masa,0.000000000,0.000000000,0.000000000,0.000000000,0.000000000,0.000000000,0.000000000,pass,pass,tie,0.500000000,Jagannatha Hora 8.0 locked visible Kaala Bala table; accessibility_sha256=A7570C532230A244CCC96BD73C9782E188A1C3B64AB899032064080F61E866E0; screenshot_sha256=BDDD318EAF738D26069BBDFB75783824D094B4E59F17FDC28E41A36ABECA66F1,PyJHora 4.8.7 Tier B isolated export; Raman ayanamsa; wheel sha256 D8D8014573A38DDEFEDCAE57D3B8D84687CAC2AD31BB5B1DD70D945906A4D54D; event civil timezone; Tokyo reference coordinates; Dig uses _dig_bala(method=2) canonical bounded circular-distance variant because the package default method=1 can exceed 60 virupa
GANN_JHORA_KAALA_WITNESS_COMPARATOR_V1,case_103_event_start,VENUS,nathonnatha,10.750000000,11.550100000,26.870000000,-0.800100000,-16.120000000,0.800100000,16.120000000,fail,fail,local,0.500000000,Jagannatha Hora 8.0 locked visible Kaala Bala table; accessibility_sha256=A7570C532230A244CCC96BD73C9782E188A1C3B64AB899032064080F61E866E0; screenshot_sha256=BDDD318EAF738D26069BBDFB75783824D094B4E59F17FDC28E41A36ABECA66F1,PyJHora 4.8.7 Tier B isolated export; Raman ayanamsa; wheel sha256 D8D8014573A38DDEFEDCAE57D3B8D84687CAC2AD31BB5B1DD70D945906A4D54D; event civil timezone; Tokyo reference coordinates; Dig uses _dig_bala(method=2) canonical bounded circular-distance variant because the package default method=1 can exceed 60 virupa
GANN_JHORA_KAALA_WITNESS_COMPARATOR_V1,case_103_event_start,VENUS,paksha,48.870000000,48.874405858,71.120000000,-0.004405858,-22.250000000,0.004405858,22.250000000,pass,fail,local,0.500000000,Jagannatha Hora 8.0 locked visible Kaala Bala table; accessibility_sha256=A7570C532230A244CCC96BD73C9782E188A1C3B64AB899032064080F61E866E0; screenshot_sha256=BDDD318EAF738D26069BBDFB75783824D094B4E59F17FDC28E41A36ABECA66F1,PyJHora 4.8.7 Tier B isolated export; Raman ayanamsa; wheel sha256 D8D8014573A38DDEFEDCAE57D3B8D84687CAC2AD31BB5B1DD70D945906A4D54D; event civil timezone; Tokyo reference coordinates; Dig uses _dig_bala(method=2) canonical bounded circular-distance variant because the package default method=1 can exceed 60 virupa
GANN_JHORA_KAALA_WITNESS_COMPARATOR_V1,case_103_event_start,VENUS,total,94.970000000,94.659811437,181.140000000,0.310188563,-86.170000000,0.310188563,86.170000000,pass,fail,local,0.500000000,Jagannatha Hora 8.0 locked visible Kaala Bala table; accessibility_sha256=A7570C532230A244CCC96BD73C9782E188A1C3B64AB899032064080F61E866E0; screenshot_sha256=BDDD318EAF738D26069BBDFB75783824D094B4E59F17FDC28E41A36ABECA66F1,PyJHora 4.8.7 Tier B isolated export; Raman ayanamsa; wheel sha256 D8D8014573A38DDEFEDCAE57D3B8D84687CAC2AD31BB5B1DD70D945906A4D54D; event civil timezone; Tokyo reference coordinates; Dig uses _dig_bala(method=2) canonical bounded circular-distance variant because the package default method=1 can exceed 60 virupa
GANN_JHORA_KAALA_WITNESS_COMPARATOR_V1,case_103_event_start,VENUS,tribhaga,0.000000000,0.000000000,60.000000000,0.000000000,-60.000000000,0.000000000,60.000000000,pass,fail,local,0.500000000,Jagannatha Hora 8.0 locked visible Kaala Bala table; accessibility_sha256=A7570C532230A244CCC96BD73C9782E188A1C3B64AB899032064080F61E866E0; screenshot_sha256=BDDD318EAF738D26069BBDFB75783824D094B4E59F17FDC28E41A36ABECA66F1,PyJHora 4.8.7 Tier B isolated export; Raman ayanamsa; wheel sha256 D8D8014573A38DDEFEDCAE57D3B8D84687CAC2AD31BB5B1DD70D945906A4D54D; event civil timezone; Tokyo reference coordinates; Dig uses _dig_bala(method=2) canonical bounded circular-distance variant because the package default method=1 can exceed 60 virupa
GANN_JHORA_KAALA_WITNESS_COMPARATOR_V1,case_103_event_start,VENUS,vara,0.000000000,0.000000000,0.000000000,0.000000000,0.000000000,0.000000000,0.000000000,pass,pass,tie,0.500000000,Jagannatha Hora 8.0 locked visible Kaala Bala table; accessibility_sha256=A7570C532230A244CCC96BD73C9782E188A1C3B64AB899032064080F61E866E0; screenshot_sha256=BDDD318EAF738D26069BBDFB75783824D094B4E59F17FDC28E41A36ABECA66F1,PyJHora 4.8.7 Tier B isolated export; Raman ayanamsa; wheel sha256 D8D8014573A38DDEFEDCAE57D3B8D84687CAC2AD31BB5B1DD70D945906A4D54D; event civil timezone; Tokyo reference coordinates; Dig uses _dig_bala(method=2) canonical bounded circular-distance variant because the package default method=1 can exceed 60 virupa
GANN_JHORA_KAALA_WITNESS_COMPARATOR_V1,case_103_event_start,VENUS,yuddha,0.000000000,0.000000000,-1.600000000,0.000000000,1.600000000,0.000000000,1.600000000,pass,fail,local,0.500000000,Jagannatha Hora 8.0 locked visible Kaala Bala table; accessibility_sha256=A7570C532230A244CCC96BD73C9782E188A1C3B64AB899032064080F61E866E0; screenshot_sha256=BDDD318EAF738D26069BBDFB75783824D094B4E59F17FDC28E41A36ABECA66F1,PyJHora 4.8.7 Tier B isolated export; Raman ayanamsa; wheel sha256 D8D8014573A38DDEFEDCAE57D3B8D84687CAC2AD31BB5B1DD70D945906A4D54D; event civil timezone; Tokyo reference coordinates; Dig uses _dig_bala(method=2) canonical bounded circular-distance variant because the package default method=1 can exceed 60 virupa
GANN_JHORA_KAALA_WITNESS_COMPARATOR_V1,case_127_sr_touch_start,JUPITER,abda,0.000000000,0.000000000,0.000000000,0.000000000,0.000000000,0.000000000,0.000000000,pass,pass,tie,0.500000000,Jagannatha Hora 8.0 locked visible Kaala Bala table; accessibility_sha256=F13338439987810C0F7C552E48A9FDEA25AF25DFCFAD2C07D2D77697C868F4AD; screenshot_sha256=00C966E54553EB61334634958AA0AC5A67E42055CFFA4F0FBADC56A1C39E060A,PyJHora 4.8.7 Tier B isolated export; Raman ayanamsa; wheel sha256 D8D8014573A38DDEFEDCAE57D3B8D84687CAC2AD31BB5B1DD70D945906A4D54D; event civil timezone; Tokyo reference coordinates; Dig uses _dig_bala(method=2) canonical bounded circular-distance variant because the package default method=1 can exceed 60 virupa
GANN_JHORA_KAALA_WITNESS_COMPARATOR_V1,case_127_sr_touch_start,JUPITER,ayana,59.820000000,59.712605122,59.950000000,0.107394878,-0.130000000,0.107394878,0.130000000,pass,pass,local,0.500000000,Jagannatha Hora 8.0 locked visible Kaala Bala table; accessibility_sha256=F13338439987810C0F7C552E48A9FDEA25AF25DFCFAD2C07D2D77697C868F4AD; screenshot_sha256=00C966E54553EB61334634958AA0AC5A67E42055CFFA4F0FBADC56A1C39E060A,PyJHora 4.8.7 Tier B isolated export; Raman ayanamsa; wheel sha256 D8D8014573A38DDEFEDCAE57D3B8D84687CAC2AD31BB5B1DD70D945906A4D54D; event civil timezone; Tokyo reference coordinates; Dig uses _dig_bala(method=2) canonical bounded circular-distance variant because the package default method=1 can exceed 60 virupa
GANN_JHORA_KAALA_WITNESS_COMPARATOR_V1,case_127_sr_touch_start,JUPITER,hora,0.000000000,0.000000000,0.000000000,0.000000000,0.000000000,0.000000000,0.000000000,pass,pass,tie,0.500000000,Jagannatha Hora 8.0 locked visible Kaala Bala table; accessibility_sha256=F13338439987810C0F7C552E48A9FDEA25AF25DFCFAD2C07D2D77697C868F4AD; screenshot_sha256=00C966E54553EB61334634958AA0AC5A67E42055CFFA4F0FBADC56A1C39E060A,PyJHora 4.8.7 Tier B isolated export; Raman ayanamsa; wheel sha256 D8D8014573A38DDEFEDCAE57D3B8D84687CAC2AD31BB5B1DD70D945906A4D54D; event civil timezone; Tokyo reference coordinates; Dig uses _dig_bala(method=2) canonical bounded circular-distance variant because the package default method=1 can exceed 60 virupa
GANN_JHORA_KAALA_WITNESS_COMPARATOR_V1,case_127_sr_touch_start,JUPITER,masa,0.000000000,0.000000000,0.000000000,0.000000000,0.000000000,0.000000000,0.000000000,pass,pass,tie,0.500000000,Jagannatha Hora 8.0 locked visible Kaala Bala table; accessibility_sha256=F13338439987810C0F7C552E48A9FDEA25AF25DFCFAD2C07D2D77697C868F4AD; screenshot_sha256=00C966E54553EB61334634958AA0AC5A67E42055CFFA4F0FBADC56A1C39E060A,PyJHora 4.8.7 Tier B isolated export; Raman ayanamsa; wheel sha256 D8D8014573A38DDEFEDCAE57D3B8D84687CAC2AD31BB5B1DD70D945906A4D54D; event civil timezone; Tokyo reference coordinates; Dig uses _dig_bala(method=2) canonical bounded circular-distance variant because the package default method=1 can exceed 60 virupa
GANN_JHORA_KAALA_WITNESS_COMPARATOR_V1,case_127_sr_touch_start,JUPITER,nathonnatha,9.380000000,9.050100000,29.290000000,0.329900000,-19.910000000,0.329900000,19.910000000,pass,fail,local,0.500000000,Jagannatha Hora 8.0 locked visible Kaala Bala table; accessibility_sha256=F13338439987810C0F7C552E48A9FDEA25AF25DFCFAD2C07D2D77697C868F4AD; screenshot_sha256=00C966E54553EB61334634958AA0AC5A67E42055CFFA4F0FBADC56A1C39E060A,PyJHora 4.8.7 Tier B isolated export; Raman ayanamsa; wheel sha256 D8D8014573A38DDEFEDCAE57D3B8D84687CAC2AD31BB5B1DD70D945906A4D54D; event civil timezone; Tokyo reference coordinates; Dig uses _dig_bala(method=2) canonical bounded circular-distance variant because the package default method=1 can exceed 60 virupa
GANN_JHORA_KAALA_WITNESS_COMPARATOR_V1,case_127_sr_touch_start,JUPITER,paksha,7.260000000,7.256198870,7.250000000,0.003801130,0.010000000,0.003801130,0.010000000,pass,pass,local,0.500000000,Jagannatha Hora 8.0 locked visible Kaala Bala table; accessibility_sha256=F13338439987810C0F7C552E48A9FDEA25AF25DFCFAD2C07D2D77697C868F4AD; screenshot_sha256=00C966E54553EB61334634958AA0AC5A67E42055CFFA4F0FBADC56A1C39E060A,PyJHora 4.8.7 Tier B isolated export; Raman ayanamsa; wheel sha256 D8D8014573A38DDEFEDCAE57D3B8D84687CAC2AD31BB5B1DD70D945906A4D54D; event civil timezone; Tokyo reference coordinates; Dig uses _dig_bala(method=2) canonical bounded circular-distance variant because the package default method=1 can exceed 60 virupa
GANN_JHORA_KAALA_WITNESS_COMPARATOR_V1,case_127_sr_touch_start,JUPITER,total,136.450000000,136.018903992,156.490000000,0.431096008,-20.040000000,0.431096008,20.040000000,pass,fail,local,0.500000000,Jagannatha Hora 8.0 locked visible Kaala Bala table; accessibility_sha256=F13338439987810C0F7C552E48A9FDEA25AF25DFCFAD2C07D2D77697C868F4AD; screenshot_sha256=00C966E54553EB61334634958AA0AC5A67E42055CFFA4F0FBADC56A1C39E060A,PyJHora 4.8.7 Tier B isolated export; Raman ayanamsa; wheel sha256 D8D8014573A38DDEFEDCAE57D3B8D84687CAC2AD31BB5B1DD70D945906A4D54D; event civil timezone; Tokyo reference coordinates; Dig uses _dig_bala(method=2) canonical bounded circular-distance variant because the package default method=1 can exceed 60 virupa
GANN_JHORA_KAALA_WITNESS_COMPARATOR_V1,case_127_sr_touch_start,JUPITER,tribhaga,60.000000000,60.000000000,60.000000000,0.000000000,0.000000000,0.000000000,0.000000000,pass,pass,tie,0.500000000,Jagannatha Hora 8.0 locked visible Kaala Bala table; accessibility_sha256=F13338439987810C0F7C552E48A9FDEA25AF25DFCFAD2C07D2D77697C868F4AD; screenshot_sha256=00C966E54553EB61334634958AA0AC5A67E42055CFFA4F0FBADC56A1C39E060A,PyJHora 4.8.7 Tier B isolated export; Raman ayanamsa; wheel sha256 D8D8014573A38DDEFEDCAE57D3B8D84687CAC2AD31BB5B1DD70D945906A4D54D; event civil timezone; Tokyo reference coordinates; Dig uses _dig_bala(method=2) canonical bounded circular-distance variant because the package default method=1 can exceed 60 virupa
GANN_JHORA_KAALA_WITNESS_COMPARATOR_V1,case_127_sr_touch_start,JUPITER,vara,0.000000000,0.000000000,0.000000000,0.000000000,0.000000000,0.000000000,0.000000000,pass,pass,tie,0.500000000,Jagannatha Hora 8.0 locked visible Kaala Bala table; accessibility_sha256=F13338439987810C0F7C552E48A9FDEA25AF25DFCFAD2C07D2D77697C868F4AD; screenshot_sha256=00C966E54553EB61334634958AA0AC5A67E42055CFFA4F0FBADC56A1C39E060A,PyJHora 4.8.7 Tier B isolated export; Raman ayanamsa; wheel sha256 D8D8014573A38DDEFEDCAE57D3B8D84687CAC2AD31BB5B1DD70D945906A4D54D; event civil timezone; Tokyo reference coordinates; Dig uses _dig_bala(method=2) canonical bounded circular-distance variant because the package default method=1 can exceed 60 virupa
GANN_JHORA_KAALA_WITNESS_COMPARATOR_V1,case_127_sr_touch_start,JUPITER,yuddha,0.000000000,0.000000000,0.000000000,0.000000000,0.000000000,0.000000000,0.000000000,pass,pass,tie,0.500000000,Jagannatha Hora 8.0 locked visible Kaala Bala table; accessibility_sha256=F13338439987810C0F7C552E48A9FDEA25AF25DFCFAD2C07D2D77697C868F4AD; screenshot_sha256=00C966E54553EB61334634958AA0AC5A67E42055CFFA4F0FBADC56A1C39E060A,PyJHora 4.8.7 Tier B isolated export; Raman ayanamsa; wheel sha256 D8D8014573A38DDEFEDCAE57D3B8D84687CAC2AD31BB5B1DD70D945906A4D54D; event civil timezone; Tokyo reference coordinates; Dig uses _dig_bala(method=2) canonical bounded circular-distance variant because the package default method=1 can exceed 60 virupa
GANN_JHORA_KAALA_WITNESS_COMPARATOR_V1,case_127_sr_touch_start,MARS,abda,0.000000000,0.000000000,0.000000000,0.000000000,0.000000000,0.000000000,0.000000000,pass,pass,tie,0.500000000,Jagannatha Hora 8.0 locked visible Kaala Bala table; accessibility_sha256=F13338439987810C0F7C552E48A9FDEA25AF25DFCFAD2C07D2D77697C868F4AD; screenshot_sha256=00C966E54553EB61334634958AA0AC5A67E42055CFFA4F0FBADC56A1C39E060A,PyJHora 4.8.7 Tier B isolated export; Raman ayanamsa; wheel sha256 D8D8014573A38DDEFEDCAE57D3B8D84687CAC2AD31BB5B1DD70D945906A4D54D; event civil timezone; Tokyo reference coordinates; Dig uses _dig_bala(method=2) canonical bounded circular-distance variant because the package default method=1 can exceed 60 virupa
GANN_JHORA_KAALA_WITNESS_COMPARATOR_V1,case_127_sr_touch_start,MARS,ayana,48.990000000,51.059666291,49.200000000,-2.069666291,-0.210000000,2.069666291,0.210000000,fail,pass,pyjhora,0.500000000,Jagannatha Hora 8.0 locked visible Kaala Bala table; accessibility_sha256=F13338439987810C0F7C552E48A9FDEA25AF25DFCFAD2C07D2D77697C868F4AD; screenshot_sha256=00C966E54553EB61334634958AA0AC5A67E42055CFFA4F0FBADC56A1C39E060A,PyJHora 4.8.7 Tier B isolated export; Raman ayanamsa; wheel sha256 D8D8014573A38DDEFEDCAE57D3B8D84687CAC2AD31BB5B1DD70D945906A4D54D; event civil timezone; Tokyo reference coordinates; Dig uses _dig_bala(method=2) canonical bounded circular-distance variant because the package default method=1 can exceed 60 virupa
GANN_JHORA_KAALA_WITNESS_COMPARATOR_V1,case_127_sr_touch_start,MARS,hora,0.000000000,0.000000000,0.000000000,0.000000000,0.000000000,0.000000000,0.000000000,pass,pass,tie,0.500000000,Jagannatha Hora 8.0 locked visible Kaala Bala table; accessibility_sha256=F13338439987810C0F7C552E48A9FDEA25AF25DFCFAD2C07D2D77697C868F4AD; screenshot_sha256=00C966E54553EB61334634958AA0AC5A67E42055CFFA4F0FBADC56A1C39E060A,PyJHora 4.8.7 Tier B isolated export; Raman ayanamsa; wheel sha256 D8D8014573A38DDEFEDCAE57D3B8D84687CAC2AD31BB5B1DD70D945906A4D54D; event civil timezone; Tokyo reference coordinates; Dig uses _dig_bala(method=2) canonical bounded circular-distance variant because the package default method=1 can exceed 60 virupa
GANN_JHORA_KAALA_WITNESS_COMPARATOR_V1,case_127_sr_touch_start,MARS,masa,30.000000000,30.000000000,30.000000000,0.000000000,0.000000000,0.000000000,0.000000000,pass,pass,tie,0.500000000,Jagannatha Hora 8.0 locked visible Kaala Bala table; accessibility_sha256=F13338439987810C0F7C552E48A9FDEA25AF25DFCFAD2C07D2D77697C868F4AD; screenshot_sha256=00C966E54553EB61334634958AA0AC5A67E42055CFFA4F0FBADC56A1C39E060A,PyJHora 4.8.7 Tier B isolated export; Raman ayanamsa; wheel sha256 D8D8014573A38DDEFEDCAE57D3B8D84687CAC2AD31BB5B1DD70D945906A4D54D; event civil timezone; Tokyo reference coordinates; Dig uses _dig_bala(method=2) canonical bounded circular-distance variant because the package default method=1 can exceed 60 virupa
GANN_JHORA_KAALA_WITNESS_COMPARATOR_V1,case_127_sr_touch_start,MARS,nathonnatha,50.620000000,50.949900000,30.710000000,-0.329900000,19.910000000,0.329900000,19.910000000,pass,fail,local,0.500000000,Jagannatha Hora 8.0 locked visible Kaala Bala table; accessibility_sha256=F13338439987810C0F7C552E48A9FDEA25AF25DFCFAD2C07D2D77697C868F4AD; screenshot_sha256=00C966E54553EB61334634958AA0AC5A67E42055CFFA4F0FBADC56A1C39E060A,PyJHora 4.8.7 Tier B isolated export; Raman ayanamsa; wheel sha256 D8D8014573A38DDEFEDCAE57D3B8D84687CAC2AD31BB5B1DD70D945906A4D54D; event civil timezone; Tokyo reference coordinates; Dig uses _dig_bala(method=2) canonical bounded circular-distance variant because the package default method=1 can exceed 60 virupa
GANN_JHORA_KAALA_WITNESS_COMPARATOR_V1,case_127_sr_touch_start,MARS,paksha,52.740000000,52.743801130,52.750000000,-0.003801130,-0.010000000,0.003801130,0.010000000,pass,pass,local,0.500000000,Jagannatha Hora 8.0 locked visible Kaala Bala table; accessibility_sha256=F13338439987810C0F7C552E48A9FDEA25AF25DFCFAD2C07D2D77697C868F4AD; screenshot_sha256=00C966E54553EB61334634958AA0AC5A67E42055CFFA4F0FBADC56A1C39E060A,PyJHora 4.8.7 Tier B isolated export; Raman ayanamsa; wheel sha256 D8D8014573A38DDEFEDCAE57D3B8D84687CAC2AD31BB5B1DD70D945906A4D54D; event civil timezone; Tokyo reference coordinates; Dig uses _dig_bala(method=2) canonical bounded circular-distance variant because the package default method=1 can exceed 60 virupa
GANN_JHORA_KAALA_WITNESS_COMPARATOR_V1,case_127_sr_touch_start,MARS,total,242.360000000,244.753367422,162.660000000,-2.393367422,79.700000000,2.393367422,79.700000000,fail,fail,local,0.500000000,Jagannatha Hora 8.0 locked visible Kaala Bala table; accessibility_sha256=F13338439987810C0F7C552E48A9FDEA25AF25DFCFAD2C07D2D77697C868F4AD; screenshot_sha256=00C966E54553EB61334634958AA0AC5A67E42055CFFA4F0FBADC56A1C39E060A,PyJHora 4.8.7 Tier B isolated export; Raman ayanamsa; wheel sha256 D8D8014573A38DDEFEDCAE57D3B8D84687CAC2AD31BB5B1DD70D945906A4D54D; event civil timezone; Tokyo reference coordinates; Dig uses _dig_bala(method=2) canonical bounded circular-distance variant because the package default method=1 can exceed 60 virupa
GANN_JHORA_KAALA_WITNESS_COMPARATOR_V1,case_127_sr_touch_start,MARS,tribhaga,60.000000000,60.000000000,0.000000000,0.000000000,60.000000000,0.000000000,60.000000000,pass,fail,local,0.500000000,Jagannatha Hora 8.0 locked visible Kaala Bala table; accessibility_sha256=F13338439987810C0F7C552E48A9FDEA25AF25DFCFAD2C07D2D77697C868F4AD; screenshot_sha256=00C966E54553EB61334634958AA0AC5A67E42055CFFA4F0FBADC56A1C39E060A,PyJHora 4.8.7 Tier B isolated export; Raman ayanamsa; wheel sha256 D8D8014573A38DDEFEDCAE57D3B8D84687CAC2AD31BB5B1DD70D945906A4D54D; event civil timezone; Tokyo reference coordinates; Dig uses _dig_bala(method=2) canonical bounded circular-distance variant because the package default method=1 can exceed 60 virupa
GANN_JHORA_KAALA_WITNESS_COMPARATOR_V1,case_127_sr_touch_start,MARS,vara,0.000000000,0.000000000,0.000000000,0.000000000,0.000000000,0.000000000,0.000000000,pass,pass,tie,0.500000000,Jagannatha Hora 8.0 locked visible Kaala Bala table; accessibility_sha256=F13338439987810C0F7C552E48A9FDEA25AF25DFCFAD2C07D2D77697C868F4AD; screenshot_sha256=00C966E54553EB61334634958AA0AC5A67E42055CFFA4F0FBADC56A1C39E060A,PyJHora 4.8.7 Tier B isolated export; Raman ayanamsa; wheel sha256 D8D8014573A38DDEFEDCAE57D3B8D84687CAC2AD31BB5B1DD70D945906A4D54D; event civil timezone; Tokyo reference coordinates; Dig uses _dig_bala(method=2) canonical bounded circular-distance variant because the package default method=1 can exceed 60 virupa
GANN_JHORA_KAALA_WITNESS_COMPARATOR_V1,case_127_sr_touch_start,MARS,yuddha,0.000000000,0.000000000,0.000000000,0.000000000,0.000000000,0.000000000,0.000000000,pass,pass,tie,0.500000000,Jagannatha Hora 8.0 locked visible Kaala Bala table; accessibility_sha256=F13338439987810C0F7C552E48A9FDEA25AF25DFCFAD2C07D2D77697C868F4AD; screenshot_sha256=00C966E54553EB61334634958AA0AC5A67E42055CFFA4F0FBADC56A1C39E060A,PyJHora 4.8.7 Tier B isolated export; Raman ayanamsa; wheel sha256 D8D8014573A38DDEFEDCAE57D3B8D84687CAC2AD31BB5B1DD70D945906A4D54D; event civil timezone; Tokyo reference coordinates; Dig uses _dig_bala(method=2) canonical bounded circular-distance variant because the package default method=1 can exceed 60 virupa
GANN_JHORA_KAALA_WITNESS_COMPARATOR_V1,case_127_sr_touch_start,MERCURY,abda,0.000000000,0.000000000,0.000000000,0.000000000,0.000000000,0.000000000,0.000000000,pass,pass,tie,0.500000000,Jagannatha Hora 8.0 locked visible Kaala Bala table; accessibility_sha256=F13338439987810C0F7C552E48A9FDEA25AF25DFCFAD2C07D2D77697C868F4AD; screenshot_sha256=00C966E54553EB61334634958AA0AC5A67E42055CFFA4F0FBADC56A1C39E060A,PyJHora 4.8.7 Tier B isolated export; Raman ayanamsa; wheel sha256 D8D8014573A38DDEFEDCAE57D3B8D84687CAC2AD31BB5B1DD70D945906A4D54D; event civil timezone; Tokyo reference coordinates; Dig uses _dig_bala(method=2) canonical bounded circular-distance variant because the package default method=1 can exceed 60 virupa
GANN_JHORA_KAALA_WITNESS_COMPARATOR_V1,case_127_sr_touch_start,MERCURY,ayana,57.040000000,57.604530687,57.230000000,-0.564530687,-0.190000000,0.564530687,0.190000000,fail,pass,pyjhora,0.500000000,Jagannatha Hora 8.0 locked visible Kaala Bala table; accessibility_sha256=F13338439987810C0F7C552E48A9FDEA25AF25DFCFAD2C07D2D77697C868F4AD; screenshot_sha256=00C966E54553EB61334634958AA0AC5A67E42055CFFA4F0FBADC56A1C39E060A,PyJHora 4.8.7 Tier B isolated export; Raman ayanamsa; wheel sha256 D8D8014573A38DDEFEDCAE57D3B8D84687CAC2AD31BB5B1DD70D945906A4D54D; event civil timezone; Tokyo reference coordinates; Dig uses _dig_bala(method=2) canonical bounded circular-distance variant because the package default method=1 can exceed 60 virupa
GANN_JHORA_KAALA_WITNESS_COMPARATOR_V1,case_127_sr_touch_start,MERCURY,hora,60.000000000,60.000000000,0.000000000,0.000000000,60.000000000,0.000000000,60.000000000,pass,fail,local,0.500000000,Jagannatha Hora 8.0 locked visible Kaala Bala table; accessibility_sha256=F13338439987810C0F7C552E48A9FDEA25AF25DFCFAD2C07D2D77697C868F4AD; screenshot_sha256=00C966E54553EB61334634958AA0AC5A67E42055CFFA4F0FBADC56A1C39E060A,PyJHora 4.8.7 Tier B isolated export; Raman ayanamsa; wheel sha256 D8D8014573A38DDEFEDCAE57D3B8D84687CAC2AD31BB5B1DD70D945906A4D54D; event civil timezone; Tokyo reference coordinates; Dig uses _dig_bala(method=2) canonical bounded circular-distance variant because the package default method=1 can exceed 60 virupa
GANN_JHORA_KAALA_WITNESS_COMPARATOR_V1,case_127_sr_touch_start,MERCURY,masa,0.000000000,0.000000000,0.000000000,0.000000000,0.000000000,0.000000000,0.000000000,pass,pass,tie,0.500000000,Jagannatha Hora 8.0 locked visible Kaala Bala table; accessibility_sha256=F13338439987810C0F7C552E48A9FDEA25AF25DFCFAD2C07D2D77697C868F4AD; screenshot_sha256=00C966E54553EB61334634958AA0AC5A67E42055CFFA4F0FBADC56A1C39E060A,PyJHora 4.8.7 Tier B isolated export; Raman ayanamsa; wheel sha256 D8D8014573A38DDEFEDCAE57D3B8D84687CAC2AD31BB5B1DD70D945906A4D54D; event civil timezone; Tokyo reference coordinates; Dig uses _dig_bala(method=2) canonical bounded circular-distance variant because the package default method=1 can exceed 60 virupa
GANN_JHORA_KAALA_WITNESS_COMPARATOR_V1,case_127_sr_touch_start,MERCURY,nathonnatha,60.000000000,60.000000000,60.000000000,0.000000000,0.000000000,0.000000000,0.000000000,pass,pass,tie,0.500000000,Jagannatha Hora 8.0 locked visible Kaala Bala table; accessibility_sha256=F13338439987810C0F7C552E48A9FDEA25AF25DFCFAD2C07D2D77697C868F4AD; screenshot_sha256=00C966E54553EB61334634958AA0AC5A67E42055CFFA4F0FBADC56A1C39E060A,PyJHora 4.8.7 Tier B isolated export; Raman ayanamsa; wheel sha256 D8D8014573A38DDEFEDCAE57D3B8D84687CAC2AD31BB5B1DD70D945906A4D54D; event civil timezone; Tokyo reference coordinates; Dig uses _dig_bala(method=2) canonical bounded circular-distance variant because the package default method=1 can exceed 60 virupa
GANN_JHORA_KAALA_WITNESS_COMPARATOR_V1,case_127_sr_touch_start,MERCURY,paksha,52.740000000,52.743801130,52.750000000,-0.003801130,-0.010000000,0.003801130,0.010000000,pass,pass,local,0.500000000,Jagannatha Hora 8.0 locked visible Kaala Bala table; accessibility_sha256=F13338439987810C0F7C552E48A9FDEA25AF25DFCFAD2C07D2D77697C868F4AD; screenshot_sha256=00C966E54553EB61334634958AA0AC5A67E42055CFFA4F0FBADC56A1C39E060A,PyJHora 4.8.7 Tier B isolated export; Raman ayanamsa; wheel sha256 D8D8014573A38DDEFEDCAE57D3B8D84687CAC2AD31BB5B1DD70D945906A4D54D; event civil timezone; Tokyo reference coordinates; Dig uses _dig_bala(method=2) canonical bounded circular-distance variant because the package default method=1 can exceed 60 virupa
GANN_JHORA_KAALA_WITNESS_COMPARATOR_V1,case_127_sr_touch_start,MERCURY,total,274.780000000,275.348331817,214.980000000,-0.568331817,59.800000000,0.568331817,59.800000000,fail,fail,local,0.500000000,Jagannatha Hora 8.0 locked visible Kaala Bala table; accessibility_sha256=F13338439987810C0F7C552E48A9FDEA25AF25DFCFAD2C07D2D77697C868F4AD; screenshot_sha256=00C966E54553EB61334634958AA0AC5A67E42055CFFA4F0FBADC56A1C39E060A,PyJHora 4.8.7 Tier B isolated export; Raman ayanamsa; wheel sha256 D8D8014573A38DDEFEDCAE57D3B8D84687CAC2AD31BB5B1DD70D945906A4D54D; event civil timezone; Tokyo reference coordinates; Dig uses _dig_bala(method=2) canonical bounded circular-distance variant because the package default method=1 can exceed 60 virupa
GANN_JHORA_KAALA_WITNESS_COMPARATOR_V1,case_127_sr_touch_start,MERCURY,tribhaga,0.000000000,0.000000000,0.000000000,0.000000000,0.000000000,0.000000000,0.000000000,pass,pass,tie,0.500000000,Jagannatha Hora 8.0 locked visible Kaala Bala table; accessibility_sha256=F13338439987810C0F7C552E48A9FDEA25AF25DFCFAD2C07D2D77697C868F4AD; screenshot_sha256=00C966E54553EB61334634958AA0AC5A67E42055CFFA4F0FBADC56A1C39E060A,PyJHora 4.8.7 Tier B isolated export; Raman ayanamsa; wheel sha256 D8D8014573A38DDEFEDCAE57D3B8D84687CAC2AD31BB5B1DD70D945906A4D54D; event civil timezone; Tokyo reference coordinates; Dig uses _dig_bala(method=2) canonical bounded circular-distance variant because the package default method=1 can exceed 60 virupa
GANN_JHORA_KAALA_WITNESS_COMPARATOR_V1,case_127_sr_touch_start,MERCURY,vara,45.000000000,45.000000000,45.000000000,0.000000000,0.000000000,0.000000000,0.000000000,pass,pass,tie,0.500000000,Jagannatha Hora 8.0 locked visible Kaala Bala table; accessibility_sha256=F13338439987810C0F7C552E48A9FDEA25AF25DFCFAD2C07D2D77697C868F4AD; screenshot_sha256=00C966E54553EB61334634958AA0AC5A67E42055CFFA4F0FBADC56A1C39E060A,PyJHora 4.8.7 Tier B isolated export; Raman ayanamsa; wheel sha256 D8D8014573A38DDEFEDCAE57D3B8D84687CAC2AD31BB5B1DD70D945906A4D54D; event civil timezone; Tokyo reference coordinates; Dig uses _dig_bala(method=2) canonical bounded circular-distance variant because the package default method=1 can exceed 60 virupa
GANN_JHORA_KAALA_WITNESS_COMPARATOR_V1,case_127_sr_touch_start,MERCURY,yuddha,0.000000000,0.000000000,0.000000000,0.000000000,0.000000000,0.000000000,0.000000000,pass,pass,tie,0.500000000,Jagannatha Hora 8.0 locked visible Kaala Bala table; accessibility_sha256=F13338439987810C0F7C552E48A9FDEA25AF25DFCFAD2C07D2D77697C868F4AD; screenshot_sha256=00C966E54553EB61334634958AA0AC5A67E42055CFFA4F0FBADC56A1C39E060A,PyJHora 4.8.7 Tier B isolated export; Raman ayanamsa; wheel sha256 D8D8014573A38DDEFEDCAE57D3B8D84687CAC2AD31BB5B1DD70D945906A4D54D; event civil timezone; Tokyo reference coordinates; Dig uses _dig_bala(method=2) canonical bounded circular-distance variant because the package default method=1 can exceed 60 virupa
GANN_JHORA_KAALA_WITNESS_COMPARATOR_V1,case_127_sr_touch_start,MOON,abda,15.000000000,15.000000000,15.000000000,0.000000000,0.000000000,0.000000000,0.000000000,pass,pass,tie,0.500000000,Jagannatha Hora 8.0 locked visible Kaala Bala table; accessibility_sha256=F13338439987810C0F7C552E48A9FDEA25AF25DFCFAD2C07D2D77697C868F4AD; screenshot_sha256=00C966E54553EB61334634958AA0AC5A67E42055CFFA4F0FBADC56A1C39E060A,PyJHora 4.8.7 Tier B isolated export; Raman ayanamsa; wheel sha256 D8D8014573A38DDEFEDCAE57D3B8D84687CAC2AD31BB5B1DD70D945906A4D54D; event civil timezone; Tokyo reference coordinates; Dig uses _dig_bala(method=2) canonical bounded circular-distance variant because the package default method=1 can exceed 60 virupa
GANN_JHORA_KAALA_WITNESS_COMPARATOR_V1,case_127_sr_touch_start,MOON,ayana,0.030000000,0.000000000,0.010000000,0.030000000,0.020000000,0.030000000,0.020000000,pass,pass,pyjhora,0.500000000,Jagannatha Hora 8.0 locked visible Kaala Bala table; accessibility_sha256=F13338439987810C0F7C552E48A9FDEA25AF25DFCFAD2C07D2D77697C868F4AD; screenshot_sha256=00C966E54553EB61334634958AA0AC5A67E42055CFFA4F0FBADC56A1C39E060A,PyJHora 4.8.7 Tier B isolated export; Raman ayanamsa; wheel sha256 D8D8014573A38DDEFEDCAE57D3B8D84687CAC2AD31BB5B1DD70D945906A4D54D; event civil timezone; Tokyo reference coordinates; Dig uses _dig_bala(method=2) canonical bounded circular-distance variant because the package default method=1 can exceed 60 virupa
GANN_JHORA_KAALA_WITNESS_COMPARATOR_V1,case_127_sr_touch_start,MOON,hora,0.000000000,0.000000000,0.000000000,0.000000000,0.000000000,0.000000000,0.000000000,pass,pass,tie,0.500000000,Jagannatha Hora 8.0 locked visible Kaala Bala table; accessibility_sha256=F13338439987810C0F7C552E48A9FDEA25AF25DFCFAD2C07D2D77697C868F4AD; screenshot_sha256=00C966E54553EB61334634958AA0AC5A67E42055CFFA4F0FBADC56A1C39E060A,PyJHora 4.8.7 Tier B isolated export; Raman ayanamsa; wheel sha256 D8D8014573A38DDEFEDCAE57D3B8D84687CAC2AD31BB5B1DD70D945906A4D54D; event civil timezone; Tokyo reference coordinates; Dig uses _dig_bala(method=2) canonical bounded circular-distance variant because the package default method=1 can exceed 60 virupa
GANN_JHORA_KAALA_WITNESS_COMPARATOR_V1,case_127_sr_touch_start,MOON,masa,0.000000000,0.000000000,0.000000000,0.000000000,0.000000000,0.000000000,0.000000000,pass,pass,tie,0.500000000,Jagannatha Hora 8.0 locked visible Kaala Bala table; accessibility_sha256=F13338439987810C0F7C552E48A9FDEA25AF25DFCFAD2C07D2D77697C868F4AD; screenshot_sha256=00C966E54553EB61334634958AA0AC5A67E42055CFFA4F0FBADC56A1C39E060A,PyJHora 4.8.7 Tier B isolated export; Raman ayanamsa; wheel sha256 D8D8014573A38DDEFEDCAE57D3B8D84687CAC2AD31BB5B1DD70D945906A4D54D; event civil timezone; Tokyo reference coordinates; Dig uses _dig_bala(method=2) canonical bounded circular-distance variant because the package default method=1 can exceed 60 virupa
GANN_JHORA_KAALA_WITNESS_COMPARATOR_V1,case_127_sr_touch_start,MOON,nathonnatha,50.620000000,50.949900000,30.710000000,-0.329900000,19.910000000,0.329900000,19.910000000,pass,fail,local,0.500000000,Jagannatha Hora 8.0 locked visible Kaala Bala table; accessibility_sha256=F13338439987810C0F7C552E48A9FDEA25AF25DFCFAD2C07D2D77697C868F4AD; screenshot_sha256=00C966E54553EB61334634958AA0AC5A67E42055CFFA4F0FBADC56A1C39E060A,PyJHora 4.8.7 Tier B isolated export; Raman ayanamsa; wheel sha256 D8D8014573A38DDEFEDCAE57D3B8D84687CAC2AD31BB5B1DD70D945906A4D54D; event civil timezone; Tokyo reference coordinates; Dig uses _dig_bala(method=2) canonical bounded circular-distance variant because the package default method=1 can exceed 60 virupa
GANN_JHORA_KAALA_WITNESS_COMPARATOR_V1,case_127_sr_touch_start,MOON,paksha,105.490000000,105.487602260,14.500000000,0.002397740,90.990000000,0.002397740,90.990000000,pass,fail,local,0.500000000,Jagannatha Hora 8.0 locked visible Kaala Bala table; accessibility_sha256=F13338439987810C0F7C552E48A9FDEA25AF25DFCFAD2C07D2D77697C868F4AD; screenshot_sha256=00C966E54553EB61334634958AA0AC5A67E42055CFFA4F0FBADC56A1C39E060A,PyJHora 4.8.7 Tier B isolated export; Raman ayanamsa; wheel sha256 D8D8014573A38DDEFEDCAE57D3B8D84687CAC2AD31BB5B1DD70D945906A4D54D; event civil timezone; Tokyo reference coordinates; Dig uses _dig_bala(method=2) canonical bounded circular-distance variant because the package default method=1 can exceed 60 virupa
GANN_JHORA_KAALA_WITNESS_COMPARATOR_V1,case_127_sr_touch_start,MOON,total,171.140000000,171.437502260,60.220000000,-0.297502260,110.920000000,0.297502260,110.920000000,pass,fail,local,0.500000000,Jagannatha Hora 8.0 locked visible Kaala Bala table; accessibility_sha256=F13338439987810C0F7C552E48A9FDEA25AF25DFCFAD2C07D2D77697C868F4AD; screenshot_sha256=00C966E54553EB61334634958AA0AC5A67E42055CFFA4F0FBADC56A1C39E060A,PyJHora 4.8.7 Tier B isolated export; Raman ayanamsa; wheel sha256 D8D8014573A38DDEFEDCAE57D3B8D84687CAC2AD31BB5B1DD70D945906A4D54D; event civil timezone; Tokyo reference coordinates; Dig uses _dig_bala(method=2) canonical bounded circular-distance variant because the package default method=1 can exceed 60 virupa
GANN_JHORA_KAALA_WITNESS_COMPARATOR_V1,case_127_sr_touch_start,MOON,tribhaga,0.000000000,0.000000000,0.000000000,0.000000000,0.000000000,0.000000000,0.000000000,pass,pass,tie,0.500000000,Jagannatha Hora 8.0 locked visible Kaala Bala table; accessibility_sha256=F13338439987810C0F7C552E48A9FDEA25AF25DFCFAD2C07D2D77697C868F4AD; screenshot_sha256=00C966E54553EB61334634958AA0AC5A67E42055CFFA4F0FBADC56A1C39E060A,PyJHora 4.8.7 Tier B isolated export; Raman ayanamsa; wheel sha256 D8D8014573A38DDEFEDCAE57D3B8D84687CAC2AD31BB5B1DD70D945906A4D54D; event civil timezone; Tokyo reference coordinates; Dig uses _dig_bala(method=2) canonical bounded circular-distance variant because the package default method=1 can exceed 60 virupa
GANN_JHORA_KAALA_WITNESS_COMPARATOR_V1,case_127_sr_touch_start,MOON,vara,0.000000000,0.000000000,0.000000000,0.000000000,0.000000000,0.000000000,0.000000000,pass,pass,tie,0.500000000,Jagannatha Hora 8.0 locked visible Kaala Bala table; accessibility_sha256=F13338439987810C0F7C552E48A9FDEA25AF25DFCFAD2C07D2D77697C868F4AD; screenshot_sha256=00C966E54553EB61334634958AA0AC5A67E42055CFFA4F0FBADC56A1C39E060A,PyJHora 4.8.7 Tier B isolated export; Raman ayanamsa; wheel sha256 D8D8014573A38DDEFEDCAE57D3B8D84687CAC2AD31BB5B1DD70D945906A4D54D; event civil timezone; Tokyo reference coordinates; Dig uses _dig_bala(method=2) canonical bounded circular-distance variant because the package default method=1 can exceed 60 virupa
GANN_JHORA_KAALA_WITNESS_COMPARATOR_V1,case_127_sr_touch_start,MOON,yuddha,0.000000000,0.000000000,0.000000000,0.000000000,0.000000000,0.000000000,0.000000000,pass,pass,tie,0.500000000,Jagannatha Hora 8.0 locked visible Kaala Bala table; accessibility_sha256=F13338439987810C0F7C552E48A9FDEA25AF25DFCFAD2C07D2D77697C868F4AD; screenshot_sha256=00C966E54553EB61334634958AA0AC5A67E42055CFFA4F0FBADC56A1C39E060A,PyJHora 4.8.7 Tier B isolated export; Raman ayanamsa; wheel sha256 D8D8014573A38DDEFEDCAE57D3B8D84687CAC2AD31BB5B1DD70D945906A4D54D; event civil timezone; Tokyo reference coordinates; Dig uses _dig_bala(method=2) canonical bounded circular-distance variant because the package default method=1 can exceed 60 virupa
GANN_JHORA_KAALA_WITNESS_COMPARATOR_V1,case_127_sr_touch_start,SATURN,abda,0.000000000,0.000000000,0.000000000,0.000000000,0.000000000,0.000000000,0.000000000,pass,pass,tie,0.500000000,Jagannatha Hora 8.0 locked visible Kaala Bala table; accessibility_sha256=F13338439987810C0F7C552E48A9FDEA25AF25DFCFAD2C07D2D77697C868F4AD; screenshot_sha256=00C966E54553EB61334634958AA0AC5A67E42055CFFA4F0FBADC56A1C39E060A,PyJHora 4.8.7 Tier B isolated export; Raman ayanamsa; wheel sha256 D8D8014573A38DDEFEDCAE57D3B8D84687CAC2AD31BB5B1DD70D945906A4D54D; event civil timezone; Tokyo reference coordinates; Dig uses _dig_bala(method=2) canonical bounded circular-distance variant because the package default method=1 can exceed 60 virupa
GANN_JHORA_KAALA_WITNESS_COMPARATOR_V1,case_127_sr_touch_start,SATURN,ayana,29.750000000,32.326025609,30.130000000,-2.576025609,-0.380000000,2.576025609,0.380000000,fail,pass,pyjhora,0.500000000,Jagannatha Hora 8.0 locked visible Kaala Bala table; accessibility_sha256=F13338439987810C0F7C552E48A9FDEA25AF25DFCFAD2C07D2D77697C868F4AD; screenshot_sha256=00C966E54553EB61334634958AA0AC5A67E42055CFFA4F0FBADC56A1C39E060A,PyJHora 4.8.7 Tier B isolated export; Raman ayanamsa; wheel sha256 D8D8014573A38DDEFEDCAE57D3B8D84687CAC2AD31BB5B1DD70D945906A4D54D; event civil timezone; Tokyo reference coordinates; Dig uses _dig_bala(method=2) canonical bounded circular-distance variant because the package default method=1 can exceed 60 virupa
GANN_JHORA_KAALA_WITNESS_COMPARATOR_V1,case_127_sr_touch_start,SATURN,hora,0.000000000,0.000000000,0.000000000,0.000000000,0.000000000,0.000000000,0.000000000,pass,pass,tie,0.500000000,Jagannatha Hora 8.0 locked visible Kaala Bala table; accessibility_sha256=F13338439987810C0F7C552E48A9FDEA25AF25DFCFAD2C07D2D77697C868F4AD; screenshot_sha256=00C966E54553EB61334634958AA0AC5A67E42055CFFA4F0FBADC56A1C39E060A,PyJHora 4.8.7 Tier B isolated export; Raman ayanamsa; wheel sha256 D8D8014573A38DDEFEDCAE57D3B8D84687CAC2AD31BB5B1DD70D945906A4D54D; event civil timezone; Tokyo reference coordinates; Dig uses _dig_bala(method=2) canonical bounded circular-distance variant because the package default method=1 can exceed 60 virupa
GANN_JHORA_KAALA_WITNESS_COMPARATOR_V1,case_127_sr_touch_start,SATURN,masa,0.000000000,0.000000000,0.000000000,0.000000000,0.000000000,0.000000000,0.000000000,pass,pass,tie,0.500000000,Jagannatha Hora 8.0 locked visible Kaala Bala table; accessibility_sha256=F13338439987810C0F7C552E48A9FDEA25AF25DFCFAD2C07D2D77697C868F4AD; screenshot_sha256=00C966E54553EB61334634958AA0AC5A67E42055CFFA4F0FBADC56A1C39E060A,PyJHora 4.8.7 Tier B isolated export; Raman ayanamsa; wheel sha256 D8D8014573A38DDEFEDCAE57D3B8D84687CAC2AD31BB5B1DD70D945906A4D54D; event civil timezone; Tokyo reference coordinates; Dig uses _dig_bala(method=2) canonical bounded circular-distance variant because the package default method=1 can exceed 60 virupa
GANN_JHORA_KAALA_WITNESS_COMPARATOR_V1,case_127_sr_touch_start,SATURN,nathonnatha,50.620000000,50.949900000,30.710000000,-0.329900000,19.910000000,0.329900000,19.910000000,pass,fail,local,0.500000000,Jagannatha Hora 8.0 locked visible Kaala Bala table; accessibility_sha256=F13338439987810C0F7C552E48A9FDEA25AF25DFCFAD2C07D2D77697C868F4AD; screenshot_sha256=00C966E54553EB61334634958AA0AC5A67E42055CFFA4F0FBADC56A1C39E060A,PyJHora 4.8.7 Tier B isolated export; Raman ayanamsa; wheel sha256 D8D8014573A38DDEFEDCAE57D3B8D84687CAC2AD31BB5B1DD70D945906A4D54D; event civil timezone; Tokyo reference coordinates; Dig uses _dig_bala(method=2) canonical bounded circular-distance variant because the package default method=1 can exceed 60 virupa
GANN_JHORA_KAALA_WITNESS_COMPARATOR_V1,case_127_sr_touch_start,SATURN,paksha,52.740000000,52.743801130,52.750000000,-0.003801130,-0.010000000,0.003801130,0.010000000,pass,pass,local,0.500000000,Jagannatha Hora 8.0 locked visible Kaala Bala table; accessibility_sha256=F13338439987810C0F7C552E48A9FDEA25AF25DFCFAD2C07D2D77697C868F4AD; screenshot_sha256=00C966E54553EB61334634958AA0AC5A67E42055CFFA4F0FBADC56A1C39E060A,PyJHora 4.8.7 Tier B isolated export; Raman ayanamsa; wheel sha256 D8D8014573A38DDEFEDCAE57D3B8D84687CAC2AD31BB5B1DD70D945906A4D54D; event civil timezone; Tokyo reference coordinates; Dig uses _dig_bala(method=2) canonical bounded circular-distance variant because the package default method=1 can exceed 60 virupa
GANN_JHORA_KAALA_WITNESS_COMPARATOR_V1,case_127_sr_touch_start,SATURN,total,133.120000000,136.019726739,113.590000000,-2.899726739,19.530000000,2.899726739,19.530000000,fail,fail,local,0.500000000,Jagannatha Hora 8.0 locked visible Kaala Bala table; accessibility_sha256=F13338439987810C0F7C552E48A9FDEA25AF25DFCFAD2C07D2D77697C868F4AD; screenshot_sha256=00C966E54553EB61334634958AA0AC5A67E42055CFFA4F0FBADC56A1C39E060A,PyJHora 4.8.7 Tier B isolated export; Raman ayanamsa; wheel sha256 D8D8014573A38DDEFEDCAE57D3B8D84687CAC2AD31BB5B1DD70D945906A4D54D; event civil timezone; Tokyo reference coordinates; Dig uses _dig_bala(method=2) canonical bounded circular-distance variant because the package default method=1 can exceed 60 virupa
GANN_JHORA_KAALA_WITNESS_COMPARATOR_V1,case_127_sr_touch_start,SATURN,tribhaga,0.000000000,0.000000000,0.000000000,0.000000000,0.000000000,0.000000000,0.000000000,pass,pass,tie,0.500000000,Jagannatha Hora 8.0 locked visible Kaala Bala table; accessibility_sha256=F13338439987810C0F7C552E48A9FDEA25AF25DFCFAD2C07D2D77697C868F4AD; screenshot_sha256=00C966E54553EB61334634958AA0AC5A67E42055CFFA4F0FBADC56A1C39E060A,PyJHora 4.8.7 Tier B isolated export; Raman ayanamsa; wheel sha256 D8D8014573A38DDEFEDCAE57D3B8D84687CAC2AD31BB5B1DD70D945906A4D54D; event civil timezone; Tokyo reference coordinates; Dig uses _dig_bala(method=2) canonical bounded circular-distance variant because the package default method=1 can exceed 60 virupa
GANN_JHORA_KAALA_WITNESS_COMPARATOR_V1,case_127_sr_touch_start,SATURN,vara,0.000000000,0.000000000,0.000000000,0.000000000,0.000000000,0.000000000,0.000000000,pass,pass,tie,0.500000000,Jagannatha Hora 8.0 locked visible Kaala Bala table; accessibility_sha256=F13338439987810C0F7C552E48A9FDEA25AF25DFCFAD2C07D2D77697C868F4AD; screenshot_sha256=00C966E54553EB61334634958AA0AC5A67E42055CFFA4F0FBADC56A1C39E060A,PyJHora 4.8.7 Tier B isolated export; Raman ayanamsa; wheel sha256 D8D8014573A38DDEFEDCAE57D3B8D84687CAC2AD31BB5B1DD70D945906A4D54D; event civil timezone; Tokyo reference coordinates; Dig uses _dig_bala(method=2) canonical bounded circular-distance variant because the package default method=1 can exceed 60 virupa
GANN_JHORA_KAALA_WITNESS_COMPARATOR_V1,case_127_sr_touch_start,SATURN,yuddha,0.000000000,0.000000000,0.000000000,0.000000000,0.000000000,0.000000000,0.000000000,pass,pass,tie,0.500000000,Jagannatha Hora 8.0 locked visible Kaala Bala table; accessibility_sha256=F13338439987810C0F7C552E48A9FDEA25AF25DFCFAD2C07D2D77697C868F4AD; screenshot_sha256=00C966E54553EB61334634958AA0AC5A67E42055CFFA4F0FBADC56A1C39E060A,PyJHora 4.8.7 Tier B isolated export; Raman ayanamsa; wheel sha256 D8D8014573A38DDEFEDCAE57D3B8D84687CAC2AD31BB5B1DD70D945906A4D54D; event civil timezone; Tokyo reference coordinates; Dig uses _dig_bala(method=2) canonical bounded circular-distance variant because the package default method=1 can exceed 60 virupa
GANN_JHORA_KAALA_WITNESS_COMPARATOR_V1,case_127_sr_touch_start,SUN,abda,0.000000000,0.000000000,0.000000000,0.000000000,0.000000000,0.000000000,0.000000000,pass,pass,tie,0.500000000,Jagannatha Hora 8.0 locked visible Kaala Bala table; accessibility_sha256=F13338439987810C0F7C552E48A9FDEA25AF25DFCFAD2C07D2D77697C868F4AD; screenshot_sha256=00C966E54553EB61334634958AA0AC5A67E42055CFFA4F0FBADC56A1C39E060A,PyJHora 4.8.7 Tier B isolated export; Raman ayanamsa; wheel sha256 D8D8014573A38DDEFEDCAE57D3B8D84687CAC2AD31BB5B1DD70D945906A4D54D; event civil timezone; Tokyo reference coordinates; Dig uses _dig_bala(method=2) canonical bounded circular-distance variant because the package default method=1 can exceed 60 virupa
GANN_JHORA_KAALA_WITNESS_COMPARATOR_V1,case_127_sr_touch_start,SUN,ayana,114.840000000,115.204659232,115.260000000,-0.364659232,-0.420000000,0.364659232,0.420000000,pass,pass,local,0.500000000,Jagannatha Hora 8.0 locked visible Kaala Bala table; accessibility_sha256=F13338439987810C0F7C552E48A9FDEA25AF25DFCFAD2C07D2D77697C868F4AD; screenshot_sha256=00C966E54553EB61334634958AA0AC5A67E42055CFFA4F0FBADC56A1C39E060A,PyJHora 4.8.7 Tier B isolated export; Raman ayanamsa; wheel sha256 D8D8014573A38DDEFEDCAE57D3B8D84687CAC2AD31BB5B1DD70D945906A4D54D; event civil timezone; Tokyo reference coordinates; Dig uses _dig_bala(method=2) canonical bounded circular-distance variant because the package default method=1 can exceed 60 virupa
GANN_JHORA_KAALA_WITNESS_COMPARATOR_V1,case_127_sr_touch_start,SUN,hora,0.000000000,0.000000000,0.000000000,0.000000000,0.000000000,0.000000000,0.000000000,pass,pass,tie,0.500000000,Jagannatha Hora 8.0 locked visible Kaala Bala table; accessibility_sha256=F13338439987810C0F7C552E48A9FDEA25AF25DFCFAD2C07D2D77697C868F4AD; screenshot_sha256=00C966E54553EB61334634958AA0AC5A67E42055CFFA4F0FBADC56A1C39E060A,PyJHora 4.8.7 Tier B isolated export; Raman ayanamsa; wheel sha256 D8D8014573A38DDEFEDCAE57D3B8D84687CAC2AD31BB5B1DD70D945906A4D54D; event civil timezone; Tokyo reference coordinates; Dig uses _dig_bala(method=2) canonical bounded circular-distance variant because the package default method=1 can exceed 60 virupa
GANN_JHORA_KAALA_WITNESS_COMPARATOR_V1,case_127_sr_touch_start,SUN,masa,0.000000000,0.000000000,0.000000000,0.000000000,0.000000000,0.000000000,0.000000000,pass,pass,tie,0.500000000,Jagannatha Hora 8.0 locked visible Kaala Bala table; accessibility_sha256=F13338439987810C0F7C552E48A9FDEA25AF25DFCFAD2C07D2D77697C868F4AD; screenshot_sha256=00C966E54553EB61334634958AA0AC5A67E42055CFFA4F0FBADC56A1C39E060A,PyJHora 4.8.7 Tier B isolated export; Raman ayanamsa; wheel sha256 D8D8014573A38DDEFEDCAE57D3B8D84687CAC2AD31BB5B1DD70D945906A4D54D; event civil timezone; Tokyo reference coordinates; Dig uses _dig_bala(method=2) canonical bounded circular-distance variant because the package default method=1 can exceed 60 virupa
GANN_JHORA_KAALA_WITNESS_COMPARATOR_V1,case_127_sr_touch_start,SUN,nathonnatha,9.380000000,9.050100000,29.290000000,0.329900000,-19.910000000,0.329900000,19.910000000,pass,fail,local,0.500000000,Jagannatha Hora 8.0 locked visible Kaala Bala table; accessibility_sha256=F13338439987810C0F7C552E48A9FDEA25AF25DFCFAD2C07D2D77697C868F4AD; screenshot_sha256=00C966E54553EB61334634958AA0AC5A67E42055CFFA4F0FBADC56A1C39E060A,PyJHora 4.8.7 Tier B isolated export; Raman ayanamsa; wheel sha256 D8D8014573A38DDEFEDCAE57D3B8D84687CAC2AD31BB5B1DD70D945906A4D54D; event civil timezone; Tokyo reference coordinates; Dig uses _dig_bala(method=2) canonical bounded circular-distance variant because the package default method=1 can exceed 60 virupa
GANN_JHORA_KAALA_WITNESS_COMPARATOR_V1,case_127_sr_touch_start,SUN,paksha,52.740000000,52.743801130,52.750000000,-0.003801130,-0.010000000,0.003801130,0.010000000,pass,pass,local,0.500000000,Jagannatha Hora 8.0 locked visible Kaala Bala table; accessibility_sha256=F13338439987810C0F7C552E48A9FDEA25AF25DFCFAD2C07D2D77697C868F4AD; screenshot_sha256=00C966E54553EB61334634958AA0AC5A67E42055CFFA4F0FBADC56A1C39E060A,PyJHora 4.8.7 Tier B isolated export; Raman ayanamsa; wheel sha256 D8D8014573A38DDEFEDCAE57D3B8D84687CAC2AD31BB5B1DD70D945906A4D54D; event civil timezone; Tokyo reference coordinates; Dig uses _dig_bala(method=2) canonical bounded circular-distance variant because the package default method=1 can exceed 60 virupa
GANN_JHORA_KAALA_WITNESS_COMPARATOR_V1,case_127_sr_touch_start,SUN,total,176.960000000,176.998560362,197.300000000,-0.038560362,-20.340000000,0.038560362,20.340000000,pass,fail,local,0.500000000,Jagannatha Hora 8.0 locked visible Kaala Bala table; accessibility_sha256=F13338439987810C0F7C552E48A9FDEA25AF25DFCFAD2C07D2D77697C868F4AD; screenshot_sha256=00C966E54553EB61334634958AA0AC5A67E42055CFFA4F0FBADC56A1C39E060A,PyJHora 4.8.7 Tier B isolated export; Raman ayanamsa; wheel sha256 D8D8014573A38DDEFEDCAE57D3B8D84687CAC2AD31BB5B1DD70D945906A4D54D; event civil timezone; Tokyo reference coordinates; Dig uses _dig_bala(method=2) canonical bounded circular-distance variant because the package default method=1 can exceed 60 virupa
GANN_JHORA_KAALA_WITNESS_COMPARATOR_V1,case_127_sr_touch_start,SUN,tribhaga,0.000000000,0.000000000,0.000000000,0.000000000,0.000000000,0.000000000,0.000000000,pass,pass,tie,0.500000000,Jagannatha Hora 8.0 locked visible Kaala Bala table; accessibility_sha256=F13338439987810C0F7C552E48A9FDEA25AF25DFCFAD2C07D2D77697C868F4AD; screenshot_sha256=00C966E54553EB61334634958AA0AC5A67E42055CFFA4F0FBADC56A1C39E060A,PyJHora 4.8.7 Tier B isolated export; Raman ayanamsa; wheel sha256 D8D8014573A38DDEFEDCAE57D3B8D84687CAC2AD31BB5B1DD70D945906A4D54D; event civil timezone; Tokyo reference coordinates; Dig uses _dig_bala(method=2) canonical bounded circular-distance variant because the package default method=1 can exceed 60 virupa
GANN_JHORA_KAALA_WITNESS_COMPARATOR_V1,case_127_sr_touch_start,SUN,vara,0.000000000,0.000000000,0.000000000,0.000000000,0.000000000,0.000000000,0.000000000,pass,pass,tie,0.500000000,Jagannatha Hora 8.0 locked visible Kaala Bala table; accessibility_sha256=F13338439987810C0F7C552E48A9FDEA25AF25DFCFAD2C07D2D77697C868F4AD; screenshot_sha256=00C966E54553EB61334634958AA0AC5A67E42055CFFA4F0FBADC56A1C39E060A,PyJHora 4.8.7 Tier B isolated export; Raman ayanamsa; wheel sha256 D8D8014573A38DDEFEDCAE57D3B8D84687CAC2AD31BB5B1DD70D945906A4D54D; event civil timezone; Tokyo reference coordinates; Dig uses _dig_bala(method=2) canonical bounded circular-distance variant because the package default method=1 can exceed 60 virupa
GANN_JHORA_KAALA_WITNESS_COMPARATOR_V1,case_127_sr_touch_start,SUN,yuddha,0.000000000,0.000000000,0.000000000,0.000000000,0.000000000,0.000000000,0.000000000,pass,pass,tie,0.500000000,Jagannatha Hora 8.0 locked visible Kaala Bala table; accessibility_sha256=F13338439987810C0F7C552E48A9FDEA25AF25DFCFAD2C07D2D77697C868F4AD; screenshot_sha256=00C966E54553EB61334634958AA0AC5A67E42055CFFA4F0FBADC56A1C39E060A,PyJHora 4.8.7 Tier B isolated export; Raman ayanamsa; wheel sha256 D8D8014573A38DDEFEDCAE57D3B8D84687CAC2AD31BB5B1DD70D945906A4D54D; event civil timezone; Tokyo reference coordinates; Dig uses _dig_bala(method=2) canonical bounded circular-distance variant because the package default method=1 can exceed 60 virupa
GANN_JHORA_KAALA_WITNESS_COMPARATOR_V1,case_127_sr_touch_start,VENUS,abda,0.000000000,0.000000000,0.000000000,0.000000000,0.000000000,0.000000000,0.000000000,pass,pass,tie,0.500000000,Jagannatha Hora 8.0 locked visible Kaala Bala table; accessibility_sha256=F13338439987810C0F7C552E48A9FDEA25AF25DFCFAD2C07D2D77697C868F4AD; screenshot_sha256=00C966E54553EB61334634958AA0AC5A67E42055CFFA4F0FBADC56A1C39E060A,PyJHora 4.8.7 Tier B isolated export; Raman ayanamsa; wheel sha256 D8D8014573A38DDEFEDCAE57D3B8D84687CAC2AD31BB5B1DD70D945906A4D54D; event civil timezone; Tokyo reference coordinates; Dig uses _dig_bala(method=2) canonical bounded circular-distance variant because the package default method=1 can exceed 60 virupa
GANN_JHORA_KAALA_WITNESS_COMPARATOR_V1,case_127_sr_touch_start,VENUS,ayana,40.870000000,38.536745320,19.160000000,2.333254680,21.710000000,2.333254680,21.710000000,fail,fail,local,0.500000000,Jagannatha Hora 8.0 locked visible Kaala Bala table; accessibility_sha256=F13338439987810C0F7C552E48A9FDEA25AF25DFCFAD2C07D2D77697C868F4AD; screenshot_sha256=00C966E54553EB61334634958AA0AC5A67E42055CFFA4F0FBADC56A1C39E060A,PyJHora 4.8.7 Tier B isolated export; Raman ayanamsa; wheel sha256 D8D8014573A38DDEFEDCAE57D3B8D84687CAC2AD31BB5B1DD70D945906A4D54D; event civil timezone; Tokyo reference coordinates; Dig uses _dig_bala(method=2) canonical bounded circular-distance variant because the package default method=1 can exceed 60 virupa
GANN_JHORA_KAALA_WITNESS_COMPARATOR_V1,case_127_sr_touch_start,VENUS,hora,0.000000000,0.000000000,60.000000000,0.000000000,-60.000000000,0.000000000,60.000000000,pass,fail,local,0.500000000,Jagannatha Hora 8.0 locked visible Kaala Bala table; accessibility_sha256=F13338439987810C0F7C552E48A9FDEA25AF25DFCFAD2C07D2D77697C868F4AD; screenshot_sha256=00C966E54553EB61334634958AA0AC5A67E42055CFFA4F0FBADC56A1C39E060A,PyJHora 4.8.7 Tier B isolated export; Raman ayanamsa; wheel sha256 D8D8014573A38DDEFEDCAE57D3B8D84687CAC2AD31BB5B1DD70D945906A4D54D; event civil timezone; Tokyo reference coordinates; Dig uses _dig_bala(method=2) canonical bounded circular-distance variant because the package default method=1 can exceed 60 virupa
GANN_JHORA_KAALA_WITNESS_COMPARATOR_V1,case_127_sr_touch_start,VENUS,masa,0.000000000,0.000000000,0.000000000,0.000000000,0.000000000,0.000000000,0.000000000,pass,pass,tie,0.500000000,Jagannatha Hora 8.0 locked visible Kaala Bala table; accessibility_sha256=F13338439987810C0F7C552E48A9FDEA25AF25DFCFAD2C07D2D77697C868F4AD; screenshot_sha256=00C966E54553EB61334634958AA0AC5A67E42055CFFA4F0FBADC56A1C39E060A,PyJHora 4.8.7 Tier B isolated export; Raman ayanamsa; wheel sha256 D8D8014573A38DDEFEDCAE57D3B8D84687CAC2AD31BB5B1DD70D945906A4D54D; event civil timezone; Tokyo reference coordinates; Dig uses _dig_bala(method=2) canonical bounded circular-distance variant because the package default method=1 can exceed 60 virupa
GANN_JHORA_KAALA_WITNESS_COMPARATOR_V1,case_127_sr_touch_start,VENUS,nathonnatha,9.380000000,9.050100000,29.290000000,0.329900000,-19.910000000,0.329900000,19.910000000,pass,fail,local,0.500000000,Jagannatha Hora 8.0 locked visible Kaala Bala table; accessibility_sha256=F13338439987810C0F7C552E48A9FDEA25AF25DFCFAD2C07D2D77697C868F4AD; screenshot_sha256=00C966E54553EB61334634958AA0AC5A67E42055CFFA4F0FBADC56A1C39E060A,PyJHora 4.8.7 Tier B isolated export; Raman ayanamsa; wheel sha256 D8D8014573A38DDEFEDCAE57D3B8D84687CAC2AD31BB5B1DD70D945906A4D54D; event civil timezone; Tokyo reference coordinates; Dig uses _dig_bala(method=2) canonical bounded circular-distance variant because the package default method=1 can exceed 60 virupa
GANN_JHORA_KAALA_WITNESS_COMPARATOR_V1,case_127_sr_touch_start,VENUS,paksha,7.260000000,7.256198870,7.250000000,0.003801130,0.010000000,0.003801130,0.010000000,pass,pass,local,0.500000000,Jagannatha Hora 8.0 locked visible Kaala Bala table; accessibility_sha256=F13338439987810C0F7C552E48A9FDEA25AF25DFCFAD2C07D2D77697C868F4AD; screenshot_sha256=00C966E54553EB61334634958AA0AC5A67E42055CFFA4F0FBADC56A1C39E060A,PyJHora 4.8.7 Tier B isolated export; Raman ayanamsa; wheel sha256 D8D8014573A38DDEFEDCAE57D3B8D84687CAC2AD31BB5B1DD70D945906A4D54D; event civil timezone; Tokyo reference coordinates; Dig uses _dig_bala(method=2) canonical bounded circular-distance variant because the package default method=1 can exceed 60 virupa
GANN_JHORA_KAALA_WITNESS_COMPARATOR_V1,case_127_sr_touch_start,VENUS,total,57.500000000,54.843044189,175.700000000,2.656955811,-118.200000000,2.656955811,118.200000000,fail,fail,local,0.500000000,Jagannatha Hora 8.0 locked visible Kaala Bala table; accessibility_sha256=F13338439987810C0F7C552E48A9FDEA25AF25DFCFAD2C07D2D77697C868F4AD; screenshot_sha256=00C966E54553EB61334634958AA0AC5A67E42055CFFA4F0FBADC56A1C39E060A,PyJHora 4.8.7 Tier B isolated export; Raman ayanamsa; wheel sha256 D8D8014573A38DDEFEDCAE57D3B8D84687CAC2AD31BB5B1DD70D945906A4D54D; event civil timezone; Tokyo reference coordinates; Dig uses _dig_bala(method=2) canonical bounded circular-distance variant because the package default method=1 can exceed 60 virupa
GANN_JHORA_KAALA_WITNESS_COMPARATOR_V1,case_127_sr_touch_start,VENUS,tribhaga,0.000000000,0.000000000,60.000000000,0.000000000,-60.000000000,0.000000000,60.000000000,pass,fail,local,0.500000000,Jagannatha Hora 8.0 locked visible Kaala Bala table; accessibility_sha256=F13338439987810C0F7C552E48A9FDEA25AF25DFCFAD2C07D2D77697C868F4AD; screenshot_sha256=00C966E54553EB61334634958AA0AC5A67E42055CFFA4F0FBADC56A1C39E060A,PyJHora 4.8.7 Tier B isolated export; Raman ayanamsa; wheel sha256 D8D8014573A38DDEFEDCAE57D3B8D84687CAC2AD31BB5B1DD70D945906A4D54D; event civil timezone; Tokyo reference coordinates; Dig uses _dig_bala(method=2) canonical bounded circular-distance variant because the package default method=1 can exceed 60 virupa
GANN_JHORA_KAALA_WITNESS_COMPARATOR_V1,case_127_sr_touch_start,VENUS,vara,0.000000000,0.000000000,0.000000000,0.000000000,0.000000000,0.000000000,0.000000000,pass,pass,tie,0.500000000,Jagannatha Hora 8.0 locked visible Kaala Bala table; accessibility_sha256=F13338439987810C0F7C552E48A9FDEA25AF25DFCFAD2C07D2D77697C868F4AD; screenshot_sha256=00C966E54553EB61334634958AA0AC5A67E42055CFFA4F0FBADC56A1C39E060A,PyJHora 4.8.7 Tier B isolated export; Raman ayanamsa; wheel sha256 D8D8014573A38DDEFEDCAE57D3B8D84687CAC2AD31BB5B1DD70D945906A4D54D; event civil timezone; Tokyo reference coordinates; Dig uses _dig_bala(method=2) canonical bounded circular-distance variant because the package default method=1 can exceed 60 virupa
GANN_JHORA_KAALA_WITNESS_COMPARATOR_V1,case_127_sr_touch_start,VENUS,yuddha,0.000000000,0.000000000,0.000000000,0.000000000,0.000000000,0.000000000,0.000000000,pass,pass,tie,0.500000000,Jagannatha Hora 8.0 locked visible Kaala Bala table; accessibility_sha256=F13338439987810C0F7C552E48A9FDEA25AF25DFCFAD2C07D2D77697C868F4AD; screenshot_sha256=00C966E54553EB61334634958AA0AC5A67E42055CFFA4F0FBADC56A1C39E060A,PyJHora 4.8.7 Tier B isolated export; Raman ayanamsa; wheel sha256 D8D8014573A38DDEFEDCAE57D3B8D84687CAC2AD31BB5B1DD70D945906A4D54D; event civil timezone; Tokyo reference coordinates; Dig uses _dig_bala(method=2) canonical bounded circular-distance variant because the package default method=1 can exceed 60 virupa
GANN_JHORA_KAALA_WITNESS_COMPARATOR_V1,case_43_event_start,JUPITER,abda,0.000000000,0.000000000,0.000000000,0.000000000,0.000000000,0.000000000,0.000000000,pass,pass,tie,0.500000000,Jagannatha Hora 8.0 locked visible Kaala Bala table; accessibility_sha256=2F2C6430E5A9DA460DF69361316521E69F200C851532EB1EB12A310D5BD0E573; screenshot_sha256=F48BE9165668C334FF4C81FEAA433ED38A0406A43628C043F28AAA20A9D66D03,PyJHora 4.8.7 Tier B isolated export; Raman ayanamsa; wheel sha256 D8D8014573A38DDEFEDCAE57D3B8D84687CAC2AD31BB5B1DD70D945906A4D54D; event civil timezone; Tokyo reference coordinates; Dig uses _dig_bala(method=2) canonical bounded circular-distance variant because the package default method=1 can exceed 60 virupa
GANN_JHORA_KAALA_WITNESS_COMPARATOR_V1,case_43_event_start,JUPITER,ayana,59.040000000,58.719073990,59.110000000,0.320926010,-0.070000000,0.320926010,0.070000000,pass,pass,pyjhora,0.500000000,Jagannatha Hora 8.0 locked visible Kaala Bala table; accessibility_sha256=2F2C6430E5A9DA460DF69361316521E69F200C851532EB1EB12A310D5BD0E573; screenshot_sha256=F48BE9165668C334FF4C81FEAA433ED38A0406A43628C043F28AAA20A9D66D03,PyJHora 4.8.7 Tier B isolated export; Raman ayanamsa; wheel sha256 D8D8014573A38DDEFEDCAE57D3B8D84687CAC2AD31BB5B1DD70D945906A4D54D; event civil timezone; Tokyo reference coordinates; Dig uses _dig_bala(method=2) canonical bounded circular-distance variant because the package default method=1 can exceed 60 virupa
GANN_JHORA_KAALA_WITNESS_COMPARATOR_V1,case_43_event_start,JUPITER,hora,0.000000000,0.000000000,0.000000000,0.000000000,0.000000000,0.000000000,0.000000000,pass,pass,tie,0.500000000,Jagannatha Hora 8.0 locked visible Kaala Bala table; accessibility_sha256=2F2C6430E5A9DA460DF69361316521E69F200C851532EB1EB12A310D5BD0E573; screenshot_sha256=F48BE9165668C334FF4C81FEAA433ED38A0406A43628C043F28AAA20A9D66D03,PyJHora 4.8.7 Tier B isolated export; Raman ayanamsa; wheel sha256 D8D8014573A38DDEFEDCAE57D3B8D84687CAC2AD31BB5B1DD70D945906A4D54D; event civil timezone; Tokyo reference coordinates; Dig uses _dig_bala(method=2) canonical bounded circular-distance variant because the package default method=1 can exceed 60 virupa
GANN_JHORA_KAALA_WITNESS_COMPARATOR_V1,case_43_event_start,JUPITER,masa,0.000000000,0.000000000,0.000000000,0.000000000,0.000000000,0.000000000,0.000000000,pass,pass,tie,0.500000000,Jagannatha Hora 8.0 locked visible Kaala Bala table; accessibility_sha256=2F2C6430E5A9DA460DF69361316521E69F200C851532EB1EB12A310D5BD0E573; screenshot_sha256=F48BE9165668C334FF4C81FEAA433ED38A0406A43628C043F28AAA20A9D66D03,PyJHora 4.8.7 Tier B isolated export; Raman ayanamsa; wheel sha256 D8D8014573A38DDEFEDCAE57D3B8D84687CAC2AD31BB5B1DD70D945906A4D54D; event civil timezone; Tokyo reference coordinates; Dig uses _dig_bala(method=2) canonical bounded circular-distance variant because the package default method=1 can exceed 60 virupa
GANN_JHORA_KAALA_WITNESS_COMPARATOR_V1,case_43_event_start,JUPITER,nathonnatha,34.030000000,31.550100000,-6.310000000,2.479900000,40.340000000,2.479900000,40.340000000,fail,fail,local,0.500000000,Jagannatha Hora 8.0 locked visible Kaala Bala table; accessibility_sha256=2F2C6430E5A9DA460DF69361316521E69F200C851532EB1EB12A310D5BD0E573; screenshot_sha256=F48BE9165668C334FF4C81FEAA433ED38A0406A43628C043F28AAA20A9D66D03,PyJHora 4.8.7 Tier B isolated export; Raman ayanamsa; wheel sha256 D8D8014573A38DDEFEDCAE57D3B8D84687CAC2AD31BB5B1DD70D945906A4D54D; event civil timezone; Tokyo reference coordinates; Dig uses _dig_bala(method=2) canonical bounded circular-distance variant because the package default method=1 can exceed 60 virupa
GANN_JHORA_KAALA_WITNESS_COMPARATOR_V1,case_43_event_start,JUPITER,paksha,24.860000000,24.863125627,95.140000000,-0.003125627,-70.280000000,0.003125627,70.280000000,pass,fail,local,0.500000000,Jagannatha Hora 8.0 locked visible Kaala Bala table; accessibility_sha256=2F2C6430E5A9DA460DF69361316521E69F200C851532EB1EB12A310D5BD0E573; screenshot_sha256=F48BE9165668C334FF4C81FEAA433ED38A0406A43628C043F28AAA20A9D66D03,PyJHora 4.8.7 Tier B isolated export; Raman ayanamsa; wheel sha256 D8D8014573A38DDEFEDCAE57D3B8D84687CAC2AD31BB5B1DD70D945906A4D54D; event civil timezone; Tokyo reference coordinates; Dig uses _dig_bala(method=2) canonical bounded circular-distance variant because the package default method=1 can exceed 60 virupa
GANN_JHORA_KAALA_WITNESS_COMPARATOR_V1,case_43_event_start,JUPITER,total,177.930000000,175.132299618,207.940000000,2.797700382,-30.010000000,2.797700382,30.010000000,fail,fail,local,0.500000000,Jagannatha Hora 8.0 locked visible Kaala Bala table; accessibility_sha256=2F2C6430E5A9DA460DF69361316521E69F200C851532EB1EB12A310D5BD0E573; screenshot_sha256=F48BE9165668C334FF4C81FEAA433ED38A0406A43628C043F28AAA20A9D66D03,PyJHora 4.8.7 Tier B isolated export; Raman ayanamsa; wheel sha256 D8D8014573A38DDEFEDCAE57D3B8D84687CAC2AD31BB5B1DD70D945906A4D54D; event civil timezone; Tokyo reference coordinates; Dig uses _dig_bala(method=2) canonical bounded circular-distance variant because the package default method=1 can exceed 60 virupa
GANN_JHORA_KAALA_WITNESS_COMPARATOR_V1,case_43_event_start,JUPITER,tribhaga,60.000000000,60.000000000,60.000000000,0.000000000,0.000000000,0.000000000,0.000000000,pass,pass,tie,0.500000000,Jagannatha Hora 8.0 locked visible Kaala Bala table; accessibility_sha256=2F2C6430E5A9DA460DF69361316521E69F200C851532EB1EB12A310D5BD0E573; screenshot_sha256=F48BE9165668C334FF4C81FEAA433ED38A0406A43628C043F28AAA20A9D66D03,PyJHora 4.8.7 Tier B isolated export; Raman ayanamsa; wheel sha256 D8D8014573A38DDEFEDCAE57D3B8D84687CAC2AD31BB5B1DD70D945906A4D54D; event civil timezone; Tokyo reference coordinates; Dig uses _dig_bala(method=2) canonical bounded circular-distance variant because the package default method=1 can exceed 60 virupa
GANN_JHORA_KAALA_WITNESS_COMPARATOR_V1,case_43_event_start,JUPITER,vara,0.000000000,0.000000000,0.000000000,0.000000000,0.000000000,0.000000000,0.000000000,pass,pass,tie,0.500000000,Jagannatha Hora 8.0 locked visible Kaala Bala table; accessibility_sha256=2F2C6430E5A9DA460DF69361316521E69F200C851532EB1EB12A310D5BD0E573; screenshot_sha256=F48BE9165668C334FF4C81FEAA433ED38A0406A43628C043F28AAA20A9D66D03,PyJHora 4.8.7 Tier B isolated export; Raman ayanamsa; wheel sha256 D8D8014573A38DDEFEDCAE57D3B8D84687CAC2AD31BB5B1DD70D945906A4D54D; event civil timezone; Tokyo reference coordinates; Dig uses _dig_bala(method=2) canonical bounded circular-distance variant because the package default method=1 can exceed 60 virupa
GANN_JHORA_KAALA_WITNESS_COMPARATOR_V1,case_43_event_start,JUPITER,yuddha,0.000000000,0.000000000,0.000000000,0.000000000,0.000000000,0.000000000,0.000000000,pass,pass,tie,0.500000000,Jagannatha Hora 8.0 locked visible Kaala Bala table; accessibility_sha256=2F2C6430E5A9DA460DF69361316521E69F200C851532EB1EB12A310D5BD0E573; screenshot_sha256=F48BE9165668C334FF4C81FEAA433ED38A0406A43628C043F28AAA20A9D66D03,PyJHora 4.8.7 Tier B isolated export; Raman ayanamsa; wheel sha256 D8D8014573A38DDEFEDCAE57D3B8D84687CAC2AD31BB5B1DD70D945906A4D54D; event civil timezone; Tokyo reference coordinates; Dig uses _dig_bala(method=2) canonical bounded circular-distance variant because the package default method=1 can exceed 60 virupa
GANN_JHORA_KAALA_WITNESS_COMPARATOR_V1,case_43_event_start,MARS,abda,0.000000000,0.000000000,0.000000000,0.000000000,0.000000000,0.000000000,0.000000000,pass,pass,tie,0.500000000,Jagannatha Hora 8.0 locked visible Kaala Bala table; accessibility_sha256=2F2C6430E5A9DA460DF69361316521E69F200C851532EB1EB12A310D5BD0E573; screenshot_sha256=F48BE9165668C334FF4C81FEAA433ED38A0406A43628C043F28AAA20A9D66D03,PyJHora 4.8.7 Tier B isolated export; Raman ayanamsa; wheel sha256 D8D8014573A38DDEFEDCAE57D3B8D84687CAC2AD31BB5B1DD70D945906A4D54D; event civil timezone; Tokyo reference coordinates; Dig uses _dig_bala(method=2) canonical bounded circular-distance variant because the package default method=1 can exceed 60 virupa
GANN_JHORA_KAALA_WITNESS_COMPARATOR_V1,case_43_event_start,MARS,ayana,56.870000000,60.395799171,57.150000000,-3.525799171,-0.280000000,3.525799171,0.280000000,fail,pass,pyjhora,0.500000000,Jagannatha Hora 8.0 locked visible Kaala Bala table; accessibility_sha256=2F2C6430E5A9DA460DF69361316521E69F200C851532EB1EB12A310D5BD0E573; screenshot_sha256=F48BE9165668C334FF4C81FEAA433ED38A0406A43628C043F28AAA20A9D66D03,PyJHora 4.8.7 Tier B isolated export; Raman ayanamsa; wheel sha256 D8D8014573A38DDEFEDCAE57D3B8D84687CAC2AD31BB5B1DD70D945906A4D54D; event civil timezone; Tokyo reference coordinates; Dig uses _dig_bala(method=2) canonical bounded circular-distance variant because the package default method=1 can exceed 60 virupa
GANN_JHORA_KAALA_WITNESS_COMPARATOR_V1,case_43_event_start,MARS,hora,0.000000000,0.000000000,0.000000000,0.000000000,0.000000000,0.000000000,0.000000000,pass,pass,tie,0.500000000,Jagannatha Hora 8.0 locked visible Kaala Bala table; accessibility_sha256=2F2C6430E5A9DA460DF69361316521E69F200C851532EB1EB12A310D5BD0E573; screenshot_sha256=F48BE9165668C334FF4C81FEAA433ED38A0406A43628C043F28AAA20A9D66D03,PyJHora 4.8.7 Tier B isolated export; Raman ayanamsa; wheel sha256 D8D8014573A38DDEFEDCAE57D3B8D84687CAC2AD31BB5B1DD70D945906A4D54D; event civil timezone; Tokyo reference coordinates; Dig uses _dig_bala(method=2) canonical bounded circular-distance variant because the package default method=1 can exceed 60 virupa
GANN_JHORA_KAALA_WITNESS_COMPARATOR_V1,case_43_event_start,MARS,masa,0.000000000,0.000000000,0.000000000,0.000000000,0.000000000,0.000000000,0.000000000,pass,pass,tie,0.500000000,Jagannatha Hora 8.0 locked visible Kaala Bala table; accessibility_sha256=2F2C6430E5A9DA460DF69361316521E69F200C851532EB1EB12A310D5BD0E573; screenshot_sha256=F48BE9165668C334FF4C81FEAA433ED38A0406A43628C043F28AAA20A9D66D03,PyJHora 4.8.7 Tier B isolated export; Raman ayanamsa; wheel sha256 D8D8014573A38DDEFEDCAE57D3B8D84687CAC2AD31BB5B1DD70D945906A4D54D; event civil timezone; Tokyo reference coordinates; Dig uses _dig_bala(method=2) canonical bounded circular-distance variant because the package default method=1 can exceed 60 virupa
GANN_JHORA_KAALA_WITNESS_COMPARATOR_V1,case_43_event_start,MARS,nathonnatha,25.970000000,28.449900000,66.310000000,-2.479900000,-40.340000000,2.479900000,40.340000000,fail,fail,local,0.500000000,Jagannatha Hora 8.0 locked visible Kaala Bala table; accessibility_sha256=2F2C6430E5A9DA460DF69361316521E69F200C851532EB1EB12A310D5BD0E573; screenshot_sha256=F48BE9165668C334FF4C81FEAA433ED38A0406A43628C043F28AAA20A9D66D03,PyJHora 4.8.7 Tier B isolated export; Raman ayanamsa; wheel sha256 D8D8014573A38DDEFEDCAE57D3B8D84687CAC2AD31BB5B1DD70D945906A4D54D; event civil timezone; Tokyo reference coordinates; Dig uses _dig_bala(method=2) canonical bounded circular-distance variant because the package default method=1 can exceed 60 virupa
GANN_JHORA_KAALA_WITNESS_COMPARATOR_V1,case_43_event_start,MARS,paksha,35.140000000,35.136874373,-35.140000000,0.003125627,70.280000000,0.003125627,70.280000000,pass,fail,local,0.500000000,Jagannatha Hora 8.0 locked visible Kaala Bala table; accessibility_sha256=2F2C6430E5A9DA460DF69361316521E69F200C851532EB1EB12A310D5BD0E573; screenshot_sha256=F48BE9165668C334FF4C81FEAA433ED38A0406A43628C043F28AAA20A9D66D03,PyJHora 4.8.7 Tier B isolated export; Raman ayanamsa; wheel sha256 D8D8014573A38DDEFEDCAE57D3B8D84687CAC2AD31BB5B1DD70D945906A4D54D; event civil timezone; Tokyo reference coordinates; Dig uses _dig_bala(method=2) canonical bounded circular-distance variant because the package default method=1 can exceed 60 virupa
GANN_JHORA_KAALA_WITNESS_COMPARATOR_V1,case_43_event_start,MARS,total,117.990000000,123.982573543,88.320000000,-5.992573543,29.670000000,5.992573543,29.670000000,fail,fail,local,0.500000000,Jagannatha Hora 8.0 locked visible Kaala Bala table; accessibility_sha256=2F2C6430E5A9DA460DF69361316521E69F200C851532EB1EB12A310D5BD0E573; screenshot_sha256=F48BE9165668C334FF4C81FEAA433ED38A0406A43628C043F28AAA20A9D66D03,PyJHora 4.8.7 Tier B isolated export; Raman ayanamsa; wheel sha256 D8D8014573A38DDEFEDCAE57D3B8D84687CAC2AD31BB5B1DD70D945906A4D54D; event civil timezone; Tokyo reference coordinates; Dig uses _dig_bala(method=2) canonical bounded circular-distance variant because the package default method=1 can exceed 60 virupa
GANN_JHORA_KAALA_WITNESS_COMPARATOR_V1,case_43_event_start,MARS,tribhaga,0.000000000,0.000000000,0.000000000,0.000000000,0.000000000,0.000000000,0.000000000,pass,pass,tie,0.500000000,Jagannatha Hora 8.0 locked visible Kaala Bala table; accessibility_sha256=2F2C6430E5A9DA460DF69361316521E69F200C851532EB1EB12A310D5BD0E573; screenshot_sha256=F48BE9165668C334FF4C81FEAA433ED38A0406A43628C043F28AAA20A9D66D03,PyJHora 4.8.7 Tier B isolated export; Raman ayanamsa; wheel sha256 D8D8014573A38DDEFEDCAE57D3B8D84687CAC2AD31BB5B1DD70D945906A4D54D; event civil timezone; Tokyo reference coordinates; Dig uses _dig_bala(method=2) canonical bounded circular-distance variant because the package default method=1 can exceed 60 virupa
GANN_JHORA_KAALA_WITNESS_COMPARATOR_V1,case_43_event_start,MARS,vara,0.000000000,0.000000000,0.000000000,0.000000000,0.000000000,0.000000000,0.000000000,pass,pass,tie,0.500000000,Jagannatha Hora 8.0 locked visible Kaala Bala table; accessibility_sha256=2F2C6430E5A9DA460DF69361316521E69F200C851532EB1EB12A310D5BD0E573; screenshot_sha256=F48BE9165668C334FF4C81FEAA433ED38A0406A43628C043F28AAA20A9D66D03,PyJHora 4.8.7 Tier B isolated export; Raman ayanamsa; wheel sha256 D8D8014573A38DDEFEDCAE57D3B8D84687CAC2AD31BB5B1DD70D945906A4D54D; event civil timezone; Tokyo reference coordinates; Dig uses _dig_bala(method=2) canonical bounded circular-distance variant because the package default method=1 can exceed 60 virupa
GANN_JHORA_KAALA_WITNESS_COMPARATOR_V1,case_43_event_start,MARS,yuddha,0.000000000,0.000000000,0.000000000,0.000000000,0.000000000,0.000000000,0.000000000,pass,pass,tie,0.500000000,Jagannatha Hora 8.0 locked visible Kaala Bala table; accessibility_sha256=2F2C6430E5A9DA460DF69361316521E69F200C851532EB1EB12A310D5BD0E573; screenshot_sha256=F48BE9165668C334FF4C81FEAA433ED38A0406A43628C043F28AAA20A9D66D03,PyJHora 4.8.7 Tier B isolated export; Raman ayanamsa; wheel sha256 D8D8014573A38DDEFEDCAE57D3B8D84687CAC2AD31BB5B1DD70D945906A4D54D; event civil timezone; Tokyo reference coordinates; Dig uses _dig_bala(method=2) canonical bounded circular-distance variant because the package default method=1 can exceed 60 virupa
GANN_JHORA_KAALA_WITNESS_COMPARATOR_V1,case_43_event_start,MERCURY,abda,0.000000000,0.000000000,0.000000000,0.000000000,0.000000000,0.000000000,0.000000000,pass,pass,tie,0.500000000,Jagannatha Hora 8.0 locked visible Kaala Bala table; accessibility_sha256=2F2C6430E5A9DA460DF69361316521E69F200C851532EB1EB12A310D5BD0E573; screenshot_sha256=F48BE9165668C334FF4C81FEAA433ED38A0406A43628C043F28AAA20A9D66D03,PyJHora 4.8.7 Tier B isolated export; Raman ayanamsa; wheel sha256 D8D8014573A38DDEFEDCAE57D3B8D84687CAC2AD31BB5B1DD70D945906A4D54D; event civil timezone; Tokyo reference coordinates; Dig uses _dig_bala(method=2) canonical bounded circular-distance variant because the package default method=1 can exceed 60 virupa
GANN_JHORA_KAALA_WITNESS_COMPARATOR_V1,case_43_event_start,MERCURY,ayana,31.180000000,30.313967258,31.300000000,0.866032742,-0.120000000,0.866032742,0.120000000,fail,pass,pyjhora,0.500000000,Jagannatha Hora 8.0 locked visible Kaala Bala table; accessibility_sha256=2F2C6430E5A9DA460DF69361316521E69F200C851532EB1EB12A310D5BD0E573; screenshot_sha256=F48BE9165668C334FF4C81FEAA433ED38A0406A43628C043F28AAA20A9D66D03,PyJHora 4.8.7 Tier B isolated export; Raman ayanamsa; wheel sha256 D8D8014573A38DDEFEDCAE57D3B8D84687CAC2AD31BB5B1DD70D945906A4D54D; event civil timezone; Tokyo reference coordinates; Dig uses _dig_bala(method=2) canonical bounded circular-distance variant because the package default method=1 can exceed 60 virupa
GANN_JHORA_KAALA_WITNESS_COMPARATOR_V1,case_43_event_start,MERCURY,hora,0.000000000,0.000000000,0.000000000,0.000000000,0.000000000,0.000000000,0.000000000,pass,pass,tie,0.500000000,Jagannatha Hora 8.0 locked visible Kaala Bala table; accessibility_sha256=2F2C6430E5A9DA460DF69361316521E69F200C851532EB1EB12A310D5BD0E573; screenshot_sha256=F48BE9165668C334FF4C81FEAA433ED38A0406A43628C043F28AAA20A9D66D03,PyJHora 4.8.7 Tier B isolated export; Raman ayanamsa; wheel sha256 D8D8014573A38DDEFEDCAE57D3B8D84687CAC2AD31BB5B1DD70D945906A4D54D; event civil timezone; Tokyo reference coordinates; Dig uses _dig_bala(method=2) canonical bounded circular-distance variant because the package default method=1 can exceed 60 virupa
GANN_JHORA_KAALA_WITNESS_COMPARATOR_V1,case_43_event_start,MERCURY,masa,0.000000000,0.000000000,0.000000000,0.000000000,0.000000000,0.000000000,0.000000000,pass,pass,tie,0.500000000,Jagannatha Hora 8.0 locked visible Kaala Bala table; accessibility_sha256=2F2C6430E5A9DA460DF69361316521E69F200C851532EB1EB12A310D5BD0E573; screenshot_sha256=F48BE9165668C334FF4C81FEAA433ED38A0406A43628C043F28AAA20A9D66D03,PyJHora 4.8.7 Tier B isolated export; Raman ayanamsa; wheel sha256 D8D8014573A38DDEFEDCAE57D3B8D84687CAC2AD31BB5B1DD70D945906A4D54D; event civil timezone; Tokyo reference coordinates; Dig uses _dig_bala(method=2) canonical bounded circular-distance variant because the package default method=1 can exceed 60 virupa
GANN_JHORA_KAALA_WITNESS_COMPARATOR_V1,case_43_event_start,MERCURY,nathonnatha,60.000000000,60.000000000,60.000000000,0.000000000,0.000000000,0.000000000,0.000000000,pass,pass,tie,0.500000000,Jagannatha Hora 8.0 locked visible Kaala Bala table; accessibility_sha256=2F2C6430E5A9DA460DF69361316521E69F200C851532EB1EB12A310D5BD0E573; screenshot_sha256=F48BE9165668C334FF4C81FEAA433ED38A0406A43628C043F28AAA20A9D66D03,PyJHora 4.8.7 Tier B isolated export; Raman ayanamsa; wheel sha256 D8D8014573A38DDEFEDCAE57D3B8D84687CAC2AD31BB5B1DD70D945906A4D54D; event civil timezone; Tokyo reference coordinates; Dig uses _dig_bala(method=2) canonical bounded circular-distance variant because the package default method=1 can exceed 60 virupa
GANN_JHORA_KAALA_WITNESS_COMPARATOR_V1,case_43_event_start,MERCURY,paksha,35.140000000,35.136874373,-35.140000000,0.003125627,70.280000000,0.003125627,70.280000000,pass,fail,local,0.500000000,Jagannatha Hora 8.0 locked visible Kaala Bala table; accessibility_sha256=2F2C6430E5A9DA460DF69361316521E69F200C851532EB1EB12A310D5BD0E573; screenshot_sha256=F48BE9165668C334FF4C81FEAA433ED38A0406A43628C043F28AAA20A9D66D03,PyJHora 4.8.7 Tier B isolated export; Raman ayanamsa; wheel sha256 D8D8014573A38DDEFEDCAE57D3B8D84687CAC2AD31BB5B1DD70D945906A4D54D; event civil timezone; Tokyo reference coordinates; Dig uses _dig_bala(method=2) canonical bounded circular-distance variant because the package default method=1 can exceed 60 virupa
GANN_JHORA_KAALA_WITNESS_COMPARATOR_V1,case_43_event_start,MERCURY,total,186.320000000,185.450841630,111.880000000,0.869158370,74.440000000,0.869158370,74.440000000,fail,fail,local,0.500000000,Jagannatha Hora 8.0 locked visible Kaala Bala table; accessibility_sha256=2F2C6430E5A9DA460DF69361316521E69F200C851532EB1EB12A310D5BD0E573; screenshot_sha256=F48BE9165668C334FF4C81FEAA433ED38A0406A43628C043F28AAA20A9D66D03,PyJHora 4.8.7 Tier B isolated export; Raman ayanamsa; wheel sha256 D8D8014573A38DDEFEDCAE57D3B8D84687CAC2AD31BB5B1DD70D945906A4D54D; event civil timezone; Tokyo reference coordinates; Dig uses _dig_bala(method=2) canonical bounded circular-distance variant because the package default method=1 can exceed 60 virupa
GANN_JHORA_KAALA_WITNESS_COMPARATOR_V1,case_43_event_start,MERCURY,tribhaga,60.000000000,60.000000000,60.000000000,0.000000000,0.000000000,0.000000000,0.000000000,pass,pass,tie,0.500000000,Jagannatha Hora 8.0 locked visible Kaala Bala table; accessibility_sha256=2F2C6430E5A9DA460DF69361316521E69F200C851532EB1EB12A310D5BD0E573; screenshot_sha256=F48BE9165668C334FF4C81FEAA433ED38A0406A43628C043F28AAA20A9D66D03,PyJHora 4.8.7 Tier B isolated export; Raman ayanamsa; wheel sha256 D8D8014573A38DDEFEDCAE57D3B8D84687CAC2AD31BB5B1DD70D945906A4D54D; event civil timezone; Tokyo reference coordinates; Dig uses _dig_bala(method=2) canonical bounded circular-distance variant because the package default method=1 can exceed 60 virupa
GANN_JHORA_KAALA_WITNESS_COMPARATOR_V1,case_43_event_start,MERCURY,vara,0.000000000,0.000000000,0.000000000,0.000000000,0.000000000,0.000000000,0.000000000,pass,pass,tie,0.500000000,Jagannatha Hora 8.0 locked visible Kaala Bala table; accessibility_sha256=2F2C6430E5A9DA460DF69361316521E69F200C851532EB1EB12A310D5BD0E573; screenshot_sha256=F48BE9165668C334FF4C81FEAA433ED38A0406A43628C043F28AAA20A9D66D03,PyJHora 4.8.7 Tier B isolated export; Raman ayanamsa; wheel sha256 D8D8014573A38DDEFEDCAE57D3B8D84687CAC2AD31BB5B1DD70D945906A4D54D; event civil timezone; Tokyo reference coordinates; Dig uses _dig_bala(method=2) canonical bounded circular-distance variant because the package default method=1 can exceed 60 virupa
GANN_JHORA_KAALA_WITNESS_COMPARATOR_V1,case_43_event_start,MERCURY,yuddha,0.000000000,0.000000000,-4.280000000,0.000000000,4.280000000,0.000000000,4.280000000,pass,fail,local,0.500000000,Jagannatha Hora 8.0 locked visible Kaala Bala table; accessibility_sha256=2F2C6430E5A9DA460DF69361316521E69F200C851532EB1EB12A310D5BD0E573; screenshot_sha256=F48BE9165668C334FF4C81FEAA433ED38A0406A43628C043F28AAA20A9D66D03,PyJHora 4.8.7 Tier B isolated export; Raman ayanamsa; wheel sha256 D8D8014573A38DDEFEDCAE57D3B8D84687CAC2AD31BB5B1DD70D945906A4D54D; event civil timezone; Tokyo reference coordinates; Dig uses _dig_bala(method=2) canonical bounded circular-distance variant because the package default method=1 can exceed 60 virupa
GANN_JHORA_KAALA_WITNESS_COMPARATOR_V1,case_43_event_start,MOON,abda,15.000000000,15.000000000,15.000000000,0.000000000,0.000000000,0.000000000,0.000000000,pass,pass,tie,0.500000000,Jagannatha Hora 8.0 locked visible Kaala Bala table; accessibility_sha256=2F2C6430E5A9DA460DF69361316521E69F200C851532EB1EB12A310D5BD0E573; screenshot_sha256=F48BE9165668C334FF4C81FEAA433ED38A0406A43628C043F28AAA20A9D66D03,PyJHora 4.8.7 Tier B isolated export; Raman ayanamsa; wheel sha256 D8D8014573A38DDEFEDCAE57D3B8D84687CAC2AD31BB5B1DD70D945906A4D54D; event civil timezone; Tokyo reference coordinates; Dig uses _dig_bala(method=2) canonical bounded circular-distance variant because the package default method=1 can exceed 60 virupa
GANN_JHORA_KAALA_WITNESS_COMPARATOR_V1,case_43_event_start,MOON,ayana,0.060000000,0.000000000,0.010000000,0.060000000,0.050000000,0.060000000,0.050000000,pass,pass,pyjhora,0.500000000,Jagannatha Hora 8.0 locked visible Kaala Bala table; accessibility_sha256=2F2C6430E5A9DA460DF69361316521E69F200C851532EB1EB12A310D5BD0E573; screenshot_sha256=F48BE9165668C334FF4C81FEAA433ED38A0406A43628C043F28AAA20A9D66D03,PyJHora 4.8.7 Tier B isolated export; Raman ayanamsa; wheel sha256 D8D8014573A38DDEFEDCAE57D3B8D84687CAC2AD31BB5B1DD70D945906A4D54D; event civil timezone; Tokyo reference coordinates; Dig uses _dig_bala(method=2) canonical bounded circular-distance variant because the package default method=1 can exceed 60 virupa
GANN_JHORA_KAALA_WITNESS_COMPARATOR_V1,case_43_event_start,MOON,hora,0.000000000,0.000000000,60.000000000,0.000000000,-60.000000000,0.000000000,60.000000000,pass,fail,local,0.500000000,Jagannatha Hora 8.0 locked visible Kaala Bala table; accessibility_sha256=2F2C6430E5A9DA460DF69361316521E69F200C851532EB1EB12A310D5BD0E573; screenshot_sha256=F48BE9165668C334FF4C81FEAA433ED38A0406A43628C043F28AAA20A9D66D03,PyJHora 4.8.7 Tier B isolated export; Raman ayanamsa; wheel sha256 D8D8014573A38DDEFEDCAE57D3B8D84687CAC2AD31BB5B1DD70D945906A4D54D; event civil timezone; Tokyo reference coordinates; Dig uses _dig_bala(method=2) canonical bounded circular-distance variant because the package default method=1 can exceed 60 virupa
GANN_JHORA_KAALA_WITNESS_COMPARATOR_V1,case_43_event_start,MOON,masa,0.000000000,0.000000000,0.000000000,0.000000000,0.000000000,0.000000000,0.000000000,pass,pass,tie,0.500000000,Jagannatha Hora 8.0 locked visible Kaala Bala table; accessibility_sha256=2F2C6430E5A9DA460DF69361316521E69F200C851532EB1EB12A310D5BD0E573; screenshot_sha256=F48BE9165668C334FF4C81FEAA433ED38A0406A43628C043F28AAA20A9D66D03,PyJHora 4.8.7 Tier B isolated export; Raman ayanamsa; wheel sha256 D8D8014573A38DDEFEDCAE57D3B8D84687CAC2AD31BB5B1DD70D945906A4D54D; event civil timezone; Tokyo reference coordinates; Dig uses _dig_bala(method=2) canonical bounded circular-distance variant because the package default method=1 can exceed 60 virupa
GANN_JHORA_KAALA_WITNESS_COMPARATOR_V1,case_43_event_start,MOON,nathonnatha,25.970000000,28.449900000,66.310000000,-2.479900000,-40.340000000,2.479900000,40.340000000,fail,fail,local,0.500000000,Jagannatha Hora 8.0 locked visible Kaala Bala table; accessibility_sha256=2F2C6430E5A9DA460DF69361316521E69F200C851532EB1EB12A310D5BD0E573; screenshot_sha256=F48BE9165668C334FF4C81FEAA433ED38A0406A43628C043F28AAA20A9D66D03,PyJHora 4.8.7 Tier B isolated export; Raman ayanamsa; wheel sha256 D8D8014573A38DDEFEDCAE57D3B8D84687CAC2AD31BB5B1DD70D945906A4D54D; event civil timezone; Tokyo reference coordinates; Dig uses _dig_bala(method=2) canonical bounded circular-distance variant because the package default method=1 can exceed 60 virupa
GANN_JHORA_KAALA_WITNESS_COMPARATOR_V1,case_43_event_start,MOON,paksha,70.270000000,70.273748745,190.280000000,-0.003748745,-120.010000000,0.003748745,120.010000000,pass,fail,local,0.500000000,Jagannatha Hora 8.0 locked visible Kaala Bala table; accessibility_sha256=2F2C6430E5A9DA460DF69361316521E69F200C851532EB1EB12A310D5BD0E573; screenshot_sha256=F48BE9165668C334FF4C81FEAA433ED38A0406A43628C043F28AAA20A9D66D03,PyJHora 4.8.7 Tier B isolated export; Raman ayanamsa; wheel sha256 D8D8014573A38DDEFEDCAE57D3B8D84687CAC2AD31BB5B1DD70D945906A4D54D; event civil timezone; Tokyo reference coordinates; Dig uses _dig_bala(method=2) canonical bounded circular-distance variant because the package default method=1 can exceed 60 virupa
GANN_JHORA_KAALA_WITNESS_COMPARATOR_V1,case_43_event_start,MOON,total,111.310000000,113.723648745,331.600000000,-2.413648745,-220.290000000,2.413648745,220.290000000,fail,fail,local,0.500000000,Jagannatha Hora 8.0 locked visible Kaala Bala table; accessibility_sha256=2F2C6430E5A9DA460DF69361316521E69F200C851532EB1EB12A310D5BD0E573; screenshot_sha256=F48BE9165668C334FF4C81FEAA433ED38A0406A43628C043F28AAA20A9D66D03,PyJHora 4.8.7 Tier B isolated export; Raman ayanamsa; wheel sha256 D8D8014573A38DDEFEDCAE57D3B8D84687CAC2AD31BB5B1DD70D945906A4D54D; event civil timezone; Tokyo reference coordinates; Dig uses _dig_bala(method=2) canonical bounded circular-distance variant because the package default method=1 can exceed 60 virupa
GANN_JHORA_KAALA_WITNESS_COMPARATOR_V1,case_43_event_start,MOON,tribhaga,0.000000000,0.000000000,0.000000000,0.000000000,0.000000000,0.000000000,0.000000000,pass,pass,tie,0.500000000,Jagannatha Hora 8.0 locked visible Kaala Bala table; accessibility_sha256=2F2C6430E5A9DA460DF69361316521E69F200C851532EB1EB12A310D5BD0E573; screenshot_sha256=F48BE9165668C334FF4C81FEAA433ED38A0406A43628C043F28AAA20A9D66D03,PyJHora 4.8.7 Tier B isolated export; Raman ayanamsa; wheel sha256 D8D8014573A38DDEFEDCAE57D3B8D84687CAC2AD31BB5B1DD70D945906A4D54D; event civil timezone; Tokyo reference coordinates; Dig uses _dig_bala(method=2) canonical bounded circular-distance variant because the package default method=1 can exceed 60 virupa
GANN_JHORA_KAALA_WITNESS_COMPARATOR_V1,case_43_event_start,MOON,vara,0.000000000,0.000000000,0.000000000,0.000000000,0.000000000,0.000000000,0.000000000,pass,pass,tie,0.500000000,Jagannatha Hora 8.0 locked visible Kaala Bala table; accessibility_sha256=2F2C6430E5A9DA460DF69361316521E69F200C851532EB1EB12A310D5BD0E573; screenshot_sha256=F48BE9165668C334FF4C81FEAA433ED38A0406A43628C043F28AAA20A9D66D03,PyJHora 4.8.7 Tier B isolated export; Raman ayanamsa; wheel sha256 D8D8014573A38DDEFEDCAE57D3B8D84687CAC2AD31BB5B1DD70D945906A4D54D; event civil timezone; Tokyo reference coordinates; Dig uses _dig_bala(method=2) canonical bounded circular-distance variant because the package default method=1 can exceed 60 virupa
GANN_JHORA_KAALA_WITNESS_COMPARATOR_V1,case_43_event_start,MOON,yuddha,0.000000000,0.000000000,0.000000000,0.000000000,0.000000000,0.000000000,0.000000000,pass,pass,tie,0.500000000,Jagannatha Hora 8.0 locked visible Kaala Bala table; accessibility_sha256=2F2C6430E5A9DA460DF69361316521E69F200C851532EB1EB12A310D5BD0E573; screenshot_sha256=F48BE9165668C334FF4C81FEAA433ED38A0406A43628C043F28AAA20A9D66D03,PyJHora 4.8.7 Tier B isolated export; Raman ayanamsa; wheel sha256 D8D8014573A38DDEFEDCAE57D3B8D84687CAC2AD31BB5B1DD70D945906A4D54D; event civil timezone; Tokyo reference coordinates; Dig uses _dig_bala(method=2) canonical bounded circular-distance variant because the package default method=1 can exceed 60 virupa
GANN_JHORA_KAALA_WITNESS_COMPARATOR_V1,case_43_event_start,SATURN,abda,0.000000000,0.000000000,0.000000000,0.000000000,0.000000000,0.000000000,0.000000000,pass,pass,tie,0.500000000,Jagannatha Hora 8.0 locked visible Kaala Bala table; accessibility_sha256=2F2C6430E5A9DA460DF69361316521E69F200C851532EB1EB12A310D5BD0E573; screenshot_sha256=F48BE9165668C334FF4C81FEAA433ED38A0406A43628C043F28AAA20A9D66D03,PyJHora 4.8.7 Tier B isolated export; Raman ayanamsa; wheel sha256 D8D8014573A38DDEFEDCAE57D3B8D84687CAC2AD31BB5B1DD70D945906A4D54D; event civil timezone; Tokyo reference coordinates; Dig uses _dig_bala(method=2) canonical bounded circular-distance variant because the package default method=1 can exceed 60 virupa
GANN_JHORA_KAALA_WITNESS_COMPARATOR_V1,case_43_event_start,SATURN,ayana,32.480000000,34.905166849,32.610000000,-2.425166849,-0.130000000,2.425166849,0.130000000,fail,pass,pyjhora,0.500000000,Jagannatha Hora 8.0 locked visible Kaala Bala table; accessibility_sha256=2F2C6430E5A9DA460DF69361316521E69F200C851532EB1EB12A310D5BD0E573; screenshot_sha256=F48BE9165668C334FF4C81FEAA433ED38A0406A43628C043F28AAA20A9D66D03,PyJHora 4.8.7 Tier B isolated export; Raman ayanamsa; wheel sha256 D8D8014573A38DDEFEDCAE57D3B8D84687CAC2AD31BB5B1DD70D945906A4D54D; event civil timezone; Tokyo reference coordinates; Dig uses _dig_bala(method=2) canonical bounded circular-distance variant because the package default method=1 can exceed 60 virupa
GANN_JHORA_KAALA_WITNESS_COMPARATOR_V1,case_43_event_start,SATURN,hora,0.000000000,0.000000000,0.000000000,0.000000000,0.000000000,0.000000000,0.000000000,pass,pass,tie,0.500000000,Jagannatha Hora 8.0 locked visible Kaala Bala table; accessibility_sha256=2F2C6430E5A9DA460DF69361316521E69F200C851532EB1EB12A310D5BD0E573; screenshot_sha256=F48BE9165668C334FF4C81FEAA433ED38A0406A43628C043F28AAA20A9D66D03,PyJHora 4.8.7 Tier B isolated export; Raman ayanamsa; wheel sha256 D8D8014573A38DDEFEDCAE57D3B8D84687CAC2AD31BB5B1DD70D945906A4D54D; event civil timezone; Tokyo reference coordinates; Dig uses _dig_bala(method=2) canonical bounded circular-distance variant because the package default method=1 can exceed 60 virupa
GANN_JHORA_KAALA_WITNESS_COMPARATOR_V1,case_43_event_start,SATURN,masa,0.000000000,0.000000000,0.000000000,0.000000000,0.000000000,0.000000000,0.000000000,pass,pass,tie,0.500000000,Jagannatha Hora 8.0 locked visible Kaala Bala table; accessibility_sha256=2F2C6430E5A9DA460DF69361316521E69F200C851532EB1EB12A310D5BD0E573; screenshot_sha256=F48BE9165668C334FF4C81FEAA433ED38A0406A43628C043F28AAA20A9D66D03,PyJHora 4.8.7 Tier B isolated export; Raman ayanamsa; wheel sha256 D8D8014573A38DDEFEDCAE57D3B8D84687CAC2AD31BB5B1DD70D945906A4D54D; event civil timezone; Tokyo reference coordinates; Dig uses _dig_bala(method=2) canonical bounded circular-distance variant because the package default method=1 can exceed 60 virupa
GANN_JHORA_KAALA_WITNESS_COMPARATOR_V1,case_43_event_start,SATURN,nathonnatha,25.970000000,28.449900000,66.310000000,-2.479900000,-40.340000000,2.479900000,40.340000000,fail,fail,local,0.500000000,Jagannatha Hora 8.0 locked visible Kaala Bala table; accessibility_sha256=2F2C6430E5A9DA460DF69361316521E69F200C851532EB1EB12A310D5BD0E573; screenshot_sha256=F48BE9165668C334FF4C81FEAA433ED38A0406A43628C043F28AAA20A9D66D03,PyJHora 4.8.7 Tier B isolated export; Raman ayanamsa; wheel sha256 D8D8014573A38DDEFEDCAE57D3B8D84687CAC2AD31BB5B1DD70D945906A4D54D; event civil timezone; Tokyo reference coordinates; Dig uses _dig_bala(method=2) canonical bounded circular-distance variant because the package default method=1 can exceed 60 virupa
GANN_JHORA_KAALA_WITNESS_COMPARATOR_V1,case_43_event_start,SATURN,paksha,35.140000000,35.136874373,-35.140000000,0.003125627,70.280000000,0.003125627,70.280000000,pass,fail,local,0.500000000,Jagannatha Hora 8.0 locked visible Kaala Bala table; accessibility_sha256=2F2C6430E5A9DA460DF69361316521E69F200C851532EB1EB12A310D5BD0E573; screenshot_sha256=F48BE9165668C334FF4C81FEAA433ED38A0406A43628C043F28AAA20A9D66D03,PyJHora 4.8.7 Tier B isolated export; Raman ayanamsa; wheel sha256 D8D8014573A38DDEFEDCAE57D3B8D84687CAC2AD31BB5B1DD70D945906A4D54D; event civil timezone; Tokyo reference coordinates; Dig uses _dig_bala(method=2) canonical bounded circular-distance variant because the package default method=1 can exceed 60 virupa
GANN_JHORA_KAALA_WITNESS_COMPARATOR_V1,case_43_event_start,SATURN,total,93.590000000,98.491941222,63.780000000,-4.901941222,29.810000000,4.901941222,29.810000000,fail,fail,local,0.500000000,Jagannatha Hora 8.0 locked visible Kaala Bala table; accessibility_sha256=2F2C6430E5A9DA460DF69361316521E69F200C851532EB1EB12A310D5BD0E573; screenshot_sha256=F48BE9165668C334FF4C81FEAA433ED38A0406A43628C043F28AAA20A9D66D03,PyJHora 4.8.7 Tier B isolated export; Raman ayanamsa; wheel sha256 D8D8014573A38DDEFEDCAE57D3B8D84687CAC2AD31BB5B1DD70D945906A4D54D; event civil timezone; Tokyo reference coordinates; Dig uses _dig_bala(method=2) canonical bounded circular-distance variant because the package default method=1 can exceed 60 virupa
GANN_JHORA_KAALA_WITNESS_COMPARATOR_V1,case_43_event_start,SATURN,tribhaga,0.000000000,0.000000000,0.000000000,0.000000000,0.000000000,0.000000000,0.000000000,pass,pass,tie,0.500000000,Jagannatha Hora 8.0 locked visible Kaala Bala table; accessibility_sha256=2F2C6430E5A9DA460DF69361316521E69F200C851532EB1EB12A310D5BD0E573; screenshot_sha256=F48BE9165668C334FF4C81FEAA433ED38A0406A43628C043F28AAA20A9D66D03,PyJHora 4.8.7 Tier B isolated export; Raman ayanamsa; wheel sha256 D8D8014573A38DDEFEDCAE57D3B8D84687CAC2AD31BB5B1DD70D945906A4D54D; event civil timezone; Tokyo reference coordinates; Dig uses _dig_bala(method=2) canonical bounded circular-distance variant because the package default method=1 can exceed 60 virupa
GANN_JHORA_KAALA_WITNESS_COMPARATOR_V1,case_43_event_start,SATURN,vara,0.000000000,0.000000000,0.000000000,0.000000000,0.000000000,0.000000000,0.000000000,pass,pass,tie,0.500000000,Jagannatha Hora 8.0 locked visible Kaala Bala table; accessibility_sha256=2F2C6430E5A9DA460DF69361316521E69F200C851532EB1EB12A310D5BD0E573; screenshot_sha256=F48BE9165668C334FF4C81FEAA433ED38A0406A43628C043F28AAA20A9D66D03,PyJHora 4.8.7 Tier B isolated export; Raman ayanamsa; wheel sha256 D8D8014573A38DDEFEDCAE57D3B8D84687CAC2AD31BB5B1DD70D945906A4D54D; event civil timezone; Tokyo reference coordinates; Dig uses _dig_bala(method=2) canonical bounded circular-distance variant because the package default method=1 can exceed 60 virupa
GANN_JHORA_KAALA_WITNESS_COMPARATOR_V1,case_43_event_start,SATURN,yuddha,0.000000000,0.000000000,0.000000000,0.000000000,0.000000000,0.000000000,0.000000000,pass,pass,tie,0.500000000,Jagannatha Hora 8.0 locked visible Kaala Bala table; accessibility_sha256=2F2C6430E5A9DA460DF69361316521E69F200C851532EB1EB12A310D5BD0E573; screenshot_sha256=F48BE9165668C334FF4C81FEAA433ED38A0406A43628C043F28AAA20A9D66D03,PyJHora 4.8.7 Tier B isolated export; Raman ayanamsa; wheel sha256 D8D8014573A38DDEFEDCAE57D3B8D84687CAC2AD31BB5B1DD70D945906A4D54D; event civil timezone; Tokyo reference coordinates; Dig uses _dig_bala(method=2) canonical bounded circular-distance variant because the package default method=1 can exceed 60 virupa
GANN_JHORA_KAALA_WITNESS_COMPARATOR_V1,case_43_event_start,SUN,abda,0.000000000,0.000000000,0.000000000,0.000000000,0.000000000,0.000000000,0.000000000,pass,pass,tie,0.500000000,Jagannatha Hora 8.0 locked visible Kaala Bala table; accessibility_sha256=2F2C6430E5A9DA460DF69361316521E69F200C851532EB1EB12A310D5BD0E573; screenshot_sha256=F48BE9165668C334FF4C81FEAA433ED38A0406A43628C043F28AAA20A9D66D03,PyJHora 4.8.7 Tier B isolated export; Raman ayanamsa; wheel sha256 D8D8014573A38DDEFEDCAE57D3B8D84687CAC2AD31BB5B1DD70D945906A4D54D; event civil timezone; Tokyo reference coordinates; Dig uses _dig_bala(method=2) canonical bounded circular-distance variant because the package default method=1 can exceed 60 virupa
GANN_JHORA_KAALA_WITNESS_COMPARATOR_V1,case_43_event_start,SUN,ayana,74.670000000,74.476989823,45.540000000,0.193010177,29.130000000,0.193010177,29.130000000,pass,fail,local,0.500000000,Jagannatha Hora 8.0 locked visible Kaala Bala table; accessibility_sha256=2F2C6430E5A9DA460DF69361316521E69F200C851532EB1EB12A310D5BD0E573; screenshot_sha256=F48BE9165668C334FF4C81FEAA433ED38A0406A43628C043F28AAA20A9D66D03,PyJHora 4.8.7 Tier B isolated export; Raman ayanamsa; wheel sha256 D8D8014573A38DDEFEDCAE57D3B8D84687CAC2AD31BB5B1DD70D945906A4D54D; event civil timezone; Tokyo reference coordinates; Dig uses _dig_bala(method=2) canonical bounded circular-distance variant because the package default method=1 can exceed 60 virupa
GANN_JHORA_KAALA_WITNESS_COMPARATOR_V1,case_43_event_start,SUN,hora,0.000000000,0.000000000,0.000000000,0.000000000,0.000000000,0.000000000,0.000000000,pass,pass,tie,0.500000000,Jagannatha Hora 8.0 locked visible Kaala Bala table; accessibility_sha256=2F2C6430E5A9DA460DF69361316521E69F200C851532EB1EB12A310D5BD0E573; screenshot_sha256=F48BE9165668C334FF4C81FEAA433ED38A0406A43628C043F28AAA20A9D66D03,PyJHora 4.8.7 Tier B isolated export; Raman ayanamsa; wheel sha256 D8D8014573A38DDEFEDCAE57D3B8D84687CAC2AD31BB5B1DD70D945906A4D54D; event civil timezone; Tokyo reference coordinates; Dig uses _dig_bala(method=2) canonical bounded circular-distance variant because the package default method=1 can exceed 60 virupa
GANN_JHORA_KAALA_WITNESS_COMPARATOR_V1,case_43_event_start,SUN,masa,0.000000000,0.000000000,0.000000000,0.000000000,0.000000000,0.000000000,0.000000000,pass,pass,tie,0.500000000,Jagannatha Hora 8.0 locked visible Kaala Bala table; accessibility_sha256=2F2C6430E5A9DA460DF69361316521E69F200C851532EB1EB12A310D5BD0E573; screenshot_sha256=F48BE9165668C334FF4C81FEAA433ED38A0406A43628C043F28AAA20A9D66D03,PyJHora 4.8.7 Tier B isolated export; Raman ayanamsa; wheel sha256 D8D8014573A38DDEFEDCAE57D3B8D84687CAC2AD31BB5B1DD70D945906A4D54D; event civil timezone; Tokyo reference coordinates; Dig uses _dig_bala(method=2) canonical bounded circular-distance variant because the package default method=1 can exceed 60 virupa
GANN_JHORA_KAALA_WITNESS_COMPARATOR_V1,case_43_event_start,SUN,nathonnatha,34.030000000,31.550100000,-6.310000000,2.479900000,40.340000000,2.479900000,40.340000000,fail,fail,local,0.500000000,Jagannatha Hora 8.0 locked visible Kaala Bala table; accessibility_sha256=2F2C6430E5A9DA460DF69361316521E69F200C851532EB1EB12A310D5BD0E573; screenshot_sha256=F48BE9165668C334FF4C81FEAA433ED38A0406A43628C043F28AAA20A9D66D03,PyJHora 4.8.7 Tier B isolated export; Raman ayanamsa; wheel sha256 D8D8014573A38DDEFEDCAE57D3B8D84687CAC2AD31BB5B1DD70D945906A4D54D; event civil timezone; Tokyo reference coordinates; Dig uses _dig_bala(method=2) canonical bounded circular-distance variant because the package default method=1 can exceed 60 virupa
GANN_JHORA_KAALA_WITNESS_COMPARATOR_V1,case_43_event_start,SUN,paksha,35.140000000,35.136874373,-35.140000000,0.003125627,70.280000000,0.003125627,70.280000000,pass,fail,local,0.500000000,Jagannatha Hora 8.0 locked visible Kaala Bala table; accessibility_sha256=2F2C6430E5A9DA460DF69361316521E69F200C851532EB1EB12A310D5BD0E573; screenshot_sha256=F48BE9165668C334FF4C81FEAA433ED38A0406A43628C043F28AAA20A9D66D03,PyJHora 4.8.7 Tier B isolated export; Raman ayanamsa; wheel sha256 D8D8014573A38DDEFEDCAE57D3B8D84687CAC2AD31BB5B1DD70D945906A4D54D; event civil timezone; Tokyo reference coordinates; Dig uses _dig_bala(method=2) canonical bounded circular-distance variant because the package default method=1 can exceed 60 virupa
GANN_JHORA_KAALA_WITNESS_COMPARATOR_V1,case_43_event_start,SUN,total,143.830000000,141.163964196,4.090000000,2.666035804,139.740000000,2.666035804,139.740000000,fail,fail,local,0.500000000,Jagannatha Hora 8.0 locked visible Kaala Bala table; accessibility_sha256=2F2C6430E5A9DA460DF69361316521E69F200C851532EB1EB12A310D5BD0E573; screenshot_sha256=F48BE9165668C334FF4C81FEAA433ED38A0406A43628C043F28AAA20A9D66D03,PyJHora 4.8.7 Tier B isolated export; Raman ayanamsa; wheel sha256 D8D8014573A38DDEFEDCAE57D3B8D84687CAC2AD31BB5B1DD70D945906A4D54D; event civil timezone; Tokyo reference coordinates; Dig uses _dig_bala(method=2) canonical bounded circular-distance variant because the package default method=1 can exceed 60 virupa
GANN_JHORA_KAALA_WITNESS_COMPARATOR_V1,case_43_event_start,SUN,tribhaga,0.000000000,0.000000000,0.000000000,0.000000000,0.000000000,0.000000000,0.000000000,pass,pass,tie,0.500000000,Jagannatha Hora 8.0 locked visible Kaala Bala table; accessibility_sha256=2F2C6430E5A9DA460DF69361316521E69F200C851532EB1EB12A310D5BD0E573; screenshot_sha256=F48BE9165668C334FF4C81FEAA433ED38A0406A43628C043F28AAA20A9D66D03,PyJHora 4.8.7 Tier B isolated export; Raman ayanamsa; wheel sha256 D8D8014573A38DDEFEDCAE57D3B8D84687CAC2AD31BB5B1DD70D945906A4D54D; event civil timezone; Tokyo reference coordinates; Dig uses _dig_bala(method=2) canonical bounded circular-distance variant because the package default method=1 can exceed 60 virupa
GANN_JHORA_KAALA_WITNESS_COMPARATOR_V1,case_43_event_start,SUN,vara,0.000000000,0.000000000,0.000000000,0.000000000,0.000000000,0.000000000,0.000000000,pass,pass,tie,0.500000000,Jagannatha Hora 8.0 locked visible Kaala Bala table; accessibility_sha256=2F2C6430E5A9DA460DF69361316521E69F200C851532EB1EB12A310D5BD0E573; screenshot_sha256=F48BE9165668C334FF4C81FEAA433ED38A0406A43628C043F28AAA20A9D66D03,PyJHora 4.8.7 Tier B isolated export; Raman ayanamsa; wheel sha256 D8D8014573A38DDEFEDCAE57D3B8D84687CAC2AD31BB5B1DD70D945906A4D54D; event civil timezone; Tokyo reference coordinates; Dig uses _dig_bala(method=2) canonical bounded circular-distance variant because the package default method=1 can exceed 60 virupa
GANN_JHORA_KAALA_WITNESS_COMPARATOR_V1,case_43_event_start,SUN,yuddha,0.000000000,0.000000000,0.000000000,0.000000000,0.000000000,0.000000000,0.000000000,pass,pass,tie,0.500000000,Jagannatha Hora 8.0 locked visible Kaala Bala table; accessibility_sha256=2F2C6430E5A9DA460DF69361316521E69F200C851532EB1EB12A310D5BD0E573; screenshot_sha256=F48BE9165668C334FF4C81FEAA433ED38A0406A43628C043F28AAA20A9D66D03,PyJHora 4.8.7 Tier B isolated export; Raman ayanamsa; wheel sha256 D8D8014573A38DDEFEDCAE57D3B8D84687CAC2AD31BB5B1DD70D945906A4D54D; event civil timezone; Tokyo reference coordinates; Dig uses _dig_bala(method=2) canonical bounded circular-distance variant because the package default method=1 can exceed 60 virupa
GANN_JHORA_KAALA_WITNESS_COMPARATOR_V1,case_43_event_start,VENUS,abda,0.000000000,0.000000000,0.000000000,0.000000000,0.000000000,0.000000000,0.000000000,pass,pass,tie,0.500000000,Jagannatha Hora 8.0 locked visible Kaala Bala table; accessibility_sha256=2F2C6430E5A9DA460DF69361316521E69F200C851532EB1EB12A310D5BD0E573; screenshot_sha256=F48BE9165668C334FF4C81FEAA433ED38A0406A43628C043F28AAA20A9D66D03,PyJHora 4.8.7 Tier B isolated export; Raman ayanamsa; wheel sha256 D8D8014573A38DDEFEDCAE57D3B8D84687CAC2AD31BB5B1DD70D945906A4D54D; event civil timezone; Tokyo reference coordinates; Dig uses _dig_bala(method=2) canonical bounded circular-distance variant because the package default method=1 can exceed 60 virupa
GANN_JHORA_KAALA_WITNESS_COMPARATOR_V1,case_43_event_start,VENUS,ayana,28.270000000,35.963135728,28.140000000,-7.693135728,0.130000000,7.693135728,0.130000000,fail,pass,pyjhora,0.500000000,Jagannatha Hora 8.0 locked visible Kaala Bala table; accessibility_sha256=2F2C6430E5A9DA460DF69361316521E69F200C851532EB1EB12A310D5BD0E573; screenshot_sha256=F48BE9165668C334FF4C81FEAA433ED38A0406A43628C043F28AAA20A9D66D03,PyJHora 4.8.7 Tier B isolated export; Raman ayanamsa; wheel sha256 D8D8014573A38DDEFEDCAE57D3B8D84687CAC2AD31BB5B1DD70D945906A4D54D; event civil timezone; Tokyo reference coordinates; Dig uses _dig_bala(method=2) canonical bounded circular-distance variant because the package default method=1 can exceed 60 virupa
GANN_JHORA_KAALA_WITNESS_COMPARATOR_V1,case_43_event_start,VENUS,hora,60.000000000,60.000000000,0.000000000,0.000000000,60.000000000,0.000000000,60.000000000,pass,fail,local,0.500000000,Jagannatha Hora 8.0 locked visible Kaala Bala table; accessibility_sha256=2F2C6430E5A9DA460DF69361316521E69F200C851532EB1EB12A310D5BD0E573; screenshot_sha256=F48BE9165668C334FF4C81FEAA433ED38A0406A43628C043F28AAA20A9D66D03,PyJHora 4.8.7 Tier B isolated export; Raman ayanamsa; wheel sha256 D8D8014573A38DDEFEDCAE57D3B8D84687CAC2AD31BB5B1DD70D945906A4D54D; event civil timezone; Tokyo reference coordinates; Dig uses _dig_bala(method=2) canonical bounded circular-distance variant because the package default method=1 can exceed 60 virupa
GANN_JHORA_KAALA_WITNESS_COMPARATOR_V1,case_43_event_start,VENUS,masa,30.000000000,30.000000000,30.000000000,0.000000000,0.000000000,0.000000000,0.000000000,pass,pass,tie,0.500000000,Jagannatha Hora 8.0 locked visible Kaala Bala table; accessibility_sha256=2F2C6430E5A9DA460DF69361316521E69F200C851532EB1EB12A310D5BD0E573; screenshot_sha256=F48BE9165668C334FF4C81FEAA433ED38A0406A43628C043F28AAA20A9D66D03,PyJHora 4.8.7 Tier B isolated export; Raman ayanamsa; wheel sha256 D8D8014573A38DDEFEDCAE57D3B8D84687CAC2AD31BB5B1DD70D945906A4D54D; event civil timezone; Tokyo reference coordinates; Dig uses _dig_bala(method=2) canonical bounded circular-distance variant because the package default method=1 can exceed 60 virupa
GANN_JHORA_KAALA_WITNESS_COMPARATOR_V1,case_43_event_start,VENUS,nathonnatha,34.030000000,31.550100000,-6.310000000,2.479900000,40.340000000,2.479900000,40.340000000,fail,fail,local,0.500000000,Jagannatha Hora 8.0 locked visible Kaala Bala table; accessibility_sha256=2F2C6430E5A9DA460DF69361316521E69F200C851532EB1EB12A310D5BD0E573; screenshot_sha256=F48BE9165668C334FF4C81FEAA433ED38A0406A43628C043F28AAA20A9D66D03,PyJHora 4.8.7 Tier B isolated export; Raman ayanamsa; wheel sha256 D8D8014573A38DDEFEDCAE57D3B8D84687CAC2AD31BB5B1DD70D945906A4D54D; event civil timezone; Tokyo reference coordinates; Dig uses _dig_bala(method=2) canonical bounded circular-distance variant because the package default method=1 can exceed 60 virupa
GANN_JHORA_KAALA_WITNESS_COMPARATOR_V1,case_43_event_start,VENUS,paksha,24.860000000,24.863125627,95.140000000,-0.003125627,-70.280000000,0.003125627,70.280000000,pass,fail,local,0.500000000,Jagannatha Hora 8.0 locked visible Kaala Bala table; accessibility_sha256=2F2C6430E5A9DA460DF69361316521E69F200C851532EB1EB12A310D5BD0E573; screenshot_sha256=F48BE9165668C334FF4C81FEAA433ED38A0406A43628C043F28AAA20A9D66D03,PyJHora 4.8.7 Tier B isolated export; Raman ayanamsa; wheel sha256 D8D8014573A38DDEFEDCAE57D3B8D84687CAC2AD31BB5B1DD70D945906A4D54D; event civil timezone; Tokyo reference coordinates; Dig uses _dig_bala(method=2) canonical bounded circular-distance variant because the package default method=1 can exceed 60 virupa
GANN_JHORA_KAALA_WITNESS_COMPARATOR_V1,case_43_event_start,VENUS,total,222.160000000,227.376361356,196.250000000,-5.216361356,25.910000000,5.216361356,25.910000000,fail,fail,local,0.500000000,Jagannatha Hora 8.0 locked visible Kaala Bala table; accessibility_sha256=2F2C6430E5A9DA460DF69361316521E69F200C851532EB1EB12A310D5BD0E573; screenshot_sha256=F48BE9165668C334FF4C81FEAA433ED38A0406A43628C043F28AAA20A9D66D03,PyJHora 4.8.7 Tier B isolated export; Raman ayanamsa; wheel sha256 D8D8014573A38DDEFEDCAE57D3B8D84687CAC2AD31BB5B1DD70D945906A4D54D; event civil timezone; Tokyo reference coordinates; Dig uses _dig_bala(method=2) canonical bounded circular-distance variant because the package default method=1 can exceed 60 virupa
GANN_JHORA_KAALA_WITNESS_COMPARATOR_V1,case_43_event_start,VENUS,tribhaga,0.000000000,0.000000000,0.000000000,0.000000000,0.000000000,0.000000000,0.000000000,pass,pass,tie,0.500000000,Jagannatha Hora 8.0 locked visible Kaala Bala table; accessibility_sha256=2F2C6430E5A9DA460DF69361316521E69F200C851532EB1EB12A310D5BD0E573; screenshot_sha256=F48BE9165668C334FF4C81FEAA433ED38A0406A43628C043F28AAA20A9D66D03,PyJHora 4.8.7 Tier B isolated export; Raman ayanamsa; wheel sha256 D8D8014573A38DDEFEDCAE57D3B8D84687CAC2AD31BB5B1DD70D945906A4D54D; event civil timezone; Tokyo reference coordinates; Dig uses _dig_bala(method=2) canonical bounded circular-distance variant because the package default method=1 can exceed 60 virupa
GANN_JHORA_KAALA_WITNESS_COMPARATOR_V1,case_43_event_start,VENUS,vara,45.000000000,45.000000000,45.000000000,0.000000000,0.000000000,0.000000000,0.000000000,pass,pass,tie,0.500000000,Jagannatha Hora 8.0 locked visible Kaala Bala table; accessibility_sha256=2F2C6430E5A9DA460DF69361316521E69F200C851532EB1EB12A310D5BD0E573; screenshot_sha256=F48BE9165668C334FF4C81FEAA433ED38A0406A43628C043F28AAA20A9D66D03,PyJHora 4.8.7 Tier B isolated export; Raman ayanamsa; wheel sha256 D8D8014573A38DDEFEDCAE57D3B8D84687CAC2AD31BB5B1DD70D945906A4D54D; event civil timezone; Tokyo reference coordinates; Dig uses _dig_bala(method=2) canonical bounded circular-distance variant because the package default method=1 can exceed 60 virupa
GANN_JHORA_KAALA_WITNESS_COMPARATOR_V1,case_43_event_start,VENUS,yuddha,0.000000000,0.000000000,4.280000000,0.000000000,-4.280000000,0.000000000,4.280000000,pass,fail,local,0.500000000,Jagannatha Hora 8.0 locked visible Kaala Bala table; accessibility_sha256=2F2C6430E5A9DA460DF69361316521E69F200C851532EB1EB12A310D5BD0E573; screenshot_sha256=F48BE9165668C334FF4C81FEAA433ED38A0406A43628C043F28AAA20A9D66D03,PyJHora 4.8.7 Tier B isolated export; Raman ayanamsa; wheel sha256 D8D8014573A38DDEFEDCAE57D3B8D84687CAC2AD31BB5B1DD70D945906A4D54D; event civil timezone; Tokyo reference coordinates; Dig uses _dig_bala(method=2) canonical bounded circular-distance variant because the package default method=1 can exceed 60 virupa
GANN_JHORA_KAALA_WITNESS_COMPARATOR_V1,case_8_event_start,JUPITER,abda,0.000000000,0.000000000,0.000000000,0.000000000,0.000000000,0.000000000,0.000000000,pass,pass,tie,0.500000000,Jagannatha Hora 8.0 locked visible Kaala Bala table; accessibility_sha256=209B76E6F26BA23A19F77B8C1F9BC1576E68D9EDADA099E4BC84F17EB9DD0C13; screenshot_sha256=DDB76AF913913F78AF4E55EC51A2B4AE4DB961128A5A438ABE3B52A23215E3DD,PyJHora 4.8.7 Tier B isolated export; Raman ayanamsa; wheel sha256 D8D8014573A38DDEFEDCAE57D3B8D84687CAC2AD31BB5B1DD70D945906A4D54D; event civil timezone; Tokyo reference coordinates; Dig uses _dig_bala(method=2) canonical bounded circular-distance variant because the package default method=1 can exceed 60 virupa
GANN_JHORA_KAALA_WITNESS_COMPARATOR_V1,case_8_event_start,JUPITER,ayana,58.520000000,58.102390302,58.600000000,0.417609698,-0.080000000,0.417609698,0.080000000,pass,pass,pyjhora,0.500000000,Jagannatha Hora 8.0 locked visible Kaala Bala table; accessibility_sha256=209B76E6F26BA23A19F77B8C1F9BC1576E68D9EDADA099E4BC84F17EB9DD0C13; screenshot_sha256=DDB76AF913913F78AF4E55EC51A2B4AE4DB961128A5A438ABE3B52A23215E3DD,PyJHora 4.8.7 Tier B isolated export; Raman ayanamsa; wheel sha256 D8D8014573A38DDEFEDCAE57D3B8D84687CAC2AD31BB5B1DD70D945906A4D54D; event civil timezone; Tokyo reference coordinates; Dig uses _dig_bala(method=2) canonical bounded circular-distance variant because the package default method=1 can exceed 60 virupa
GANN_JHORA_KAALA_WITNESS_COMPARATOR_V1,case_8_event_start,JUPITER,hora,0.000000000,0.000000000,0.000000000,0.000000000,0.000000000,0.000000000,0.000000000,pass,pass,tie,0.500000000,Jagannatha Hora 8.0 locked visible Kaala Bala table; accessibility_sha256=209B76E6F26BA23A19F77B8C1F9BC1576E68D9EDADA099E4BC84F17EB9DD0C13; screenshot_sha256=DDB76AF913913F78AF4E55EC51A2B4AE4DB961128A5A438ABE3B52A23215E3DD,PyJHora 4.8.7 Tier B isolated export; Raman ayanamsa; wheel sha256 D8D8014573A38DDEFEDCAE57D3B8D84687CAC2AD31BB5B1DD70D945906A4D54D; event civil timezone; Tokyo reference coordinates; Dig uses _dig_bala(method=2) canonical bounded circular-distance variant because the package default method=1 can exceed 60 virupa
GANN_JHORA_KAALA_WITNESS_COMPARATOR_V1,case_8_event_start,JUPITER,masa,0.000000000,0.000000000,0.000000000,0.000000000,0.000000000,0.000000000,0.000000000,pass,pass,tie,0.500000000,Jagannatha Hora 8.0 locked visible Kaala Bala table; accessibility_sha256=209B76E6F26BA23A19F77B8C1F9BC1576E68D9EDADA099E4BC84F17EB9DD0C13; screenshot_sha256=DDB76AF913913F78AF4E55EC51A2B4AE4DB961128A5A438ABE3B52A23215E3DD,PyJHora 4.8.7 Tier B isolated export; Raman ayanamsa; wheel sha256 D8D8014573A38DDEFEDCAE57D3B8D84687CAC2AD31BB5B1DD70D945906A4D54D; event civil timezone; Tokyo reference coordinates; Dig uses _dig_bala(method=2) canonical bounded circular-distance variant because the package default method=1 can exceed 60 virupa
GANN_JHORA_KAALA_WITNESS_COMPARATOR_V1,case_8_event_start,JUPITER,nathonnatha,7.900000000,3.449900000,40.650000000,4.450100000,-32.750000000,4.450100000,32.750000000,fail,fail,local,0.500000000,Jagannatha Hora 8.0 locked visible Kaala Bala table; accessibility_sha256=209B76E6F26BA23A19F77B8C1F9BC1576E68D9EDADA099E4BC84F17EB9DD0C13; screenshot_sha256=DDB76AF913913F78AF4E55EC51A2B4AE4DB961128A5A438ABE3B52A23215E3DD,PyJHora 4.8.7 Tier B isolated export; Raman ayanamsa; wheel sha256 D8D8014573A38DDEFEDCAE57D3B8D84687CAC2AD31BB5B1DD70D945906A4D54D; event civil timezone; Tokyo reference coordinates; Dig uses _dig_bala(method=2) canonical bounded circular-distance variant because the package default method=1 can exceed 60 virupa
GANN_JHORA_KAALA_WITNESS_COMPARATOR_V1,case_8_event_start,JUPITER,paksha,33.780000000,33.784299861,86.220000000,-0.004299861,-52.440000000,0.004299861,52.440000000,pass,fail,local,0.500000000,Jagannatha Hora 8.0 locked visible Kaala Bala table; accessibility_sha256=209B76E6F26BA23A19F77B8C1F9BC1576E68D9EDADA099E4BC84F17EB9DD0C13; screenshot_sha256=DDB76AF913913F78AF4E55EC51A2B4AE4DB961128A5A438ABE3B52A23215E3DD,PyJHora 4.8.7 Tier B isolated export; Raman ayanamsa; wheel sha256 D8D8014573A38DDEFEDCAE57D3B8D84687CAC2AD31BB5B1DD70D945906A4D54D; event civil timezone; Tokyo reference coordinates; Dig uses _dig_bala(method=2) canonical bounded circular-distance variant because the package default method=1 can exceed 60 virupa
GANN_JHORA_KAALA_WITNESS_COMPARATOR_V1,case_8_event_start,JUPITER,total,160.200000000,155.336590163,245.470000000,4.863409837,-85.270000000,4.863409837,85.270000000,fail,fail,local,0.500000000,Jagannatha Hora 8.0 locked visible Kaala Bala table; accessibility_sha256=209B76E6F26BA23A19F77B8C1F9BC1576E68D9EDADA099E4BC84F17EB9DD0C13; screenshot_sha256=DDB76AF913913F78AF4E55EC51A2B4AE4DB961128A5A438ABE3B52A23215E3DD,PyJHora 4.8.7 Tier B isolated export; Raman ayanamsa; wheel sha256 D8D8014573A38DDEFEDCAE57D3B8D84687CAC2AD31BB5B1DD70D945906A4D54D; event civil timezone; Tokyo reference coordinates; Dig uses _dig_bala(method=2) canonical bounded circular-distance variant because the package default method=1 can exceed 60 virupa
GANN_JHORA_KAALA_WITNESS_COMPARATOR_V1,case_8_event_start,JUPITER,tribhaga,60.000000000,60.000000000,60.000000000,0.000000000,0.000000000,0.000000000,0.000000000,pass,pass,tie,0.500000000,Jagannatha Hora 8.0 locked visible Kaala Bala table; accessibility_sha256=209B76E6F26BA23A19F77B8C1F9BC1576E68D9EDADA099E4BC84F17EB9DD0C13; screenshot_sha256=DDB76AF913913F78AF4E55EC51A2B4AE4DB961128A5A438ABE3B52A23215E3DD,PyJHora 4.8.7 Tier B isolated export; Raman ayanamsa; wheel sha256 D8D8014573A38DDEFEDCAE57D3B8D84687CAC2AD31BB5B1DD70D945906A4D54D; event civil timezone; Tokyo reference coordinates; Dig uses _dig_bala(method=2) canonical bounded circular-distance variant because the package default method=1 can exceed 60 virupa
GANN_JHORA_KAALA_WITNESS_COMPARATOR_V1,case_8_event_start,JUPITER,vara,0.000000000,0.000000000,0.000000000,0.000000000,0.000000000,0.000000000,0.000000000,pass,pass,tie,0.500000000,Jagannatha Hora 8.0 locked visible Kaala Bala table; accessibility_sha256=209B76E6F26BA23A19F77B8C1F9BC1576E68D9EDADA099E4BC84F17EB9DD0C13; screenshot_sha256=DDB76AF913913F78AF4E55EC51A2B4AE4DB961128A5A438ABE3B52A23215E3DD,PyJHora 4.8.7 Tier B isolated export; Raman ayanamsa; wheel sha256 D8D8014573A38DDEFEDCAE57D3B8D84687CAC2AD31BB5B1DD70D945906A4D54D; event civil timezone; Tokyo reference coordinates; Dig uses _dig_bala(method=2) canonical bounded circular-distance variant because the package default method=1 can exceed 60 virupa
GANN_JHORA_KAALA_WITNESS_COMPARATOR_V1,case_8_event_start,JUPITER,yuddha,0.000000000,0.000000000,0.000000000,0.000000000,0.000000000,0.000000000,0.000000000,pass,pass,tie,0.500000000,Jagannatha Hora 8.0 locked visible Kaala Bala table; accessibility_sha256=209B76E6F26BA23A19F77B8C1F9BC1576E68D9EDADA099E4BC84F17EB9DD0C13; screenshot_sha256=DDB76AF913913F78AF4E55EC51A2B4AE4DB961128A5A438ABE3B52A23215E3DD,PyJHora 4.8.7 Tier B isolated export; Raman ayanamsa; wheel sha256 D8D8014573A38DDEFEDCAE57D3B8D84687CAC2AD31BB5B1DD70D945906A4D54D; event civil timezone; Tokyo reference coordinates; Dig uses _dig_bala(method=2) canonical bounded circular-distance variant because the package default method=1 can exceed 60 virupa
GANN_JHORA_KAALA_WITNESS_COMPARATOR_V1,case_8_event_start,MARS,abda,0.000000000,0.000000000,0.000000000,0.000000000,0.000000000,0.000000000,0.000000000,pass,pass,tie,0.500000000,Jagannatha Hora 8.0 locked visible Kaala Bala table; accessibility_sha256=209B76E6F26BA23A19F77B8C1F9BC1576E68D9EDADA099E4BC84F17EB9DD0C13; screenshot_sha256=DDB76AF913913F78AF4E55EC51A2B4AE4DB961128A5A438ABE3B52A23215E3DD,PyJHora 4.8.7 Tier B isolated export; Raman ayanamsa; wheel sha256 D8D8014573A38DDEFEDCAE57D3B8D84687CAC2AD31BB5B1DD70D945906A4D54D; event civil timezone; Tokyo reference coordinates; Dig uses _dig_bala(method=2) canonical bounded circular-distance variant because the package default method=1 can exceed 60 virupa
GANN_JHORA_KAALA_WITNESS_COMPARATOR_V1,case_8_event_start,MARS,ayana,58.280000000,62.713506334,58.490000000,-4.433506334,-0.210000000,4.433506334,0.210000000,fail,pass,pyjhora,0.500000000,Jagannatha Hora 8.0 locked visible Kaala Bala table; accessibility_sha256=209B76E6F26BA23A19F77B8C1F9BC1576E68D9EDADA099E4BC84F17EB9DD0C13; screenshot_sha256=DDB76AF913913F78AF4E55EC51A2B4AE4DB961128A5A438ABE3B52A23215E3DD,PyJHora 4.8.7 Tier B isolated export; Raman ayanamsa; wheel sha256 D8D8014573A38DDEFEDCAE57D3B8D84687CAC2AD31BB5B1DD70D945906A4D54D; event civil timezone; Tokyo reference coordinates; Dig uses _dig_bala(method=2) canonical bounded circular-distance variant because the package default method=1 can exceed 60 virupa
GANN_JHORA_KAALA_WITNESS_COMPARATOR_V1,case_8_event_start,MARS,hora,0.000000000,0.000000000,60.000000000,0.000000000,-60.000000000,0.000000000,60.000000000,pass,fail,local,0.500000000,Jagannatha Hora 8.0 locked visible Kaala Bala table; accessibility_sha256=209B76E6F26BA23A19F77B8C1F9BC1576E68D9EDADA099E4BC84F17EB9DD0C13; screenshot_sha256=DDB76AF913913F78AF4E55EC51A2B4AE4DB961128A5A438ABE3B52A23215E3DD,PyJHora 4.8.7 Tier B isolated export; Raman ayanamsa; wheel sha256 D8D8014573A38DDEFEDCAE57D3B8D84687CAC2AD31BB5B1DD70D945906A4D54D; event civil timezone; Tokyo reference coordinates; Dig uses _dig_bala(method=2) canonical bounded circular-distance variant because the package default method=1 can exceed 60 virupa
GANN_JHORA_KAALA_WITNESS_COMPARATOR_V1,case_8_event_start,MARS,masa,0.000000000,0.000000000,0.000000000,0.000000000,0.000000000,0.000000000,0.000000000,pass,pass,tie,0.500000000,Jagannatha Hora 8.0 locked visible Kaala Bala table; accessibility_sha256=209B76E6F26BA23A19F77B8C1F9BC1576E68D9EDADA099E4BC84F17EB9DD0C13; screenshot_sha256=DDB76AF913913F78AF4E55EC51A2B4AE4DB961128A5A438ABE3B52A23215E3DD,PyJHora 4.8.7 Tier B isolated export; Raman ayanamsa; wheel sha256 D8D8014573A38DDEFEDCAE57D3B8D84687CAC2AD31BB5B1DD70D945906A4D54D; event civil timezone; Tokyo reference coordinates; Dig uses _dig_bala(method=2) canonical bounded circular-distance variant because the package default method=1 can exceed 60 virupa
GANN_JHORA_KAALA_WITNESS_COMPARATOR_V1,case_8_event_start,MARS,nathonnatha,52.100000000,56.550100000,19.350000000,-4.450100000,32.750000000,4.450100000,32.750000000,fail,fail,local,0.500000000,Jagannatha Hora 8.0 locked visible Kaala Bala table; accessibility_sha256=209B76E6F26BA23A19F77B8C1F9BC1576E68D9EDADA099E4BC84F17EB9DD0C13; screenshot_sha256=DDB76AF913913F78AF4E55EC51A2B4AE4DB961128A5A438ABE3B52A23215E3DD,PyJHora 4.8.7 Tier B isolated export; Raman ayanamsa; wheel sha256 D8D8014573A38DDEFEDCAE57D3B8D84687CAC2AD31BB5B1DD70D945906A4D54D; event civil timezone; Tokyo reference coordinates; Dig uses _dig_bala(method=2) canonical bounded circular-distance variant because the package default method=1 can exceed 60 virupa
GANN_JHORA_KAALA_WITNESS_COMPARATOR_V1,case_8_event_start,MARS,paksha,26.220000000,26.215700139,-26.220000000,0.004299861,52.440000000,0.004299861,52.440000000,pass,fail,local,0.500000000,Jagannatha Hora 8.0 locked visible Kaala Bala table; accessibility_sha256=209B76E6F26BA23A19F77B8C1F9BC1576E68D9EDADA099E4BC84F17EB9DD0C13; screenshot_sha256=DDB76AF913913F78AF4E55EC51A2B4AE4DB961128A5A438ABE3B52A23215E3DD,PyJHora 4.8.7 Tier B isolated export; Raman ayanamsa; wheel sha256 D8D8014573A38DDEFEDCAE57D3B8D84687CAC2AD31BB5B1DD70D945906A4D54D; event civil timezone; Tokyo reference coordinates; Dig uses _dig_bala(method=2) canonical bounded circular-distance variant because the package default method=1 can exceed 60 virupa
GANN_JHORA_KAALA_WITNESS_COMPARATOR_V1,case_8_event_start,MARS,total,136.600000000,145.479306473,111.620000000,-8.879306473,24.980000000,8.879306473,24.980000000,fail,fail,local,0.500000000,Jagannatha Hora 8.0 locked visible Kaala Bala table; accessibility_sha256=209B76E6F26BA23A19F77B8C1F9BC1576E68D9EDADA099E4BC84F17EB9DD0C13; screenshot_sha256=DDB76AF913913F78AF4E55EC51A2B4AE4DB961128A5A438ABE3B52A23215E3DD,PyJHora 4.8.7 Tier B isolated export; Raman ayanamsa; wheel sha256 D8D8014573A38DDEFEDCAE57D3B8D84687CAC2AD31BB5B1DD70D945906A4D54D; event civil timezone; Tokyo reference coordinates; Dig uses _dig_bala(method=2) canonical bounded circular-distance variant because the package default method=1 can exceed 60 virupa
GANN_JHORA_KAALA_WITNESS_COMPARATOR_V1,case_8_event_start,MARS,tribhaga,0.000000000,0.000000000,0.000000000,0.000000000,0.000000000,0.000000000,0.000000000,pass,pass,tie,0.500000000,Jagannatha Hora 8.0 locked visible Kaala Bala table; accessibility_sha256=209B76E6F26BA23A19F77B8C1F9BC1576E68D9EDADA099E4BC84F17EB9DD0C13; screenshot_sha256=DDB76AF913913F78AF4E55EC51A2B4AE4DB961128A5A438ABE3B52A23215E3DD,PyJHora 4.8.7 Tier B isolated export; Raman ayanamsa; wheel sha256 D8D8014573A38DDEFEDCAE57D3B8D84687CAC2AD31BB5B1DD70D945906A4D54D; event civil timezone; Tokyo reference coordinates; Dig uses _dig_bala(method=2) canonical bounded circular-distance variant because the package default method=1 can exceed 60 virupa
GANN_JHORA_KAALA_WITNESS_COMPARATOR_V1,case_8_event_start,MARS,vara,0.000000000,0.000000000,0.000000000,0.000000000,0.000000000,0.000000000,0.000000000,pass,pass,tie,0.500000000,Jagannatha Hora 8.0 locked visible Kaala Bala table; accessibility_sha256=209B76E6F26BA23A19F77B8C1F9BC1576E68D9EDADA099E4BC84F17EB9DD0C13; screenshot_sha256=DDB76AF913913F78AF4E55EC51A2B4AE4DB961128A5A438ABE3B52A23215E3DD,PyJHora 4.8.7 Tier B isolated export; Raman ayanamsa; wheel sha256 D8D8014573A38DDEFEDCAE57D3B8D84687CAC2AD31BB5B1DD70D945906A4D54D; event civil timezone; Tokyo reference coordinates; Dig uses _dig_bala(method=2) canonical bounded circular-distance variant because the package default method=1 can exceed 60 virupa
GANN_JHORA_KAALA_WITNESS_COMPARATOR_V1,case_8_event_start,MARS,yuddha,0.000000000,0.000000000,0.000000000,0.000000000,0.000000000,0.000000000,0.000000000,pass,pass,tie,0.500000000,Jagannatha Hora 8.0 locked visible Kaala Bala table; accessibility_sha256=209B76E6F26BA23A19F77B8C1F9BC1576E68D9EDADA099E4BC84F17EB9DD0C13; screenshot_sha256=DDB76AF913913F78AF4E55EC51A2B4AE4DB961128A5A438ABE3B52A23215E3DD,PyJHora 4.8.7 Tier B isolated export; Raman ayanamsa; wheel sha256 D8D8014573A38DDEFEDCAE57D3B8D84687CAC2AD31BB5B1DD70D945906A4D54D; event civil timezone; Tokyo reference coordinates; Dig uses _dig_bala(method=2) canonical bounded circular-distance variant because the package default method=1 can exceed 60 virupa
GANN_JHORA_KAALA_WITNESS_COMPARATOR_V1,case_8_event_start,MERCURY,abda,0.000000000,0.000000000,0.000000000,0.000000000,0.000000000,0.000000000,0.000000000,pass,pass,tie,0.500000000,Jagannatha Hora 8.0 locked visible Kaala Bala table; accessibility_sha256=209B76E6F26BA23A19F77B8C1F9BC1576E68D9EDADA099E4BC84F17EB9DD0C13; screenshot_sha256=DDB76AF913913F78AF4E55EC51A2B4AE4DB961128A5A438ABE3B52A23215E3DD,PyJHora 4.8.7 Tier B isolated export; Raman ayanamsa; wheel sha256 D8D8014573A38DDEFEDCAE57D3B8D84687CAC2AD31BB5B1DD70D945906A4D54D; event civil timezone; Tokyo reference coordinates; Dig uses _dig_bala(method=2) canonical bounded circular-distance variant because the package default method=1 can exceed 60 virupa
GANN_JHORA_KAALA_WITNESS_COMPARATOR_V1,case_8_event_start,MERCURY,ayana,32.830000000,34.766473108,32.730000000,-1.936473108,0.100000000,1.936473108,0.100000000,fail,pass,pyjhora,0.500000000,Jagannatha Hora 8.0 locked visible Kaala Bala table; accessibility_sha256=209B76E6F26BA23A19F77B8C1F9BC1576E68D9EDADA099E4BC84F17EB9DD0C13; screenshot_sha256=DDB76AF913913F78AF4E55EC51A2B4AE4DB961128A5A438ABE3B52A23215E3DD,PyJHora 4.8.7 Tier B isolated export; Raman ayanamsa; wheel sha256 D8D8014573A38DDEFEDCAE57D3B8D84687CAC2AD31BB5B1DD70D945906A4D54D; event civil timezone; Tokyo reference coordinates; Dig uses _dig_bala(method=2) canonical bounded circular-distance variant because the package default method=1 can exceed 60 virupa
GANN_JHORA_KAALA_WITNESS_COMPARATOR_V1,case_8_event_start,MERCURY,hora,0.000000000,0.000000000,0.000000000,0.000000000,0.000000000,0.000000000,0.000000000,pass,pass,tie,0.500000000,Jagannatha Hora 8.0 locked visible Kaala Bala table; accessibility_sha256=209B76E6F26BA23A19F77B8C1F9BC1576E68D9EDADA099E4BC84F17EB9DD0C13; screenshot_sha256=DDB76AF913913F78AF4E55EC51A2B4AE4DB961128A5A438ABE3B52A23215E3DD,PyJHora 4.8.7 Tier B isolated export; Raman ayanamsa; wheel sha256 D8D8014573A38DDEFEDCAE57D3B8D84687CAC2AD31BB5B1DD70D945906A4D54D; event civil timezone; Tokyo reference coordinates; Dig uses _dig_bala(method=2) canonical bounded circular-distance variant because the package default method=1 can exceed 60 virupa
GANN_JHORA_KAALA_WITNESS_COMPARATOR_V1,case_8_event_start,MERCURY,masa,30.000000000,30.000000000,30.000000000,0.000000000,0.000000000,0.000000000,0.000000000,pass,pass,tie,0.500000000,Jagannatha Hora 8.0 locked visible Kaala Bala table; accessibility_sha256=209B76E6F26BA23A19F77B8C1F9BC1576E68D9EDADA099E4BC84F17EB9DD0C13; screenshot_sha256=DDB76AF913913F78AF4E55EC51A2B4AE4DB961128A5A438ABE3B52A23215E3DD,PyJHora 4.8.7 Tier B isolated export; Raman ayanamsa; wheel sha256 D8D8014573A38DDEFEDCAE57D3B8D84687CAC2AD31BB5B1DD70D945906A4D54D; event civil timezone; Tokyo reference coordinates; Dig uses _dig_bala(method=2) canonical bounded circular-distance variant because the package default method=1 can exceed 60 virupa
GANN_JHORA_KAALA_WITNESS_COMPARATOR_V1,case_8_event_start,MERCURY,nathonnatha,60.000000000,60.000000000,60.000000000,0.000000000,0.000000000,0.000000000,0.000000000,pass,pass,tie,0.500000000,Jagannatha Hora 8.0 locked visible Kaala Bala table; accessibility_sha256=209B76E6F26BA23A19F77B8C1F9BC1576E68D9EDADA099E4BC84F17EB9DD0C13; screenshot_sha256=DDB76AF913913F78AF4E55EC51A2B4AE4DB961128A5A438ABE3B52A23215E3DD,PyJHora 4.8.7 Tier B isolated export; Raman ayanamsa; wheel sha256 D8D8014573A38DDEFEDCAE57D3B8D84687CAC2AD31BB5B1DD70D945906A4D54D; event civil timezone; Tokyo reference coordinates; Dig uses _dig_bala(method=2) canonical bounded circular-distance variant because the package default method=1 can exceed 60 virupa
GANN_JHORA_KAALA_WITNESS_COMPARATOR_V1,case_8_event_start,MERCURY,paksha,26.220000000,26.215700139,86.220000000,0.004299861,-60.000000000,0.004299861,60.000000000,pass,fail,local,0.500000000,Jagannatha Hora 8.0 locked visible Kaala Bala table; accessibility_sha256=209B76E6F26BA23A19F77B8C1F9BC1576E68D9EDADA099E4BC84F17EB9DD0C13; screenshot_sha256=DDB76AF913913F78AF4E55EC51A2B4AE4DB961128A5A438ABE3B52A23215E3DD,PyJHora 4.8.7 Tier B isolated export; Raman ayanamsa; wheel sha256 D8D8014573A38DDEFEDCAE57D3B8D84687CAC2AD31BB5B1DD70D945906A4D54D; event civil timezone; Tokyo reference coordinates; Dig uses _dig_bala(method=2) canonical bounded circular-distance variant because the package default method=1 can exceed 60 virupa
GANN_JHORA_KAALA_WITNESS_COMPARATOR_V1,case_8_event_start,MERCURY,total,149.040000000,150.982173247,208.950000000,-1.942173247,-59.910000000,1.942173247,59.910000000,fail,fail,local,0.500000000,Jagannatha Hora 8.0 locked visible Kaala Bala table; accessibility_sha256=209B76E6F26BA23A19F77B8C1F9BC1576E68D9EDADA099E4BC84F17EB9DD0C13; screenshot_sha256=DDB76AF913913F78AF4E55EC51A2B4AE4DB961128A5A438ABE3B52A23215E3DD,PyJHora 4.8.7 Tier B isolated export; Raman ayanamsa; wheel sha256 D8D8014573A38DDEFEDCAE57D3B8D84687CAC2AD31BB5B1DD70D945906A4D54D; event civil timezone; Tokyo reference coordinates; Dig uses _dig_bala(method=2) canonical bounded circular-distance variant because the package default method=1 can exceed 60 virupa
GANN_JHORA_KAALA_WITNESS_COMPARATOR_V1,case_8_event_start,MERCURY,tribhaga,0.000000000,0.000000000,0.000000000,0.000000000,0.000000000,0.000000000,0.000000000,pass,pass,tie,0.500000000,Jagannatha Hora 8.0 locked visible Kaala Bala table; accessibility_sha256=209B76E6F26BA23A19F77B8C1F9BC1576E68D9EDADA099E4BC84F17EB9DD0C13; screenshot_sha256=DDB76AF913913F78AF4E55EC51A2B4AE4DB961128A5A438ABE3B52A23215E3DD,PyJHora 4.8.7 Tier B isolated export; Raman ayanamsa; wheel sha256 D8D8014573A38DDEFEDCAE57D3B8D84687CAC2AD31BB5B1DD70D945906A4D54D; event civil timezone; Tokyo reference coordinates; Dig uses _dig_bala(method=2) canonical bounded circular-distance variant because the package default method=1 can exceed 60 virupa
GANN_JHORA_KAALA_WITNESS_COMPARATOR_V1,case_8_event_start,MERCURY,vara,0.000000000,0.000000000,0.000000000,0.000000000,0.000000000,0.000000000,0.000000000,pass,pass,tie,0.500000000,Jagannatha Hora 8.0 locked visible Kaala Bala table; accessibility_sha256=209B76E6F26BA23A19F77B8C1F9BC1576E68D9EDADA099E4BC84F17EB9DD0C13; screenshot_sha256=DDB76AF913913F78AF4E55EC51A2B4AE4DB961128A5A438ABE3B52A23215E3DD,PyJHora 4.8.7 Tier B isolated export; Raman ayanamsa; wheel sha256 D8D8014573A38DDEFEDCAE57D3B8D84687CAC2AD31BB5B1DD70D945906A4D54D; event civil timezone; Tokyo reference coordinates; Dig uses _dig_bala(method=2) canonical bounded circular-distance variant because the package default method=1 can exceed 60 virupa
GANN_JHORA_KAALA_WITNESS_COMPARATOR_V1,case_8_event_start,MERCURY,yuddha,0.000000000,0.000000000,0.000000000,0.000000000,0.000000000,0.000000000,0.000000000,pass,pass,tie,0.500000000,Jagannatha Hora 8.0 locked visible Kaala Bala table; accessibility_sha256=209B76E6F26BA23A19F77B8C1F9BC1576E68D9EDADA099E4BC84F17EB9DD0C13; screenshot_sha256=DDB76AF913913F78AF4E55EC51A2B4AE4DB961128A5A438ABE3B52A23215E3DD,PyJHora 4.8.7 Tier B isolated export; Raman ayanamsa; wheel sha256 D8D8014573A38DDEFEDCAE57D3B8D84687CAC2AD31BB5B1DD70D945906A4D54D; event civil timezone; Tokyo reference coordinates; Dig uses _dig_bala(method=2) canonical bounded circular-distance variant because the package default method=1 can exceed 60 virupa
GANN_JHORA_KAALA_WITNESS_COMPARATOR_V1,case_8_event_start,MOON,abda,15.000000000,15.000000000,15.000000000,0.000000000,0.000000000,0.000000000,0.000000000,pass,pass,tie,0.500000000,Jagannatha Hora 8.0 locked visible Kaala Bala table; accessibility_sha256=209B76E6F26BA23A19F77B8C1F9BC1576E68D9EDADA099E4BC84F17EB9DD0C13; screenshot_sha256=DDB76AF913913F78AF4E55EC51A2B4AE4DB961128A5A438ABE3B52A23215E3DD,PyJHora 4.8.7 Tier B isolated export; Raman ayanamsa; wheel sha256 D8D8014573A38DDEFEDCAE57D3B8D84687CAC2AD31BB5B1DD70D945906A4D54D; event civil timezone; Tokyo reference coordinates; Dig uses _dig_bala(method=2) canonical bounded circular-distance variant because the package default method=1 can exceed 60 virupa
GANN_JHORA_KAALA_WITNESS_COMPARATOR_V1,case_8_event_start,MOON,ayana,0.080000000,0.000000000,0.020000000,0.080000000,0.060000000,0.080000000,0.060000000,pass,pass,pyjhora,0.500000000,Jagannatha Hora 8.0 locked visible Kaala Bala table; accessibility_sha256=209B76E6F26BA23A19F77B8C1F9BC1576E68D9EDADA099E4BC84F17EB9DD0C13; screenshot_sha256=DDB76AF913913F78AF4E55EC51A2B4AE4DB961128A5A438ABE3B52A23215E3DD,PyJHora 4.8.7 Tier B isolated export; Raman ayanamsa; wheel sha256 D8D8014573A38DDEFEDCAE57D3B8D84687CAC2AD31BB5B1DD70D945906A4D54D; event civil timezone; Tokyo reference coordinates; Dig uses _dig_bala(method=2) canonical bounded circular-distance variant because the package default method=1 can exceed 60 virupa
GANN_JHORA_KAALA_WITNESS_COMPARATOR_V1,case_8_event_start,MOON,hora,60.000000000,60.000000000,0.000000000,0.000000000,60.000000000,0.000000000,60.000000000,pass,fail,local,0.500000000,Jagannatha Hora 8.0 locked visible Kaala Bala table; accessibility_sha256=209B76E6F26BA23A19F77B8C1F9BC1576E68D9EDADA099E4BC84F17EB9DD0C13; screenshot_sha256=DDB76AF913913F78AF4E55EC51A2B4AE4DB961128A5A438ABE3B52A23215E3DD,PyJHora 4.8.7 Tier B isolated export; Raman ayanamsa; wheel sha256 D8D8014573A38DDEFEDCAE57D3B8D84687CAC2AD31BB5B1DD70D945906A4D54D; event civil timezone; Tokyo reference coordinates; Dig uses _dig_bala(method=2) canonical bounded circular-distance variant because the package default method=1 can exceed 60 virupa
GANN_JHORA_KAALA_WITNESS_COMPARATOR_V1,case_8_event_start,MOON,masa,0.000000000,0.000000000,0.000000000,0.000000000,0.000000000,0.000000000,0.000000000,pass,pass,tie,0.500000000,Jagannatha Hora 8.0 locked visible Kaala Bala table; accessibility_sha256=209B76E6F26BA23A19F77B8C1F9BC1576E68D9EDADA099E4BC84F17EB9DD0C13; screenshot_sha256=DDB76AF913913F78AF4E55EC51A2B4AE4DB961128A5A438ABE3B52A23215E3DD,PyJHora 4.8.7 Tier B isolated export; Raman ayanamsa; wheel sha256 D8D8014573A38DDEFEDCAE57D3B8D84687CAC2AD31BB5B1DD70D945906A4D54D; event civil timezone; Tokyo reference coordinates; Dig uses _dig_bala(method=2) canonical bounded circular-distance variant because the package default method=1 can exceed 60 virupa
GANN_JHORA_KAALA_WITNESS_COMPARATOR_V1,case_8_event_start,MOON,nathonnatha,52.100000000,56.550100000,19.350000000,-4.450100000,32.750000000,4.450100000,32.750000000,fail,fail,local,0.500000000,Jagannatha Hora 8.0 locked visible Kaala Bala table; accessibility_sha256=209B76E6F26BA23A19F77B8C1F9BC1576E68D9EDADA099E4BC84F17EB9DD0C13; screenshot_sha256=DDB76AF913913F78AF4E55EC51A2B4AE4DB961128A5A438ABE3B52A23215E3DD,PyJHora 4.8.7 Tier B isolated export; Raman ayanamsa; wheel sha256 D8D8014573A38DDEFEDCAE57D3B8D84687CAC2AD31BB5B1DD70D945906A4D54D; event civil timezone; Tokyo reference coordinates; Dig uses _dig_bala(method=2) canonical bounded circular-distance variant because the package default method=1 can exceed 60 virupa
GANN_JHORA_KAALA_WITNESS_COMPARATOR_V1,case_8_event_start,MOON,paksha,67.570000000,67.568599723,172.440000000,0.001400277,-104.870000000,0.001400277,104.870000000,pass,fail,local,0.500000000,Jagannatha Hora 8.0 locked visible Kaala Bala table; accessibility_sha256=209B76E6F26BA23A19F77B8C1F9BC1576E68D9EDADA099E4BC84F17EB9DD0C13; screenshot_sha256=DDB76AF913913F78AF4E55EC51A2B4AE4DB961128A5A438ABE3B52A23215E3DD,PyJHora 4.8.7 Tier B isolated export; Raman ayanamsa; wheel sha256 D8D8014573A38DDEFEDCAE57D3B8D84687CAC2AD31BB5B1DD70D945906A4D54D; event civil timezone; Tokyo reference coordinates; Dig uses _dig_bala(method=2) canonical bounded circular-distance variant because the package default method=1 can exceed 60 virupa
GANN_JHORA_KAALA_WITNESS_COMPARATOR_V1,case_8_event_start,MOON,total,194.750000000,199.118699723,206.810000000,-4.368699723,-12.060000000,4.368699723,12.060000000,fail,fail,local,0.500000000,Jagannatha Hora 8.0 locked visible Kaala Bala table; accessibility_sha256=209B76E6F26BA23A19F77B8C1F9BC1576E68D9EDADA099E4BC84F17EB9DD0C13; screenshot_sha256=DDB76AF913913F78AF4E55EC51A2B4AE4DB961128A5A438ABE3B52A23215E3DD,PyJHora 4.8.7 Tier B isolated export; Raman ayanamsa; wheel sha256 D8D8014573A38DDEFEDCAE57D3B8D84687CAC2AD31BB5B1DD70D945906A4D54D; event civil timezone; Tokyo reference coordinates; Dig uses _dig_bala(method=2) canonical bounded circular-distance variant because the package default method=1 can exceed 60 virupa
GANN_JHORA_KAALA_WITNESS_COMPARATOR_V1,case_8_event_start,MOON,tribhaga,0.000000000,0.000000000,0.000000000,0.000000000,0.000000000,0.000000000,0.000000000,pass,pass,tie,0.500000000,Jagannatha Hora 8.0 locked visible Kaala Bala table; accessibility_sha256=209B76E6F26BA23A19F77B8C1F9BC1576E68D9EDADA099E4BC84F17EB9DD0C13; screenshot_sha256=DDB76AF913913F78AF4E55EC51A2B4AE4DB961128A5A438ABE3B52A23215E3DD,PyJHora 4.8.7 Tier B isolated export; Raman ayanamsa; wheel sha256 D8D8014573A38DDEFEDCAE57D3B8D84687CAC2AD31BB5B1DD70D945906A4D54D; event civil timezone; Tokyo reference coordinates; Dig uses _dig_bala(method=2) canonical bounded circular-distance variant because the package default method=1 can exceed 60 virupa
GANN_JHORA_KAALA_WITNESS_COMPARATOR_V1,case_8_event_start,MOON,vara,0.000000000,0.000000000,0.000000000,0.000000000,0.000000000,0.000000000,0.000000000,pass,pass,tie,0.500000000,Jagannatha Hora 8.0 locked visible Kaala Bala table; accessibility_sha256=209B76E6F26BA23A19F77B8C1F9BC1576E68D9EDADA099E4BC84F17EB9DD0C13; screenshot_sha256=DDB76AF913913F78AF4E55EC51A2B4AE4DB961128A5A438ABE3B52A23215E3DD,PyJHora 4.8.7 Tier B isolated export; Raman ayanamsa; wheel sha256 D8D8014573A38DDEFEDCAE57D3B8D84687CAC2AD31BB5B1DD70D945906A4D54D; event civil timezone; Tokyo reference coordinates; Dig uses _dig_bala(method=2) canonical bounded circular-distance variant because the package default method=1 can exceed 60 virupa
GANN_JHORA_KAALA_WITNESS_COMPARATOR_V1,case_8_event_start,MOON,yuddha,0.000000000,0.000000000,0.000000000,0.000000000,0.000000000,0.000000000,0.000000000,pass,pass,tie,0.500000000,Jagannatha Hora 8.0 locked visible Kaala Bala table; accessibility_sha256=209B76E6F26BA23A19F77B8C1F9BC1576E68D9EDADA099E4BC84F17EB9DD0C13; screenshot_sha256=DDB76AF913913F78AF4E55EC51A2B4AE4DB961128A5A438ABE3B52A23215E3DD,PyJHora 4.8.7 Tier B isolated export; Raman ayanamsa; wheel sha256 D8D8014573A38DDEFEDCAE57D3B8D84687CAC2AD31BB5B1DD70D945906A4D54D; event civil timezone; Tokyo reference coordinates; Dig uses _dig_bala(method=2) canonical bounded circular-distance variant because the package default method=1 can exceed 60 virupa
GANN_JHORA_KAALA_WITNESS_COMPARATOR_V1,case_8_event_start,SATURN,abda,0.000000000,0.000000000,0.000000000,0.000000000,0.000000000,0.000000000,0.000000000,pass,pass,tie,0.500000000,Jagannatha Hora 8.0 locked visible Kaala Bala table; accessibility_sha256=209B76E6F26BA23A19F77B8C1F9BC1576E68D9EDADA099E4BC84F17EB9DD0C13; screenshot_sha256=DDB76AF913913F78AF4E55EC51A2B4AE4DB961128A5A438ABE3B52A23215E3DD,PyJHora 4.8.7 Tier B isolated export; Raman ayanamsa; wheel sha256 D8D8014573A38DDEFEDCAE57D3B8D84687CAC2AD31BB5B1DD70D945906A4D54D; event civil timezone; Tokyo reference coordinates; Dig uses _dig_bala(method=2) canonical bounded circular-distance variant because the package default method=1 can exceed 60 virupa
GANN_JHORA_KAALA_WITNESS_COMPARATOR_V1,case_8_event_start,SATURN,ayana,34.160000000,36.561650138,34.290000000,-2.401650138,-0.130000000,2.401650138,0.130000000,fail,pass,pyjhora,0.500000000,Jagannatha Hora 8.0 locked visible Kaala Bala table; accessibility_sha256=209B76E6F26BA23A19F77B8C1F9BC1576E68D9EDADA099E4BC84F17EB9DD0C13; screenshot_sha256=DDB76AF913913F78AF4E55EC51A2B4AE4DB961128A5A438ABE3B52A23215E3DD,PyJHora 4.8.7 Tier B isolated export; Raman ayanamsa; wheel sha256 D8D8014573A38DDEFEDCAE57D3B8D84687CAC2AD31BB5B1DD70D945906A4D54D; event civil timezone; Tokyo reference coordinates; Dig uses _dig_bala(method=2) canonical bounded circular-distance variant because the package default method=1 can exceed 60 virupa
GANN_JHORA_KAALA_WITNESS_COMPARATOR_V1,case_8_event_start,SATURN,hora,0.000000000,0.000000000,0.000000000,0.000000000,0.000000000,0.000000000,0.000000000,pass,pass,tie,0.500000000,Jagannatha Hora 8.0 locked visible Kaala Bala table; accessibility_sha256=209B76E6F26BA23A19F77B8C1F9BC1576E68D9EDADA099E4BC84F17EB9DD0C13; screenshot_sha256=DDB76AF913913F78AF4E55EC51A2B4AE4DB961128A5A438ABE3B52A23215E3DD,PyJHora 4.8.7 Tier B isolated export; Raman ayanamsa; wheel sha256 D8D8014573A38DDEFEDCAE57D3B8D84687CAC2AD31BB5B1DD70D945906A4D54D; event civil timezone; Tokyo reference coordinates; Dig uses _dig_bala(method=2) canonical bounded circular-distance variant because the package default method=1 can exceed 60 virupa
GANN_JHORA_KAALA_WITNESS_COMPARATOR_V1,case_8_event_start,SATURN,masa,0.000000000,0.000000000,0.000000000,0.000000000,0.000000000,0.000000000,0.000000000,pass,pass,tie,0.500000000,Jagannatha Hora 8.0 locked visible Kaala Bala table; accessibility_sha256=209B76E6F26BA23A19F77B8C1F9BC1576E68D9EDADA099E4BC84F17EB9DD0C13; screenshot_sha256=DDB76AF913913F78AF4E55EC51A2B4AE4DB961128A5A438ABE3B52A23215E3DD,PyJHora 4.8.7 Tier B isolated export; Raman ayanamsa; wheel sha256 D8D8014573A38DDEFEDCAE57D3B8D84687CAC2AD31BB5B1DD70D945906A4D54D; event civil timezone; Tokyo reference coordinates; Dig uses _dig_bala(method=2) canonical bounded circular-distance variant because the package default method=1 can exceed 60 virupa
GANN_JHORA_KAALA_WITNESS_COMPARATOR_V1,case_8_event_start,SATURN,nathonnatha,52.100000000,56.550100000,19.350000000,-4.450100000,32.750000000,4.450100000,32.750000000,fail,fail,local,0.500000000,Jagannatha Hora 8.0 locked visible Kaala Bala table; accessibility_sha256=209B76E6F26BA23A19F77B8C1F9BC1576E68D9EDADA099E4BC84F17EB9DD0C13; screenshot_sha256=DDB76AF913913F78AF4E55EC51A2B4AE4DB961128A5A438ABE3B52A23215E3DD,PyJHora 4.8.7 Tier B isolated export; Raman ayanamsa; wheel sha256 D8D8014573A38DDEFEDCAE57D3B8D84687CAC2AD31BB5B1DD70D945906A4D54D; event civil timezone; Tokyo reference coordinates; Dig uses _dig_bala(method=2) canonical bounded circular-distance variant because the package default method=1 can exceed 60 virupa
GANN_JHORA_KAALA_WITNESS_COMPARATOR_V1,case_8_event_start,SATURN,paksha,26.220000000,26.215700139,-26.220000000,0.004299861,52.440000000,0.004299861,52.440000000,pass,fail,local,0.500000000,Jagannatha Hora 8.0 locked visible Kaala Bala table; accessibility_sha256=209B76E6F26BA23A19F77B8C1F9BC1576E68D9EDADA099E4BC84F17EB9DD0C13; screenshot_sha256=DDB76AF913913F78AF4E55EC51A2B4AE4DB961128A5A438ABE3B52A23215E3DD,PyJHora 4.8.7 Tier B isolated export; Raman ayanamsa; wheel sha256 D8D8014573A38DDEFEDCAE57D3B8D84687CAC2AD31BB5B1DD70D945906A4D54D; event civil timezone; Tokyo reference coordinates; Dig uses _dig_bala(method=2) canonical bounded circular-distance variant because the package default method=1 can exceed 60 virupa
GANN_JHORA_KAALA_WITNESS_COMPARATOR_V1,case_8_event_start,SATURN,total,112.470000000,119.327450277,27.420000000,-6.857450277,85.050000000,6.857450277,85.050000000,fail,fail,local,0.500000000,Jagannatha Hora 8.0 locked visible Kaala Bala table; accessibility_sha256=209B76E6F26BA23A19F77B8C1F9BC1576E68D9EDADA099E4BC84F17EB9DD0C13; screenshot_sha256=DDB76AF913913F78AF4E55EC51A2B4AE4DB961128A5A438ABE3B52A23215E3DD,PyJHora 4.8.7 Tier B isolated export; Raman ayanamsa; wheel sha256 D8D8014573A38DDEFEDCAE57D3B8D84687CAC2AD31BB5B1DD70D945906A4D54D; event civil timezone; Tokyo reference coordinates; Dig uses _dig_bala(method=2) canonical bounded circular-distance variant because the package default method=1 can exceed 60 virupa
GANN_JHORA_KAALA_WITNESS_COMPARATOR_V1,case_8_event_start,SATURN,tribhaga,0.000000000,0.000000000,0.000000000,0.000000000,0.000000000,0.000000000,0.000000000,pass,pass,tie,0.500000000,Jagannatha Hora 8.0 locked visible Kaala Bala table; accessibility_sha256=209B76E6F26BA23A19F77B8C1F9BC1576E68D9EDADA099E4BC84F17EB9DD0C13; screenshot_sha256=DDB76AF913913F78AF4E55EC51A2B4AE4DB961128A5A438ABE3B52A23215E3DD,PyJHora 4.8.7 Tier B isolated export; Raman ayanamsa; wheel sha256 D8D8014573A38DDEFEDCAE57D3B8D84687CAC2AD31BB5B1DD70D945906A4D54D; event civil timezone; Tokyo reference coordinates; Dig uses _dig_bala(method=2) canonical bounded circular-distance variant because the package default method=1 can exceed 60 virupa
GANN_JHORA_KAALA_WITNESS_COMPARATOR_V1,case_8_event_start,SATURN,vara,0.000000000,0.000000000,0.000000000,0.000000000,0.000000000,0.000000000,0.000000000,pass,pass,tie,0.500000000,Jagannatha Hora 8.0 locked visible Kaala Bala table; accessibility_sha256=209B76E6F26BA23A19F77B8C1F9BC1576E68D9EDADA099E4BC84F17EB9DD0C13; screenshot_sha256=DDB76AF913913F78AF4E55EC51A2B4AE4DB961128A5A438ABE3B52A23215E3DD,PyJHora 4.8.7 Tier B isolated export; Raman ayanamsa; wheel sha256 D8D8014573A38DDEFEDCAE57D3B8D84687CAC2AD31BB5B1DD70D945906A4D54D; event civil timezone; Tokyo reference coordinates; Dig uses _dig_bala(method=2) canonical bounded circular-distance variant because the package default method=1 can exceed 60 virupa
GANN_JHORA_KAALA_WITNESS_COMPARATOR_V1,case_8_event_start,SATURN,yuddha,0.000000000,0.000000000,0.000000000,0.000000000,0.000000000,0.000000000,0.000000000,pass,pass,tie,0.500000000,Jagannatha Hora 8.0 locked visible Kaala Bala table; accessibility_sha256=209B76E6F26BA23A19F77B8C1F9BC1576E68D9EDADA099E4BC84F17EB9DD0C13; screenshot_sha256=DDB76AF913913F78AF4E55EC51A2B4AE4DB961128A5A438ABE3B52A23215E3DD,PyJHora 4.8.7 Tier B isolated export; Raman ayanamsa; wheel sha256 D8D8014573A38DDEFEDCAE57D3B8D84687CAC2AD31BB5B1DD70D945906A4D54D; event civil timezone; Tokyo reference coordinates; Dig uses _dig_bala(method=2) canonical bounded circular-distance variant because the package default method=1 can exceed 60 virupa
GANN_JHORA_KAALA_WITNESS_COMPARATOR_V1,case_8_event_start,SUN,abda,0.000000000,0.000000000,0.000000000,0.000000000,0.000000000,0.000000000,0.000000000,pass,pass,tie,0.500000000,Jagannatha Hora 8.0 locked visible Kaala Bala table; accessibility_sha256=209B76E6F26BA23A19F77B8C1F9BC1576E68D9EDADA099E4BC84F17EB9DD0C13; screenshot_sha256=DDB76AF913913F78AF4E55EC51A2B4AE4DB961128A5A438ABE3B52A23215E3DD,PyJHora 4.8.7 Tier B isolated export; Raman ayanamsa; wheel sha256 D8D8014573A38DDEFEDCAE57D3B8D84687CAC2AD31BB5B1DD70D945906A4D54D; event civil timezone; Tokyo reference coordinates; Dig uses _dig_bala(method=2) canonical bounded circular-distance variant because the package default method=1 can exceed 60 virupa
GANN_JHORA_KAALA_WITNESS_COMPARATOR_V1,case_8_event_start,SUN,ayana,47.420000000,47.111987272,47.140000000,0.308012728,0.280000000,0.308012728,0.280000000,pass,pass,pyjhora,0.500000000,Jagannatha Hora 8.0 locked visible Kaala Bala table; accessibility_sha256=209B76E6F26BA23A19F77B8C1F9BC1576E68D9EDADA099E4BC84F17EB9DD0C13; screenshot_sha256=DDB76AF913913F78AF4E55EC51A2B4AE4DB961128A5A438ABE3B52A23215E3DD,PyJHora 4.8.7 Tier B isolated export; Raman ayanamsa; wheel sha256 D8D8014573A38DDEFEDCAE57D3B8D84687CAC2AD31BB5B1DD70D945906A4D54D; event civil timezone; Tokyo reference coordinates; Dig uses _dig_bala(method=2) canonical bounded circular-distance variant because the package default method=1 can exceed 60 virupa
GANN_JHORA_KAALA_WITNESS_COMPARATOR_V1,case_8_event_start,SUN,hora,0.000000000,0.000000000,0.000000000,0.000000000,0.000000000,0.000000000,0.000000000,pass,pass,tie,0.500000000,Jagannatha Hora 8.0 locked visible Kaala Bala table; accessibility_sha256=209B76E6F26BA23A19F77B8C1F9BC1576E68D9EDADA099E4BC84F17EB9DD0C13; screenshot_sha256=DDB76AF913913F78AF4E55EC51A2B4AE4DB961128A5A438ABE3B52A23215E3DD,PyJHora 4.8.7 Tier B isolated export; Raman ayanamsa; wheel sha256 D8D8014573A38DDEFEDCAE57D3B8D84687CAC2AD31BB5B1DD70D945906A4D54D; event civil timezone; Tokyo reference coordinates; Dig uses _dig_bala(method=2) canonical bounded circular-distance variant because the package default method=1 can exceed 60 virupa
GANN_JHORA_KAALA_WITNESS_COMPARATOR_V1,case_8_event_start,SUN,masa,0.000000000,0.000000000,0.000000000,0.000000000,0.000000000,0.000000000,0.000000000,pass,pass,tie,0.500000000,Jagannatha Hora 8.0 locked visible Kaala Bala table; accessibility_sha256=209B76E6F26BA23A19F77B8C1F9BC1576E68D9EDADA099E4BC84F17EB9DD0C13; screenshot_sha256=DDB76AF913913F78AF4E55EC51A2B4AE4DB961128A5A438ABE3B52A23215E3DD,PyJHora 4.8.7 Tier B isolated export; Raman ayanamsa; wheel sha256 D8D8014573A38DDEFEDCAE57D3B8D84687CAC2AD31BB5B1DD70D945906A4D54D; event civil timezone; Tokyo reference coordinates; Dig uses _dig_bala(method=2) canonical bounded circular-distance variant because the package default method=1 can exceed 60 virupa
GANN_JHORA_KAALA_WITNESS_COMPARATOR_V1,case_8_event_start,SUN,nathonnatha,7.900000000,3.449900000,40.650000000,4.450100000,-32.750000000,4.450100000,32.750000000,fail,fail,local,0.500000000,Jagannatha Hora 8.0 locked visible Kaala Bala table; accessibility_sha256=209B76E6F26BA23A19F77B8C1F9BC1576E68D9EDADA099E4BC84F17EB9DD0C13; screenshot_sha256=DDB76AF913913F78AF4E55EC51A2B4AE4DB961128A5A438ABE3B52A23215E3DD,PyJHora 4.8.7 Tier B isolated export; Raman ayanamsa; wheel sha256 D8D8014573A38DDEFEDCAE57D3B8D84687CAC2AD31BB5B1DD70D945906A4D54D; event civil timezone; Tokyo reference coordinates; Dig uses _dig_bala(method=2) canonical bounded circular-distance variant because the package default method=1 can exceed 60 virupa
GANN_JHORA_KAALA_WITNESS_COMPARATOR_V1,case_8_event_start,SUN,paksha,26.220000000,26.215700139,-26.220000000,0.004299861,52.440000000,0.004299861,52.440000000,pass,fail,local,0.500000000,Jagannatha Hora 8.0 locked visible Kaala Bala table; accessibility_sha256=209B76E6F26BA23A19F77B8C1F9BC1576E68D9EDADA099E4BC84F17EB9DD0C13; screenshot_sha256=DDB76AF913913F78AF4E55EC51A2B4AE4DB961128A5A438ABE3B52A23215E3DD,PyJHora 4.8.7 Tier B isolated export; Raman ayanamsa; wheel sha256 D8D8014573A38DDEFEDCAE57D3B8D84687CAC2AD31BB5B1DD70D945906A4D54D; event civil timezone; Tokyo reference coordinates; Dig uses _dig_bala(method=2) canonical bounded circular-distance variant because the package default method=1 can exceed 60 virupa
GANN_JHORA_KAALA_WITNESS_COMPARATOR_V1,case_8_event_start,SUN,total,81.530000000,76.777587410,61.570000000,4.752412590,19.960000000,4.752412590,19.960000000,fail,fail,local,0.500000000,Jagannatha Hora 8.0 locked visible Kaala Bala table; accessibility_sha256=209B76E6F26BA23A19F77B8C1F9BC1576E68D9EDADA099E4BC84F17EB9DD0C13; screenshot_sha256=DDB76AF913913F78AF4E55EC51A2B4AE4DB961128A5A438ABE3B52A23215E3DD,PyJHora 4.8.7 Tier B isolated export; Raman ayanamsa; wheel sha256 D8D8014573A38DDEFEDCAE57D3B8D84687CAC2AD31BB5B1DD70D945906A4D54D; event civil timezone; Tokyo reference coordinates; Dig uses _dig_bala(method=2) canonical bounded circular-distance variant because the package default method=1 can exceed 60 virupa
GANN_JHORA_KAALA_WITNESS_COMPARATOR_V1,case_8_event_start,SUN,tribhaga,0.000000000,0.000000000,0.000000000,0.000000000,0.000000000,0.000000000,0.000000000,pass,pass,tie,0.500000000,Jagannatha Hora 8.0 locked visible Kaala Bala table; accessibility_sha256=209B76E6F26BA23A19F77B8C1F9BC1576E68D9EDADA099E4BC84F17EB9DD0C13; screenshot_sha256=DDB76AF913913F78AF4E55EC51A2B4AE4DB961128A5A438ABE3B52A23215E3DD,PyJHora 4.8.7 Tier B isolated export; Raman ayanamsa; wheel sha256 D8D8014573A38DDEFEDCAE57D3B8D84687CAC2AD31BB5B1DD70D945906A4D54D; event civil timezone; Tokyo reference coordinates; Dig uses _dig_bala(method=2) canonical bounded circular-distance variant because the package default method=1 can exceed 60 virupa
GANN_JHORA_KAALA_WITNESS_COMPARATOR_V1,case_8_event_start,SUN,vara,0.000000000,0.000000000,0.000000000,0.000000000,0.000000000,0.000000000,0.000000000,pass,pass,tie,0.500000000,Jagannatha Hora 8.0 locked visible Kaala Bala table; accessibility_sha256=209B76E6F26BA23A19F77B8C1F9BC1576E68D9EDADA099E4BC84F17EB9DD0C13; screenshot_sha256=DDB76AF913913F78AF4E55EC51A2B4AE4DB961128A5A438ABE3B52A23215E3DD,PyJHora 4.8.7 Tier B isolated export; Raman ayanamsa; wheel sha256 D8D8014573A38DDEFEDCAE57D3B8D84687CAC2AD31BB5B1DD70D945906A4D54D; event civil timezone; Tokyo reference coordinates; Dig uses _dig_bala(method=2) canonical bounded circular-distance variant because the package default method=1 can exceed 60 virupa
GANN_JHORA_KAALA_WITNESS_COMPARATOR_V1,case_8_event_start,SUN,yuddha,0.000000000,0.000000000,0.000000000,0.000000000,0.000000000,0.000000000,0.000000000,pass,pass,tie,0.500000000,Jagannatha Hora 8.0 locked visible Kaala Bala table; accessibility_sha256=209B76E6F26BA23A19F77B8C1F9BC1576E68D9EDADA099E4BC84F17EB9DD0C13; screenshot_sha256=DDB76AF913913F78AF4E55EC51A2B4AE4DB961128A5A438ABE3B52A23215E3DD,PyJHora 4.8.7 Tier B isolated export; Raman ayanamsa; wheel sha256 D8D8014573A38DDEFEDCAE57D3B8D84687CAC2AD31BB5B1DD70D945906A4D54D; event civil timezone; Tokyo reference coordinates; Dig uses _dig_bala(method=2) canonical bounded circular-distance variant because the package default method=1 can exceed 60 virupa
GANN_JHORA_KAALA_WITNESS_COMPARATOR_V1,case_8_event_start,VENUS,abda,0.000000000,0.000000000,0.000000000,0.000000000,0.000000000,0.000000000,0.000000000,pass,pass,tie,0.500000000,Jagannatha Hora 8.0 locked visible Kaala Bala table; accessibility_sha256=209B76E6F26BA23A19F77B8C1F9BC1576E68D9EDADA099E4BC84F17EB9DD0C13; screenshot_sha256=DDB76AF913913F78AF4E55EC51A2B4AE4DB961128A5A438ABE3B52A23215E3DD,PyJHora 4.8.7 Tier B isolated export; Raman ayanamsa; wheel sha256 D8D8014573A38DDEFEDCAE57D3B8D84687CAC2AD31BB5B1DD70D945906A4D54D; event civil timezone; Tokyo reference coordinates; Dig uses _dig_bala(method=2) canonical bounded circular-distance variant because the package default method=1 can exceed 60 virupa
GANN_JHORA_KAALA_WITNESS_COMPARATOR_V1,case_8_event_start,VENUS,ayana,35.240000000,44.250495615,24.850000000,-9.010495615,10.390000000,9.010495615,10.390000000,fail,fail,local,0.500000000,Jagannatha Hora 8.0 locked visible Kaala Bala table; accessibility_sha256=209B76E6F26BA23A19F77B8C1F9BC1576E68D9EDADA099E4BC84F17EB9DD0C13; screenshot_sha256=DDB76AF913913F78AF4E55EC51A2B4AE4DB961128A5A438ABE3B52A23215E3DD,PyJHora 4.8.7 Tier B isolated export; Raman ayanamsa; wheel sha256 D8D8014573A38DDEFEDCAE57D3B8D84687CAC2AD31BB5B1DD70D945906A4D54D; event civil timezone; Tokyo reference coordinates; Dig uses _dig_bala(method=2) canonical bounded circular-distance variant because the package default method=1 can exceed 60 virupa
GANN_JHORA_KAALA_WITNESS_COMPARATOR_V1,case_8_event_start,VENUS,hora,0.000000000,0.000000000,0.000000000,0.000000000,0.000000000,0.000000000,0.000000000,pass,pass,tie,0.500000000,Jagannatha Hora 8.0 locked visible Kaala Bala table; accessibility_sha256=209B76E6F26BA23A19F77B8C1F9BC1576E68D9EDADA099E4BC84F17EB9DD0C13; screenshot_sha256=DDB76AF913913F78AF4E55EC51A2B4AE4DB961128A5A438ABE3B52A23215E3DD,PyJHora 4.8.7 Tier B isolated export; Raman ayanamsa; wheel sha256 D8D8014573A38DDEFEDCAE57D3B8D84687CAC2AD31BB5B1DD70D945906A4D54D; event civil timezone; Tokyo reference coordinates; Dig uses _dig_bala(method=2) canonical bounded circular-distance variant because the package default method=1 can exceed 60 virupa
GANN_JHORA_KAALA_WITNESS_COMPARATOR_V1,case_8_event_start,VENUS,masa,0.000000000,0.000000000,0.000000000,0.000000000,0.000000000,0.000000000,0.000000000,pass,pass,tie,0.500000000,Jagannatha Hora 8.0 locked visible Kaala Bala table; accessibility_sha256=209B76E6F26BA23A19F77B8C1F9BC1576E68D9EDADA099E4BC84F17EB9DD0C13; screenshot_sha256=DDB76AF913913F78AF4E55EC51A2B4AE4DB961128A5A438ABE3B52A23215E3DD,PyJHora 4.8.7 Tier B isolated export; Raman ayanamsa; wheel sha256 D8D8014573A38DDEFEDCAE57D3B8D84687CAC2AD31BB5B1DD70D945906A4D54D; event civil timezone; Tokyo reference coordinates; Dig uses _dig_bala(method=2) canonical bounded circular-distance variant because the package default method=1 can exceed 60 virupa
GANN_JHORA_KAALA_WITNESS_COMPARATOR_V1,case_8_event_start,VENUS,nathonnatha,7.900000000,3.449900000,40.650000000,4.450100000,-32.750000000,4.450100000,32.750000000,fail,fail,local,0.500000000,Jagannatha Hora 8.0 locked visible Kaala Bala table; accessibility_sha256=209B76E6F26BA23A19F77B8C1F9BC1576E68D9EDADA099E4BC84F17EB9DD0C13; screenshot_sha256=DDB76AF913913F78AF4E55EC51A2B4AE4DB961128A5A438ABE3B52A23215E3DD,PyJHora 4.8.7 Tier B isolated export; Raman ayanamsa; wheel sha256 D8D8014573A38DDEFEDCAE57D3B8D84687CAC2AD31BB5B1DD70D945906A4D54D; event civil timezone; Tokyo reference coordinates; Dig uses _dig_bala(method=2) canonical bounded circular-distance variant because the package default method=1 can exceed 60 virupa
GANN_JHORA_KAALA_WITNESS_COMPARATOR_V1,case_8_event_start,VENUS,paksha,33.780000000,33.784299861,86.220000000,-0.004299861,-52.440000000,0.004299861,52.440000000,pass,fail,local,0.500000000,Jagannatha Hora 8.0 locked visible Kaala Bala table; accessibility_sha256=209B76E6F26BA23A19F77B8C1F9BC1576E68D9EDADA099E4BC84F17EB9DD0C13; screenshot_sha256=DDB76AF913913F78AF4E55EC51A2B4AE4DB961128A5A438ABE3B52A23215E3DD,PyJHora 4.8.7 Tier B isolated export; Raman ayanamsa; wheel sha256 D8D8014573A38DDEFEDCAE57D3B8D84687CAC2AD31BB5B1DD70D945906A4D54D; event civil timezone; Tokyo reference coordinates; Dig uses _dig_bala(method=2) canonical bounded circular-distance variant because the package default method=1 can exceed 60 virupa
GANN_JHORA_KAALA_WITNESS_COMPARATOR_V1,case_8_event_start,VENUS,total,181.930000000,186.484695477,256.720000000,-4.554695477,-74.790000000,4.554695477,74.790000000,fail,fail,local,0.500000000,Jagannatha Hora 8.0 locked visible Kaala Bala table; accessibility_sha256=209B76E6F26BA23A19F77B8C1F9BC1576E68D9EDADA099E4BC84F17EB9DD0C13; screenshot_sha256=DDB76AF913913F78AF4E55EC51A2B4AE4DB961128A5A438ABE3B52A23215E3DD,PyJHora 4.8.7 Tier B isolated export; Raman ayanamsa; wheel sha256 D8D8014573A38DDEFEDCAE57D3B8D84687CAC2AD31BB5B1DD70D945906A4D54D; event civil timezone; Tokyo reference coordinates; Dig uses _dig_bala(method=2) canonical bounded circular-distance variant because the package default method=1 can exceed 60 virupa
GANN_JHORA_KAALA_WITNESS_COMPARATOR_V1,case_8_event_start,VENUS,tribhaga,60.000000000,60.000000000,60.000000000,0.000000000,0.000000000,0.000000000,0.000000000,pass,pass,tie,0.500000000,Jagannatha Hora 8.0 locked visible Kaala Bala table; accessibility_sha256=209B76E6F26BA23A19F77B8C1F9BC1576E68D9EDADA099E4BC84F17EB9DD0C13; screenshot_sha256=DDB76AF913913F78AF4E55EC51A2B4AE4DB961128A5A438ABE3B52A23215E3DD,PyJHora 4.8.7 Tier B isolated export; Raman ayanamsa; wheel sha256 D8D8014573A38DDEFEDCAE57D3B8D84687CAC2AD31BB5B1DD70D945906A4D54D; event civil timezone; Tokyo reference coordinates; Dig uses _dig_bala(method=2) canonical bounded circular-distance variant because the package default method=1 can exceed 60 virupa
GANN_JHORA_KAALA_WITNESS_COMPARATOR_V1,case_8_event_start,VENUS,vara,45.000000000,45.000000000,45.000000000,0.000000000,0.000000000,0.000000000,0.000000000,pass,pass,tie,0.500000000,Jagannatha Hora 8.0 locked visible Kaala Bala table; accessibility_sha256=209B76E6F26BA23A19F77B8C1F9BC1576E68D9EDADA099E4BC84F17EB9DD0C13; screenshot_sha256=DDB76AF913913F78AF4E55EC51A2B4AE4DB961128A5A438ABE3B52A23215E3DD,PyJHora 4.8.7 Tier B isolated export; Raman ayanamsa; wheel sha256 D8D8014573A38DDEFEDCAE57D3B8D84687CAC2AD31BB5B1DD70D945906A4D54D; event civil timezone; Tokyo reference coordinates; Dig uses _dig_bala(method=2) canonical bounded circular-distance variant because the package default method=1 can exceed 60 virupa
GANN_JHORA_KAALA_WITNESS_COMPARATOR_V1,case_8_event_start,VENUS,yuddha,0.000000000,0.000000000,0.000000000,0.000000000,0.000000000,0.000000000,0.000000000,pass,pass,tie,0.500000000,Jagannatha Hora 8.0 locked visible Kaala Bala table; accessibility_sha256=209B76E6F26BA23A19F77B8C1F9BC1576E68D9EDADA099E4BC84F17EB9DD0C13; screenshot_sha256=DDB76AF913913F78AF4E55EC51A2B4AE4DB961128A5A438ABE3B52A23215E3DD,PyJHora 4.8.7 Tier B isolated export; Raman ayanamsa; wheel sha256 D8D8014573A38DDEFEDCAE57D3B8D84687CAC2AD31BB5B1DD70D945906A4D54D; event civil timezone; Tokyo reference coordinates; Dig uses _dig_bala(method=2) canonical bounded circular-distance variant because the package default method=1 can exceed 60 virupa
GANN_JHORA_KAALA_WITNESS_COMPARATOR_V1,gann_reference_tokyo,JUPITER,abda,0.000000000,0.000000000,0.000000000,0.000000000,0.000000000,0.000000000,0.000000000,pass,pass,tie,0.500000000,Jagannatha Hora 8.0 locked visible Kaala Bala table; accessibility_sha256=2C67511E0C99CFE9F1D7132CF29259A847439D87A88A0383D331805B819C12DD; screenshot_sha256=6D1F6121DC2EB0D1A18A46C297E6BDCE98A1CFEBAD1CA974AEA46A3D700D4A63,PyJHora 4.8.7 Tier B isolated export; Raman ayanamsa; wheel sha256 D8D8014573A38DDEFEDCAE57D3B8D84687CAC2AD31BB5B1DD70D945906A4D54D; event civil timezone; Tokyo reference coordinates; Dig uses _dig_bala(method=2) canonical bounded circular-distance variant because the package default method=1 can exceed 60 virupa
GANN_JHORA_KAALA_WITNESS_COMPARATOR_V1,gann_reference_tokyo,JUPITER,ayana,0.220000000,0.439183584,0.010000000,-0.219183584,0.210000000,0.219183584,0.210000000,pass,pass,pyjhora,0.500000000,Jagannatha Hora 8.0 locked visible Kaala Bala table; accessibility_sha256=2C67511E0C99CFE9F1D7132CF29259A847439D87A88A0383D331805B819C12DD; screenshot_sha256=6D1F6121DC2EB0D1A18A46C297E6BDCE98A1CFEBAD1CA974AEA46A3D700D4A63,PyJHora 4.8.7 Tier B isolated export; Raman ayanamsa; wheel sha256 D8D8014573A38DDEFEDCAE57D3B8D84687CAC2AD31BB5B1DD70D945906A4D54D; event civil timezone; Tokyo reference coordinates; Dig uses _dig_bala(method=2) canonical bounded circular-distance variant because the package default method=1 can exceed 60 virupa
GANN_JHORA_KAALA_WITNESS_COMPARATOR_V1,gann_reference_tokyo,JUPITER,hora,0.000000000,0.000000000,0.000000000,0.000000000,0.000000000,0.000000000,0.000000000,pass,pass,tie,0.500000000,Jagannatha Hora 8.0 locked visible Kaala Bala table; accessibility_sha256=2C67511E0C99CFE9F1D7132CF29259A847439D87A88A0383D331805B819C12DD; screenshot_sha256=6D1F6121DC2EB0D1A18A46C297E6BDCE98A1CFEBAD1CA974AEA46A3D700D4A63,PyJHora 4.8.7 Tier B isolated export; Raman ayanamsa; wheel sha256 D8D8014573A38DDEFEDCAE57D3B8D84687CAC2AD31BB5B1DD70D945906A4D54D; event civil timezone; Tokyo reference coordinates; Dig uses _dig_bala(method=2) canonical bounded circular-distance variant because the package default method=1 can exceed 60 virupa
GANN_JHORA_KAALA_WITNESS_COMPARATOR_V1,gann_reference_tokyo,JUPITER,masa,0.000000000,0.000000000,0.000000000,0.000000000,0.000000000,0.000000000,0.000000000,pass,pass,tie,0.500000000,Jagannatha Hora 8.0 locked visible Kaala Bala table; accessibility_sha256=2C67511E0C99CFE9F1D7132CF29259A847439D87A88A0383D331805B819C12DD; screenshot_sha256=6D1F6121DC2EB0D1A18A46C297E6BDCE98A1CFEBAD1CA974AEA46A3D700D4A63,PyJHora 4.8.7 Tier B isolated export; Raman ayanamsa; wheel sha256 D8D8014573A38DDEFEDCAE57D3B8D84687CAC2AD31BB5B1DD70D945906A4D54D; event civil timezone; Tokyo reference coordinates; Dig uses _dig_bala(method=2) canonical bounded circular-distance variant because the package default method=1 can exceed 60 virupa
GANN_JHORA_KAALA_WITNESS_COMPARATOR_V1,gann_reference_tokyo,JUPITER,nathonnatha,2.150000000,1.550100000,-0.370000000,0.599900000,2.520000000,0.599900000,2.520000000,fail,fail,local,0.500000000,Jagannatha Hora 8.0 locked visible Kaala Bala table; accessibility_sha256=2C67511E0C99CFE9F1D7132CF29259A847439D87A88A0383D331805B819C12DD; screenshot_sha256=6D1F6121DC2EB0D1A18A46C297E6BDCE98A1CFEBAD1CA974AEA46A3D700D4A63,PyJHora 4.8.7 Tier B isolated export; Raman ayanamsa; wheel sha256 D8D8014573A38DDEFEDCAE57D3B8D84687CAC2AD31BB5B1DD70D945906A4D54D; event civil timezone; Tokyo reference coordinates; Dig uses _dig_bala(method=2) canonical bounded circular-distance variant because the package default method=1 can exceed 60 virupa
GANN_JHORA_KAALA_WITNESS_COMPARATOR_V1,gann_reference_tokyo,JUPITER,paksha,39.940000000,39.938180195,80.060000000,0.001819805,-40.120000000,0.001819805,40.120000000,pass,fail,local,0.500000000,Jagannatha Hora 8.0 locked visible Kaala Bala table; accessibility_sha256=2C67511E0C99CFE9F1D7132CF29259A847439D87A88A0383D331805B819C12DD; screenshot_sha256=6D1F6121DC2EB0D1A18A46C297E6BDCE98A1CFEBAD1CA974AEA46A3D700D4A63,PyJHora 4.8.7 Tier B isolated export; Raman ayanamsa; wheel sha256 D8D8014573A38DDEFEDCAE57D3B8D84687CAC2AD31BB5B1DD70D945906A4D54D; event civil timezone; Tokyo reference coordinates; Dig uses _dig_bala(method=2) canonical bounded circular-distance variant because the package default method=1 can exceed 60 virupa
GANN_JHORA_KAALA_WITNESS_COMPARATOR_V1,gann_reference_tokyo,JUPITER,total,102.310000000,101.927463779,139.700000000,0.382536221,-37.390000000,0.382536221,37.390000000,pass,fail,local,0.500000000,Jagannatha Hora 8.0 locked visible Kaala Bala table; accessibility_sha256=2C67511E0C99CFE9F1D7132CF29259A847439D87A88A0383D331805B819C12DD; screenshot_sha256=6D1F6121DC2EB0D1A18A46C297E6BDCE98A1CFEBAD1CA974AEA46A3D700D4A63,PyJHora 4.8.7 Tier B isolated export; Raman ayanamsa; wheel sha256 D8D8014573A38DDEFEDCAE57D3B8D84687CAC2AD31BB5B1DD70D945906A4D54D; event civil timezone; Tokyo reference coordinates; Dig uses _dig_bala(method=2) canonical bounded circular-distance variant because the package default method=1 can exceed 60 virupa
GANN_JHORA_KAALA_WITNESS_COMPARATOR_V1,gann_reference_tokyo,JUPITER,tribhaga,60.000000000,60.000000000,60.000000000,0.000000000,0.000000000,0.000000000,0.000000000,pass,pass,tie,0.500000000,Jagannatha Hora 8.0 locked visible Kaala Bala table; accessibility_sha256=2C67511E0C99CFE9F1D7132CF29259A847439D87A88A0383D331805B819C12DD; screenshot_sha256=6D1F6121DC2EB0D1A18A46C297E6BDCE98A1CFEBAD1CA974AEA46A3D700D4A63,PyJHora 4.8.7 Tier B isolated export; Raman ayanamsa; wheel sha256 D8D8014573A38DDEFEDCAE57D3B8D84687CAC2AD31BB5B1DD70D945906A4D54D; event civil timezone; Tokyo reference coordinates; Dig uses _dig_bala(method=2) canonical bounded circular-distance variant because the package default method=1 can exceed 60 virupa
GANN_JHORA_KAALA_WITNESS_COMPARATOR_V1,gann_reference_tokyo,JUPITER,vara,0.000000000,0.000000000,0.000000000,0.000000000,0.000000000,0.000000000,0.000000000,pass,pass,tie,0.500000000,Jagannatha Hora 8.0 locked visible Kaala Bala table; accessibility_sha256=2C67511E0C99CFE9F1D7132CF29259A847439D87A88A0383D331805B819C12DD; screenshot_sha256=6D1F6121DC2EB0D1A18A46C297E6BDCE98A1CFEBAD1CA974AEA46A3D700D4A63,PyJHora 4.8.7 Tier B isolated export; Raman ayanamsa; wheel sha256 D8D8014573A38DDEFEDCAE57D3B8D84687CAC2AD31BB5B1DD70D945906A4D54D; event civil timezone; Tokyo reference coordinates; Dig uses _dig_bala(method=2) canonical bounded circular-distance variant because the package default method=1 can exceed 60 virupa
GANN_JHORA_KAALA_WITNESS_COMPARATOR_V1,gann_reference_tokyo,JUPITER,yuddha,0.000000000,0.000000000,0.000000000,0.000000000,0.000000000,0.000000000,0.000000000,pass,pass,tie,0.500000000,Jagannatha Hora 8.0 locked visible Kaala Bala table; accessibility_sha256=2C67511E0C99CFE9F1D7132CF29259A847439D87A88A0383D331805B819C12DD; screenshot_sha256=6D1F6121DC2EB0D1A18A46C297E6BDCE98A1CFEBAD1CA974AEA46A3D700D4A63,PyJHora 4.8.7 Tier B isolated export; Raman ayanamsa; wheel sha256 D8D8014573A38DDEFEDCAE57D3B8D84687CAC2AD31BB5B1DD70D945906A4D54D; event civil timezone; Tokyo reference coordinates; Dig uses _dig_bala(method=2) canonical bounded circular-distance variant because the package default method=1 can exceed 60 virupa
GANN_JHORA_KAALA_WITNESS_COMPARATOR_V1,gann_reference_tokyo,MARS,abda,0.000000000,0.000000000,0.000000000,0.000000000,0.000000000,0.000000000,0.000000000,pass,pass,tie,0.500000000,Jagannatha Hora 8.0 locked visible Kaala Bala table; accessibility_sha256=2C67511E0C99CFE9F1D7132CF29259A847439D87A88A0383D331805B819C12DD; screenshot_sha256=6D1F6121DC2EB0D1A18A46C297E6BDCE98A1CFEBAD1CA974AEA46A3D700D4A63,PyJHora 4.8.7 Tier B isolated export; Raman ayanamsa; wheel sha256 D8D8014573A38DDEFEDCAE57D3B8D84687CAC2AD31BB5B1DD70D945906A4D54D; event civil timezone; Tokyo reference coordinates; Dig uses _dig_bala(method=2) canonical bounded circular-distance variant because the package default method=1 can exceed 60 virupa
GANN_JHORA_KAALA_WITNESS_COMPARATOR_V1,gann_reference_tokyo,MARS,ayana,28.490000000,26.629755549,27.410000000,1.860244451,1.080000000,1.860244451,1.080000000,fail,fail,pyjhora,0.500000000,Jagannatha Hora 8.0 locked visible Kaala Bala table; accessibility_sha256=2C67511E0C99CFE9F1D7132CF29259A847439D87A88A0383D331805B819C12DD; screenshot_sha256=6D1F6121DC2EB0D1A18A46C297E6BDCE98A1CFEBAD1CA974AEA46A3D700D4A63,PyJHora 4.8.7 Tier B isolated export; Raman ayanamsa; wheel sha256 D8D8014573A38DDEFEDCAE57D3B8D84687CAC2AD31BB5B1DD70D945906A4D54D; event civil timezone; Tokyo reference coordinates; Dig uses _dig_bala(method=2) canonical bounded circular-distance variant because the package default method=1 can exceed 60 virupa
GANN_JHORA_KAALA_WITNESS_COMPARATOR_V1,gann_reference_tokyo,MARS,hora,0.000000000,0.000000000,0.000000000,0.000000000,0.000000000,0.000000000,0.000000000,pass,pass,tie,0.500000000,Jagannatha Hora 8.0 locked visible Kaala Bala table; accessibility_sha256=2C67511E0C99CFE9F1D7132CF29259A847439D87A88A0383D331805B819C12DD; screenshot_sha256=6D1F6121DC2EB0D1A18A46C297E6BDCE98A1CFEBAD1CA974AEA46A3D700D4A63,PyJHora 4.8.7 Tier B isolated export; Raman ayanamsa; wheel sha256 D8D8014573A38DDEFEDCAE57D3B8D84687CAC2AD31BB5B1DD70D945906A4D54D; event civil timezone; Tokyo reference coordinates; Dig uses _dig_bala(method=2) canonical bounded circular-distance variant because the package default method=1 can exceed 60 virupa
GANN_JHORA_KAALA_WITNESS_COMPARATOR_V1,gann_reference_tokyo,MARS,masa,30.000000000,30.000000000,30.000000000,0.000000000,0.000000000,0.000000000,0.000000000,pass,pass,tie,0.500000000,Jagannatha Hora 8.0 locked visible Kaala Bala table; accessibility_sha256=2C67511E0C99CFE9F1D7132CF29259A847439D87A88A0383D331805B819C12DD; screenshot_sha256=6D1F6121DC2EB0D1A18A46C297E6BDCE98A1CFEBAD1CA974AEA46A3D700D4A63,PyJHora 4.8.7 Tier B isolated export; Raman ayanamsa; wheel sha256 D8D8014573A38DDEFEDCAE57D3B8D84687CAC2AD31BB5B1DD70D945906A4D54D; event civil timezone; Tokyo reference coordinates; Dig uses _dig_bala(method=2) canonical bounded circular-distance variant because the package default method=1 can exceed 60 virupa
GANN_JHORA_KAALA_WITNESS_COMPARATOR_V1,gann_reference_tokyo,MARS,nathonnatha,57.850000000,58.449900000,60.370000000,-0.599900000,-2.520000000,0.599900000,2.520000000,fail,fail,local,0.500000000,Jagannatha Hora 8.0 locked visible Kaala Bala table; accessibility_sha256=2C67511E0C99CFE9F1D7132CF29259A847439D87A88A0383D331805B819C12DD; screenshot_sha256=6D1F6121DC2EB0D1A18A46C297E6BDCE98A1CFEBAD1CA974AEA46A3D700D4A63,PyJHora 4.8.7 Tier B isolated export; Raman ayanamsa; wheel sha256 D8D8014573A38DDEFEDCAE57D3B8D84687CAC2AD31BB5B1DD70D945906A4D54D; event civil timezone; Tokyo reference coordinates; Dig uses _dig_bala(method=2) canonical bounded circular-distance variant because the package default method=1 can exceed 60 virupa
GANN_JHORA_KAALA_WITNESS_COMPARATOR_V1,gann_reference_tokyo,MARS,paksha,20.060000000,20.061819805,-20.060000000,-0.001819805,40.120000000,0.001819805,40.120000000,pass,fail,local,0.500000000,Jagannatha Hora 8.0 locked visible Kaala Bala table; accessibility_sha256=2C67511E0C99CFE9F1D7132CF29259A847439D87A88A0383D331805B819C12DD; screenshot_sha256=6D1F6121DC2EB0D1A18A46C297E6BDCE98A1CFEBAD1CA974AEA46A3D700D4A63,PyJHora 4.8.7 Tier B isolated export; Raman ayanamsa; wheel sha256 D8D8014573A38DDEFEDCAE57D3B8D84687CAC2AD31BB5B1DD70D945906A4D54D; event civil timezone; Tokyo reference coordinates; Dig uses _dig_bala(method=2) canonical bounded circular-distance variant because the package default method=1 can exceed 60 virupa
GANN_JHORA_KAALA_WITNESS_COMPARATOR_V1,gann_reference_tokyo,MARS,total,136.400000000,135.141475353,97.720000000,1.258524647,38.680000000,1.258524647,38.680000000,fail,fail,local,0.500000000,Jagannatha Hora 8.0 locked visible Kaala Bala table; accessibility_sha256=2C67511E0C99CFE9F1D7132CF29259A847439D87A88A0383D331805B819C12DD; screenshot_sha256=6D1F6121DC2EB0D1A18A46C297E6BDCE98A1CFEBAD1CA974AEA46A3D700D4A63,PyJHora 4.8.7 Tier B isolated export; Raman ayanamsa; wheel sha256 D8D8014573A38DDEFEDCAE57D3B8D84687CAC2AD31BB5B1DD70D945906A4D54D; event civil timezone; Tokyo reference coordinates; Dig uses _dig_bala(method=2) canonical bounded circular-distance variant because the package default method=1 can exceed 60 virupa
GANN_JHORA_KAALA_WITNESS_COMPARATOR_V1,gann_reference_tokyo,MARS,tribhaga,0.000000000,0.000000000,0.000000000,0.000000000,0.000000000,0.000000000,0.000000000,pass,pass,tie,0.500000000,Jagannatha Hora 8.0 locked visible Kaala Bala table; accessibility_sha256=2C67511E0C99CFE9F1D7132CF29259A847439D87A88A0383D331805B819C12DD; screenshot_sha256=6D1F6121DC2EB0D1A18A46C297E6BDCE98A1CFEBAD1CA974AEA46A3D700D4A63,PyJHora 4.8.7 Tier B isolated export; Raman ayanamsa; wheel sha256 D8D8014573A38DDEFEDCAE57D3B8D84687CAC2AD31BB5B1DD70D945906A4D54D; event civil timezone; Tokyo reference coordinates; Dig uses _dig_bala(method=2) canonical bounded circular-distance variant because the package default method=1 can exceed 60 virupa
GANN_JHORA_KAALA_WITNESS_COMPARATOR_V1,gann_reference_tokyo,MARS,vara,0.000000000,0.000000000,0.000000000,0.000000000,0.000000000,0.000000000,0.000000000,pass,pass,tie,0.500000000,Jagannatha Hora 8.0 locked visible Kaala Bala table; accessibility_sha256=2C67511E0C99CFE9F1D7132CF29259A847439D87A88A0383D331805B819C12DD; screenshot_sha256=6D1F6121DC2EB0D1A18A46C297E6BDCE98A1CFEBAD1CA974AEA46A3D700D4A63,PyJHora 4.8.7 Tier B isolated export; Raman ayanamsa; wheel sha256 D8D8014573A38DDEFEDCAE57D3B8D84687CAC2AD31BB5B1DD70D945906A4D54D; event civil timezone; Tokyo reference coordinates; Dig uses _dig_bala(method=2) canonical bounded circular-distance variant because the package default method=1 can exceed 60 virupa
GANN_JHORA_KAALA_WITNESS_COMPARATOR_V1,gann_reference_tokyo,MARS,yuddha,0.000000000,0.000000000,0.000000000,0.000000000,0.000000000,0.000000000,0.000000000,pass,pass,tie,0.500000000,Jagannatha Hora 8.0 locked visible Kaala Bala table; accessibility_sha256=2C67511E0C99CFE9F1D7132CF29259A847439D87A88A0383D331805B819C12DD; screenshot_sha256=6D1F6121DC2EB0D1A18A46C297E6BDCE98A1CFEBAD1CA974AEA46A3D700D4A63,PyJHora 4.8.7 Tier B isolated export; Raman ayanamsa; wheel sha256 D8D8014573A38DDEFEDCAE57D3B8D84687CAC2AD31BB5B1DD70D945906A4D54D; event civil timezone; Tokyo reference coordinates; Dig uses _dig_bala(method=2) canonical bounded circular-distance variant because the package default method=1 can exceed 60 virupa
GANN_JHORA_KAALA_WITNESS_COMPARATOR_V1,gann_reference_tokyo,MERCURY,abda,0.000000000,0.000000000,0.000000000,0.000000000,0.000000000,0.000000000,0.000000000,pass,pass,tie,0.500000000,Jagannatha Hora 8.0 locked visible Kaala Bala table; accessibility_sha256=2C67511E0C99CFE9F1D7132CF29259A847439D87A88A0383D331805B819C12DD; screenshot_sha256=6D1F6121DC2EB0D1A18A46C297E6BDCE98A1CFEBAD1CA974AEA46A3D700D4A63,PyJHora 4.8.7 Tier B isolated export; Raman ayanamsa; wheel sha256 D8D8014573A38DDEFEDCAE57D3B8D84687CAC2AD31BB5B1DD70D945906A4D54D; event civil timezone; Tokyo reference coordinates; Dig uses _dig_bala(method=2) canonical bounded circular-distance variant because the package default method=1 can exceed 60 virupa
GANN_JHORA_KAALA_WITNESS_COMPARATOR_V1,gann_reference_tokyo,MERCURY,ayana,43.150000000,40.408751223,44.190000000,2.741248777,-1.040000000,2.741248777,1.040000000,fail,fail,pyjhora,0.500000000,Jagannatha Hora 8.0 locked visible Kaala Bala table; accessibility_sha256=2C67511E0C99CFE9F1D7132CF29259A847439D87A88A0383D331805B819C12DD; screenshot_sha256=6D1F6121DC2EB0D1A18A46C297E6BDCE98A1CFEBAD1CA974AEA46A3D700D4A63,PyJHora 4.8.7 Tier B isolated export; Raman ayanamsa; wheel sha256 D8D8014573A38DDEFEDCAE57D3B8D84687CAC2AD31BB5B1DD70D945906A4D54D; event civil timezone; Tokyo reference coordinates; Dig uses _dig_bala(method=2) canonical bounded circular-distance variant because the package default method=1 can exceed 60 virupa
GANN_JHORA_KAALA_WITNESS_COMPARATOR_V1,gann_reference_tokyo,MERCURY,hora,0.000000000,0.000000000,0.000000000,0.000000000,0.000000000,0.000000000,0.000000000,pass,pass,tie,0.500000000,Jagannatha Hora 8.0 locked visible Kaala Bala table; accessibility_sha256=2C67511E0C99CFE9F1D7132CF29259A847439D87A88A0383D331805B819C12DD; screenshot_sha256=6D1F6121DC2EB0D1A18A46C297E6BDCE98A1CFEBAD1CA974AEA46A3D700D4A63,PyJHora 4.8.7 Tier B isolated export; Raman ayanamsa; wheel sha256 D8D8014573A38DDEFEDCAE57D3B8D84687CAC2AD31BB5B1DD70D945906A4D54D; event civil timezone; Tokyo reference coordinates; Dig uses _dig_bala(method=2) canonical bounded circular-distance variant because the package default method=1 can exceed 60 virupa
GANN_JHORA_KAALA_WITNESS_COMPARATOR_V1,gann_reference_tokyo,MERCURY,masa,0.000000000,0.000000000,0.000000000,0.000000000,0.000000000,0.000000000,0.000000000,pass,pass,tie,0.500000000,Jagannatha Hora 8.0 locked visible Kaala Bala table; accessibility_sha256=2C67511E0C99CFE9F1D7132CF29259A847439D87A88A0383D331805B819C12DD; screenshot_sha256=6D1F6121DC2EB0D1A18A46C297E6BDCE98A1CFEBAD1CA974AEA46A3D700D4A63,PyJHora 4.8.7 Tier B isolated export; Raman ayanamsa; wheel sha256 D8D8014573A38DDEFEDCAE57D3B8D84687CAC2AD31BB5B1DD70D945906A4D54D; event civil timezone; Tokyo reference coordinates; Dig uses _dig_bala(method=2) canonical bounded circular-distance variant because the package default method=1 can exceed 60 virupa
GANN_JHORA_KAALA_WITNESS_COMPARATOR_V1,gann_reference_tokyo,MERCURY,nathonnatha,60.000000000,60.000000000,60.000000000,0.000000000,0.000000000,0.000000000,0.000000000,pass,pass,tie,0.500000000,Jagannatha Hora 8.0 locked visible Kaala Bala table; accessibility_sha256=2C67511E0C99CFE9F1D7132CF29259A847439D87A88A0383D331805B819C12DD; screenshot_sha256=6D1F6121DC2EB0D1A18A46C297E6BDCE98A1CFEBAD1CA974AEA46A3D700D4A63,PyJHora 4.8.7 Tier B isolated export; Raman ayanamsa; wheel sha256 D8D8014573A38DDEFEDCAE57D3B8D84687CAC2AD31BB5B1DD70D945906A4D54D; event civil timezone; Tokyo reference coordinates; Dig uses _dig_bala(method=2) canonical bounded circular-distance variant because the package default method=1 can exceed 60 virupa
GANN_JHORA_KAALA_WITNESS_COMPARATOR_V1,gann_reference_tokyo,MERCURY,paksha,20.060000000,20.061819805,-20.060000000,-0.001819805,40.120000000,0.001819805,40.120000000,pass,fail,local,0.500000000,Jagannatha Hora 8.0 locked visible Kaala Bala table; accessibility_sha256=2C67511E0C99CFE9F1D7132CF29259A847439D87A88A0383D331805B819C12DD; screenshot_sha256=6D1F6121DC2EB0D1A18A46C297E6BDCE98A1CFEBAD1CA974AEA46A3D700D4A63,PyJHora 4.8.7 Tier B isolated export; Raman ayanamsa; wheel sha256 D8D8014573A38DDEFEDCAE57D3B8D84687CAC2AD31BB5B1DD70D945906A4D54D; event civil timezone; Tokyo reference coordinates; Dig uses _dig_bala(method=2) canonical bounded circular-distance variant because the package default method=1 can exceed 60 virupa
GANN_JHORA_KAALA_WITNESS_COMPARATOR_V1,gann_reference_tokyo,MERCURY,total,123.210000000,120.470571028,84.130000000,2.739428972,39.080000000,2.739428972,39.080000000,fail,fail,local,0.500000000,Jagannatha Hora 8.0 locked visible Kaala Bala table; accessibility_sha256=2C67511E0C99CFE9F1D7132CF29259A847439D87A88A0383D331805B819C12DD; screenshot_sha256=6D1F6121DC2EB0D1A18A46C297E6BDCE98A1CFEBAD1CA974AEA46A3D700D4A63,PyJHora 4.8.7 Tier B isolated export; Raman ayanamsa; wheel sha256 D8D8014573A38DDEFEDCAE57D3B8D84687CAC2AD31BB5B1DD70D945906A4D54D; event civil timezone; Tokyo reference coordinates; Dig uses _dig_bala(method=2) canonical bounded circular-distance variant because the package default method=1 can exceed 60 virupa
GANN_JHORA_KAALA_WITNESS_COMPARATOR_V1,gann_reference_tokyo,MERCURY,tribhaga,0.000000000,0.000000000,0.000000000,0.000000000,0.000000000,0.000000000,0.000000000,pass,pass,tie,0.500000000,Jagannatha Hora 8.0 locked visible Kaala Bala table; accessibility_sha256=2C67511E0C99CFE9F1D7132CF29259A847439D87A88A0383D331805B819C12DD; screenshot_sha256=6D1F6121DC2EB0D1A18A46C297E6BDCE98A1CFEBAD1CA974AEA46A3D700D4A63,PyJHora 4.8.7 Tier B isolated export; Raman ayanamsa; wheel sha256 D8D8014573A38DDEFEDCAE57D3B8D84687CAC2AD31BB5B1DD70D945906A4D54D; event civil timezone; Tokyo reference coordinates; Dig uses _dig_bala(method=2) canonical bounded circular-distance variant because the package default method=1 can exceed 60 virupa
GANN_JHORA_KAALA_WITNESS_COMPARATOR_V1,gann_reference_tokyo,MERCURY,vara,0.000000000,0.000000000,0.000000000,0.000000000,0.000000000,0.000000000,0.000000000,pass,pass,tie,0.500000000,Jagannatha Hora 8.0 locked visible Kaala Bala table; accessibility_sha256=2C67511E0C99CFE9F1D7132CF29259A847439D87A88A0383D331805B819C12DD; screenshot_sha256=6D1F6121DC2EB0D1A18A46C297E6BDCE98A1CFEBAD1CA974AEA46A3D700D4A63,PyJHora 4.8.7 Tier B isolated export; Raman ayanamsa; wheel sha256 D8D8014573A38DDEFEDCAE57D3B8D84687CAC2AD31BB5B1DD70D945906A4D54D; event civil timezone; Tokyo reference coordinates; Dig uses _dig_bala(method=2) canonical bounded circular-distance variant because the package default method=1 can exceed 60 virupa
GANN_JHORA_KAALA_WITNESS_COMPARATOR_V1,gann_reference_tokyo,MERCURY,yuddha,0.000000000,0.000000000,0.000000000,0.000000000,0.000000000,0.000000000,0.000000000,pass,pass,tie,0.500000000,Jagannatha Hora 8.0 locked visible Kaala Bala table; accessibility_sha256=2C67511E0C99CFE9F1D7132CF29259A847439D87A88A0383D331805B819C12DD; screenshot_sha256=6D1F6121DC2EB0D1A18A46C297E6BDCE98A1CFEBAD1CA974AEA46A3D700D4A63,PyJHora 4.8.7 Tier B isolated export; Raman ayanamsa; wheel sha256 D8D8014573A38DDEFEDCAE57D3B8D84687CAC2AD31BB5B1DD70D945906A4D54D; event civil timezone; Tokyo reference coordinates; Dig uses _dig_bala(method=2) canonical bounded circular-distance variant because the package default method=1 can exceed 60 virupa
GANN_JHORA_KAALA_WITNESS_COMPARATOR_V1,gann_reference_tokyo,MOON,abda,0.000000000,0.000000000,0.000000000,0.000000000,0.000000000,0.000000000,0.000000000,pass,pass,tie,0.500000000,Jagannatha Hora 8.0 locked visible Kaala Bala table; accessibility_sha256=2C67511E0C99CFE9F1D7132CF29259A847439D87A88A0383D331805B819C12DD; screenshot_sha256=6D1F6121DC2EB0D1A18A46C297E6BDCE98A1CFEBAD1CA974AEA46A3D700D4A63,PyJHora 4.8.7 Tier B isolated export; Raman ayanamsa; wheel sha256 D8D8014573A38DDEFEDCAE57D3B8D84687CAC2AD31BB5B1DD70D945906A4D54D; event civil timezone; Tokyo reference coordinates; Dig uses _dig_bala(method=2) canonical bounded circular-distance variant because the package default method=1 can exceed 60 virupa
GANN_JHORA_KAALA_WITNESS_COMPARATOR_V1,gann_reference_tokyo,MOON,ayana,0.430000000,3.554089361,0.330000000,-3.124089361,0.100000000,3.124089361,0.100000000,fail,pass,pyjhora,0.500000000,Jagannatha Hora 8.0 locked visible Kaala Bala table; accessibility_sha256=2C67511E0C99CFE9F1D7132CF29259A847439D87A88A0383D331805B819C12DD; screenshot_sha256=6D1F6121DC2EB0D1A18A46C297E6BDCE98A1CFEBAD1CA974AEA46A3D700D4A63,PyJHora 4.8.7 Tier B isolated export; Raman ayanamsa; wheel sha256 D8D8014573A38DDEFEDCAE57D3B8D84687CAC2AD31BB5B1DD70D945906A4D54D; event civil timezone; Tokyo reference coordinates; Dig uses _dig_bala(method=2) canonical bounded circular-distance variant because the package default method=1 can exceed 60 virupa
GANN_JHORA_KAALA_WITNESS_COMPARATOR_V1,gann_reference_tokyo,MOON,hora,60.000000000,60.000000000,0.000000000,0.000000000,60.000000000,0.000000000,60.000000000,pass,fail,local,0.500000000,Jagannatha Hora 8.0 locked visible Kaala Bala table; accessibility_sha256=2C67511E0C99CFE9F1D7132CF29259A847439D87A88A0383D331805B819C12DD; screenshot_sha256=6D1F6121DC2EB0D1A18A46C297E6BDCE98A1CFEBAD1CA974AEA46A3D700D4A63,PyJHora 4.8.7 Tier B isolated export; Raman ayanamsa; wheel sha256 D8D8014573A38DDEFEDCAE57D3B8D84687CAC2AD31BB5B1DD70D945906A4D54D; event civil timezone; Tokyo reference coordinates; Dig uses _dig_bala(method=2) canonical bounded circular-distance variant because the package default method=1 can exceed 60 virupa
GANN_JHORA_KAALA_WITNESS_COMPARATOR_V1,gann_reference_tokyo,MOON,masa,0.000000000,0.000000000,0.000000000,0.000000000,0.000000000,0.000000000,0.000000000,pass,pass,tie,0.500000000,Jagannatha Hora 8.0 locked visible Kaala Bala table; accessibility_sha256=2C67511E0C99CFE9F1D7132CF29259A847439D87A88A0383D331805B819C12DD; screenshot_sha256=6D1F6121DC2EB0D1A18A46C297E6BDCE98A1CFEBAD1CA974AEA46A3D700D4A63,PyJHora 4.8.7 Tier B isolated export; Raman ayanamsa; wheel sha256 D8D8014573A38DDEFEDCAE57D3B8D84687CAC2AD31BB5B1DD70D945906A4D54D; event civil timezone; Tokyo reference coordinates; Dig uses _dig_bala(method=2) canonical bounded circular-distance variant because the package default method=1 can exceed 60 virupa
GANN_JHORA_KAALA_WITNESS_COMPARATOR_V1,gann_reference_tokyo,MOON,nathonnatha,57.850000000,58.449900000,60.370000000,-0.599900000,-2.520000000,0.599900000,2.520000000,fail,fail,local,0.500000000,Jagannatha Hora 8.0 locked visible Kaala Bala table; accessibility_sha256=2C67511E0C99CFE9F1D7132CF29259A847439D87A88A0383D331805B819C12DD; screenshot_sha256=6D1F6121DC2EB0D1A18A46C297E6BDCE98A1CFEBAD1CA974AEA46A3D700D4A63,PyJHora 4.8.7 Tier B isolated export; Raman ayanamsa; wheel sha256 D8D8014573A38DDEFEDCAE57D3B8D84687CAC2AD31BB5B1DD70D945906A4D54D; event civil timezone; Tokyo reference coordinates; Dig uses _dig_bala(method=2) canonical bounded circular-distance variant because the package default method=1 can exceed 60 virupa
GANN_JHORA_KAALA_WITNESS_COMPARATOR_V1,gann_reference_tokyo,MOON,paksha,79.880000000,79.876360391,160.120000000,0.003639609,-80.240000000,0.003639609,80.240000000,pass,fail,local,0.500000000,Jagannatha Hora 8.0 locked visible Kaala Bala table; accessibility_sha256=2C67511E0C99CFE9F1D7132CF29259A847439D87A88A0383D331805B819C12DD; screenshot_sha256=6D1F6121DC2EB0D1A18A46C297E6BDCE98A1CFEBAD1CA974AEA46A3D700D4A63,PyJHora 4.8.7 Tier B isolated export; Raman ayanamsa; wheel sha256 D8D8014573A38DDEFEDCAE57D3B8D84687CAC2AD31BB5B1DD70D945906A4D54D; event civil timezone; Tokyo reference coordinates; Dig uses _dig_bala(method=2) canonical bounded circular-distance variant because the package default method=1 can exceed 60 virupa
GANN_JHORA_KAALA_WITNESS_COMPARATOR_V1,gann_reference_tokyo,MOON,total,198.150000000,201.880349752,220.820000000,-3.730349752,-22.670000000,3.730349752,22.670000000,fail,fail,local,0.500000000,Jagannatha Hora 8.0 locked visible Kaala Bala table; accessibility_sha256=2C67511E0C99CFE9F1D7132CF29259A847439D87A88A0383D331805B819C12DD; screenshot_sha256=6D1F6121DC2EB0D1A18A46C297E6BDCE98A1CFEBAD1CA974AEA46A3D700D4A63,PyJHora 4.8.7 Tier B isolated export; Raman ayanamsa; wheel sha256 D8D8014573A38DDEFEDCAE57D3B8D84687CAC2AD31BB5B1DD70D945906A4D54D; event civil timezone; Tokyo reference coordinates; Dig uses _dig_bala(method=2) canonical bounded circular-distance variant because the package default method=1 can exceed 60 virupa
GANN_JHORA_KAALA_WITNESS_COMPARATOR_V1,gann_reference_tokyo,MOON,tribhaga,0.000000000,0.000000000,0.000000000,0.000000000,0.000000000,0.000000000,0.000000000,pass,pass,tie,0.500000000,Jagannatha Hora 8.0 locked visible Kaala Bala table; accessibility_sha256=2C67511E0C99CFE9F1D7132CF29259A847439D87A88A0383D331805B819C12DD; screenshot_sha256=6D1F6121DC2EB0D1A18A46C297E6BDCE98A1CFEBAD1CA974AEA46A3D700D4A63,PyJHora 4.8.7 Tier B isolated export; Raman ayanamsa; wheel sha256 D8D8014573A38DDEFEDCAE57D3B8D84687CAC2AD31BB5B1DD70D945906A4D54D; event civil timezone; Tokyo reference coordinates; Dig uses _dig_bala(method=2) canonical bounded circular-distance variant because the package default method=1 can exceed 60 virupa
GANN_JHORA_KAALA_WITNESS_COMPARATOR_V1,gann_reference_tokyo,MOON,vara,0.000000000,0.000000000,0.000000000,0.000000000,0.000000000,0.000000000,0.000000000,pass,pass,tie,0.500000000,Jagannatha Hora 8.0 locked visible Kaala Bala table; accessibility_sha256=2C67511E0C99CFE9F1D7132CF29259A847439D87A88A0383D331805B819C12DD; screenshot_sha256=6D1F6121DC2EB0D1A18A46C297E6BDCE98A1CFEBAD1CA974AEA46A3D700D4A63,PyJHora 4.8.7 Tier B isolated export; Raman ayanamsa; wheel sha256 D8D8014573A38DDEFEDCAE57D3B8D84687CAC2AD31BB5B1DD70D945906A4D54D; event civil timezone; Tokyo reference coordinates; Dig uses _dig_bala(method=2) canonical bounded circular-distance variant because the package default method=1 can exceed 60 virupa
GANN_JHORA_KAALA_WITNESS_COMPARATOR_V1,gann_reference_tokyo,MOON,yuddha,0.000000000,0.000000000,0.000000000,0.000000000,0.000000000,0.000000000,0.000000000,pass,pass,tie,0.500000000,Jagannatha Hora 8.0 locked visible Kaala Bala table; accessibility_sha256=2C67511E0C99CFE9F1D7132CF29259A847439D87A88A0383D331805B819C12DD; screenshot_sha256=6D1F6121DC2EB0D1A18A46C297E6BDCE98A1CFEBAD1CA974AEA46A3D700D4A63,PyJHora 4.8.7 Tier B isolated export; Raman ayanamsa; wheel sha256 D8D8014573A38DDEFEDCAE57D3B8D84687CAC2AD31BB5B1DD70D945906A4D54D; event civil timezone; Tokyo reference coordinates; Dig uses _dig_bala(method=2) canonical bounded circular-distance variant because the package default method=1 can exceed 60 virupa
GANN_JHORA_KAALA_WITNESS_COMPARATOR_V1,gann_reference_tokyo,SATURN,abda,0.000000000,0.000000000,0.000000000,0.000000000,0.000000000,0.000000000,0.000000000,pass,pass,tie,0.500000000,Jagannatha Hora 8.0 locked visible Kaala Bala table; accessibility_sha256=2C67511E0C99CFE9F1D7132CF29259A847439D87A88A0383D331805B819C12DD; screenshot_sha256=6D1F6121DC2EB0D1A18A46C297E6BDCE98A1CFEBAD1CA974AEA46A3D700D4A63,PyJHora 4.8.7 Tier B isolated export; Raman ayanamsa; wheel sha256 D8D8014573A38DDEFEDCAE57D3B8D84687CAC2AD31BB5B1DD70D945906A4D54D; event civil timezone; Tokyo reference coordinates; Dig uses _dig_bala(method=2) canonical bounded circular-distance variant because the package default method=1 can exceed 60 virupa
GANN_JHORA_KAALA_WITNESS_COMPARATOR_V1,gann_reference_tokyo,SATURN,ayana,10.640000000,8.250975983,9.700000000,2.389024017,0.940000000,2.389024017,0.940000000,fail,fail,pyjhora,0.500000000,Jagannatha Hora 8.0 locked visible Kaala Bala table; accessibility_sha256=2C67511E0C99CFE9F1D7132CF29259A847439D87A88A0383D331805B819C12DD; screenshot_sha256=6D1F6121DC2EB0D1A18A46C297E6BDCE98A1CFEBAD1CA974AEA46A3D700D4A63,PyJHora 4.8.7 Tier B isolated export; Raman ayanamsa; wheel sha256 D8D8014573A38DDEFEDCAE57D3B8D84687CAC2AD31BB5B1DD70D945906A4D54D; event civil timezone; Tokyo reference coordinates; Dig uses _dig_bala(method=2) canonical bounded circular-distance variant because the package default method=1 can exceed 60 virupa
GANN_JHORA_KAALA_WITNESS_COMPARATOR_V1,gann_reference_tokyo,SATURN,hora,0.000000000,0.000000000,0.000000000,0.000000000,0.000000000,0.000000000,0.000000000,pass,pass,tie,0.500000000,Jagannatha Hora 8.0 locked visible Kaala Bala table; accessibility_sha256=2C67511E0C99CFE9F1D7132CF29259A847439D87A88A0383D331805B819C12DD; screenshot_sha256=6D1F6121DC2EB0D1A18A46C297E6BDCE98A1CFEBAD1CA974AEA46A3D700D4A63,PyJHora 4.8.7 Tier B isolated export; Raman ayanamsa; wheel sha256 D8D8014573A38DDEFEDCAE57D3B8D84687CAC2AD31BB5B1DD70D945906A4D54D; event civil timezone; Tokyo reference coordinates; Dig uses _dig_bala(method=2) canonical bounded circular-distance variant because the package default method=1 can exceed 60 virupa
GANN_JHORA_KAALA_WITNESS_COMPARATOR_V1,gann_reference_tokyo,SATURN,masa,0.000000000,0.000000000,0.000000000,0.000000000,0.000000000,0.000000000,0.000000000,pass,pass,tie,0.500000000,Jagannatha Hora 8.0 locked visible Kaala Bala table; accessibility_sha256=2C67511E0C99CFE9F1D7132CF29259A847439D87A88A0383D331805B819C12DD; screenshot_sha256=6D1F6121DC2EB0D1A18A46C297E6BDCE98A1CFEBAD1CA974AEA46A3D700D4A63,PyJHora 4.8.7 Tier B isolated export; Raman ayanamsa; wheel sha256 D8D8014573A38DDEFEDCAE57D3B8D84687CAC2AD31BB5B1DD70D945906A4D54D; event civil timezone; Tokyo reference coordinates; Dig uses _dig_bala(method=2) canonical bounded circular-distance variant because the package default method=1 can exceed 60 virupa
GANN_JHORA_KAALA_WITNESS_COMPARATOR_V1,gann_reference_tokyo,SATURN,nathonnatha,57.850000000,58.449900000,60.370000000,-0.599900000,-2.520000000,0.599900000,2.520000000,fail,fail,local,0.500000000,Jagannatha Hora 8.0 locked visible Kaala Bala table; accessibility_sha256=2C67511E0C99CFE9F1D7132CF29259A847439D87A88A0383D331805B819C12DD; screenshot_sha256=6D1F6121DC2EB0D1A18A46C297E6BDCE98A1CFEBAD1CA974AEA46A3D700D4A63,PyJHora 4.8.7 Tier B isolated export; Raman ayanamsa; wheel sha256 D8D8014573A38DDEFEDCAE57D3B8D84687CAC2AD31BB5B1DD70D945906A4D54D; event civil timezone; Tokyo reference coordinates; Dig uses _dig_bala(method=2) canonical bounded circular-distance variant because the package default method=1 can exceed 60 virupa
GANN_JHORA_KAALA_WITNESS_COMPARATOR_V1,gann_reference_tokyo,SATURN,paksha,20.060000000,20.061819805,-20.060000000,-0.001819805,40.120000000,0.001819805,40.120000000,pass,fail,local,0.500000000,Jagannatha Hora 8.0 locked visible Kaala Bala table; accessibility_sha256=2C67511E0C99CFE9F1D7132CF29259A847439D87A88A0383D331805B819C12DD; screenshot_sha256=6D1F6121DC2EB0D1A18A46C297E6BDCE98A1CFEBAD1CA974AEA46A3D700D4A63,PyJHora 4.8.7 Tier B isolated export; Raman ayanamsa; wheel sha256 D8D8014573A38DDEFEDCAE57D3B8D84687CAC2AD31BB5B1DD70D945906A4D54D; event civil timezone; Tokyo reference coordinates; Dig uses _dig_bala(method=2) canonical bounded circular-distance variant because the package default method=1 can exceed 60 virupa
GANN_JHORA_KAALA_WITNESS_COMPARATOR_V1,gann_reference_tokyo,SATURN,total,88.550000000,86.762695788,50.010000000,1.787304212,38.540000000,1.787304212,38.540000000,fail,fail,local,0.500000000,Jagannatha Hora 8.0 locked visible Kaala Bala table; accessibility_sha256=2C67511E0C99CFE9F1D7132CF29259A847439D87A88A0383D331805B819C12DD; screenshot_sha256=6D1F6121DC2EB0D1A18A46C297E6BDCE98A1CFEBAD1CA974AEA46A3D700D4A63,PyJHora 4.8.7 Tier B isolated export; Raman ayanamsa; wheel sha256 D8D8014573A38DDEFEDCAE57D3B8D84687CAC2AD31BB5B1DD70D945906A4D54D; event civil timezone; Tokyo reference coordinates; Dig uses _dig_bala(method=2) canonical bounded circular-distance variant because the package default method=1 can exceed 60 virupa
GANN_JHORA_KAALA_WITNESS_COMPARATOR_V1,gann_reference_tokyo,SATURN,tribhaga,0.000000000,0.000000000,0.000000000,0.000000000,0.000000000,0.000000000,0.000000000,pass,pass,tie,0.500000000,Jagannatha Hora 8.0 locked visible Kaala Bala table; accessibility_sha256=2C67511E0C99CFE9F1D7132CF29259A847439D87A88A0383D331805B819C12DD; screenshot_sha256=6D1F6121DC2EB0D1A18A46C297E6BDCE98A1CFEBAD1CA974AEA46A3D700D4A63,PyJHora 4.8.7 Tier B isolated export; Raman ayanamsa; wheel sha256 D8D8014573A38DDEFEDCAE57D3B8D84687CAC2AD31BB5B1DD70D945906A4D54D; event civil timezone; Tokyo reference coordinates; Dig uses _dig_bala(method=2) canonical bounded circular-distance variant because the package default method=1 can exceed 60 virupa
GANN_JHORA_KAALA_WITNESS_COMPARATOR_V1,gann_reference_tokyo,SATURN,vara,0.000000000,0.000000000,0.000000000,0.000000000,0.000000000,0.000000000,0.000000000,pass,pass,tie,0.500000000,Jagannatha Hora 8.0 locked visible Kaala Bala table; accessibility_sha256=2C67511E0C99CFE9F1D7132CF29259A847439D87A88A0383D331805B819C12DD; screenshot_sha256=6D1F6121DC2EB0D1A18A46C297E6BDCE98A1CFEBAD1CA974AEA46A3D700D4A63,PyJHora 4.8.7 Tier B isolated export; Raman ayanamsa; wheel sha256 D8D8014573A38DDEFEDCAE57D3B8D84687CAC2AD31BB5B1DD70D945906A4D54D; event civil timezone; Tokyo reference coordinates; Dig uses _dig_bala(method=2) canonical bounded circular-distance variant because the package default method=1 can exceed 60 virupa
GANN_JHORA_KAALA_WITNESS_COMPARATOR_V1,gann_reference_tokyo,SATURN,yuddha,0.000000000,0.000000000,0.000000000,0.000000000,0.000000000,0.000000000,0.000000000,pass,pass,tie,0.500000000,Jagannatha Hora 8.0 locked visible Kaala Bala table; accessibility_sha256=2C67511E0C99CFE9F1D7132CF29259A847439D87A88A0383D331805B819C12DD; screenshot_sha256=6D1F6121DC2EB0D1A18A46C297E6BDCE98A1CFEBAD1CA974AEA46A3D700D4A63,PyJHora 4.8.7 Tier B isolated export; Raman ayanamsa; wheel sha256 D8D8014573A38DDEFEDCAE57D3B8D84687CAC2AD31BB5B1DD70D945906A4D54D; event civil timezone; Tokyo reference coordinates; Dig uses _dig_bala(method=2) canonical bounded circular-distance variant because the package default method=1 can exceed 60 virupa
GANN_JHORA_KAALA_WITNESS_COMPARATOR_V1,gann_reference_tokyo,SUN,abda,15.000000000,15.000000000,15.000000000,0.000000000,0.000000000,0.000000000,0.000000000,pass,pass,tie,0.500000000,Jagannatha Hora 8.0 locked visible Kaala Bala table; accessibility_sha256=2C67511E0C99CFE9F1D7132CF29259A847439D87A88A0383D331805B819C12DD; screenshot_sha256=6D1F6121DC2EB0D1A18A46C297E6BDCE98A1CFEBAD1CA974AEA46A3D700D4A63,PyJHora 4.8.7 Tier B isolated export; Raman ayanamsa; wheel sha256 D8D8014573A38DDEFEDCAE57D3B8D84687CAC2AD31BB5B1DD70D945906A4D54D; event civil timezone; Tokyo reference coordinates; Dig uses _dig_bala(method=2) canonical bounded circular-distance variant because the package default method=1 can exceed 60 virupa
GANN_JHORA_KAALA_WITNESS_COMPARATOR_V1,gann_reference_tokyo,SUN,ayana,25.950000000,23.817801497,23.920000000,2.132198503,2.030000000,2.132198503,2.030000000,fail,fail,pyjhora,0.500000000,Jagannatha Hora 8.0 locked visible Kaala Bala table; accessibility_sha256=2C67511E0C99CFE9F1D7132CF29259A847439D87A88A0383D331805B819C12DD; screenshot_sha256=6D1F6121DC2EB0D1A18A46C297E6BDCE98A1CFEBAD1CA974AEA46A3D700D4A63,PyJHora 4.8.7 Tier B isolated export; Raman ayanamsa; wheel sha256 D8D8014573A38DDEFEDCAE57D3B8D84687CAC2AD31BB5B1DD70D945906A4D54D; event civil timezone; Tokyo reference coordinates; Dig uses _dig_bala(method=2) canonical bounded circular-distance variant because the package default method=1 can exceed 60 virupa
GANN_JHORA_KAALA_WITNESS_COMPARATOR_V1,gann_reference_tokyo,SUN,hora,0.000000000,0.000000000,0.000000000,0.000000000,0.000000000,0.000000000,0.000000000,pass,pass,tie,0.500000000,Jagannatha Hora 8.0 locked visible Kaala Bala table; accessibility_sha256=2C67511E0C99CFE9F1D7132CF29259A847439D87A88A0383D331805B819C12DD; screenshot_sha256=6D1F6121DC2EB0D1A18A46C297E6BDCE98A1CFEBAD1CA974AEA46A3D700D4A63,PyJHora 4.8.7 Tier B isolated export; Raman ayanamsa; wheel sha256 D8D8014573A38DDEFEDCAE57D3B8D84687CAC2AD31BB5B1DD70D945906A4D54D; event civil timezone; Tokyo reference coordinates; Dig uses _dig_bala(method=2) canonical bounded circular-distance variant because the package default method=1 can exceed 60 virupa
GANN_JHORA_KAALA_WITNESS_COMPARATOR_V1,gann_reference_tokyo,SUN,masa,0.000000000,0.000000000,0.000000000,0.000000000,0.000000000,0.000000000,0.000000000,pass,pass,tie,0.500000000,Jagannatha Hora 8.0 locked visible Kaala Bala table; accessibility_sha256=2C67511E0C99CFE9F1D7132CF29259A847439D87A88A0383D331805B819C12DD; screenshot_sha256=6D1F6121DC2EB0D1A18A46C297E6BDCE98A1CFEBAD1CA974AEA46A3D700D4A63,PyJHora 4.8.7 Tier B isolated export; Raman ayanamsa; wheel sha256 D8D8014573A38DDEFEDCAE57D3B8D84687CAC2AD31BB5B1DD70D945906A4D54D; event civil timezone; Tokyo reference coordinates; Dig uses _dig_bala(method=2) canonical bounded circular-distance variant because the package default method=1 can exceed 60 virupa
GANN_JHORA_KAALA_WITNESS_COMPARATOR_V1,gann_reference_tokyo,SUN,nathonnatha,2.150000000,1.550100000,-0.370000000,0.599900000,2.520000000,0.599900000,2.520000000,fail,fail,local,0.500000000,Jagannatha Hora 8.0 locked visible Kaala Bala table; accessibility_sha256=2C67511E0C99CFE9F1D7132CF29259A847439D87A88A0383D331805B819C12DD; screenshot_sha256=6D1F6121DC2EB0D1A18A46C297E6BDCE98A1CFEBAD1CA974AEA46A3D700D4A63,PyJHora 4.8.7 Tier B isolated export; Raman ayanamsa; wheel sha256 D8D8014573A38DDEFEDCAE57D3B8D84687CAC2AD31BB5B1DD70D945906A4D54D; event civil timezone; Tokyo reference coordinates; Dig uses _dig_bala(method=2) canonical bounded circular-distance variant because the package default method=1 can exceed 60 virupa
GANN_JHORA_KAALA_WITNESS_COMPARATOR_V1,gann_reference_tokyo,SUN,paksha,20.060000000,20.061819805,-20.060000000,-0.001819805,40.120000000,0.001819805,40.120000000,pass,fail,local,0.500000000,Jagannatha Hora 8.0 locked visible Kaala Bala table; accessibility_sha256=2C67511E0C99CFE9F1D7132CF29259A847439D87A88A0383D331805B819C12DD; screenshot_sha256=6D1F6121DC2EB0D1A18A46C297E6BDCE98A1CFEBAD1CA974AEA46A3D700D4A63,PyJHora 4.8.7 Tier B isolated export; Raman ayanamsa; wheel sha256 D8D8014573A38DDEFEDCAE57D3B8D84687CAC2AD31BB5B1DD70D945906A4D54D; event civil timezone; Tokyo reference coordinates; Dig uses _dig_bala(method=2) canonical bounded circular-distance variant because the package default method=1 can exceed 60 virupa
GANN_JHORA_KAALA_WITNESS_COMPARATOR_V1,gann_reference_tokyo,SUN,total,108.160000000,105.429721302,63.490000000,2.730278698,44.670000000,2.730278698,44.670000000,fail,fail,local,0.500000000,Jagannatha Hora 8.0 locked visible Kaala Bala table; accessibility_sha256=2C67511E0C99CFE9F1D7132CF29259A847439D87A88A0383D331805B819C12DD; screenshot_sha256=6D1F6121DC2EB0D1A18A46C297E6BDCE98A1CFEBAD1CA974AEA46A3D700D4A63,PyJHora 4.8.7 Tier B isolated export; Raman ayanamsa; wheel sha256 D8D8014573A38DDEFEDCAE57D3B8D84687CAC2AD31BB5B1DD70D945906A4D54D; event civil timezone; Tokyo reference coordinates; Dig uses _dig_bala(method=2) canonical bounded circular-distance variant because the package default method=1 can exceed 60 virupa
GANN_JHORA_KAALA_WITNESS_COMPARATOR_V1,gann_reference_tokyo,SUN,tribhaga,0.000000000,0.000000000,0.000000000,0.000000000,0.000000000,0.000000000,0.000000000,pass,pass,tie,0.500000000,Jagannatha Hora 8.0 locked visible Kaala Bala table; accessibility_sha256=2C67511E0C99CFE9F1D7132CF29259A847439D87A88A0383D331805B819C12DD; screenshot_sha256=6D1F6121DC2EB0D1A18A46C297E6BDCE98A1CFEBAD1CA974AEA46A3D700D4A63,PyJHora 4.8.7 Tier B isolated export; Raman ayanamsa; wheel sha256 D8D8014573A38DDEFEDCAE57D3B8D84687CAC2AD31BB5B1DD70D945906A4D54D; event civil timezone; Tokyo reference coordinates; Dig uses _dig_bala(method=2) canonical bounded circular-distance variant because the package default method=1 can exceed 60 virupa
GANN_JHORA_KAALA_WITNESS_COMPARATOR_V1,gann_reference_tokyo,SUN,vara,45.000000000,45.000000000,45.000000000,0.000000000,0.000000000,0.000000000,0.000000000,pass,pass,tie,0.500000000,Jagannatha Hora 8.0 locked visible Kaala Bala table; accessibility_sha256=2C67511E0C99CFE9F1D7132CF29259A847439D87A88A0383D331805B819C12DD; screenshot_sha256=6D1F6121DC2EB0D1A18A46C297E6BDCE98A1CFEBAD1CA974AEA46A3D700D4A63,PyJHora 4.8.7 Tier B isolated export; Raman ayanamsa; wheel sha256 D8D8014573A38DDEFEDCAE57D3B8D84687CAC2AD31BB5B1DD70D945906A4D54D; event civil timezone; Tokyo reference coordinates; Dig uses _dig_bala(method=2) canonical bounded circular-distance variant because the package default method=1 can exceed 60 virupa
GANN_JHORA_KAALA_WITNESS_COMPARATOR_V1,gann_reference_tokyo,SUN,yuddha,0.000000000,0.000000000,0.000000000,0.000000000,0.000000000,0.000000000,0.000000000,pass,pass,tie,0.500000000,Jagannatha Hora 8.0 locked visible Kaala Bala table; accessibility_sha256=2C67511E0C99CFE9F1D7132CF29259A847439D87A88A0383D331805B819C12DD; screenshot_sha256=6D1F6121DC2EB0D1A18A46C297E6BDCE98A1CFEBAD1CA974AEA46A3D700D4A63,PyJHora 4.8.7 Tier B isolated export; Raman ayanamsa; wheel sha256 D8D8014573A38DDEFEDCAE57D3B8D84687CAC2AD31BB5B1DD70D945906A4D54D; event civil timezone; Tokyo reference coordinates; Dig uses _dig_bala(method=2) canonical bounded circular-distance variant because the package default method=1 can exceed 60 virupa
GANN_JHORA_KAALA_WITNESS_COMPARATOR_V1,gann_reference_tokyo,VENUS,abda,0.000000000,0.000000000,0.000000000,0.000000000,0.000000000,0.000000000,0.000000000,pass,pass,tie,0.500000000,Jagannatha Hora 8.0 locked visible Kaala Bala table; accessibility_sha256=2C67511E0C99CFE9F1D7132CF29259A847439D87A88A0383D331805B819C12DD; screenshot_sha256=6D1F6121DC2EB0D1A18A46C297E6BDCE98A1CFEBAD1CA974AEA46A3D700D4A63,PyJHora 4.8.7 Tier B isolated export; Raman ayanamsa; wheel sha256 D8D8014573A38DDEFEDCAE57D3B8D84687CAC2AD31BB5B1DD70D945906A4D54D; event civil timezone; Tokyo reference coordinates; Dig uses _dig_bala(method=2) canonical bounded circular-distance variant because the package default method=1 can exceed 60 virupa
GANN_JHORA_KAALA_WITNESS_COMPARATOR_V1,gann_reference_tokyo,VENUS,ayana,35.370000000,35.410075565,25.680000000,-0.040075565,9.690000000,0.040075565,9.690000000,pass,fail,local,0.500000000,Jagannatha Hora 8.0 locked visible Kaala Bala table; accessibility_sha256=2C67511E0C99CFE9F1D7132CF29259A847439D87A88A0383D331805B819C12DD; screenshot_sha256=6D1F6121DC2EB0D1A18A46C297E6BDCE98A1CFEBAD1CA974AEA46A3D700D4A63,PyJHora 4.8.7 Tier B isolated export; Raman ayanamsa; wheel sha256 D8D8014573A38DDEFEDCAE57D3B8D84687CAC2AD31BB5B1DD70D945906A4D54D; event civil timezone; Tokyo reference coordinates; Dig uses _dig_bala(method=2) canonical bounded circular-distance variant because the package default method=1 can exceed 60 virupa
GANN_JHORA_KAALA_WITNESS_COMPARATOR_V1,gann_reference_tokyo,VENUS,hora,0.000000000,0.000000000,60.000000000,0.000000000,-60.000000000,0.000000000,60.000000000,pass,fail,local,0.500000000,Jagannatha Hora 8.0 locked visible Kaala Bala table; accessibility_sha256=2C67511E0C99CFE9F1D7132CF29259A847439D87A88A0383D331805B819C12DD; screenshot_sha256=6D1F6121DC2EB0D1A18A46C297E6BDCE98A1CFEBAD1CA974AEA46A3D700D4A63,PyJHora 4.8.7 Tier B isolated export; Raman ayanamsa; wheel sha256 D8D8014573A38DDEFEDCAE57D3B8D84687CAC2AD31BB5B1DD70D945906A4D54D; event civil timezone; Tokyo reference coordinates; Dig uses _dig_bala(method=2) canonical bounded circular-distance variant because the package default method=1 can exceed 60 virupa
GANN_JHORA_KAALA_WITNESS_COMPARATOR_V1,gann_reference_tokyo,VENUS,masa,0.000000000,0.000000000,0.000000000,0.000000000,0.000000000,0.000000000,0.000000000,pass,pass,tie,0.500000000,Jagannatha Hora 8.0 locked visible Kaala Bala table; accessibility_sha256=2C67511E0C99CFE9F1D7132CF29259A847439D87A88A0383D331805B819C12DD; screenshot_sha256=6D1F6121DC2EB0D1A18A46C297E6BDCE98A1CFEBAD1CA974AEA46A3D700D4A63,PyJHora 4.8.7 Tier B isolated export; Raman ayanamsa; wheel sha256 D8D8014573A38DDEFEDCAE57D3B8D84687CAC2AD31BB5B1DD70D945906A4D54D; event civil timezone; Tokyo reference coordinates; Dig uses _dig_bala(method=2) canonical bounded circular-distance variant because the package default method=1 can exceed 60 virupa
GANN_JHORA_KAALA_WITNESS_COMPARATOR_V1,gann_reference_tokyo,VENUS,nathonnatha,2.150000000,1.550100000,-0.370000000,0.599900000,2.520000000,0.599900000,2.520000000,fail,fail,local,0.500000000,Jagannatha Hora 8.0 locked visible Kaala Bala table; accessibility_sha256=2C67511E0C99CFE9F1D7132CF29259A847439D87A88A0383D331805B819C12DD; screenshot_sha256=6D1F6121DC2EB0D1A18A46C297E6BDCE98A1CFEBAD1CA974AEA46A3D700D4A63,PyJHora 4.8.7 Tier B isolated export; Raman ayanamsa; wheel sha256 D8D8014573A38DDEFEDCAE57D3B8D84687CAC2AD31BB5B1DD70D945906A4D54D; event civil timezone; Tokyo reference coordinates; Dig uses _dig_bala(method=2) canonical bounded circular-distance variant because the package default method=1 can exceed 60 virupa
GANN_JHORA_KAALA_WITNESS_COMPARATOR_V1,gann_reference_tokyo,VENUS,paksha,39.940000000,39.938180195,80.060000000,0.001819805,-40.120000000,0.001819805,40.120000000,pass,fail,local,0.500000000,Jagannatha Hora 8.0 locked visible Kaala Bala table; accessibility_sha256=2C67511E0C99CFE9F1D7132CF29259A847439D87A88A0383D331805B819C12DD; screenshot_sha256=6D1F6121DC2EB0D1A18A46C297E6BDCE98A1CFEBAD1CA974AEA46A3D700D4A63,PyJHora 4.8.7 Tier B isolated export; Raman ayanamsa; wheel sha256 D8D8014573A38DDEFEDCAE57D3B8D84687CAC2AD31BB5B1DD70D945906A4D54D; event civil timezone; Tokyo reference coordinates; Dig uses _dig_bala(method=2) canonical bounded circular-distance variant because the package default method=1 can exceed 60 virupa
GANN_JHORA_KAALA_WITNESS_COMPARATOR_V1,gann_reference_tokyo,VENUS,total,137.460000000,136.898355760,225.370000000,0.561644240,-87.910000000,0.561644240,87.910000000,fail,fail,local,0.500000000,Jagannatha Hora 8.0 locked visible Kaala Bala table; accessibility_sha256=2C67511E0C99CFE9F1D7132CF29259A847439D87A88A0383D331805B819C12DD; screenshot_sha256=6D1F6121DC2EB0D1A18A46C297E6BDCE98A1CFEBAD1CA974AEA46A3D700D4A63,PyJHora 4.8.7 Tier B isolated export; Raman ayanamsa; wheel sha256 D8D8014573A38DDEFEDCAE57D3B8D84687CAC2AD31BB5B1DD70D945906A4D54D; event civil timezone; Tokyo reference coordinates; Dig uses _dig_bala(method=2) canonical bounded circular-distance variant because the package default method=1 can exceed 60 virupa
GANN_JHORA_KAALA_WITNESS_COMPARATOR_V1,gann_reference_tokyo,VENUS,tribhaga,60.000000000,60.000000000,60.000000000,0.000000000,0.000000000,0.000000000,0.000000000,pass,pass,tie,0.500000000,Jagannatha Hora 8.0 locked visible Kaala Bala table; accessibility_sha256=2C67511E0C99CFE9F1D7132CF29259A847439D87A88A0383D331805B819C12DD; screenshot_sha256=6D1F6121DC2EB0D1A18A46C297E6BDCE98A1CFEBAD1CA974AEA46A3D700D4A63,PyJHora 4.8.7 Tier B isolated export; Raman ayanamsa; wheel sha256 D8D8014573A38DDEFEDCAE57D3B8D84687CAC2AD31BB5B1DD70D945906A4D54D; event civil timezone; Tokyo reference coordinates; Dig uses _dig_bala(method=2) canonical bounded circular-distance variant because the package default method=1 can exceed 60 virupa
GANN_JHORA_KAALA_WITNESS_COMPARATOR_V1,gann_reference_tokyo,VENUS,vara,0.000000000,0.000000000,0.000000000,0.000000000,0.000000000,0.000000000,0.000000000,pass,pass,tie,0.500000000,Jagannatha Hora 8.0 locked visible Kaala Bala table; accessibility_sha256=2C67511E0C99CFE9F1D7132CF29259A847439D87A88A0383D331805B819C12DD; screenshot_sha256=6D1F6121DC2EB0D1A18A46C297E6BDCE98A1CFEBAD1CA974AEA46A3D700D4A63,PyJHora 4.8.7 Tier B isolated export; Raman ayanamsa; wheel sha256 D8D8014573A38DDEFEDCAE57D3B8D84687CAC2AD31BB5B1DD70D945906A4D54D; event civil timezone; Tokyo reference coordinates; Dig uses _dig_bala(method=2) canonical bounded circular-distance variant because the package default method=1 can exceed 60 virupa
GANN_JHORA_KAALA_WITNESS_COMPARATOR_V1,gann_reference_tokyo,VENUS,yuddha,0.000000000,0.000000000,0.000000000,0.000000000,0.000000000,0.000000000,0.000000000,pass,pass,tie,0.500000000,Jagannatha Hora 8.0 locked visible Kaala Bala table; accessibility_sha256=2C67511E0C99CFE9F1D7132CF29259A847439D87A88A0383D331805B819C12DD; screenshot_sha256=6D1F6121DC2EB0D1A18A46C297E6BDCE98A1CFEBAD1CA974AEA46A3D700D4A63,PyJHora 4.8.7 Tier B isolated export; Raman ayanamsa; wheel sha256 D8D8014573A38DDEFEDCAE57D3B8D84687CAC2AD31BB5B1DD70D945906A4D54D; event civil timezone; Tokyo reference coordinates; Dig uses _dig_bala(method=2) canonical bounded circular-distance variant because the package default method=1 can exceed 60 virupa
