contract,sample_id,planet,measure,jhora_value_virupa,displayed_in_rupas,displayed_component_sum_virupa,displayed_total_minus_sum_virupa,source,accessibility_path,screenshot_path
GANN_JHORA_KAALA_WITNESS_COMPARATOR_V1,case_103_event_start,SUN,total,130.400000000,2.170000000,130.410000000,-0.010000000,Jagannatha Hora 8.0 locked visible Kaala Bala table; accessibility_sha256=A7570C532230A244CCC96BD73C9782E188A1C3B64AB899032064080F61E866E0; screenshot_sha256=BDDD318EAF738D26069BBDFB75783824D094B4E59F17FDC28E41A36ABECA66F1,status\evidence\jhora_kaala_witness_20260727\case_103_event_start_kaala_bala_accessibility.txt,status\evidence\jhora_kaala_witness_20260727\case_103_event_start_kaala_bala_locked.jpg
GANN_JHORA_KAALA_WITNESS_COMPARATOR_V1,case_103_event_start,SUN,nathonnatha,10.750000000,2.170000000,130.410000000,-0.010000000,Jagannatha Hora 8.0 locked visible Kaala Bala table; accessibility_sha256=A7570C532230A244CCC96BD73C9782E188A1C3B64AB899032064080F61E866E0; screenshot_sha256=BDDD318EAF738D26069BBDFB75783824D094B4E59F17FDC28E41A36ABECA66F1,status\evidence\jhora_kaala_witness_20260727\case_103_event_start_kaala_bala_accessibility.txt,status\evidence\jhora_kaala_witness_20260727\case_103_event_start_kaala_bala_locked.jpg
GANN_JHORA_KAALA_WITNESS_COMPARATOR_V1,case_103_event_start,SUN,paksha,11.130000000,2.170000000,130.410000000,-0.010000000,Jagannatha Hora 8.0 locked visible Kaala Bala table; accessibility_sha256=A7570C532230A244CCC96BD73C9782E188A1C3B64AB899032064080F61E866E0; screenshot_sha256=BDDD318EAF738D26069BBDFB75783824D094B4E59F17FDC28E41A36ABECA66F1,status\evidence\jhora_kaala_witness_20260727\case_103_event_start_kaala_bala_accessibility.txt,status\evidence\jhora_kaala_witness_20260727\case_103_event_start_kaala_bala_locked.jpg
GANN_JHORA_KAALA_WITNESS_COMPARATOR_V1,case_103_event_start,SUN,tribhaga,0.000000000,2.170000000,130.410000000,-0.010000000,Jagannatha Hora 8.0 locked visible Kaala Bala table; accessibility_sha256=A7570C532230A244CCC96BD73C9782E188A1C3B64AB899032064080F61E866E0; screenshot_sha256=BDDD318EAF738D26069BBDFB75783824D094B4E59F17FDC28E41A36ABECA66F1,status\evidence\jhora_kaala_witness_20260727\case_103_event_start_kaala_bala_accessibility.txt,status\evidence\jhora_kaala_witness_20260727\case_103_event_start_kaala_bala_locked.jpg
GANN_JHORA_KAALA_WITNESS_COMPARATOR_V1,case_103_event_start,SUN,abda,0.000000000,2.170000000,130.410000000,-0.010000000,Jagannatha Hora 8.0 locked visible Kaala Bala table; accessibility_sha256=A7570C532230A244CCC96BD73C9782E188A1C3B64AB899032064080F61E866E0; screenshot_sha256=BDDD318EAF738D26069BBDFB75783824D094B4E59F17FDC28E41A36ABECA66F1,status\evidence\jhora_kaala_witness_20260727\case_103_event_start_kaala_bala_accessibility.txt,status\evidence\jhora_kaala_witness_20260727\case_103_event_start_kaala_bala_locked.jpg
GANN_JHORA_KAALA_WITNESS_COMPARATOR_V1,case_103_event_start,SUN,masa,0.000000000,2.170000000,130.410000000,-0.010000000,Jagannatha Hora 8.0 locked visible Kaala Bala table; accessibility_sha256=A7570C532230A244CCC96BD73C9782E188A1C3B64AB899032064080F61E866E0; screenshot_sha256=BDDD318EAF738D26069BBDFB75783824D094B4E59F17FDC28E41A36ABECA66F1,status\evidence\jhora_kaala_witness_20260727\case_103_event_start_kaala_bala_accessibility.txt,status\evidence\jhora_kaala_witness_20260727\case_103_event_start_kaala_bala_locked.jpg
GANN_JHORA_KAALA_WITNESS_COMPARATOR_V1,case_103_event_start,SUN,vara,0.000000000,2.170000000,130.410000000,-0.010000000,Jagannatha Hora 8.0 locked visible Kaala Bala table; accessibility_sha256=A7570C532230A244CCC96BD73C9782E188A1C3B64AB899032064080F61E866E0; screenshot_sha256=BDDD318EAF738D26069BBDFB75783824D094B4E59F17FDC28E41A36ABECA66F1,status\evidence\jhora_kaala_witness_20260727\case_103_event_start_kaala_bala_accessibility.txt,status\evidence\jhora_kaala_witness_20260727\case_103_event_start_kaala_bala_locked.jpg
GANN_JHORA_KAALA_WITNESS_COMPARATOR_V1,case_103_event_start,SUN,hora,0.000000000,2.170000000,130.410000000,-0.010000000,Jagannatha Hora 8.0 locked visible Kaala Bala table; accessibility_sha256=A7570C532230A244CCC96BD73C9782E188A1C3B64AB899032064080F61E866E0; screenshot_sha256=BDDD318EAF738D26069BBDFB75783824D094B4E59F17FDC28E41A36ABECA66F1,status\evidence\jhora_kaala_witness_20260727\case_103_event_start_kaala_bala_accessibility.txt,status\evidence\jhora_kaala_witness_20260727\case_103_event_start_kaala_bala_locked.jpg
GANN_JHORA_KAALA_WITNESS_COMPARATOR_V1,case_103_event_start,SUN,ayana,108.530000000,2.170000000,130.410000000,-0.010000000,Jagannatha Hora 8.0 locked visible Kaala Bala table; accessibility_sha256=A7570C532230A244CCC96BD73C9782E188A1C3B64AB899032064080F61E866E0; screenshot_sha256=BDDD318EAF738D26069BBDFB75783824D094B4E59F17FDC28E41A36ABECA66F1,status\evidence\jhora_kaala_witness_20260727\case_103_event_start_kaala_bala_accessibility.txt,status\evidence\jhora_kaala_witness_20260727\case_103_event_start_kaala_bala_locked.jpg
GANN_JHORA_KAALA_WITNESS_COMPARATOR_V1,case_103_event_start,SUN,yuddha,0.000000000,2.170000000,130.410000000,-0.010000000,Jagannatha Hora 8.0 locked visible Kaala Bala table; accessibility_sha256=A7570C532230A244CCC96BD73C9782E188A1C3B64AB899032064080F61E866E0; screenshot_sha256=BDDD318EAF738D26069BBDFB75783824D094B4E59F17FDC28E41A36ABECA66F1,status\evidence\jhora_kaala_witness_20260727\case_103_event_start_kaala_bala_accessibility.txt,status\evidence\jhora_kaala_witness_20260727\case_103_event_start_kaala_bala_locked.jpg
GANN_JHORA_KAALA_WITNESS_COMPARATOR_V1,case_103_event_start,MOON,total,221.910000000,3.700000000,221.910000000,0.000000000,Jagannatha Hora 8.0 locked visible Kaala Bala table; accessibility_sha256=A7570C532230A244CCC96BD73C9782E188A1C3B64AB899032064080F61E866E0; screenshot_sha256=BDDD318EAF738D26069BBDFB75783824D094B4E59F17FDC28E41A36ABECA66F1,status\evidence\jhora_kaala_witness_20260727\case_103_event_start_kaala_bala_accessibility.txt,status\evidence\jhora_kaala_witness_20260727\case_103_event_start_kaala_bala_locked.jpg
GANN_JHORA_KAALA_WITNESS_COMPARATOR_V1,case_103_event_start,MOON,nathonnatha,49.250000000,3.700000000,221.910000000,0.000000000,Jagannatha Hora 8.0 locked visible Kaala Bala table; accessibility_sha256=A7570C532230A244CCC96BD73C9782E188A1C3B64AB899032064080F61E866E0; screenshot_sha256=BDDD318EAF738D26069BBDFB75783824D094B4E59F17FDC28E41A36ABECA66F1,status\evidence\jhora_kaala_witness_20260727\case_103_event_start_kaala_bala_accessibility.txt,status\evidence\jhora_kaala_witness_20260727\case_103_event_start_kaala_bala_locked.jpg
GANN_JHORA_KAALA_WITNESS_COMPARATOR_V1,case_103_event_start,MOON,paksha,97.750000000,3.700000000,221.910000000,0.000000000,Jagannatha Hora 8.0 locked visible Kaala Bala table; accessibility_sha256=A7570C532230A244CCC96BD73C9782E188A1C3B64AB899032064080F61E866E0; screenshot_sha256=BDDD318EAF738D26069BBDFB75783824D094B4E59F17FDC28E41A36ABECA66F1,status\evidence\jhora_kaala_witness_20260727\case_103_event_start_kaala_bala_accessibility.txt,status\evidence\jhora_kaala_witness_20260727\case_103_event_start_kaala_bala_locked.jpg
GANN_JHORA_KAALA_WITNESS_COMPARATOR_V1,case_103_event_start,MOON,tribhaga,0.000000000,3.700000000,221.910000000,0.000000000,Jagannatha Hora 8.0 locked visible Kaala Bala table; accessibility_sha256=A7570C532230A244CCC96BD73C9782E188A1C3B64AB899032064080F61E866E0; screenshot_sha256=BDDD318EAF738D26069BBDFB75783824D094B4E59F17FDC28E41A36ABECA66F1,status\evidence\jhora_kaala_witness_20260727\case_103_event_start_kaala_bala_accessibility.txt,status\evidence\jhora_kaala_witness_20260727\case_103_event_start_kaala_bala_locked.jpg
GANN_JHORA_KAALA_WITNESS_COMPARATOR_V1,case_103_event_start,MOON,abda,15.000000000,3.700000000,221.910000000,0.000000000,Jagannatha Hora 8.0 locked visible Kaala Bala table; accessibility_sha256=A7570C532230A244CCC96BD73C9782E188A1C3B64AB899032064080F61E866E0; screenshot_sha256=BDDD318EAF738D26069BBDFB75783824D094B4E59F17FDC28E41A36ABECA66F1,status\evidence\jhora_kaala_witness_20260727\case_103_event_start_kaala_bala_accessibility.txt,status\evidence\jhora_kaala_witness_20260727\case_103_event_start_kaala_bala_locked.jpg
GANN_JHORA_KAALA_WITNESS_COMPARATOR_V1,case_103_event_start,MOON,masa,0.000000000,3.700000000,221.910000000,0.000000000,Jagannatha Hora 8.0 locked visible Kaala Bala table; accessibility_sha256=A7570C532230A244CCC96BD73C9782E188A1C3B64AB899032064080F61E866E0; screenshot_sha256=BDDD318EAF738D26069BBDFB75783824D094B4E59F17FDC28E41A36ABECA66F1,status\evidence\jhora_kaala_witness_20260727\case_103_event_start_kaala_bala_accessibility.txt,status\evidence\jhora_kaala_witness_20260727\case_103_event_start_kaala_bala_locked.jpg
GANN_JHORA_KAALA_WITNESS_COMPARATOR_V1,case_103_event_start,MOON,vara,0.000000000,3.700000000,221.910000000,0.000000000,Jagannatha Hora 8.0 locked visible Kaala Bala table; accessibility_sha256=A7570C532230A244CCC96BD73C9782E188A1C3B64AB899032064080F61E866E0; screenshot_sha256=BDDD318EAF738D26069BBDFB75783824D094B4E59F17FDC28E41A36ABECA66F1,status\evidence\jhora_kaala_witness_20260727\case_103_event_start_kaala_bala_accessibility.txt,status\evidence\jhora_kaala_witness_20260727\case_103_event_start_kaala_bala_locked.jpg
GANN_JHORA_KAALA_WITNESS_COMPARATOR_V1,case_103_event_start,MOON,hora,0.000000000,3.700000000,221.910000000,0.000000000,Jagannatha Hora 8.0 locked visible Kaala Bala table; accessibility_sha256=A7570C532230A244CCC96BD73C9782E188A1C3B64AB899032064080F61E866E0; screenshot_sha256=BDDD318EAF738D26069BBDFB75783824D094B4E59F17FDC28E41A36ABECA66F1,status\evidence\jhora_kaala_witness_20260727\case_103_event_start_kaala_bala_accessibility.txt,status\evidence\jhora_kaala_witness_20260727\case_103_event_start_kaala_bala_locked.jpg
GANN_JHORA_KAALA_WITNESS_COMPARATOR_V1,case_103_event_start,MOON,ayana,59.910000000,3.700000000,221.910000000,0.000000000,Jagannatha Hora 8.0 locked visible Kaala Bala table; accessibility_sha256=A7570C532230A244CCC96BD73C9782E188A1C3B64AB899032064080F61E866E0; screenshot_sha256=BDDD318EAF738D26069BBDFB75783824D094B4E59F17FDC28E41A36ABECA66F1,status\evidence\jhora_kaala_witness_20260727\case_103_event_start_kaala_bala_accessibility.txt,status\evidence\jhora_kaala_witness_20260727\case_103_event_start_kaala_bala_locked.jpg
GANN_JHORA_KAALA_WITNESS_COMPARATOR_V1,case_103_event_start,MOON,yuddha,0.000000000,3.700000000,221.910000000,0.000000000,Jagannatha Hora 8.0 locked visible Kaala Bala table; accessibility_sha256=A7570C532230A244CCC96BD73C9782E188A1C3B64AB899032064080F61E866E0; screenshot_sha256=BDDD318EAF738D26069BBDFB75783824D094B4E59F17FDC28E41A36ABECA66F1,status\evidence\jhora_kaala_witness_20260727\case_103_event_start_kaala_bala_accessibility.txt,status\evidence\jhora_kaala_witness_20260727\case_103_event_start_kaala_bala_locked.jpg
GANN_JHORA_KAALA_WITNESS_COMPARATOR_V1,case_103_event_start,MARS,total,201.950000000,3.370000000,201.950000000,0.000000000,Jagannatha Hora 8.0 locked visible Kaala Bala table; accessibility_sha256=A7570C532230A244CCC96BD73C9782E188A1C3B64AB899032064080F61E866E0; screenshot_sha256=BDDD318EAF738D26069BBDFB75783824D094B4E59F17FDC28E41A36ABECA66F1,status\evidence\jhora_kaala_witness_20260727\case_103_event_start_kaala_bala_accessibility.txt,status\evidence\jhora_kaala_witness_20260727\case_103_event_start_kaala_bala_locked.jpg
GANN_JHORA_KAALA_WITNESS_COMPARATOR_V1,case_103_event_start,MARS,nathonnatha,49.250000000,3.370000000,201.950000000,0.000000000,Jagannatha Hora 8.0 locked visible Kaala Bala table; accessibility_sha256=A7570C532230A244CCC96BD73C9782E188A1C3B64AB899032064080F61E866E0; screenshot_sha256=BDDD318EAF738D26069BBDFB75783824D094B4E59F17FDC28E41A36ABECA66F1,status\evidence\jhora_kaala_witness_20260727\case_103_event_start_kaala_bala_accessibility.txt,status\evidence\jhora_kaala_witness_20260727\case_103_event_start_kaala_bala_locked.jpg
GANN_JHORA_KAALA_WITNESS_COMPARATOR_V1,case_103_event_start,MARS,paksha,11.130000000,3.370000000,201.950000000,0.000000000,Jagannatha Hora 8.0 locked visible Kaala Bala table; accessibility_sha256=A7570C532230A244CCC96BD73C9782E188A1C3B64AB899032064080F61E866E0; screenshot_sha256=BDDD318EAF738D26069BBDFB75783824D094B4E59F17FDC28E41A36ABECA66F1,status\evidence\jhora_kaala_witness_20260727\case_103_event_start_kaala_bala_accessibility.txt,status\evidence\jhora_kaala_witness_20260727\case_103_event_start_kaala_bala_locked.jpg
GANN_JHORA_KAALA_WITNESS_COMPARATOR_V1,case_103_event_start,MARS,tribhaga,60.000000000,3.370000000,201.950000000,0.000000000,Jagannatha Hora 8.0 locked visible Kaala Bala table; accessibility_sha256=A7570C532230A244CCC96BD73C9782E188A1C3B64AB899032064080F61E866E0; screenshot_sha256=BDDD318EAF738D26069BBDFB75783824D094B4E59F17FDC28E41A36ABECA66F1,status\evidence\jhora_kaala_witness_20260727\case_103_event_start_kaala_bala_accessibility.txt,status\evidence\jhora_kaala_witness_20260727\case_103_event_start_kaala_bala_locked.jpg
GANN_JHORA_KAALA_WITNESS_COMPARATOR_V1,case_103_event_start,MARS,abda,0.000000000,3.370000000,201.950000000,0.000000000,Jagannatha Hora 8.0 locked visible Kaala Bala table; accessibility_sha256=A7570C532230A244CCC96BD73C9782E188A1C3B64AB899032064080F61E866E0; screenshot_sha256=BDDD318EAF738D26069BBDFB75783824D094B4E59F17FDC28E41A36ABECA66F1,status\evidence\jhora_kaala_witness_20260727\case_103_event_start_kaala_bala_accessibility.txt,status\evidence\jhora_kaala_witness_20260727\case_103_event_start_kaala_bala_locked.jpg
GANN_JHORA_KAALA_WITNESS_COMPARATOR_V1,case_103_event_start,MARS,masa,30.000000000,3.370000000,201.950000000,0.000000000,Jagannatha Hora 8.0 locked visible Kaala Bala table; accessibility_sha256=A7570C532230A244CCC96BD73C9782E188A1C3B64AB899032064080F61E866E0; screenshot_sha256=BDDD318EAF738D26069BBDFB75783824D094B4E59F17FDC28E41A36ABECA66F1,status\evidence\jhora_kaala_witness_20260727\case_103_event_start_kaala_bala_accessibility.txt,status\evidence\jhora_kaala_witness_20260727\case_103_event_start_kaala_bala_locked.jpg
GANN_JHORA_KAALA_WITNESS_COMPARATOR_V1,case_103_event_start,MARS,vara,0.000000000,3.370000000,201.950000000,0.000000000,Jagannatha Hora 8.0 locked visible Kaala Bala table; accessibility_sha256=A7570C532230A244CCC96BD73C9782E188A1C3B64AB899032064080F61E866E0; screenshot_sha256=BDDD318EAF738D26069BBDFB75783824D094B4E59F17FDC28E41A36ABECA66F1,status\evidence\jhora_kaala_witness_20260727\case_103_event_start_kaala_bala_accessibility.txt,status\evidence\jhora_kaala_witness_20260727\case_103_event_start_kaala_bala_locked.jpg
GANN_JHORA_KAALA_WITNESS_COMPARATOR_V1,case_103_event_start,MARS,hora,0.000000000,3.370000000,201.950000000,0.000000000,Jagannatha Hora 8.0 locked visible Kaala Bala table; accessibility_sha256=A7570C532230A244CCC96BD73C9782E188A1C3B64AB899032064080F61E866E0; screenshot_sha256=BDDD318EAF738D26069BBDFB75783824D094B4E59F17FDC28E41A36ABECA66F1,status\evidence\jhora_kaala_witness_20260727\case_103_event_start_kaala_bala_accessibility.txt,status\evidence\jhora_kaala_witness_20260727\case_103_event_start_kaala_bala_locked.jpg
GANN_JHORA_KAALA_WITNESS_COMPARATOR_V1,case_103_event_start,MARS,ayana,51.570000000,3.370000000,201.950000000,0.000000000,Jagannatha Hora 8.0 locked visible Kaala Bala table; accessibility_sha256=A7570C532230A244CCC96BD73C9782E188A1C3B64AB899032064080F61E866E0; screenshot_sha256=BDDD318EAF738D26069BBDFB75783824D094B4E59F17FDC28E41A36ABECA66F1,status\evidence\jhora_kaala_witness_20260727\case_103_event_start_kaala_bala_accessibility.txt,status\evidence\jhora_kaala_witness_20260727\case_103_event_start_kaala_bala_locked.jpg
GANN_JHORA_KAALA_WITNESS_COMPARATOR_V1,case_103_event_start,MARS,yuddha,0.000000000,3.370000000,201.950000000,0.000000000,Jagannatha Hora 8.0 locked visible Kaala Bala table; accessibility_sha256=A7570C532230A244CCC96BD73C9782E188A1C3B64AB899032064080F61E866E0; screenshot_sha256=BDDD318EAF738D26069BBDFB75783824D094B4E59F17FDC28E41A36ABECA66F1,status\evidence\jhora_kaala_witness_20260727\case_103_event_start_kaala_bala_accessibility.txt,status\evidence\jhora_kaala_witness_20260727\case_103_event_start_kaala_bala_locked.jpg
GANN_JHORA_KAALA_WITNESS_COMPARATOR_V1,case_103_event_start,MERCURY,total,157.430000000,2.620000000,157.430000000,0.000000000,Jagannatha Hora 8.0 locked visible Kaala Bala table; accessibility_sha256=A7570C532230A244CCC96BD73C9782E188A1C3B64AB899032064080F61E866E0; screenshot_sha256=BDDD318EAF738D26069BBDFB75783824D094B4E59F17FDC28E41A36ABECA66F1,status\evidence\jhora_kaala_witness_20260727\case_103_event_start_kaala_bala_accessibility.txt,status\evidence\jhora_kaala_witness_20260727\case_103_event_start_kaala_bala_locked.jpg
GANN_JHORA_KAALA_WITNESS_COMPARATOR_V1,case_103_event_start,MERCURY,nathonnatha,60.000000000,2.620000000,157.430000000,0.000000000,Jagannatha Hora 8.0 locked visible Kaala Bala table; accessibility_sha256=A7570C532230A244CCC96BD73C9782E188A1C3B64AB899032064080F61E866E0; screenshot_sha256=BDDD318EAF738D26069BBDFB75783824D094B4E59F17FDC28E41A36ABECA66F1,status\evidence\jhora_kaala_witness_20260727\case_103_event_start_kaala_bala_accessibility.txt,status\evidence\jhora_kaala_witness_20260727\case_103_event_start_kaala_bala_locked.jpg
GANN_JHORA_KAALA_WITNESS_COMPARATOR_V1,case_103_event_start,MERCURY,paksha,48.870000000,2.620000000,157.430000000,0.000000000,Jagannatha Hora 8.0 locked visible Kaala Bala table; accessibility_sha256=A7570C532230A244CCC96BD73C9782E188A1C3B64AB899032064080F61E866E0; screenshot_sha256=BDDD318EAF738D26069BBDFB75783824D094B4E59F17FDC28E41A36ABECA66F1,status\evidence\jhora_kaala_witness_20260727\case_103_event_start_kaala_bala_accessibility.txt,status\evidence\jhora_kaala_witness_20260727\case_103_event_start_kaala_bala_locked.jpg
GANN_JHORA_KAALA_WITNESS_COMPARATOR_V1,case_103_event_start,MERCURY,tribhaga,0.000000000,2.620000000,157.430000000,0.000000000,Jagannatha Hora 8.0 locked visible Kaala Bala table; accessibility_sha256=A7570C532230A244CCC96BD73C9782E188A1C3B64AB899032064080F61E866E0; screenshot_sha256=BDDD318EAF738D26069BBDFB75783824D094B4E59F17FDC28E41A36ABECA66F1,status\evidence\jhora_kaala_witness_20260727\case_103_event_start_kaala_bala_accessibility.txt,status\evidence\jhora_kaala_witness_20260727\case_103_event_start_kaala_bala_locked.jpg
GANN_JHORA_KAALA_WITNESS_COMPARATOR_V1,case_103_event_start,MERCURY,abda,0.000000000,2.620000000,157.430000000,0.000000000,Jagannatha Hora 8.0 locked visible Kaala Bala table; accessibility_sha256=A7570C532230A244CCC96BD73C9782E188A1C3B64AB899032064080F61E866E0; screenshot_sha256=BDDD318EAF738D26069BBDFB75783824D094B4E59F17FDC28E41A36ABECA66F1,status\evidence\jhora_kaala_witness_20260727\case_103_event_start_kaala_bala_accessibility.txt,status\evidence\jhora_kaala_witness_20260727\case_103_event_start_kaala_bala_locked.jpg
GANN_JHORA_KAALA_WITNESS_COMPARATOR_V1,case_103_event_start,MERCURY,masa,0.000000000,2.620000000,157.430000000,0.000000000,Jagannatha Hora 8.0 locked visible Kaala Bala table; accessibility_sha256=A7570C532230A244CCC96BD73C9782E188A1C3B64AB899032064080F61E866E0; screenshot_sha256=BDDD318EAF738D26069BBDFB75783824D094B4E59F17FDC28E41A36ABECA66F1,status\evidence\jhora_kaala_witness_20260727\case_103_event_start_kaala_bala_accessibility.txt,status\evidence\jhora_kaala_witness_20260727\case_103_event_start_kaala_bala_locked.jpg
GANN_JHORA_KAALA_WITNESS_COMPARATOR_V1,case_103_event_start,MERCURY,vara,0.000000000,2.620000000,157.430000000,0.000000000,Jagannatha Hora 8.0 locked visible Kaala Bala table; accessibility_sha256=A7570C532230A244CCC96BD73C9782E188A1C3B64AB899032064080F61E866E0; screenshot_sha256=BDDD318EAF738D26069BBDFB75783824D094B4E59F17FDC28E41A36ABECA66F1,status\evidence\jhora_kaala_witness_20260727\case_103_event_start_kaala_bala_accessibility.txt,status\evidence\jhora_kaala_witness_20260727\case_103_event_start_kaala_bala_locked.jpg
GANN_JHORA_KAALA_WITNESS_COMPARATOR_V1,case_103_event_start,MERCURY,hora,0.000000000,2.620000000,157.430000000,0.000000000,Jagannatha Hora 8.0 locked visible Kaala Bala table; accessibility_sha256=A7570C532230A244CCC96BD73C9782E188A1C3B64AB899032064080F61E866E0; screenshot_sha256=BDDD318EAF738D26069BBDFB75783824D094B4E59F17FDC28E41A36ABECA66F1,status\evidence\jhora_kaala_witness_20260727\case_103_event_start_kaala_bala_accessibility.txt,status\evidence\jhora_kaala_witness_20260727\case_103_event_start_kaala_bala_locked.jpg
GANN_JHORA_KAALA_WITNESS_COMPARATOR_V1,case_103_event_start,MERCURY,ayana,48.560000000,2.620000000,157.430000000,0.000000000,Jagannatha Hora 8.0 locked visible Kaala Bala table; accessibility_sha256=A7570C532230A244CCC96BD73C9782E188A1C3B64AB899032064080F61E866E0; screenshot_sha256=BDDD318EAF738D26069BBDFB75783824D094B4E59F17FDC28E41A36ABECA66F1,status\evidence\jhora_kaala_witness_20260727\case_103_event_start_kaala_bala_accessibility.txt,status\evidence\jhora_kaala_witness_20260727\case_103_event_start_kaala_bala_locked.jpg
GANN_JHORA_KAALA_WITNESS_COMPARATOR_V1,case_103_event_start,MERCURY,yuddha,0.000000000,2.620000000,157.430000000,0.000000000,Jagannatha Hora 8.0 locked visible Kaala Bala table; accessibility_sha256=A7570C532230A244CCC96BD73C9782E188A1C3B64AB899032064080F61E866E0; screenshot_sha256=BDDD318EAF738D26069BBDFB75783824D094B4E59F17FDC28E41A36ABECA66F1,status\evidence\jhora_kaala_witness_20260727\case_103_event_start_kaala_bala_accessibility.txt,status\evidence\jhora_kaala_witness_20260727\case_103_event_start_kaala_bala_locked.jpg
GANN_JHORA_KAALA_WITNESS_COMPARATOR_V1,case_103_event_start,JUPITER,total,284.240000000,4.740000000,284.230000000,0.010000000,Jagannatha Hora 8.0 locked visible Kaala Bala table; accessibility_sha256=A7570C532230A244CCC96BD73C9782E188A1C3B64AB899032064080F61E866E0; screenshot_sha256=BDDD318EAF738D26069BBDFB75783824D094B4E59F17FDC28E41A36ABECA66F1,status\evidence\jhora_kaala_witness_20260727\case_103_event_start_kaala_bala_accessibility.txt,status\evidence\jhora_kaala_witness_20260727\case_103_event_start_kaala_bala_locked.jpg
GANN_JHORA_KAALA_WITNESS_COMPARATOR_V1,case_103_event_start,JUPITER,nathonnatha,10.750000000,4.740000000,284.230000000,0.010000000,Jagannatha Hora 8.0 locked visible Kaala Bala table; accessibility_sha256=A7570C532230A244CCC96BD73C9782E188A1C3B64AB899032064080F61E866E0; screenshot_sha256=BDDD318EAF738D26069BBDFB75783824D094B4E59F17FDC28E41A36ABECA66F1,status\evidence\jhora_kaala_witness_20260727\case_103_event_start_kaala_bala_accessibility.txt,status\evidence\jhora_kaala_witness_20260727\case_103_event_start_kaala_bala_locked.jpg
GANN_JHORA_KAALA_WITNESS_COMPARATOR_V1,case_103_event_start,JUPITER,paksha,48.870000000,4.740000000,284.230000000,0.010000000,Jagannatha Hora 8.0 locked visible Kaala Bala table; accessibility_sha256=A7570C532230A244CCC96BD73C9782E188A1C3B64AB899032064080F61E866E0; screenshot_sha256=BDDD318EAF738D26069BBDFB75783824D094B4E59F17FDC28E41A36ABECA66F1,status\evidence\jhora_kaala_witness_20260727\case_103_event_start_kaala_bala_accessibility.txt,status\evidence\jhora_kaala_witness_20260727\case_103_event_start_kaala_bala_locked.jpg
GANN_JHORA_KAALA_WITNESS_COMPARATOR_V1,case_103_event_start,JUPITER,tribhaga,60.000000000,4.740000000,284.230000000,0.010000000,Jagannatha Hora 8.0 locked visible Kaala Bala table; accessibility_sha256=A7570C532230A244CCC96BD73C9782E188A1C3B64AB899032064080F61E866E0; screenshot_sha256=BDDD318EAF738D26069BBDFB75783824D094B4E59F17FDC28E41A36ABECA66F1,status\evidence\jhora_kaala_witness_20260727\case_103_event_start_kaala_bala_accessibility.txt,status\evidence\jhora_kaala_witness_20260727\case_103_event_start_kaala_bala_locked.jpg
GANN_JHORA_KAALA_WITNESS_COMPARATOR_V1,case_103_event_start,JUPITER,abda,0.000000000,4.740000000,284.230000000,0.010000000,Jagannatha Hora 8.0 locked visible Kaala Bala table; accessibility_sha256=A7570C532230A244CCC96BD73C9782E188A1C3B64AB899032064080F61E866E0; screenshot_sha256=BDDD318EAF738D26069BBDFB75783824D094B4E59F17FDC28E41A36ABECA66F1,status\evidence\jhora_kaala_witness_20260727\case_103_event_start_kaala_bala_accessibility.txt,status\evidence\jhora_kaala_witness_20260727\case_103_event_start_kaala_bala_locked.jpg
GANN_JHORA_KAALA_WITNESS_COMPARATOR_V1,case_103_event_start,JUPITER,masa,0.000000000,4.740000000,284.230000000,0.010000000,Jagannatha Hora 8.0 locked visible Kaala Bala table; accessibility_sha256=A7570C532230A244CCC96BD73C9782E188A1C3B64AB899032064080F61E866E0; screenshot_sha256=BDDD318EAF738D26069BBDFB75783824D094B4E59F17FDC28E41A36ABECA66F1,status\evidence\jhora_kaala_witness_20260727\case_103_event_start_kaala_bala_accessibility.txt,status\evidence\jhora_kaala_witness_20260727\case_103_event_start_kaala_bala_locked.jpg
GANN_JHORA_KAALA_WITNESS_COMPARATOR_V1,case_103_event_start,JUPITER,vara,45.000000000,4.740000000,284.230000000,0.010000000,Jagannatha Hora 8.0 locked visible Kaala Bala table; accessibility_sha256=A7570C532230A244CCC96BD73C9782E188A1C3B64AB899032064080F61E866E0; screenshot_sha256=BDDD318EAF738D26069BBDFB75783824D094B4E59F17FDC28E41A36ABECA66F1,status\evidence\jhora_kaala_witness_20260727\case_103_event_start_kaala_bala_accessibility.txt,status\evidence\jhora_kaala_witness_20260727\case_103_event_start_kaala_bala_locked.jpg
GANN_JHORA_KAALA_WITNESS_COMPARATOR_V1,case_103_event_start,JUPITER,hora,60.000000000,4.740000000,284.230000000,0.010000000,Jagannatha Hora 8.0 locked visible Kaala Bala table; accessibility_sha256=A7570C532230A244CCC96BD73C9782E188A1C3B64AB899032064080F61E866E0; screenshot_sha256=BDDD318EAF738D26069BBDFB75783824D094B4E59F17FDC28E41A36ABECA66F1,status\evidence\jhora_kaala_witness_20260727\case_103_event_start_kaala_bala_accessibility.txt,status\evidence\jhora_kaala_witness_20260727\case_103_event_start_kaala_bala_locked.jpg
GANN_JHORA_KAALA_WITNESS_COMPARATOR_V1,case_103_event_start,JUPITER,ayana,59.610000000,4.740000000,284.230000000,0.010000000,Jagannatha Hora 8.0 locked visible Kaala Bala table; accessibility_sha256=A7570C532230A244CCC96BD73C9782E188A1C3B64AB899032064080F61E866E0; screenshot_sha256=BDDD318EAF738D26069BBDFB75783824D094B4E59F17FDC28E41A36ABECA66F1,status\evidence\jhora_kaala_witness_20260727\case_103_event_start_kaala_bala_accessibility.txt,status\evidence\jhora_kaala_witness_20260727\case_103_event_start_kaala_bala_locked.jpg
GANN_JHORA_KAALA_WITNESS_COMPARATOR_V1,case_103_event_start,JUPITER,yuddha,0.000000000,4.740000000,284.230000000,0.010000000,Jagannatha Hora 8.0 locked visible Kaala Bala table; accessibility_sha256=A7570C532230A244CCC96BD73C9782E188A1C3B64AB899032064080F61E866E0; screenshot_sha256=BDDD318EAF738D26069BBDFB75783824D094B4E59F17FDC28E41A36ABECA66F1,status\evidence\jhora_kaala_witness_20260727\case_103_event_start_kaala_bala_accessibility.txt,status\evidence\jhora_kaala_witness_20260727\case_103_event_start_kaala_bala_locked.jpg
GANN_JHORA_KAALA_WITNESS_COMPARATOR_V1,case_103_event_start,VENUS,total,94.970000000,1.580000000,94.960000000,0.010000000,Jagannatha Hora 8.0 locked visible Kaala Bala table; accessibility_sha256=A7570C532230A244CCC96BD73C9782E188A1C3B64AB899032064080F61E866E0; screenshot_sha256=BDDD318EAF738D26069BBDFB75783824D094B4E59F17FDC28E41A36ABECA66F1,status\evidence\jhora_kaala_witness_20260727\case_103_event_start_kaala_bala_accessibility.txt,status\evidence\jhora_kaala_witness_20260727\case_103_event_start_kaala_bala_locked.jpg
GANN_JHORA_KAALA_WITNESS_COMPARATOR_V1,case_103_event_start,VENUS,nathonnatha,10.750000000,1.580000000,94.960000000,0.010000000,Jagannatha Hora 8.0 locked visible Kaala Bala table; accessibility_sha256=A7570C532230A244CCC96BD73C9782E188A1C3B64AB899032064080F61E866E0; screenshot_sha256=BDDD318EAF738D26069BBDFB75783824D094B4E59F17FDC28E41A36ABECA66F1,status\evidence\jhora_kaala_witness_20260727\case_103_event_start_kaala_bala_accessibility.txt,status\evidence\jhora_kaala_witness_20260727\case_103_event_start_kaala_bala_locked.jpg
GANN_JHORA_KAALA_WITNESS_COMPARATOR_V1,case_103_event_start,VENUS,paksha,48.870000000,1.580000000,94.960000000,0.010000000,Jagannatha Hora 8.0 locked visible Kaala Bala table; accessibility_sha256=A7570C532230A244CCC96BD73C9782E188A1C3B64AB899032064080F61E866E0; screenshot_sha256=BDDD318EAF738D26069BBDFB75783824D094B4E59F17FDC28E41A36ABECA66F1,status\evidence\jhora_kaala_witness_20260727\case_103_event_start_kaala_bala_accessibility.txt,status\evidence\jhora_kaala_witness_20260727\case_103_event_start_kaala_bala_locked.jpg
GANN_JHORA_KAALA_WITNESS_COMPARATOR_V1,case_103_event_start,VENUS,tribhaga,0.000000000,1.580000000,94.960000000,0.010000000,Jagannatha Hora 8.0 locked visible Kaala Bala table; accessibility_sha256=A7570C532230A244CCC96BD73C9782E188A1C3B64AB899032064080F61E866E0; screenshot_sha256=BDDD318EAF738D26069BBDFB75783824D094B4E59F17FDC28E41A36ABECA66F1,status\evidence\jhora_kaala_witness_20260727\case_103_event_start_kaala_bala_accessibility.txt,status\evidence\jhora_kaala_witness_20260727\case_103_event_start_kaala_bala_locked.jpg
GANN_JHORA_KAALA_WITNESS_COMPARATOR_V1,case_103_event_start,VENUS,abda,0.000000000,1.580000000,94.960000000,0.010000000,Jagannatha Hora 8.0 locked visible Kaala Bala table; accessibility_sha256=A7570C532230A244CCC96BD73C9782E188A1C3B64AB899032064080F61E866E0; screenshot_sha256=BDDD318EAF738D26069BBDFB75783824D094B4E59F17FDC28E41A36ABECA66F1,status\evidence\jhora_kaala_witness_20260727\case_103_event_start_kaala_bala_accessibility.txt,status\evidence\jhora_kaala_witness_20260727\case_103_event_start_kaala_bala_locked.jpg
GANN_JHORA_KAALA_WITNESS_COMPARATOR_V1,case_103_event_start,VENUS,masa,0.000000000,1.580000000,94.960000000,0.010000000,Jagannatha Hora 8.0 locked visible Kaala Bala table; accessibility_sha256=A7570C532230A244CCC96BD73C9782E188A1C3B64AB899032064080F61E866E0; screenshot_sha256=BDDD318EAF738D26069BBDFB75783824D094B4E59F17FDC28E41A36ABECA66F1,status\evidence\jhora_kaala_witness_20260727\case_103_event_start_kaala_bala_accessibility.txt,status\evidence\jhora_kaala_witness_20260727\case_103_event_start_kaala_bala_locked.jpg
GANN_JHORA_KAALA_WITNESS_COMPARATOR_V1,case_103_event_start,VENUS,vara,0.000000000,1.580000000,94.960000000,0.010000000,Jagannatha Hora 8.0 locked visible Kaala Bala table; accessibility_sha256=A7570C532230A244CCC96BD73C9782E188A1C3B64AB899032064080F61E866E0; screenshot_sha256=BDDD318EAF738D26069BBDFB75783824D094B4E59F17FDC28E41A36ABECA66F1,status\evidence\jhora_kaala_witness_20260727\case_103_event_start_kaala_bala_accessibility.txt,status\evidence\jhora_kaala_witness_20260727\case_103_event_start_kaala_bala_locked.jpg
GANN_JHORA_KAALA_WITNESS_COMPARATOR_V1,case_103_event_start,VENUS,hora,0.000000000,1.580000000,94.960000000,0.010000000,Jagannatha Hora 8.0 locked visible Kaala Bala table; accessibility_sha256=A7570C532230A244CCC96BD73C9782E188A1C3B64AB899032064080F61E866E0; screenshot_sha256=BDDD318EAF738D26069BBDFB75783824D094B4E59F17FDC28E41A36ABECA66F1,status\evidence\jhora_kaala_witness_20260727\case_103_event_start_kaala_bala_accessibility.txt,status\evidence\jhora_kaala_witness_20260727\case_103_event_start_kaala_bala_locked.jpg
GANN_JHORA_KAALA_WITNESS_COMPARATOR_V1,case_103_event_start,VENUS,ayana,35.340000000,1.580000000,94.960000000,0.010000000,Jagannatha Hora 8.0 locked visible Kaala Bala table; accessibility_sha256=A7570C532230A244CCC96BD73C9782E188A1C3B64AB899032064080F61E866E0; screenshot_sha256=BDDD318EAF738D26069BBDFB75783824D094B4E59F17FDC28E41A36ABECA66F1,status\evidence\jhora_kaala_witness_20260727\case_103_event_start_kaala_bala_accessibility.txt,status\evidence\jhora_kaala_witness_20260727\case_103_event_start_kaala_bala_locked.jpg
GANN_JHORA_KAALA_WITNESS_COMPARATOR_V1,case_103_event_start,VENUS,yuddha,0.000000000,1.580000000,94.960000000,0.010000000,Jagannatha Hora 8.0 locked visible Kaala Bala table; accessibility_sha256=A7570C532230A244CCC96BD73C9782E188A1C3B64AB899032064080F61E866E0; screenshot_sha256=BDDD318EAF738D26069BBDFB75783824D094B4E59F17FDC28E41A36ABECA66F1,status\evidence\jhora_kaala_witness_20260727\case_103_event_start_kaala_bala_accessibility.txt,status\evidence\jhora_kaala_witness_20260727\case_103_event_start_kaala_bala_locked.jpg
GANN_JHORA_KAALA_WITNESS_COMPARATOR_V1,case_103_event_start,SATURN,total,90.650000000,1.510000000,90.650000000,0.000000000,Jagannatha Hora 8.0 locked visible Kaala Bala table; accessibility_sha256=A7570C532230A244CCC96BD73C9782E188A1C3B64AB899032064080F61E866E0; screenshot_sha256=BDDD318EAF738D26069BBDFB75783824D094B4E59F17FDC28E41A36ABECA66F1,status\evidence\jhora_kaala_witness_20260727\case_103_event_start_kaala_bala_accessibility.txt,status\evidence\jhora_kaala_witness_20260727\case_103_event_start_kaala_bala_locked.jpg
GANN_JHORA_KAALA_WITNESS_COMPARATOR_V1,case_103_event_start,SATURN,nathonnatha,49.250000000,1.510000000,90.650000000,0.000000000,Jagannatha Hora 8.0 locked visible Kaala Bala table; accessibility_sha256=A7570C532230A244CCC96BD73C9782E188A1C3B64AB899032064080F61E866E0; screenshot_sha256=BDDD318EAF738D26069BBDFB75783824D094B4E59F17FDC28E41A36ABECA66F1,status\evidence\jhora_kaala_witness_20260727\case_103_event_start_kaala_bala_accessibility.txt,status\evidence\jhora_kaala_witness_20260727\case_103_event_start_kaala_bala_locked.jpg
GANN_JHORA_KAALA_WITNESS_COMPARATOR_V1,case_103_event_start,SATURN,paksha,11.130000000,1.510000000,90.650000000,0.000000000,Jagannatha Hora 8.0 locked visible Kaala Bala table; accessibility_sha256=A7570C532230A244CCC96BD73C9782E188A1C3B64AB899032064080F61E866E0; screenshot_sha256=BDDD318EAF738D26069BBDFB75783824D094B4E59F17FDC28E41A36ABECA66F1,status\evidence\jhora_kaala_witness_20260727\case_103_event_start_kaala_bala_accessibility.txt,status\evidence\jhora_kaala_witness_20260727\case_103_event_start_kaala_bala_locked.jpg
GANN_JHORA_KAALA_WITNESS_COMPARATOR_V1,case_103_event_start,SATURN,tribhaga,0.000000000,1.510000000,90.650000000,0.000000000,Jagannatha Hora 8.0 locked visible Kaala Bala table; accessibility_sha256=A7570C532230A244CCC96BD73C9782E188A1C3B64AB899032064080F61E866E0; screenshot_sha256=BDDD318EAF738D26069BBDFB75783824D094B4E59F17FDC28E41A36ABECA66F1,status\evidence\jhora_kaala_witness_20260727\case_103_event_start_kaala_bala_accessibility.txt,status\evidence\jhora_kaala_witness_20260727\case_103_event_start_kaala_bala_locked.jpg
GANN_JHORA_KAALA_WITNESS_COMPARATOR_V1,case_103_event_start,SATURN,abda,0.000000000,1.510000000,90.650000000,0.000000000,Jagannatha Hora 8.0 locked visible Kaala Bala table; accessibility_sha256=A7570C532230A244CCC96BD73C9782E188A1C3B64AB899032064080F61E866E0; screenshot_sha256=BDDD318EAF738D26069BBDFB75783824D094B4E59F17FDC28E41A36ABECA66F1,status\evidence\jhora_kaala_witness_20260727\case_103_event_start_kaala_bala_accessibility.txt,status\evidence\jhora_kaala_witness_20260727\case_103_event_start_kaala_bala_locked.jpg
GANN_JHORA_KAALA_WITNESS_COMPARATOR_V1,case_103_event_start,SATURN,masa,0.000000000,1.510000000,90.650000000,0.000000000,Jagannatha Hora 8.0 locked visible Kaala Bala table; accessibility_sha256=A7570C532230A244CCC96BD73C9782E188A1C3B64AB899032064080F61E866E0; screenshot_sha256=BDDD318EAF738D26069BBDFB75783824D094B4E59F17FDC28E41A36ABECA66F1,status\evidence\jhora_kaala_witness_20260727\case_103_event_start_kaala_bala_accessibility.txt,status\evidence\jhora_kaala_witness_20260727\case_103_event_start_kaala_bala_locked.jpg
GANN_JHORA_KAALA_WITNESS_COMPARATOR_V1,case_103_event_start,SATURN,vara,0.000000000,1.510000000,90.650000000,0.000000000,Jagannatha Hora 8.0 locked visible Kaala Bala table; accessibility_sha256=A7570C532230A244CCC96BD73C9782E188A1C3B64AB899032064080F61E866E0; screenshot_sha256=BDDD318EAF738D26069BBDFB75783824D094B4E59F17FDC28E41A36ABECA66F1,status\evidence\jhora_kaala_witness_20260727\case_103_event_start_kaala_bala_accessibility.txt,status\evidence\jhora_kaala_witness_20260727\case_103_event_start_kaala_bala_locked.jpg
GANN_JHORA_KAALA_WITNESS_COMPARATOR_V1,case_103_event_start,SATURN,hora,0.000000000,1.510000000,90.650000000,0.000000000,Jagannatha Hora 8.0 locked visible Kaala Bala table; accessibility_sha256=A7570C532230A244CCC96BD73C9782E188A1C3B64AB899032064080F61E866E0; screenshot_sha256=BDDD318EAF738D26069BBDFB75783824D094B4E59F17FDC28E41A36ABECA66F1,status\evidence\jhora_kaala_witness_20260727\case_103_event_start_kaala_bala_accessibility.txt,status\evidence\jhora_kaala_witness_20260727\case_103_event_start_kaala_bala_locked.jpg
GANN_JHORA_KAALA_WITNESS_COMPARATOR_V1,case_103_event_start,SATURN,ayana,30.270000000,1.510000000,90.650000000,0.000000000,Jagannatha Hora 8.0 locked visible Kaala Bala table; accessibility_sha256=A7570C532230A244CCC96BD73C9782E188A1C3B64AB899032064080F61E866E0; screenshot_sha256=BDDD318EAF738D26069BBDFB75783824D094B4E59F17FDC28E41A36ABECA66F1,status\evidence\jhora_kaala_witness_20260727\case_103_event_start_kaala_bala_accessibility.txt,status\evidence\jhora_kaala_witness_20260727\case_103_event_start_kaala_bala_locked.jpg
GANN_JHORA_KAALA_WITNESS_COMPARATOR_V1,case_103_event_start,SATURN,yuddha,0.000000000,1.510000000,90.650000000,0.000000000,Jagannatha Hora 8.0 locked visible Kaala Bala table; accessibility_sha256=A7570C532230A244CCC96BD73C9782E188A1C3B64AB899032064080F61E866E0; screenshot_sha256=BDDD318EAF738D26069BBDFB75783824D094B4E59F17FDC28E41A36ABECA66F1,status\evidence\jhora_kaala_witness_20260727\case_103_event_start_kaala_bala_accessibility.txt,status\evidence\jhora_kaala_witness_20260727\case_103_event_start_kaala_bala_locked.jpg
GANN_JHORA_KAALA_WITNESS_COMPARATOR_V1,case_127_sr_touch_start,SUN,total,176.960000000,2.950000000,176.960000000,0.000000000,Jagannatha Hora 8.0 locked visible Kaala Bala table; accessibility_sha256=F13338439987810C0F7C552E48A9FDEA25AF25DFCFAD2C07D2D77697C868F4AD; screenshot_sha256=00C966E54553EB61334634958AA0AC5A67E42055CFFA4F0FBADC56A1C39E060A,status\evidence\jhora_kaala_witness_20260727\case_127_sr_touch_start_kaala_bala_accessibility.txt,status\evidence\jhora_kaala_witness_20260727\case_127_sr_touch_start_kaala_bala_locked.jpg
GANN_JHORA_KAALA_WITNESS_COMPARATOR_V1,case_127_sr_touch_start,SUN,nathonnatha,9.380000000,2.950000000,176.960000000,0.000000000,Jagannatha Hora 8.0 locked visible Kaala Bala table; accessibility_sha256=F13338439987810C0F7C552E48A9FDEA25AF25DFCFAD2C07D2D77697C868F4AD; screenshot_sha256=00C966E54553EB61334634958AA0AC5A67E42055CFFA4F0FBADC56A1C39E060A,status\evidence\jhora_kaala_witness_20260727\case_127_sr_touch_start_kaala_bala_accessibility.txt,status\evidence\jhora_kaala_witness_20260727\case_127_sr_touch_start_kaala_bala_locked.jpg
GANN_JHORA_KAALA_WITNESS_COMPARATOR_V1,case_127_sr_touch_start,SUN,paksha,52.740000000,2.950000000,176.960000000,0.000000000,Jagannatha Hora 8.0 locked visible Kaala Bala table; accessibility_sha256=F13338439987810C0F7C552E48A9FDEA25AF25DFCFAD2C07D2D77697C868F4AD; screenshot_sha256=00C966E54553EB61334634958AA0AC5A67E42055CFFA4F0FBADC56A1C39E060A,status\evidence\jhora_kaala_witness_20260727\case_127_sr_touch_start_kaala_bala_accessibility.txt,status\evidence\jhora_kaala_witness_20260727\case_127_sr_touch_start_kaala_bala_locked.jpg
GANN_JHORA_KAALA_WITNESS_COMPARATOR_V1,case_127_sr_touch_start,SUN,tribhaga,0.000000000,2.950000000,176.960000000,0.000000000,Jagannatha Hora 8.0 locked visible Kaala Bala table; accessibility_sha256=F13338439987810C0F7C552E48A9FDEA25AF25DFCFAD2C07D2D77697C868F4AD; screenshot_sha256=00C966E54553EB61334634958AA0AC5A67E42055CFFA4F0FBADC56A1C39E060A,status\evidence\jhora_kaala_witness_20260727\case_127_sr_touch_start_kaala_bala_accessibility.txt,status\evidence\jhora_kaala_witness_20260727\case_127_sr_touch_start_kaala_bala_locked.jpg
GANN_JHORA_KAALA_WITNESS_COMPARATOR_V1,case_127_sr_touch_start,SUN,abda,0.000000000,2.950000000,176.960000000,0.000000000,Jagannatha Hora 8.0 locked visible Kaala Bala table; accessibility_sha256=F13338439987810C0F7C552E48A9FDEA25AF25DFCFAD2C07D2D77697C868F4AD; screenshot_sha256=00C966E54553EB61334634958AA0AC5A67E42055CFFA4F0FBADC56A1C39E060A,status\evidence\jhora_kaala_witness_20260727\case_127_sr_touch_start_kaala_bala_accessibility.txt,status\evidence\jhora_kaala_witness_20260727\case_127_sr_touch_start_kaala_bala_locked.jpg
GANN_JHORA_KAALA_WITNESS_COMPARATOR_V1,case_127_sr_touch_start,SUN,masa,0.000000000,2.950000000,176.960000000,0.000000000,Jagannatha Hora 8.0 locked visible Kaala Bala table; accessibility_sha256=F13338439987810C0F7C552E48A9FDEA25AF25DFCFAD2C07D2D77697C868F4AD; screenshot_sha256=00C966E54553EB61334634958AA0AC5A67E42055CFFA4F0FBADC56A1C39E060A,status\evidence\jhora_kaala_witness_20260727\case_127_sr_touch_start_kaala_bala_accessibility.txt,status\evidence\jhora_kaala_witness_20260727\case_127_sr_touch_start_kaala_bala_locked.jpg
GANN_JHORA_KAALA_WITNESS_COMPARATOR_V1,case_127_sr_touch_start,SUN,vara,0.000000000,2.950000000,176.960000000,0.000000000,Jagannatha Hora 8.0 locked visible Kaala Bala table; accessibility_sha256=F13338439987810C0F7C552E48A9FDEA25AF25DFCFAD2C07D2D77697C868F4AD; screenshot_sha256=00C966E54553EB61334634958AA0AC5A67E42055CFFA4F0FBADC56A1C39E060A,status\evidence\jhora_kaala_witness_20260727\case_127_sr_touch_start_kaala_bala_accessibility.txt,status\evidence\jhora_kaala_witness_20260727\case_127_sr_touch_start_kaala_bala_locked.jpg
GANN_JHORA_KAALA_WITNESS_COMPARATOR_V1,case_127_sr_touch_start,SUN,hora,0.000000000,2.950000000,176.960000000,0.000000000,Jagannatha Hora 8.0 locked visible Kaala Bala table; accessibility_sha256=F13338439987810C0F7C552E48A9FDEA25AF25DFCFAD2C07D2D77697C868F4AD; screenshot_sha256=00C966E54553EB61334634958AA0AC5A67E42055CFFA4F0FBADC56A1C39E060A,status\evidence\jhora_kaala_witness_20260727\case_127_sr_touch_start_kaala_bala_accessibility.txt,status\evidence\jhora_kaala_witness_20260727\case_127_sr_touch_start_kaala_bala_locked.jpg
GANN_JHORA_KAALA_WITNESS_COMPARATOR_V1,case_127_sr_touch_start,SUN,ayana,114.840000000,2.950000000,176.960000000,0.000000000,Jagannatha Hora 8.0 locked visible Kaala Bala table; accessibility_sha256=F13338439987810C0F7C552E48A9FDEA25AF25DFCFAD2C07D2D77697C868F4AD; screenshot_sha256=00C966E54553EB61334634958AA0AC5A67E42055CFFA4F0FBADC56A1C39E060A,status\evidence\jhora_kaala_witness_20260727\case_127_sr_touch_start_kaala_bala_accessibility.txt,status\evidence\jhora_kaala_witness_20260727\case_127_sr_touch_start_kaala_bala_locked.jpg
GANN_JHORA_KAALA_WITNESS_COMPARATOR_V1,case_127_sr_touch_start,SUN,yuddha,0.000000000,2.950000000,176.960000000,0.000000000,Jagannatha Hora 8.0 locked visible Kaala Bala table; accessibility_sha256=F13338439987810C0F7C552E48A9FDEA25AF25DFCFAD2C07D2D77697C868F4AD; screenshot_sha256=00C966E54553EB61334634958AA0AC5A67E42055CFFA4F0FBADC56A1C39E060A,status\evidence\jhora_kaala_witness_20260727\case_127_sr_touch_start_kaala_bala_accessibility.txt,status\evidence\jhora_kaala_witness_20260727\case_127_sr_touch_start_kaala_bala_locked.jpg
GANN_JHORA_KAALA_WITNESS_COMPARATOR_V1,case_127_sr_touch_start,MOON,total,171.140000000,2.850000000,171.140000000,0.000000000,Jagannatha Hora 8.0 locked visible Kaala Bala table; accessibility_sha256=F13338439987810C0F7C552E48A9FDEA25AF25DFCFAD2C07D2D77697C868F4AD; screenshot_sha256=00C966E54553EB61334634958AA0AC5A67E42055CFFA4F0FBADC56A1C39E060A,status\evidence\jhora_kaala_witness_20260727\case_127_sr_touch_start_kaala_bala_accessibility.txt,status\evidence\jhora_kaala_witness_20260727\case_127_sr_touch_start_kaala_bala_locked.jpg
GANN_JHORA_KAALA_WITNESS_COMPARATOR_V1,case_127_sr_touch_start,MOON,nathonnatha,50.620000000,2.850000000,171.140000000,0.000000000,Jagannatha Hora 8.0 locked visible Kaala Bala table; accessibility_sha256=F13338439987810C0F7C552E48A9FDEA25AF25DFCFAD2C07D2D77697C868F4AD; screenshot_sha256=00C966E54553EB61334634958AA0AC5A67E42055CFFA4F0FBADC56A1C39E060A,status\evidence\jhora_kaala_witness_20260727\case_127_sr_touch_start_kaala_bala_accessibility.txt,status\evidence\jhora_kaala_witness_20260727\case_127_sr_touch_start_kaala_bala_locked.jpg
GANN_JHORA_KAALA_WITNESS_COMPARATOR_V1,case_127_sr_touch_start,MOON,paksha,105.490000000,2.850000000,171.140000000,0.000000000,Jagannatha Hora 8.0 locked visible Kaala Bala table; accessibility_sha256=F13338439987810C0F7C552E48A9FDEA25AF25DFCFAD2C07D2D77697C868F4AD; screenshot_sha256=00C966E54553EB61334634958AA0AC5A67E42055CFFA4F0FBADC56A1C39E060A,status\evidence\jhora_kaala_witness_20260727\case_127_sr_touch_start_kaala_bala_accessibility.txt,status\evidence\jhora_kaala_witness_20260727\case_127_sr_touch_start_kaala_bala_locked.jpg
GANN_JHORA_KAALA_WITNESS_COMPARATOR_V1,case_127_sr_touch_start,MOON,tribhaga,0.000000000,2.850000000,171.140000000,0.000000000,Jagannatha Hora 8.0 locked visible Kaala Bala table; accessibility_sha256=F13338439987810C0F7C552E48A9FDEA25AF25DFCFAD2C07D2D77697C868F4AD; screenshot_sha256=00C966E54553EB61334634958AA0AC5A67E42055CFFA4F0FBADC56A1C39E060A,status\evidence\jhora_kaala_witness_20260727\case_127_sr_touch_start_kaala_bala_accessibility.txt,status\evidence\jhora_kaala_witness_20260727\case_127_sr_touch_start_kaala_bala_locked.jpg
GANN_JHORA_KAALA_WITNESS_COMPARATOR_V1,case_127_sr_touch_start,MOON,abda,15.000000000,2.850000000,171.140000000,0.000000000,Jagannatha Hora 8.0 locked visible Kaala Bala table; accessibility_sha256=F13338439987810C0F7C552E48A9FDEA25AF25DFCFAD2C07D2D77697C868F4AD; screenshot_sha256=00C966E54553EB61334634958AA0AC5A67E42055CFFA4F0FBADC56A1C39E060A,status\evidence\jhora_kaala_witness_20260727\case_127_sr_touch_start_kaala_bala_accessibility.txt,status\evidence\jhora_kaala_witness_20260727\case_127_sr_touch_start_kaala_bala_locked.jpg
GANN_JHORA_KAALA_WITNESS_COMPARATOR_V1,case_127_sr_touch_start,MOON,masa,0.000000000,2.850000000,171.140000000,0.000000000,Jagannatha Hora 8.0 locked visible Kaala Bala table; accessibility_sha256=F13338439987810C0F7C552E48A9FDEA25AF25DFCFAD2C07D2D77697C868F4AD; screenshot_sha256=00C966E54553EB61334634958AA0AC5A67E42055CFFA4F0FBADC56A1C39E060A,status\evidence\jhora_kaala_witness_20260727\case_127_sr_touch_start_kaala_bala_accessibility.txt,status\evidence\jhora_kaala_witness_20260727\case_127_sr_touch_start_kaala_bala_locked.jpg
GANN_JHORA_KAALA_WITNESS_COMPARATOR_V1,case_127_sr_touch_start,MOON,vara,0.000000000,2.850000000,171.140000000,0.000000000,Jagannatha Hora 8.0 locked visible Kaala Bala table; accessibility_sha256=F13338439987810C0F7C552E48A9FDEA25AF25DFCFAD2C07D2D77697C868F4AD; screenshot_sha256=00C966E54553EB61334634958AA0AC5A67E42055CFFA4F0FBADC56A1C39E060A,status\evidence\jhora_kaala_witness_20260727\case_127_sr_touch_start_kaala_bala_accessibility.txt,status\evidence\jhora_kaala_witness_20260727\case_127_sr_touch_start_kaala_bala_locked.jpg
GANN_JHORA_KAALA_WITNESS_COMPARATOR_V1,case_127_sr_touch_start,MOON,hora,0.000000000,2.850000000,171.140000000,0.000000000,Jagannatha Hora 8.0 locked visible Kaala Bala table; accessibility_sha256=F13338439987810C0F7C552E48A9FDEA25AF25DFCFAD2C07D2D77697C868F4AD; screenshot_sha256=00C966E54553EB61334634958AA0AC5A67E42055CFFA4F0FBADC56A1C39E060A,status\evidence\jhora_kaala_witness_20260727\case_127_sr_touch_start_kaala_bala_accessibility.txt,status\evidence\jhora_kaala_witness_20260727\case_127_sr_touch_start_kaala_bala_locked.jpg
GANN_JHORA_KAALA_WITNESS_COMPARATOR_V1,case_127_sr_touch_start,MOON,ayana,0.030000000,2.850000000,171.140000000,0.000000000,Jagannatha Hora 8.0 locked visible Kaala Bala table; accessibility_sha256=F13338439987810C0F7C552E48A9FDEA25AF25DFCFAD2C07D2D77697C868F4AD; screenshot_sha256=00C966E54553EB61334634958AA0AC5A67E42055CFFA4F0FBADC56A1C39E060A,status\evidence\jhora_kaala_witness_20260727\case_127_sr_touch_start_kaala_bala_accessibility.txt,status\evidence\jhora_kaala_witness_20260727\case_127_sr_touch_start_kaala_bala_locked.jpg
GANN_JHORA_KAALA_WITNESS_COMPARATOR_V1,case_127_sr_touch_start,MOON,yuddha,0.000000000,2.850000000,171.140000000,0.000000000,Jagannatha Hora 8.0 locked visible Kaala Bala table; accessibility_sha256=F13338439987810C0F7C552E48A9FDEA25AF25DFCFAD2C07D2D77697C868F4AD; screenshot_sha256=00C966E54553EB61334634958AA0AC5A67E42055CFFA4F0FBADC56A1C39E060A,status\evidence\jhora_kaala_witness_20260727\case_127_sr_touch_start_kaala_bala_accessibility.txt,status\evidence\jhora_kaala_witness_20260727\case_127_sr_touch_start_kaala_bala_locked.jpg
GANN_JHORA_KAALA_WITNESS_COMPARATOR_V1,case_127_sr_touch_start,MARS,total,242.360000000,4.040000000,242.350000000,0.010000000,Jagannatha Hora 8.0 locked visible Kaala Bala table; accessibility_sha256=F13338439987810C0F7C552E48A9FDEA25AF25DFCFAD2C07D2D77697C868F4AD; screenshot_sha256=00C966E54553EB61334634958AA0AC5A67E42055CFFA4F0FBADC56A1C39E060A,status\evidence\jhora_kaala_witness_20260727\case_127_sr_touch_start_kaala_bala_accessibility.txt,status\evidence\jhora_kaala_witness_20260727\case_127_sr_touch_start_kaala_bala_locked.jpg
GANN_JHORA_KAALA_WITNESS_COMPARATOR_V1,case_127_sr_touch_start,MARS,nathonnatha,50.620000000,4.040000000,242.350000000,0.010000000,Jagannatha Hora 8.0 locked visible Kaala Bala table; accessibility_sha256=F13338439987810C0F7C552E48A9FDEA25AF25DFCFAD2C07D2D77697C868F4AD; screenshot_sha256=00C966E54553EB61334634958AA0AC5A67E42055CFFA4F0FBADC56A1C39E060A,status\evidence\jhora_kaala_witness_20260727\case_127_sr_touch_start_kaala_bala_accessibility.txt,status\evidence\jhora_kaala_witness_20260727\case_127_sr_touch_start_kaala_bala_locked.jpg
GANN_JHORA_KAALA_WITNESS_COMPARATOR_V1,case_127_sr_touch_start,MARS,paksha,52.740000000,4.040000000,242.350000000,0.010000000,Jagannatha Hora 8.0 locked visible Kaala Bala table; accessibility_sha256=F13338439987810C0F7C552E48A9FDEA25AF25DFCFAD2C07D2D77697C868F4AD; screenshot_sha256=00C966E54553EB61334634958AA0AC5A67E42055CFFA4F0FBADC56A1C39E060A,status\evidence\jhora_kaala_witness_20260727\case_127_sr_touch_start_kaala_bala_accessibility.txt,status\evidence\jhora_kaala_witness_20260727\case_127_sr_touch_start_kaala_bala_locked.jpg
GANN_JHORA_KAALA_WITNESS_COMPARATOR_V1,case_127_sr_touch_start,MARS,tribhaga,60.000000000,4.040000000,242.350000000,0.010000000,Jagannatha Hora 8.0 locked visible Kaala Bala table; accessibility_sha256=F13338439987810C0F7C552E48A9FDEA25AF25DFCFAD2C07D2D77697C868F4AD; screenshot_sha256=00C966E54553EB61334634958AA0AC5A67E42055CFFA4F0FBADC56A1C39E060A,status\evidence\jhora_kaala_witness_20260727\case_127_sr_touch_start_kaala_bala_accessibility.txt,status\evidence\jhora_kaala_witness_20260727\case_127_sr_touch_start_kaala_bala_locked.jpg
GANN_JHORA_KAALA_WITNESS_COMPARATOR_V1,case_127_sr_touch_start,MARS,abda,0.000000000,4.040000000,242.350000000,0.010000000,Jagannatha Hora 8.0 locked visible Kaala Bala table; accessibility_sha256=F13338439987810C0F7C552E48A9FDEA25AF25DFCFAD2C07D2D77697C868F4AD; screenshot_sha256=00C966E54553EB61334634958AA0AC5A67E42055CFFA4F0FBADC56A1C39E060A,status\evidence\jhora_kaala_witness_20260727\case_127_sr_touch_start_kaala_bala_accessibility.txt,status\evidence\jhora_kaala_witness_20260727\case_127_sr_touch_start_kaala_bala_locked.jpg
GANN_JHORA_KAALA_WITNESS_COMPARATOR_V1,case_127_sr_touch_start,MARS,masa,30.000000000,4.040000000,242.350000000,0.010000000,Jagannatha Hora 8.0 locked visible Kaala Bala table; accessibility_sha256=F13338439987810C0F7C552E48A9FDEA25AF25DFCFAD2C07D2D77697C868F4AD; screenshot_sha256=00C966E54553EB61334634958AA0AC5A67E42055CFFA4F0FBADC56A1C39E060A,status\evidence\jhora_kaala_witness_20260727\case_127_sr_touch_start_kaala_bala_accessibility.txt,status\evidence\jhora_kaala_witness_20260727\case_127_sr_touch_start_kaala_bala_locked.jpg
GANN_JHORA_KAALA_WITNESS_COMPARATOR_V1,case_127_sr_touch_start,MARS,vara,0.000000000,4.040000000,242.350000000,0.010000000,Jagannatha Hora 8.0 locked visible Kaala Bala table; accessibility_sha256=F13338439987810C0F7C552E48A9FDEA25AF25DFCFAD2C07D2D77697C868F4AD; screenshot_sha256=00C966E54553EB61334634958AA0AC5A67E42055CFFA4F0FBADC56A1C39E060A,status\evidence\jhora_kaala_witness_20260727\case_127_sr_touch_start_kaala_bala_accessibility.txt,status\evidence\jhora_kaala_witness_20260727\case_127_sr_touch_start_kaala_bala_locked.jpg
GANN_JHORA_KAALA_WITNESS_COMPARATOR_V1,case_127_sr_touch_start,MARS,hora,0.000000000,4.040000000,242.350000000,0.010000000,Jagannatha Hora 8.0 locked visible Kaala Bala table; accessibility_sha256=F13338439987810C0F7C552E48A9FDEA25AF25DFCFAD2C07D2D77697C868F4AD; screenshot_sha256=00C966E54553EB61334634958AA0AC5A67E42055CFFA4F0FBADC56A1C39E060A,status\evidence\jhora_kaala_witness_20260727\case_127_sr_touch_start_kaala_bala_accessibility.txt,status\evidence\jhora_kaala_witness_20260727\case_127_sr_touch_start_kaala_bala_locked.jpg
GANN_JHORA_KAALA_WITNESS_COMPARATOR_V1,case_127_sr_touch_start,MARS,ayana,48.990000000,4.040000000,242.350000000,0.010000000,Jagannatha Hora 8.0 locked visible Kaala Bala table; accessibility_sha256=F13338439987810C0F7C552E48A9FDEA25AF25DFCFAD2C07D2D77697C868F4AD; screenshot_sha256=00C966E54553EB61334634958AA0AC5A67E42055CFFA4F0FBADC56A1C39E060A,status\evidence\jhora_kaala_witness_20260727\case_127_sr_touch_start_kaala_bala_accessibility.txt,status\evidence\jhora_kaala_witness_20260727\case_127_sr_touch_start_kaala_bala_locked.jpg
GANN_JHORA_KAALA_WITNESS_COMPARATOR_V1,case_127_sr_touch_start,MARS,yuddha,0.000000000,4.040000000,242.350000000,0.010000000,Jagannatha Hora 8.0 locked visible Kaala Bala table; accessibility_sha256=F13338439987810C0F7C552E48A9FDEA25AF25DFCFAD2C07D2D77697C868F4AD; screenshot_sha256=00C966E54553EB61334634958AA0AC5A67E42055CFFA4F0FBADC56A1C39E060A,status\evidence\jhora_kaala_witness_20260727\case_127_sr_touch_start_kaala_bala_accessibility.txt,status\evidence\jhora_kaala_witness_20260727\case_127_sr_touch_start_kaala_bala_locked.jpg
GANN_JHORA_KAALA_WITNESS_COMPARATOR_V1,case_127_sr_touch_start,MERCURY,total,274.780000000,4.580000000,274.780000000,0.000000000,Jagannatha Hora 8.0 locked visible Kaala Bala table; accessibility_sha256=F13338439987810C0F7C552E48A9FDEA25AF25DFCFAD2C07D2D77697C868F4AD; screenshot_sha256=00C966E54553EB61334634958AA0AC5A67E42055CFFA4F0FBADC56A1C39E060A,status\evidence\jhora_kaala_witness_20260727\case_127_sr_touch_start_kaala_bala_accessibility.txt,status\evidence\jhora_kaala_witness_20260727\case_127_sr_touch_start_kaala_bala_locked.jpg
GANN_JHORA_KAALA_WITNESS_COMPARATOR_V1,case_127_sr_touch_start,MERCURY,nathonnatha,60.000000000,4.580000000,274.780000000,0.000000000,Jagannatha Hora 8.0 locked visible Kaala Bala table; accessibility_sha256=F13338439987810C0F7C552E48A9FDEA25AF25DFCFAD2C07D2D77697C868F4AD; screenshot_sha256=00C966E54553EB61334634958AA0AC5A67E42055CFFA4F0FBADC56A1C39E060A,status\evidence\jhora_kaala_witness_20260727\case_127_sr_touch_start_kaala_bala_accessibility.txt,status\evidence\jhora_kaala_witness_20260727\case_127_sr_touch_start_kaala_bala_locked.jpg
GANN_JHORA_KAALA_WITNESS_COMPARATOR_V1,case_127_sr_touch_start,MERCURY,paksha,52.740000000,4.580000000,274.780000000,0.000000000,Jagannatha Hora 8.0 locked visible Kaala Bala table; accessibility_sha256=F13338439987810C0F7C552E48A9FDEA25AF25DFCFAD2C07D2D77697C868F4AD; screenshot_sha256=00C966E54553EB61334634958AA0AC5A67E42055CFFA4F0FBADC56A1C39E060A,status\evidence\jhora_kaala_witness_20260727\case_127_sr_touch_start_kaala_bala_accessibility.txt,status\evidence\jhora_kaala_witness_20260727\case_127_sr_touch_start_kaala_bala_locked.jpg
GANN_JHORA_KAALA_WITNESS_COMPARATOR_V1,case_127_sr_touch_start,MERCURY,tribhaga,0.000000000,4.580000000,274.780000000,0.000000000,Jagannatha Hora 8.0 locked visible Kaala Bala table; accessibility_sha256=F13338439987810C0F7C552E48A9FDEA25AF25DFCFAD2C07D2D77697C868F4AD; screenshot_sha256=00C966E54553EB61334634958AA0AC5A67E42055CFFA4F0FBADC56A1C39E060A,status\evidence\jhora_kaala_witness_20260727\case_127_sr_touch_start_kaala_bala_accessibility.txt,status\evidence\jhora_kaala_witness_20260727\case_127_sr_touch_start_kaala_bala_locked.jpg
GANN_JHORA_KAALA_WITNESS_COMPARATOR_V1,case_127_sr_touch_start,MERCURY,abda,0.000000000,4.580000000,274.780000000,0.000000000,Jagannatha Hora 8.0 locked visible Kaala Bala table; accessibility_sha256=F13338439987810C0F7C552E48A9FDEA25AF25DFCFAD2C07D2D77697C868F4AD; screenshot_sha256=00C966E54553EB61334634958AA0AC5A67E42055CFFA4F0FBADC56A1C39E060A,status\evidence\jhora_kaala_witness_20260727\case_127_sr_touch_start_kaala_bala_accessibility.txt,status\evidence\jhora_kaala_witness_20260727\case_127_sr_touch_start_kaala_bala_locked.jpg
GANN_JHORA_KAALA_WITNESS_COMPARATOR_V1,case_127_sr_touch_start,MERCURY,masa,0.000000000,4.580000000,274.780000000,0.000000000,Jagannatha Hora 8.0 locked visible Kaala Bala table; accessibility_sha256=F13338439987810C0F7C552E48A9FDEA25AF25DFCFAD2C07D2D77697C868F4AD; screenshot_sha256=00C966E54553EB61334634958AA0AC5A67E42055CFFA4F0FBADC56A1C39E060A,status\evidence\jhora_kaala_witness_20260727\case_127_sr_touch_start_kaala_bala_accessibility.txt,status\evidence\jhora_kaala_witness_20260727\case_127_sr_touch_start_kaala_bala_locked.jpg
GANN_JHORA_KAALA_WITNESS_COMPARATOR_V1,case_127_sr_touch_start,MERCURY,vara,45.000000000,4.580000000,274.780000000,0.000000000,Jagannatha Hora 8.0 locked visible Kaala Bala table; accessibility_sha256=F13338439987810C0F7C552E48A9FDEA25AF25DFCFAD2C07D2D77697C868F4AD; screenshot_sha256=00C966E54553EB61334634958AA0AC5A67E42055CFFA4F0FBADC56A1C39E060A,status\evidence\jhora_kaala_witness_20260727\case_127_sr_touch_start_kaala_bala_accessibility.txt,status\evidence\jhora_kaala_witness_20260727\case_127_sr_touch_start_kaala_bala_locked.jpg
GANN_JHORA_KAALA_WITNESS_COMPARATOR_V1,case_127_sr_touch_start,MERCURY,hora,60.000000000,4.580000000,274.780000000,0.000000000,Jagannatha Hora 8.0 locked visible Kaala Bala table; accessibility_sha256=F13338439987810C0F7C552E48A9FDEA25AF25DFCFAD2C07D2D77697C868F4AD; screenshot_sha256=00C966E54553EB61334634958AA0AC5A67E42055CFFA4F0FBADC56A1C39E060A,status\evidence\jhora_kaala_witness_20260727\case_127_sr_touch_start_kaala_bala_accessibility.txt,status\evidence\jhora_kaala_witness_20260727\case_127_sr_touch_start_kaala_bala_locked.jpg
GANN_JHORA_KAALA_WITNESS_COMPARATOR_V1,case_127_sr_touch_start,MERCURY,ayana,57.040000000,4.580000000,274.780000000,0.000000000,Jagannatha Hora 8.0 locked visible Kaala Bala table; accessibility_sha256=F13338439987810C0F7C552E48A9FDEA25AF25DFCFAD2C07D2D77697C868F4AD; screenshot_sha256=00C966E54553EB61334634958AA0AC5A67E42055CFFA4F0FBADC56A1C39E060A,status\evidence\jhora_kaala_witness_20260727\case_127_sr_touch_start_kaala_bala_accessibility.txt,status\evidence\jhora_kaala_witness_20260727\case_127_sr_touch_start_kaala_bala_locked.jpg
GANN_JHORA_KAALA_WITNESS_COMPARATOR_V1,case_127_sr_touch_start,MERCURY,yuddha,0.000000000,4.580000000,274.780000000,0.000000000,Jagannatha Hora 8.0 locked visible Kaala Bala table; accessibility_sha256=F13338439987810C0F7C552E48A9FDEA25AF25DFCFAD2C07D2D77697C868F4AD; screenshot_sha256=00C966E54553EB61334634958AA0AC5A67E42055CFFA4F0FBADC56A1C39E060A,status\evidence\jhora_kaala_witness_20260727\case_127_sr_touch_start_kaala_bala_accessibility.txt,status\evidence\jhora_kaala_witness_20260727\case_127_sr_touch_start_kaala_bala_locked.jpg
GANN_JHORA_KAALA_WITNESS_COMPARATOR_V1,case_127_sr_touch_start,JUPITER,total,136.450000000,2.270000000,136.460000000,-0.010000000,Jagannatha Hora 8.0 locked visible Kaala Bala table; accessibility_sha256=F13338439987810C0F7C552E48A9FDEA25AF25DFCFAD2C07D2D77697C868F4AD; screenshot_sha256=00C966E54553EB61334634958AA0AC5A67E42055CFFA4F0FBADC56A1C39E060A,status\evidence\jhora_kaala_witness_20260727\case_127_sr_touch_start_kaala_bala_accessibility.txt,status\evidence\jhora_kaala_witness_20260727\case_127_sr_touch_start_kaala_bala_locked.jpg
GANN_JHORA_KAALA_WITNESS_COMPARATOR_V1,case_127_sr_touch_start,JUPITER,nathonnatha,9.380000000,2.270000000,136.460000000,-0.010000000,Jagannatha Hora 8.0 locked visible Kaala Bala table; accessibility_sha256=F13338439987810C0F7C552E48A9FDEA25AF25DFCFAD2C07D2D77697C868F4AD; screenshot_sha256=00C966E54553EB61334634958AA0AC5A67E42055CFFA4F0FBADC56A1C39E060A,status\evidence\jhora_kaala_witness_20260727\case_127_sr_touch_start_kaala_bala_accessibility.txt,status\evidence\jhora_kaala_witness_20260727\case_127_sr_touch_start_kaala_bala_locked.jpg
GANN_JHORA_KAALA_WITNESS_COMPARATOR_V1,case_127_sr_touch_start,JUPITER,paksha,7.260000000,2.270000000,136.460000000,-0.010000000,Jagannatha Hora 8.0 locked visible Kaala Bala table; accessibility_sha256=F13338439987810C0F7C552E48A9FDEA25AF25DFCFAD2C07D2D77697C868F4AD; screenshot_sha256=00C966E54553EB61334634958AA0AC5A67E42055CFFA4F0FBADC56A1C39E060A,status\evidence\jhora_kaala_witness_20260727\case_127_sr_touch_start_kaala_bala_accessibility.txt,status\evidence\jhora_kaala_witness_20260727\case_127_sr_touch_start_kaala_bala_locked.jpg
GANN_JHORA_KAALA_WITNESS_COMPARATOR_V1,case_127_sr_touch_start,JUPITER,tribhaga,60.000000000,2.270000000,136.460000000,-0.010000000,Jagannatha Hora 8.0 locked visible Kaala Bala table; accessibility_sha256=F13338439987810C0F7C552E48A9FDEA25AF25DFCFAD2C07D2D77697C868F4AD; screenshot_sha256=00C966E54553EB61334634958AA0AC5A67E42055CFFA4F0FBADC56A1C39E060A,status\evidence\jhora_kaala_witness_20260727\case_127_sr_touch_start_kaala_bala_accessibility.txt,status\evidence\jhora_kaala_witness_20260727\case_127_sr_touch_start_kaala_bala_locked.jpg
GANN_JHORA_KAALA_WITNESS_COMPARATOR_V1,case_127_sr_touch_start,JUPITER,abda,0.000000000,2.270000000,136.460000000,-0.010000000,Jagannatha Hora 8.0 locked visible Kaala Bala table; accessibility_sha256=F13338439987810C0F7C552E48A9FDEA25AF25DFCFAD2C07D2D77697C868F4AD; screenshot_sha256=00C966E54553EB61334634958AA0AC5A67E42055CFFA4F0FBADC56A1C39E060A,status\evidence\jhora_kaala_witness_20260727\case_127_sr_touch_start_kaala_bala_accessibility.txt,status\evidence\jhora_kaala_witness_20260727\case_127_sr_touch_start_kaala_bala_locked.jpg
GANN_JHORA_KAALA_WITNESS_COMPARATOR_V1,case_127_sr_touch_start,JUPITER,masa,0.000000000,2.270000000,136.460000000,-0.010000000,Jagannatha Hora 8.0 locked visible Kaala Bala table; accessibility_sha256=F13338439987810C0F7C552E48A9FDEA25AF25DFCFAD2C07D2D77697C868F4AD; screenshot_sha256=00C966E54553EB61334634958AA0AC5A67E42055CFFA4F0FBADC56A1C39E060A,status\evidence\jhora_kaala_witness_20260727\case_127_sr_touch_start_kaala_bala_accessibility.txt,status\evidence\jhora_kaala_witness_20260727\case_127_sr_touch_start_kaala_bala_locked.jpg
GANN_JHORA_KAALA_WITNESS_COMPARATOR_V1,case_127_sr_touch_start,JUPITER,vara,0.000000000,2.270000000,136.460000000,-0.010000000,Jagannatha Hora 8.0 locked visible Kaala Bala table; accessibility_sha256=F13338439987810C0F7C552E48A9FDEA25AF25DFCFAD2C07D2D77697C868F4AD; screenshot_sha256=00C966E54553EB61334634958AA0AC5A67E42055CFFA4F0FBADC56A1C39E060A,status\evidence\jhora_kaala_witness_20260727\case_127_sr_touch_start_kaala_bala_accessibility.txt,status\evidence\jhora_kaala_witness_20260727\case_127_sr_touch_start_kaala_bala_locked.jpg
GANN_JHORA_KAALA_WITNESS_COMPARATOR_V1,case_127_sr_touch_start,JUPITER,hora,0.000000000,2.270000000,136.460000000,-0.010000000,Jagannatha Hora 8.0 locked visible Kaala Bala table; accessibility_sha256=F13338439987810C0F7C552E48A9FDEA25AF25DFCFAD2C07D2D77697C868F4AD; screenshot_sha256=00C966E54553EB61334634958AA0AC5A67E42055CFFA4F0FBADC56A1C39E060A,status\evidence\jhora_kaala_witness_20260727\case_127_sr_touch_start_kaala_bala_accessibility.txt,status\evidence\jhora_kaala_witness_20260727\case_127_sr_touch_start_kaala_bala_locked.jpg
GANN_JHORA_KAALA_WITNESS_COMPARATOR_V1,case_127_sr_touch_start,JUPITER,ayana,59.820000000,2.270000000,136.460000000,-0.010000000,Jagannatha Hora 8.0 locked visible Kaala Bala table; accessibility_sha256=F13338439987810C0F7C552E48A9FDEA25AF25DFCFAD2C07D2D77697C868F4AD; screenshot_sha256=00C966E54553EB61334634958AA0AC5A67E42055CFFA4F0FBADC56A1C39E060A,status\evidence\jhora_kaala_witness_20260727\case_127_sr_touch_start_kaala_bala_accessibility.txt,status\evidence\jhora_kaala_witness_20260727\case_127_sr_touch_start_kaala_bala_locked.jpg
GANN_JHORA_KAALA_WITNESS_COMPARATOR_V1,case_127_sr_touch_start,JUPITER,yuddha,0.000000000,2.270000000,136.460000000,-0.010000000,Jagannatha Hora 8.0 locked visible Kaala Bala table; accessibility_sha256=F13338439987810C0F7C552E48A9FDEA25AF25DFCFAD2C07D2D77697C868F4AD; screenshot_sha256=00C966E54553EB61334634958AA0AC5A67E42055CFFA4F0FBADC56A1C39E060A,status\evidence\jhora_kaala_witness_20260727\case_127_sr_touch_start_kaala_bala_accessibility.txt,status\evidence\jhora_kaala_witness_20260727\case_127_sr_touch_start_kaala_bala_locked.jpg
GANN_JHORA_KAALA_WITNESS_COMPARATOR_V1,case_127_sr_touch_start,VENUS,total,57.500000000,0.960000000,57.510000000,-0.010000000,Jagannatha Hora 8.0 locked visible Kaala Bala table; accessibility_sha256=F13338439987810C0F7C552E48A9FDEA25AF25DFCFAD2C07D2D77697C868F4AD; screenshot_sha256=00C966E54553EB61334634958AA0AC5A67E42055CFFA4F0FBADC56A1C39E060A,status\evidence\jhora_kaala_witness_20260727\case_127_sr_touch_start_kaala_bala_accessibility.txt,status\evidence\jhora_kaala_witness_20260727\case_127_sr_touch_start_kaala_bala_locked.jpg
GANN_JHORA_KAALA_WITNESS_COMPARATOR_V1,case_127_sr_touch_start,VENUS,nathonnatha,9.380000000,0.960000000,57.510000000,-0.010000000,Jagannatha Hora 8.0 locked visible Kaala Bala table; accessibility_sha256=F13338439987810C0F7C552E48A9FDEA25AF25DFCFAD2C07D2D77697C868F4AD; screenshot_sha256=00C966E54553EB61334634958AA0AC5A67E42055CFFA4F0FBADC56A1C39E060A,status\evidence\jhora_kaala_witness_20260727\case_127_sr_touch_start_kaala_bala_accessibility.txt,status\evidence\jhora_kaala_witness_20260727\case_127_sr_touch_start_kaala_bala_locked.jpg
GANN_JHORA_KAALA_WITNESS_COMPARATOR_V1,case_127_sr_touch_start,VENUS,paksha,7.260000000,0.960000000,57.510000000,-0.010000000,Jagannatha Hora 8.0 locked visible Kaala Bala table; accessibility_sha256=F13338439987810C0F7C552E48A9FDEA25AF25DFCFAD2C07D2D77697C868F4AD; screenshot_sha256=00C966E54553EB61334634958AA0AC5A67E42055CFFA4F0FBADC56A1C39E060A,status\evidence\jhora_kaala_witness_20260727\case_127_sr_touch_start_kaala_bala_accessibility.txt,status\evidence\jhora_kaala_witness_20260727\case_127_sr_touch_start_kaala_bala_locked.jpg
GANN_JHORA_KAALA_WITNESS_COMPARATOR_V1,case_127_sr_touch_start,VENUS,tribhaga,0.000000000,0.960000000,57.510000000,-0.010000000,Jagannatha Hora 8.0 locked visible Kaala Bala table; accessibility_sha256=F13338439987810C0F7C552E48A9FDEA25AF25DFCFAD2C07D2D77697C868F4AD; screenshot_sha256=00C966E54553EB61334634958AA0AC5A67E42055CFFA4F0FBADC56A1C39E060A,status\evidence\jhora_kaala_witness_20260727\case_127_sr_touch_start_kaala_bala_accessibility.txt,status\evidence\jhora_kaala_witness_20260727\case_127_sr_touch_start_kaala_bala_locked.jpg
GANN_JHORA_KAALA_WITNESS_COMPARATOR_V1,case_127_sr_touch_start,VENUS,abda,0.000000000,0.960000000,57.510000000,-0.010000000,Jagannatha Hora 8.0 locked visible Kaala Bala table; accessibility_sha256=F13338439987810C0F7C552E48A9FDEA25AF25DFCFAD2C07D2D77697C868F4AD; screenshot_sha256=00C966E54553EB61334634958AA0AC5A67E42055CFFA4F0FBADC56A1C39E060A,status\evidence\jhora_kaala_witness_20260727\case_127_sr_touch_start_kaala_bala_accessibility.txt,status\evidence\jhora_kaala_witness_20260727\case_127_sr_touch_start_kaala_bala_locked.jpg
GANN_JHORA_KAALA_WITNESS_COMPARATOR_V1,case_127_sr_touch_start,VENUS,masa,0.000000000,0.960000000,57.510000000,-0.010000000,Jagannatha Hora 8.0 locked visible Kaala Bala table; accessibility_sha256=F13338439987810C0F7C552E48A9FDEA25AF25DFCFAD2C07D2D77697C868F4AD; screenshot_sha256=00C966E54553EB61334634958AA0AC5A67E42055CFFA4F0FBADC56A1C39E060A,status\evidence\jhora_kaala_witness_20260727\case_127_sr_touch_start_kaala_bala_accessibility.txt,status\evidence\jhora_kaala_witness_20260727\case_127_sr_touch_start_kaala_bala_locked.jpg
GANN_JHORA_KAALA_WITNESS_COMPARATOR_V1,case_127_sr_touch_start,VENUS,vara,0.000000000,0.960000000,57.510000000,-0.010000000,Jagannatha Hora 8.0 locked visible Kaala Bala table; accessibility_sha256=F13338439987810C0F7C552E48A9FDEA25AF25DFCFAD2C07D2D77697C868F4AD; screenshot_sha256=00C966E54553EB61334634958AA0AC5A67E42055CFFA4F0FBADC56A1C39E060A,status\evidence\jhora_kaala_witness_20260727\case_127_sr_touch_start_kaala_bala_accessibility.txt,status\evidence\jhora_kaala_witness_20260727\case_127_sr_touch_start_kaala_bala_locked.jpg
GANN_JHORA_KAALA_WITNESS_COMPARATOR_V1,case_127_sr_touch_start,VENUS,hora,0.000000000,0.960000000,57.510000000,-0.010000000,Jagannatha Hora 8.0 locked visible Kaala Bala table; accessibility_sha256=F13338439987810C0F7C552E48A9FDEA25AF25DFCFAD2C07D2D77697C868F4AD; screenshot_sha256=00C966E54553EB61334634958AA0AC5A67E42055CFFA4F0FBADC56A1C39E060A,status\evidence\jhora_kaala_witness_20260727\case_127_sr_touch_start_kaala_bala_accessibility.txt,status\evidence\jhora_kaala_witness_20260727\case_127_sr_touch_start_kaala_bala_locked.jpg
GANN_JHORA_KAALA_WITNESS_COMPARATOR_V1,case_127_sr_touch_start,VENUS,ayana,40.870000000,0.960000000,57.510000000,-0.010000000,Jagannatha Hora 8.0 locked visible Kaala Bala table; accessibility_sha256=F13338439987810C0F7C552E48A9FDEA25AF25DFCFAD2C07D2D77697C868F4AD; screenshot_sha256=00C966E54553EB61334634958AA0AC5A67E42055CFFA4F0FBADC56A1C39E060A,status\evidence\jhora_kaala_witness_20260727\case_127_sr_touch_start_kaala_bala_accessibility.txt,status\evidence\jhora_kaala_witness_20260727\case_127_sr_touch_start_kaala_bala_locked.jpg
GANN_JHORA_KAALA_WITNESS_COMPARATOR_V1,case_127_sr_touch_start,VENUS,yuddha,0.000000000,0.960000000,57.510000000,-0.010000000,Jagannatha Hora 8.0 locked visible Kaala Bala table; accessibility_sha256=F13338439987810C0F7C552E48A9FDEA25AF25DFCFAD2C07D2D77697C868F4AD; screenshot_sha256=00C966E54553EB61334634958AA0AC5A67E42055CFFA4F0FBADC56A1C39E060A,status\evidence\jhora_kaala_witness_20260727\case_127_sr_touch_start_kaala_bala_accessibility.txt,status\evidence\jhora_kaala_witness_20260727\case_127_sr_touch_start_kaala_bala_locked.jpg
GANN_JHORA_KAALA_WITNESS_COMPARATOR_V1,case_127_sr_touch_start,SATURN,total,133.120000000,2.220000000,133.110000000,0.010000000,Jagannatha Hora 8.0 locked visible Kaala Bala table; accessibility_sha256=F13338439987810C0F7C552E48A9FDEA25AF25DFCFAD2C07D2D77697C868F4AD; screenshot_sha256=00C966E54553EB61334634958AA0AC5A67E42055CFFA4F0FBADC56A1C39E060A,status\evidence\jhora_kaala_witness_20260727\case_127_sr_touch_start_kaala_bala_accessibility.txt,status\evidence\jhora_kaala_witness_20260727\case_127_sr_touch_start_kaala_bala_locked.jpg
GANN_JHORA_KAALA_WITNESS_COMPARATOR_V1,case_127_sr_touch_start,SATURN,nathonnatha,50.620000000,2.220000000,133.110000000,0.010000000,Jagannatha Hora 8.0 locked visible Kaala Bala table; accessibility_sha256=F13338439987810C0F7C552E48A9FDEA25AF25DFCFAD2C07D2D77697C868F4AD; screenshot_sha256=00C966E54553EB61334634958AA0AC5A67E42055CFFA4F0FBADC56A1C39E060A,status\evidence\jhora_kaala_witness_20260727\case_127_sr_touch_start_kaala_bala_accessibility.txt,status\evidence\jhora_kaala_witness_20260727\case_127_sr_touch_start_kaala_bala_locked.jpg
GANN_JHORA_KAALA_WITNESS_COMPARATOR_V1,case_127_sr_touch_start,SATURN,paksha,52.740000000,2.220000000,133.110000000,0.010000000,Jagannatha Hora 8.0 locked visible Kaala Bala table; accessibility_sha256=F13338439987810C0F7C552E48A9FDEA25AF25DFCFAD2C07D2D77697C868F4AD; screenshot_sha256=00C966E54553EB61334634958AA0AC5A67E42055CFFA4F0FBADC56A1C39E060A,status\evidence\jhora_kaala_witness_20260727\case_127_sr_touch_start_kaala_bala_accessibility.txt,status\evidence\jhora_kaala_witness_20260727\case_127_sr_touch_start_kaala_bala_locked.jpg
GANN_JHORA_KAALA_WITNESS_COMPARATOR_V1,case_127_sr_touch_start,SATURN,tribhaga,0.000000000,2.220000000,133.110000000,0.010000000,Jagannatha Hora 8.0 locked visible Kaala Bala table; accessibility_sha256=F13338439987810C0F7C552E48A9FDEA25AF25DFCFAD2C07D2D77697C868F4AD; screenshot_sha256=00C966E54553EB61334634958AA0AC5A67E42055CFFA4F0FBADC56A1C39E060A,status\evidence\jhora_kaala_witness_20260727\case_127_sr_touch_start_kaala_bala_accessibility.txt,status\evidence\jhora_kaala_witness_20260727\case_127_sr_touch_start_kaala_bala_locked.jpg
GANN_JHORA_KAALA_WITNESS_COMPARATOR_V1,case_127_sr_touch_start,SATURN,abda,0.000000000,2.220000000,133.110000000,0.010000000,Jagannatha Hora 8.0 locked visible Kaala Bala table; accessibility_sha256=F13338439987810C0F7C552E48A9FDEA25AF25DFCFAD2C07D2D77697C868F4AD; screenshot_sha256=00C966E54553EB61334634958AA0AC5A67E42055CFFA4F0FBADC56A1C39E060A,status\evidence\jhora_kaala_witness_20260727\case_127_sr_touch_start_kaala_bala_accessibility.txt,status\evidence\jhora_kaala_witness_20260727\case_127_sr_touch_start_kaala_bala_locked.jpg
GANN_JHORA_KAALA_WITNESS_COMPARATOR_V1,case_127_sr_touch_start,SATURN,masa,0.000000000,2.220000000,133.110000000,0.010000000,Jagannatha Hora 8.0 locked visible Kaala Bala table; accessibility_sha256=F13338439987810C0F7C552E48A9FDEA25AF25DFCFAD2C07D2D77697C868F4AD; screenshot_sha256=00C966E54553EB61334634958AA0AC5A67E42055CFFA4F0FBADC56A1C39E060A,status\evidence\jhora_kaala_witness_20260727\case_127_sr_touch_start_kaala_bala_accessibility.txt,status\evidence\jhora_kaala_witness_20260727\case_127_sr_touch_start_kaala_bala_locked.jpg
GANN_JHORA_KAALA_WITNESS_COMPARATOR_V1,case_127_sr_touch_start,SATURN,vara,0.000000000,2.220000000,133.110000000,0.010000000,Jagannatha Hora 8.0 locked visible Kaala Bala table; accessibility_sha256=F13338439987810C0F7C552E48A9FDEA25AF25DFCFAD2C07D2D77697C868F4AD; screenshot_sha256=00C966E54553EB61334634958AA0AC5A67E42055CFFA4F0FBADC56A1C39E060A,status\evidence\jhora_kaala_witness_20260727\case_127_sr_touch_start_kaala_bala_accessibility.txt,status\evidence\jhora_kaala_witness_20260727\case_127_sr_touch_start_kaala_bala_locked.jpg
GANN_JHORA_KAALA_WITNESS_COMPARATOR_V1,case_127_sr_touch_start,SATURN,hora,0.000000000,2.220000000,133.110000000,0.010000000,Jagannatha Hora 8.0 locked visible Kaala Bala table; accessibility_sha256=F13338439987810C0F7C552E48A9FDEA25AF25DFCFAD2C07D2D77697C868F4AD; screenshot_sha256=00C966E54553EB61334634958AA0AC5A67E42055CFFA4F0FBADC56A1C39E060A,status\evidence\jhora_kaala_witness_20260727\case_127_sr_touch_start_kaala_bala_accessibility.txt,status\evidence\jhora_kaala_witness_20260727\case_127_sr_touch_start_kaala_bala_locked.jpg
GANN_JHORA_KAALA_WITNESS_COMPARATOR_V1,case_127_sr_touch_start,SATURN,ayana,29.750000000,2.220000000,133.110000000,0.010000000,Jagannatha Hora 8.0 locked visible Kaala Bala table; accessibility_sha256=F13338439987810C0F7C552E48A9FDEA25AF25DFCFAD2C07D2D77697C868F4AD; screenshot_sha256=00C966E54553EB61334634958AA0AC5A67E42055CFFA4F0FBADC56A1C39E060A,status\evidence\jhora_kaala_witness_20260727\case_127_sr_touch_start_kaala_bala_accessibility.txt,status\evidence\jhora_kaala_witness_20260727\case_127_sr_touch_start_kaala_bala_locked.jpg
GANN_JHORA_KAALA_WITNESS_COMPARATOR_V1,case_127_sr_touch_start,SATURN,yuddha,0.000000000,2.220000000,133.110000000,0.010000000,Jagannatha Hora 8.0 locked visible Kaala Bala table; accessibility_sha256=F13338439987810C0F7C552E48A9FDEA25AF25DFCFAD2C07D2D77697C868F4AD; screenshot_sha256=00C966E54553EB61334634958AA0AC5A67E42055CFFA4F0FBADC56A1C39E060A,status\evidence\jhora_kaala_witness_20260727\case_127_sr_touch_start_kaala_bala_accessibility.txt,status\evidence\jhora_kaala_witness_20260727\case_127_sr_touch_start_kaala_bala_locked.jpg
GANN_JHORA_KAALA_WITNESS_COMPARATOR_V1,case_43_event_start,SUN,total,143.830000000,2.400000000,143.840000000,-0.010000000,Jagannatha Hora 8.0 locked visible Kaala Bala table; accessibility_sha256=2F2C6430E5A9DA460DF69361316521E69F200C851532EB1EB12A310D5BD0E573; screenshot_sha256=F48BE9165668C334FF4C81FEAA433ED38A0406A43628C043F28AAA20A9D66D03,status\evidence\jhora_kaala_witness_20260727\case_43_event_start_kaala_bala_accessibility.txt,status\evidence\jhora_kaala_witness_20260727\case_43_event_start_kaala_bala_locked.jpg
GANN_JHORA_KAALA_WITNESS_COMPARATOR_V1,case_43_event_start,SUN,nathonnatha,34.030000000,2.400000000,143.840000000,-0.010000000,Jagannatha Hora 8.0 locked visible Kaala Bala table; accessibility_sha256=2F2C6430E5A9DA460DF69361316521E69F200C851532EB1EB12A310D5BD0E573; screenshot_sha256=F48BE9165668C334FF4C81FEAA433ED38A0406A43628C043F28AAA20A9D66D03,status\evidence\jhora_kaala_witness_20260727\case_43_event_start_kaala_bala_accessibility.txt,status\evidence\jhora_kaala_witness_20260727\case_43_event_start_kaala_bala_locked.jpg
GANN_JHORA_KAALA_WITNESS_COMPARATOR_V1,case_43_event_start,SUN,paksha,35.140000000,2.400000000,143.840000000,-0.010000000,Jagannatha Hora 8.0 locked visible Kaala Bala table; accessibility_sha256=2F2C6430E5A9DA460DF69361316521E69F200C851532EB1EB12A310D5BD0E573; screenshot_sha256=F48BE9165668C334FF4C81FEAA433ED38A0406A43628C043F28AAA20A9D66D03,status\evidence\jhora_kaala_witness_20260727\case_43_event_start_kaala_bala_accessibility.txt,status\evidence\jhora_kaala_witness_20260727\case_43_event_start_kaala_bala_locked.jpg
GANN_JHORA_KAALA_WITNESS_COMPARATOR_V1,case_43_event_start,SUN,tribhaga,0.000000000,2.400000000,143.840000000,-0.010000000,Jagannatha Hora 8.0 locked visible Kaala Bala table; accessibility_sha256=2F2C6430E5A9DA460DF69361316521E69F200C851532EB1EB12A310D5BD0E573; screenshot_sha256=F48BE9165668C334FF4C81FEAA433ED38A0406A43628C043F28AAA20A9D66D03,status\evidence\jhora_kaala_witness_20260727\case_43_event_start_kaala_bala_accessibility.txt,status\evidence\jhora_kaala_witness_20260727\case_43_event_start_kaala_bala_locked.jpg
GANN_JHORA_KAALA_WITNESS_COMPARATOR_V1,case_43_event_start,SUN,abda,0.000000000,2.400000000,143.840000000,-0.010000000,Jagannatha Hora 8.0 locked visible Kaala Bala table; accessibility_sha256=2F2C6430E5A9DA460DF69361316521E69F200C851532EB1EB12A310D5BD0E573; screenshot_sha256=F48BE9165668C334FF4C81FEAA433ED38A0406A43628C043F28AAA20A9D66D03,status\evidence\jhora_kaala_witness_20260727\case_43_event_start_kaala_bala_accessibility.txt,status\evidence\jhora_kaala_witness_20260727\case_43_event_start_kaala_bala_locked.jpg
GANN_JHORA_KAALA_WITNESS_COMPARATOR_V1,case_43_event_start,SUN,masa,0.000000000,2.400000000,143.840000000,-0.010000000,Jagannatha Hora 8.0 locked visible Kaala Bala table; accessibility_sha256=2F2C6430E5A9DA460DF69361316521E69F200C851532EB1EB12A310D5BD0E573; screenshot_sha256=F48BE9165668C334FF4C81FEAA433ED38A0406A43628C043F28AAA20A9D66D03,status\evidence\jhora_kaala_witness_20260727\case_43_event_start_kaala_bala_accessibility.txt,status\evidence\jhora_kaala_witness_20260727\case_43_event_start_kaala_bala_locked.jpg
GANN_JHORA_KAALA_WITNESS_COMPARATOR_V1,case_43_event_start,SUN,vara,0.000000000,2.400000000,143.840000000,-0.010000000,Jagannatha Hora 8.0 locked visible Kaala Bala table; accessibility_sha256=2F2C6430E5A9DA460DF69361316521E69F200C851532EB1EB12A310D5BD0E573; screenshot_sha256=F48BE9165668C334FF4C81FEAA433ED38A0406A43628C043F28AAA20A9D66D03,status\evidence\jhora_kaala_witness_20260727\case_43_event_start_kaala_bala_accessibility.txt,status\evidence\jhora_kaala_witness_20260727\case_43_event_start_kaala_bala_locked.jpg
GANN_JHORA_KAALA_WITNESS_COMPARATOR_V1,case_43_event_start,SUN,hora,0.000000000,2.400000000,143.840000000,-0.010000000,Jagannatha Hora 8.0 locked visible Kaala Bala table; accessibility_sha256=2F2C6430E5A9DA460DF69361316521E69F200C851532EB1EB12A310D5BD0E573; screenshot_sha256=F48BE9165668C334FF4C81FEAA433ED38A0406A43628C043F28AAA20A9D66D03,status\evidence\jhora_kaala_witness_20260727\case_43_event_start_kaala_bala_accessibility.txt,status\evidence\jhora_kaala_witness_20260727\case_43_event_start_kaala_bala_locked.jpg
GANN_JHORA_KAALA_WITNESS_COMPARATOR_V1,case_43_event_start,SUN,ayana,74.670000000,2.400000000,143.840000000,-0.010000000,Jagannatha Hora 8.0 locked visible Kaala Bala table; accessibility_sha256=2F2C6430E5A9DA460DF69361316521E69F200C851532EB1EB12A310D5BD0E573; screenshot_sha256=F48BE9165668C334FF4C81FEAA433ED38A0406A43628C043F28AAA20A9D66D03,status\evidence\jhora_kaala_witness_20260727\case_43_event_start_kaala_bala_accessibility.txt,status\evidence\jhora_kaala_witness_20260727\case_43_event_start_kaala_bala_locked.jpg
GANN_JHORA_KAALA_WITNESS_COMPARATOR_V1,case_43_event_start,SUN,yuddha,0.000000000,2.400000000,143.840000000,-0.010000000,Jagannatha Hora 8.0 locked visible Kaala Bala table; accessibility_sha256=2F2C6430E5A9DA460DF69361316521E69F200C851532EB1EB12A310D5BD0E573; screenshot_sha256=F48BE9165668C334FF4C81FEAA433ED38A0406A43628C043F28AAA20A9D66D03,status\evidence\jhora_kaala_witness_20260727\case_43_event_start_kaala_bala_accessibility.txt,status\evidence\jhora_kaala_witness_20260727\case_43_event_start_kaala_bala_locked.jpg
GANN_JHORA_KAALA_WITNESS_COMPARATOR_V1,case_43_event_start,MOON,total,111.310000000,1.860000000,111.300000000,0.010000000,Jagannatha Hora 8.0 locked visible Kaala Bala table; accessibility_sha256=2F2C6430E5A9DA460DF69361316521E69F200C851532EB1EB12A310D5BD0E573; screenshot_sha256=F48BE9165668C334FF4C81FEAA433ED38A0406A43628C043F28AAA20A9D66D03,status\evidence\jhora_kaala_witness_20260727\case_43_event_start_kaala_bala_accessibility.txt,status\evidence\jhora_kaala_witness_20260727\case_43_event_start_kaala_bala_locked.jpg
GANN_JHORA_KAALA_WITNESS_COMPARATOR_V1,case_43_event_start,MOON,nathonnatha,25.970000000,1.860000000,111.300000000,0.010000000,Jagannatha Hora 8.0 locked visible Kaala Bala table; accessibility_sha256=2F2C6430E5A9DA460DF69361316521E69F200C851532EB1EB12A310D5BD0E573; screenshot_sha256=F48BE9165668C334FF4C81FEAA433ED38A0406A43628C043F28AAA20A9D66D03,status\evidence\jhora_kaala_witness_20260727\case_43_event_start_kaala_bala_accessibility.txt,status\evidence\jhora_kaala_witness_20260727\case_43_event_start_kaala_bala_locked.jpg
GANN_JHORA_KAALA_WITNESS_COMPARATOR_V1,case_43_event_start,MOON,paksha,70.270000000,1.860000000,111.300000000,0.010000000,Jagannatha Hora 8.0 locked visible Kaala Bala table; accessibility_sha256=2F2C6430E5A9DA460DF69361316521E69F200C851532EB1EB12A310D5BD0E573; screenshot_sha256=F48BE9165668C334FF4C81FEAA433ED38A0406A43628C043F28AAA20A9D66D03,status\evidence\jhora_kaala_witness_20260727\case_43_event_start_kaala_bala_accessibility.txt,status\evidence\jhora_kaala_witness_20260727\case_43_event_start_kaala_bala_locked.jpg
GANN_JHORA_KAALA_WITNESS_COMPARATOR_V1,case_43_event_start,MOON,tribhaga,0.000000000,1.860000000,111.300000000,0.010000000,Jagannatha Hora 8.0 locked visible Kaala Bala table; accessibility_sha256=2F2C6430E5A9DA460DF69361316521E69F200C851532EB1EB12A310D5BD0E573; screenshot_sha256=F48BE9165668C334FF4C81FEAA433ED38A0406A43628C043F28AAA20A9D66D03,status\evidence\jhora_kaala_witness_20260727\case_43_event_start_kaala_bala_accessibility.txt,status\evidence\jhora_kaala_witness_20260727\case_43_event_start_kaala_bala_locked.jpg
GANN_JHORA_KAALA_WITNESS_COMPARATOR_V1,case_43_event_start,MOON,abda,15.000000000,1.860000000,111.300000000,0.010000000,Jagannatha Hora 8.0 locked visible Kaala Bala table; accessibility_sha256=2F2C6430E5A9DA460DF69361316521E69F200C851532EB1EB12A310D5BD0E573; screenshot_sha256=F48BE9165668C334FF4C81FEAA433ED38A0406A43628C043F28AAA20A9D66D03,status\evidence\jhora_kaala_witness_20260727\case_43_event_start_kaala_bala_accessibility.txt,status\evidence\jhora_kaala_witness_20260727\case_43_event_start_kaala_bala_locked.jpg
GANN_JHORA_KAALA_WITNESS_COMPARATOR_V1,case_43_event_start,MOON,masa,0.000000000,1.860000000,111.300000000,0.010000000,Jagannatha Hora 8.0 locked visible Kaala Bala table; accessibility_sha256=2F2C6430E5A9DA460DF69361316521E69F200C851532EB1EB12A310D5BD0E573; screenshot_sha256=F48BE9165668C334FF4C81FEAA433ED38A0406A43628C043F28AAA20A9D66D03,status\evidence\jhora_kaala_witness_20260727\case_43_event_start_kaala_bala_accessibility.txt,status\evidence\jhora_kaala_witness_20260727\case_43_event_start_kaala_bala_locked.jpg
GANN_JHORA_KAALA_WITNESS_COMPARATOR_V1,case_43_event_start,MOON,vara,0.000000000,1.860000000,111.300000000,0.010000000,Jagannatha Hora 8.0 locked visible Kaala Bala table; accessibility_sha256=2F2C6430E5A9DA460DF69361316521E69F200C851532EB1EB12A310D5BD0E573; screenshot_sha256=F48BE9165668C334FF4C81FEAA433ED38A0406A43628C043F28AAA20A9D66D03,status\evidence\jhora_kaala_witness_20260727\case_43_event_start_kaala_bala_accessibility.txt,status\evidence\jhora_kaala_witness_20260727\case_43_event_start_kaala_bala_locked.jpg
GANN_JHORA_KAALA_WITNESS_COMPARATOR_V1,case_43_event_start,MOON,hora,0.000000000,1.860000000,111.300000000,0.010000000,Jagannatha Hora 8.0 locked visible Kaala Bala table; accessibility_sha256=2F2C6430E5A9DA460DF69361316521E69F200C851532EB1EB12A310D5BD0E573; screenshot_sha256=F48BE9165668C334FF4C81FEAA433ED38A0406A43628C043F28AAA20A9D66D03,status\evidence\jhora_kaala_witness_20260727\case_43_event_start_kaala_bala_accessibility.txt,status\evidence\jhora_kaala_witness_20260727\case_43_event_start_kaala_bala_locked.jpg
GANN_JHORA_KAALA_WITNESS_COMPARATOR_V1,case_43_event_start,MOON,ayana,0.060000000,1.860000000,111.300000000,0.010000000,Jagannatha Hora 8.0 locked visible Kaala Bala table; accessibility_sha256=2F2C6430E5A9DA460DF69361316521E69F200C851532EB1EB12A310D5BD0E573; screenshot_sha256=F48BE9165668C334FF4C81FEAA433ED38A0406A43628C043F28AAA20A9D66D03,status\evidence\jhora_kaala_witness_20260727\case_43_event_start_kaala_bala_accessibility.txt,status\evidence\jhora_kaala_witness_20260727\case_43_event_start_kaala_bala_locked.jpg
GANN_JHORA_KAALA_WITNESS_COMPARATOR_V1,case_43_event_start,MOON,yuddha,0.000000000,1.860000000,111.300000000,0.010000000,Jagannatha Hora 8.0 locked visible Kaala Bala table; accessibility_sha256=2F2C6430E5A9DA460DF69361316521E69F200C851532EB1EB12A310D5BD0E573; screenshot_sha256=F48BE9165668C334FF4C81FEAA433ED38A0406A43628C043F28AAA20A9D66D03,status\evidence\jhora_kaala_witness_20260727\case_43_event_start_kaala_bala_accessibility.txt,status\evidence\jhora_kaala_witness_20260727\case_43_event_start_kaala_bala_locked.jpg
GANN_JHORA_KAALA_WITNESS_COMPARATOR_V1,case_43_event_start,MARS,total,117.990000000,1.970000000,117.980000000,0.010000000,Jagannatha Hora 8.0 locked visible Kaala Bala table; accessibility_sha256=2F2C6430E5A9DA460DF69361316521E69F200C851532EB1EB12A310D5BD0E573; screenshot_sha256=F48BE9165668C334FF4C81FEAA433ED38A0406A43628C043F28AAA20A9D66D03,status\evidence\jhora_kaala_witness_20260727\case_43_event_start_kaala_bala_accessibility.txt,status\evidence\jhora_kaala_witness_20260727\case_43_event_start_kaala_bala_locked.jpg
GANN_JHORA_KAALA_WITNESS_COMPARATOR_V1,case_43_event_start,MARS,nathonnatha,25.970000000,1.970000000,117.980000000,0.010000000,Jagannatha Hora 8.0 locked visible Kaala Bala table; accessibility_sha256=2F2C6430E5A9DA460DF69361316521E69F200C851532EB1EB12A310D5BD0E573; screenshot_sha256=F48BE9165668C334FF4C81FEAA433ED38A0406A43628C043F28AAA20A9D66D03,status\evidence\jhora_kaala_witness_20260727\case_43_event_start_kaala_bala_accessibility.txt,status\evidence\jhora_kaala_witness_20260727\case_43_event_start_kaala_bala_locked.jpg
GANN_JHORA_KAALA_WITNESS_COMPARATOR_V1,case_43_event_start,MARS,paksha,35.140000000,1.970000000,117.980000000,0.010000000,Jagannatha Hora 8.0 locked visible Kaala Bala table; accessibility_sha256=2F2C6430E5A9DA460DF69361316521E69F200C851532EB1EB12A310D5BD0E573; screenshot_sha256=F48BE9165668C334FF4C81FEAA433ED38A0406A43628C043F28AAA20A9D66D03,status\evidence\jhora_kaala_witness_20260727\case_43_event_start_kaala_bala_accessibility.txt,status\evidence\jhora_kaala_witness_20260727\case_43_event_start_kaala_bala_locked.jpg
GANN_JHORA_KAALA_WITNESS_COMPARATOR_V1,case_43_event_start,MARS,tribhaga,0.000000000,1.970000000,117.980000000,0.010000000,Jagannatha Hora 8.0 locked visible Kaala Bala table; accessibility_sha256=2F2C6430E5A9DA460DF69361316521E69F200C851532EB1EB12A310D5BD0E573; screenshot_sha256=F48BE9165668C334FF4C81FEAA433ED38A0406A43628C043F28AAA20A9D66D03,status\evidence\jhora_kaala_witness_20260727\case_43_event_start_kaala_bala_accessibility.txt,status\evidence\jhora_kaala_witness_20260727\case_43_event_start_kaala_bala_locked.jpg
GANN_JHORA_KAALA_WITNESS_COMPARATOR_V1,case_43_event_start,MARS,abda,0.000000000,1.970000000,117.980000000,0.010000000,Jagannatha Hora 8.0 locked visible Kaala Bala table; accessibility_sha256=2F2C6430E5A9DA460DF69361316521E69F200C851532EB1EB12A310D5BD0E573; screenshot_sha256=F48BE9165668C334FF4C81FEAA433ED38A0406A43628C043F28AAA20A9D66D03,status\evidence\jhora_kaala_witness_20260727\case_43_event_start_kaala_bala_accessibility.txt,status\evidence\jhora_kaala_witness_20260727\case_43_event_start_kaala_bala_locked.jpg
GANN_JHORA_KAALA_WITNESS_COMPARATOR_V1,case_43_event_start,MARS,masa,0.000000000,1.970000000,117.980000000,0.010000000,Jagannatha Hora 8.0 locked visible Kaala Bala table; accessibility_sha256=2F2C6430E5A9DA460DF69361316521E69F200C851532EB1EB12A310D5BD0E573; screenshot_sha256=F48BE9165668C334FF4C81FEAA433ED38A0406A43628C043F28AAA20A9D66D03,status\evidence\jhora_kaala_witness_20260727\case_43_event_start_kaala_bala_accessibility.txt,status\evidence\jhora_kaala_witness_20260727\case_43_event_start_kaala_bala_locked.jpg
GANN_JHORA_KAALA_WITNESS_COMPARATOR_V1,case_43_event_start,MARS,vara,0.000000000,1.970000000,117.980000000,0.010000000,Jagannatha Hora 8.0 locked visible Kaala Bala table; accessibility_sha256=2F2C6430E5A9DA460DF69361316521E69F200C851532EB1EB12A310D5BD0E573; screenshot_sha256=F48BE9165668C334FF4C81FEAA433ED38A0406A43628C043F28AAA20A9D66D03,status\evidence\jhora_kaala_witness_20260727\case_43_event_start_kaala_bala_accessibility.txt,status\evidence\jhora_kaala_witness_20260727\case_43_event_start_kaala_bala_locked.jpg
GANN_JHORA_KAALA_WITNESS_COMPARATOR_V1,case_43_event_start,MARS,hora,0.000000000,1.970000000,117.980000000,0.010000000,Jagannatha Hora 8.0 locked visible Kaala Bala table; accessibility_sha256=2F2C6430E5A9DA460DF69361316521E69F200C851532EB1EB12A310D5BD0E573; screenshot_sha256=F48BE9165668C334FF4C81FEAA433ED38A0406A43628C043F28AAA20A9D66D03,status\evidence\jhora_kaala_witness_20260727\case_43_event_start_kaala_bala_accessibility.txt,status\evidence\jhora_kaala_witness_20260727\case_43_event_start_kaala_bala_locked.jpg
GANN_JHORA_KAALA_WITNESS_COMPARATOR_V1,case_43_event_start,MARS,ayana,56.870000000,1.970000000,117.980000000,0.010000000,Jagannatha Hora 8.0 locked visible Kaala Bala table; accessibility_sha256=2F2C6430E5A9DA460DF69361316521E69F200C851532EB1EB12A310D5BD0E573; screenshot_sha256=F48BE9165668C334FF4C81FEAA433ED38A0406A43628C043F28AAA20A9D66D03,status\evidence\jhora_kaala_witness_20260727\case_43_event_start_kaala_bala_accessibility.txt,status\evidence\jhora_kaala_witness_20260727\case_43_event_start_kaala_bala_locked.jpg
GANN_JHORA_KAALA_WITNESS_COMPARATOR_V1,case_43_event_start,MARS,yuddha,0.000000000,1.970000000,117.980000000,0.010000000,Jagannatha Hora 8.0 locked visible Kaala Bala table; accessibility_sha256=2F2C6430E5A9DA460DF69361316521E69F200C851532EB1EB12A310D5BD0E573; screenshot_sha256=F48BE9165668C334FF4C81FEAA433ED38A0406A43628C043F28AAA20A9D66D03,status\evidence\jhora_kaala_witness_20260727\case_43_event_start_kaala_bala_accessibility.txt,status\evidence\jhora_kaala_witness_20260727\case_43_event_start_kaala_bala_locked.jpg
GANN_JHORA_KAALA_WITNESS_COMPARATOR_V1,case_43_event_start,MERCURY,total,186.320000000,3.110000000,186.320000000,0.000000000,Jagannatha Hora 8.0 locked visible Kaala Bala table; accessibility_sha256=2F2C6430E5A9DA460DF69361316521E69F200C851532EB1EB12A310D5BD0E573; screenshot_sha256=F48BE9165668C334FF4C81FEAA433ED38A0406A43628C043F28AAA20A9D66D03,status\evidence\jhora_kaala_witness_20260727\case_43_event_start_kaala_bala_accessibility.txt,status\evidence\jhora_kaala_witness_20260727\case_43_event_start_kaala_bala_locked.jpg
GANN_JHORA_KAALA_WITNESS_COMPARATOR_V1,case_43_event_start,MERCURY,nathonnatha,60.000000000,3.110000000,186.320000000,0.000000000,Jagannatha Hora 8.0 locked visible Kaala Bala table; accessibility_sha256=2F2C6430E5A9DA460DF69361316521E69F200C851532EB1EB12A310D5BD0E573; screenshot_sha256=F48BE9165668C334FF4C81FEAA433ED38A0406A43628C043F28AAA20A9D66D03,status\evidence\jhora_kaala_witness_20260727\case_43_event_start_kaala_bala_accessibility.txt,status\evidence\jhora_kaala_witness_20260727\case_43_event_start_kaala_bala_locked.jpg
GANN_JHORA_KAALA_WITNESS_COMPARATOR_V1,case_43_event_start,MERCURY,paksha,35.140000000,3.110000000,186.320000000,0.000000000,Jagannatha Hora 8.0 locked visible Kaala Bala table; accessibility_sha256=2F2C6430E5A9DA460DF69361316521E69F200C851532EB1EB12A310D5BD0E573; screenshot_sha256=F48BE9165668C334FF4C81FEAA433ED38A0406A43628C043F28AAA20A9D66D03,status\evidence\jhora_kaala_witness_20260727\case_43_event_start_kaala_bala_accessibility.txt,status\evidence\jhora_kaala_witness_20260727\case_43_event_start_kaala_bala_locked.jpg
GANN_JHORA_KAALA_WITNESS_COMPARATOR_V1,case_43_event_start,MERCURY,tribhaga,60.000000000,3.110000000,186.320000000,0.000000000,Jagannatha Hora 8.0 locked visible Kaala Bala table; accessibility_sha256=2F2C6430E5A9DA460DF69361316521E69F200C851532EB1EB12A310D5BD0E573; screenshot_sha256=F48BE9165668C334FF4C81FEAA433ED38A0406A43628C043F28AAA20A9D66D03,status\evidence\jhora_kaala_witness_20260727\case_43_event_start_kaala_bala_accessibility.txt,status\evidence\jhora_kaala_witness_20260727\case_43_event_start_kaala_bala_locked.jpg
GANN_JHORA_KAALA_WITNESS_COMPARATOR_V1,case_43_event_start,MERCURY,abda,0.000000000,3.110000000,186.320000000,0.000000000,Jagannatha Hora 8.0 locked visible Kaala Bala table; accessibility_sha256=2F2C6430E5A9DA460DF69361316521E69F200C851532EB1EB12A310D5BD0E573; screenshot_sha256=F48BE9165668C334FF4C81FEAA433ED38A0406A43628C043F28AAA20A9D66D03,status\evidence\jhora_kaala_witness_20260727\case_43_event_start_kaala_bala_accessibility.txt,status\evidence\jhora_kaala_witness_20260727\case_43_event_start_kaala_bala_locked.jpg
GANN_JHORA_KAALA_WITNESS_COMPARATOR_V1,case_43_event_start,MERCURY,masa,0.000000000,3.110000000,186.320000000,0.000000000,Jagannatha Hora 8.0 locked visible Kaala Bala table; accessibility_sha256=2F2C6430E5A9DA460DF69361316521E69F200C851532EB1EB12A310D5BD0E573; screenshot_sha256=F48BE9165668C334FF4C81FEAA433ED38A0406A43628C043F28AAA20A9D66D03,status\evidence\jhora_kaala_witness_20260727\case_43_event_start_kaala_bala_accessibility.txt,status\evidence\jhora_kaala_witness_20260727\case_43_event_start_kaala_bala_locked.jpg
GANN_JHORA_KAALA_WITNESS_COMPARATOR_V1,case_43_event_start,MERCURY,vara,0.000000000,3.110000000,186.320000000,0.000000000,Jagannatha Hora 8.0 locked visible Kaala Bala table; accessibility_sha256=2F2C6430E5A9DA460DF69361316521E69F200C851532EB1EB12A310D5BD0E573; screenshot_sha256=F48BE9165668C334FF4C81FEAA433ED38A0406A43628C043F28AAA20A9D66D03,status\evidence\jhora_kaala_witness_20260727\case_43_event_start_kaala_bala_accessibility.txt,status\evidence\jhora_kaala_witness_20260727\case_43_event_start_kaala_bala_locked.jpg
GANN_JHORA_KAALA_WITNESS_COMPARATOR_V1,case_43_event_start,MERCURY,hora,0.000000000,3.110000000,186.320000000,0.000000000,Jagannatha Hora 8.0 locked visible Kaala Bala table; accessibility_sha256=2F2C6430E5A9DA460DF69361316521E69F200C851532EB1EB12A310D5BD0E573; screenshot_sha256=F48BE9165668C334FF4C81FEAA433ED38A0406A43628C043F28AAA20A9D66D03,status\evidence\jhora_kaala_witness_20260727\case_43_event_start_kaala_bala_accessibility.txt,status\evidence\jhora_kaala_witness_20260727\case_43_event_start_kaala_bala_locked.jpg
GANN_JHORA_KAALA_WITNESS_COMPARATOR_V1,case_43_event_start,MERCURY,ayana,31.180000000,3.110000000,186.320000000,0.000000000,Jagannatha Hora 8.0 locked visible Kaala Bala table; accessibility_sha256=2F2C6430E5A9DA460DF69361316521E69F200C851532EB1EB12A310D5BD0E573; screenshot_sha256=F48BE9165668C334FF4C81FEAA433ED38A0406A43628C043F28AAA20A9D66D03,status\evidence\jhora_kaala_witness_20260727\case_43_event_start_kaala_bala_accessibility.txt,status\evidence\jhora_kaala_witness_20260727\case_43_event_start_kaala_bala_locked.jpg
GANN_JHORA_KAALA_WITNESS_COMPARATOR_V1,case_43_event_start,MERCURY,yuddha,0.000000000,3.110000000,186.320000000,0.000000000,Jagannatha Hora 8.0 locked visible Kaala Bala table; accessibility_sha256=2F2C6430E5A9DA460DF69361316521E69F200C851532EB1EB12A310D5BD0E573; screenshot_sha256=F48BE9165668C334FF4C81FEAA433ED38A0406A43628C043F28AAA20A9D66D03,status\evidence\jhora_kaala_witness_20260727\case_43_event_start_kaala_bala_accessibility.txt,status\evidence\jhora_kaala_witness_20260727\case_43_event_start_kaala_bala_locked.jpg
GANN_JHORA_KAALA_WITNESS_COMPARATOR_V1,case_43_event_start,JUPITER,total,177.930000000,2.970000000,177.930000000,0.000000000,Jagannatha Hora 8.0 locked visible Kaala Bala table; accessibility_sha256=2F2C6430E5A9DA460DF69361316521E69F200C851532EB1EB12A310D5BD0E573; screenshot_sha256=F48BE9165668C334FF4C81FEAA433ED38A0406A43628C043F28AAA20A9D66D03,status\evidence\jhora_kaala_witness_20260727\case_43_event_start_kaala_bala_accessibility.txt,status\evidence\jhora_kaala_witness_20260727\case_43_event_start_kaala_bala_locked.jpg
GANN_JHORA_KAALA_WITNESS_COMPARATOR_V1,case_43_event_start,JUPITER,nathonnatha,34.030000000,2.970000000,177.930000000,0.000000000,Jagannatha Hora 8.0 locked visible Kaala Bala table; accessibility_sha256=2F2C6430E5A9DA460DF69361316521E69F200C851532EB1EB12A310D5BD0E573; screenshot_sha256=F48BE9165668C334FF4C81FEAA433ED38A0406A43628C043F28AAA20A9D66D03,status\evidence\jhora_kaala_witness_20260727\case_43_event_start_kaala_bala_accessibility.txt,status\evidence\jhora_kaala_witness_20260727\case_43_event_start_kaala_bala_locked.jpg
GANN_JHORA_KAALA_WITNESS_COMPARATOR_V1,case_43_event_start,JUPITER,paksha,24.860000000,2.970000000,177.930000000,0.000000000,Jagannatha Hora 8.0 locked visible Kaala Bala table; accessibility_sha256=2F2C6430E5A9DA460DF69361316521E69F200C851532EB1EB12A310D5BD0E573; screenshot_sha256=F48BE9165668C334FF4C81FEAA433ED38A0406A43628C043F28AAA20A9D66D03,status\evidence\jhora_kaala_witness_20260727\case_43_event_start_kaala_bala_accessibility.txt,status\evidence\jhora_kaala_witness_20260727\case_43_event_start_kaala_bala_locked.jpg
GANN_JHORA_KAALA_WITNESS_COMPARATOR_V1,case_43_event_start,JUPITER,tribhaga,60.000000000,2.970000000,177.930000000,0.000000000,Jagannatha Hora 8.0 locked visible Kaala Bala table; accessibility_sha256=2F2C6430E5A9DA460DF69361316521E69F200C851532EB1EB12A310D5BD0E573; screenshot_sha256=F48BE9165668C334FF4C81FEAA433ED38A0406A43628C043F28AAA20A9D66D03,status\evidence\jhora_kaala_witness_20260727\case_43_event_start_kaala_bala_accessibility.txt,status\evidence\jhora_kaala_witness_20260727\case_43_event_start_kaala_bala_locked.jpg
GANN_JHORA_KAALA_WITNESS_COMPARATOR_V1,case_43_event_start,JUPITER,abda,0.000000000,2.970000000,177.930000000,0.000000000,Jagannatha Hora 8.0 locked visible Kaala Bala table; accessibility_sha256=2F2C6430E5A9DA460DF69361316521E69F200C851532EB1EB12A310D5BD0E573; screenshot_sha256=F48BE9165668C334FF4C81FEAA433ED38A0406A43628C043F28AAA20A9D66D03,status\evidence\jhora_kaala_witness_20260727\case_43_event_start_kaala_bala_accessibility.txt,status\evidence\jhora_kaala_witness_20260727\case_43_event_start_kaala_bala_locked.jpg
GANN_JHORA_KAALA_WITNESS_COMPARATOR_V1,case_43_event_start,JUPITER,masa,0.000000000,2.970000000,177.930000000,0.000000000,Jagannatha Hora 8.0 locked visible Kaala Bala table; accessibility_sha256=2F2C6430E5A9DA460DF69361316521E69F200C851532EB1EB12A310D5BD0E573; screenshot_sha256=F48BE9165668C334FF4C81FEAA433ED38A0406A43628C043F28AAA20A9D66D03,status\evidence\jhora_kaala_witness_20260727\case_43_event_start_kaala_bala_accessibility.txt,status\evidence\jhora_kaala_witness_20260727\case_43_event_start_kaala_bala_locked.jpg
GANN_JHORA_KAALA_WITNESS_COMPARATOR_V1,case_43_event_start,JUPITER,vara,0.000000000,2.970000000,177.930000000,0.000000000,Jagannatha Hora 8.0 locked visible Kaala Bala table; accessibility_sha256=2F2C6430E5A9DA460DF69361316521E69F200C851532EB1EB12A310D5BD0E573; screenshot_sha256=F48BE9165668C334FF4C81FEAA433ED38A0406A43628C043F28AAA20A9D66D03,status\evidence\jhora_kaala_witness_20260727\case_43_event_start_kaala_bala_accessibility.txt,status\evidence\jhora_kaala_witness_20260727\case_43_event_start_kaala_bala_locked.jpg
GANN_JHORA_KAALA_WITNESS_COMPARATOR_V1,case_43_event_start,JUPITER,hora,0.000000000,2.970000000,177.930000000,0.000000000,Jagannatha Hora 8.0 locked visible Kaala Bala table; accessibility_sha256=2F2C6430E5A9DA460DF69361316521E69F200C851532EB1EB12A310D5BD0E573; screenshot_sha256=F48BE9165668C334FF4C81FEAA433ED38A0406A43628C043F28AAA20A9D66D03,status\evidence\jhora_kaala_witness_20260727\case_43_event_start_kaala_bala_accessibility.txt,status\evidence\jhora_kaala_witness_20260727\case_43_event_start_kaala_bala_locked.jpg
GANN_JHORA_KAALA_WITNESS_COMPARATOR_V1,case_43_event_start,JUPITER,ayana,59.040000000,2.970000000,177.930000000,0.000000000,Jagannatha Hora 8.0 locked visible Kaala Bala table; accessibility_sha256=2F2C6430E5A9DA460DF69361316521E69F200C851532EB1EB12A310D5BD0E573; screenshot_sha256=F48BE9165668C334FF4C81FEAA433ED38A0406A43628C043F28AAA20A9D66D03,status\evidence\jhora_kaala_witness_20260727\case_43_event_start_kaala_bala_accessibility.txt,status\evidence\jhora_kaala_witness_20260727\case_43_event_start_kaala_bala_locked.jpg
GANN_JHORA_KAALA_WITNESS_COMPARATOR_V1,case_43_event_start,JUPITER,yuddha,0.000000000,2.970000000,177.930000000,0.000000000,Jagannatha Hora 8.0 locked visible Kaala Bala table; accessibility_sha256=2F2C6430E5A9DA460DF69361316521E69F200C851532EB1EB12A310D5BD0E573; screenshot_sha256=F48BE9165668C334FF4C81FEAA433ED38A0406A43628C043F28AAA20A9D66D03,status\evidence\jhora_kaala_witness_20260727\case_43_event_start_kaala_bala_accessibility.txt,status\evidence\jhora_kaala_witness_20260727\case_43_event_start_kaala_bala_locked.jpg
GANN_JHORA_KAALA_WITNESS_COMPARATOR_V1,case_43_event_start,VENUS,total,222.160000000,3.700000000,222.160000000,0.000000000,Jagannatha Hora 8.0 locked visible Kaala Bala table; accessibility_sha256=2F2C6430E5A9DA460DF69361316521E69F200C851532EB1EB12A310D5BD0E573; screenshot_sha256=F48BE9165668C334FF4C81FEAA433ED38A0406A43628C043F28AAA20A9D66D03,status\evidence\jhora_kaala_witness_20260727\case_43_event_start_kaala_bala_accessibility.txt,status\evidence\jhora_kaala_witness_20260727\case_43_event_start_kaala_bala_locked.jpg
GANN_JHORA_KAALA_WITNESS_COMPARATOR_V1,case_43_event_start,VENUS,nathonnatha,34.030000000,3.700000000,222.160000000,0.000000000,Jagannatha Hora 8.0 locked visible Kaala Bala table; accessibility_sha256=2F2C6430E5A9DA460DF69361316521E69F200C851532EB1EB12A310D5BD0E573; screenshot_sha256=F48BE9165668C334FF4C81FEAA433ED38A0406A43628C043F28AAA20A9D66D03,status\evidence\jhora_kaala_witness_20260727\case_43_event_start_kaala_bala_accessibility.txt,status\evidence\jhora_kaala_witness_20260727\case_43_event_start_kaala_bala_locked.jpg
GANN_JHORA_KAALA_WITNESS_COMPARATOR_V1,case_43_event_start,VENUS,paksha,24.860000000,3.700000000,222.160000000,0.000000000,Jagannatha Hora 8.0 locked visible Kaala Bala table; accessibility_sha256=2F2C6430E5A9DA460DF69361316521E69F200C851532EB1EB12A310D5BD0E573; screenshot_sha256=F48BE9165668C334FF4C81FEAA433ED38A0406A43628C043F28AAA20A9D66D03,status\evidence\jhora_kaala_witness_20260727\case_43_event_start_kaala_bala_accessibility.txt,status\evidence\jhora_kaala_witness_20260727\case_43_event_start_kaala_bala_locked.jpg
GANN_JHORA_KAALA_WITNESS_COMPARATOR_V1,case_43_event_start,VENUS,tribhaga,0.000000000,3.700000000,222.160000000,0.000000000,Jagannatha Hora 8.0 locked visible Kaala Bala table; accessibility_sha256=2F2C6430E5A9DA460DF69361316521E69F200C851532EB1EB12A310D5BD0E573; screenshot_sha256=F48BE9165668C334FF4C81FEAA433ED38A0406A43628C043F28AAA20A9D66D03,status\evidence\jhora_kaala_witness_20260727\case_43_event_start_kaala_bala_accessibility.txt,status\evidence\jhora_kaala_witness_20260727\case_43_event_start_kaala_bala_locked.jpg
GANN_JHORA_KAALA_WITNESS_COMPARATOR_V1,case_43_event_start,VENUS,abda,0.000000000,3.700000000,222.160000000,0.000000000,Jagannatha Hora 8.0 locked visible Kaala Bala table; accessibility_sha256=2F2C6430E5A9DA460DF69361316521E69F200C851532EB1EB12A310D5BD0E573; screenshot_sha256=F48BE9165668C334FF4C81FEAA433ED38A0406A43628C043F28AAA20A9D66D03,status\evidence\jhora_kaala_witness_20260727\case_43_event_start_kaala_bala_accessibility.txt,status\evidence\jhora_kaala_witness_20260727\case_43_event_start_kaala_bala_locked.jpg
GANN_JHORA_KAALA_WITNESS_COMPARATOR_V1,case_43_event_start,VENUS,masa,30.000000000,3.700000000,222.160000000,0.000000000,Jagannatha Hora 8.0 locked visible Kaala Bala table; accessibility_sha256=2F2C6430E5A9DA460DF69361316521E69F200C851532EB1EB12A310D5BD0E573; screenshot_sha256=F48BE9165668C334FF4C81FEAA433ED38A0406A43628C043F28AAA20A9D66D03,status\evidence\jhora_kaala_witness_20260727\case_43_event_start_kaala_bala_accessibility.txt,status\evidence\jhora_kaala_witness_20260727\case_43_event_start_kaala_bala_locked.jpg
GANN_JHORA_KAALA_WITNESS_COMPARATOR_V1,case_43_event_start,VENUS,vara,45.000000000,3.700000000,222.160000000,0.000000000,Jagannatha Hora 8.0 locked visible Kaala Bala table; accessibility_sha256=2F2C6430E5A9DA460DF69361316521E69F200C851532EB1EB12A310D5BD0E573; screenshot_sha256=F48BE9165668C334FF4C81FEAA433ED38A0406A43628C043F28AAA20A9D66D03,status\evidence\jhora_kaala_witness_20260727\case_43_event_start_kaala_bala_accessibility.txt,status\evidence\jhora_kaala_witness_20260727\case_43_event_start_kaala_bala_locked.jpg
GANN_JHORA_KAALA_WITNESS_COMPARATOR_V1,case_43_event_start,VENUS,hora,60.000000000,3.700000000,222.160000000,0.000000000,Jagannatha Hora 8.0 locked visible Kaala Bala table; accessibility_sha256=2F2C6430E5A9DA460DF69361316521E69F200C851532EB1EB12A310D5BD0E573; screenshot_sha256=F48BE9165668C334FF4C81FEAA433ED38A0406A43628C043F28AAA20A9D66D03,status\evidence\jhora_kaala_witness_20260727\case_43_event_start_kaala_bala_accessibility.txt,status\evidence\jhora_kaala_witness_20260727\case_43_event_start_kaala_bala_locked.jpg
GANN_JHORA_KAALA_WITNESS_COMPARATOR_V1,case_43_event_start,VENUS,ayana,28.270000000,3.700000000,222.160000000,0.000000000,Jagannatha Hora 8.0 locked visible Kaala Bala table; accessibility_sha256=2F2C6430E5A9DA460DF69361316521E69F200C851532EB1EB12A310D5BD0E573; screenshot_sha256=F48BE9165668C334FF4C81FEAA433ED38A0406A43628C043F28AAA20A9D66D03,status\evidence\jhora_kaala_witness_20260727\case_43_event_start_kaala_bala_accessibility.txt,status\evidence\jhora_kaala_witness_20260727\case_43_event_start_kaala_bala_locked.jpg
GANN_JHORA_KAALA_WITNESS_COMPARATOR_V1,case_43_event_start,VENUS,yuddha,0.000000000,3.700000000,222.160000000,0.000000000,Jagannatha Hora 8.0 locked visible Kaala Bala table; accessibility_sha256=2F2C6430E5A9DA460DF69361316521E69F200C851532EB1EB12A310D5BD0E573; screenshot_sha256=F48BE9165668C334FF4C81FEAA433ED38A0406A43628C043F28AAA20A9D66D03,status\evidence\jhora_kaala_witness_20260727\case_43_event_start_kaala_bala_accessibility.txt,status\evidence\jhora_kaala_witness_20260727\case_43_event_start_kaala_bala_locked.jpg
GANN_JHORA_KAALA_WITNESS_COMPARATOR_V1,case_43_event_start,SATURN,total,93.590000000,1.560000000,93.590000000,0.000000000,Jagannatha Hora 8.0 locked visible Kaala Bala table; accessibility_sha256=2F2C6430E5A9DA460DF69361316521E69F200C851532EB1EB12A310D5BD0E573; screenshot_sha256=F48BE9165668C334FF4C81FEAA433ED38A0406A43628C043F28AAA20A9D66D03,status\evidence\jhora_kaala_witness_20260727\case_43_event_start_kaala_bala_accessibility.txt,status\evidence\jhora_kaala_witness_20260727\case_43_event_start_kaala_bala_locked.jpg
GANN_JHORA_KAALA_WITNESS_COMPARATOR_V1,case_43_event_start,SATURN,nathonnatha,25.970000000,1.560000000,93.590000000,0.000000000,Jagannatha Hora 8.0 locked visible Kaala Bala table; accessibility_sha256=2F2C6430E5A9DA460DF69361316521E69F200C851532EB1EB12A310D5BD0E573; screenshot_sha256=F48BE9165668C334FF4C81FEAA433ED38A0406A43628C043F28AAA20A9D66D03,status\evidence\jhora_kaala_witness_20260727\case_43_event_start_kaala_bala_accessibility.txt,status\evidence\jhora_kaala_witness_20260727\case_43_event_start_kaala_bala_locked.jpg
GANN_JHORA_KAALA_WITNESS_COMPARATOR_V1,case_43_event_start,SATURN,paksha,35.140000000,1.560000000,93.590000000,0.000000000,Jagannatha Hora 8.0 locked visible Kaala Bala table; accessibility_sha256=2F2C6430E5A9DA460DF69361316521E69F200C851532EB1EB12A310D5BD0E573; screenshot_sha256=F48BE9165668C334FF4C81FEAA433ED38A0406A43628C043F28AAA20A9D66D03,status\evidence\jhora_kaala_witness_20260727\case_43_event_start_kaala_bala_accessibility.txt,status\evidence\jhora_kaala_witness_20260727\case_43_event_start_kaala_bala_locked.jpg
GANN_JHORA_KAALA_WITNESS_COMPARATOR_V1,case_43_event_start,SATURN,tribhaga,0.000000000,1.560000000,93.590000000,0.000000000,Jagannatha Hora 8.0 locked visible Kaala Bala table; accessibility_sha256=2F2C6430E5A9DA460DF69361316521E69F200C851532EB1EB12A310D5BD0E573; screenshot_sha256=F48BE9165668C334FF4C81FEAA433ED38A0406A43628C043F28AAA20A9D66D03,status\evidence\jhora_kaala_witness_20260727\case_43_event_start_kaala_bala_accessibility.txt,status\evidence\jhora_kaala_witness_20260727\case_43_event_start_kaala_bala_locked.jpg
GANN_JHORA_KAALA_WITNESS_COMPARATOR_V1,case_43_event_start,SATURN,abda,0.000000000,1.560000000,93.590000000,0.000000000,Jagannatha Hora 8.0 locked visible Kaala Bala table; accessibility_sha256=2F2C6430E5A9DA460DF69361316521E69F200C851532EB1EB12A310D5BD0E573; screenshot_sha256=F48BE9165668C334FF4C81FEAA433ED38A0406A43628C043F28AAA20A9D66D03,status\evidence\jhora_kaala_witness_20260727\case_43_event_start_kaala_bala_accessibility.txt,status\evidence\jhora_kaala_witness_20260727\case_43_event_start_kaala_bala_locked.jpg
GANN_JHORA_KAALA_WITNESS_COMPARATOR_V1,case_43_event_start,SATURN,masa,0.000000000,1.560000000,93.590000000,0.000000000,Jagannatha Hora 8.0 locked visible Kaala Bala table; accessibility_sha256=2F2C6430E5A9DA460DF69361316521E69F200C851532EB1EB12A310D5BD0E573; screenshot_sha256=F48BE9165668C334FF4C81FEAA433ED38A0406A43628C043F28AAA20A9D66D03,status\evidence\jhora_kaala_witness_20260727\case_43_event_start_kaala_bala_accessibility.txt,status\evidence\jhora_kaala_witness_20260727\case_43_event_start_kaala_bala_locked.jpg
GANN_JHORA_KAALA_WITNESS_COMPARATOR_V1,case_43_event_start,SATURN,vara,0.000000000,1.560000000,93.590000000,0.000000000,Jagannatha Hora 8.0 locked visible Kaala Bala table; accessibility_sha256=2F2C6430E5A9DA460DF69361316521E69F200C851532EB1EB12A310D5BD0E573; screenshot_sha256=F48BE9165668C334FF4C81FEAA433ED38A0406A43628C043F28AAA20A9D66D03,status\evidence\jhora_kaala_witness_20260727\case_43_event_start_kaala_bala_accessibility.txt,status\evidence\jhora_kaala_witness_20260727\case_43_event_start_kaala_bala_locked.jpg
GANN_JHORA_KAALA_WITNESS_COMPARATOR_V1,case_43_event_start,SATURN,hora,0.000000000,1.560000000,93.590000000,0.000000000,Jagannatha Hora 8.0 locked visible Kaala Bala table; accessibility_sha256=2F2C6430E5A9DA460DF69361316521E69F200C851532EB1EB12A310D5BD0E573; screenshot_sha256=F48BE9165668C334FF4C81FEAA433ED38A0406A43628C043F28AAA20A9D66D03,status\evidence\jhora_kaala_witness_20260727\case_43_event_start_kaala_bala_accessibility.txt,status\evidence\jhora_kaala_witness_20260727\case_43_event_start_kaala_bala_locked.jpg
GANN_JHORA_KAALA_WITNESS_COMPARATOR_V1,case_43_event_start,SATURN,ayana,32.480000000,1.560000000,93.590000000,0.000000000,Jagannatha Hora 8.0 locked visible Kaala Bala table; accessibility_sha256=2F2C6430E5A9DA460DF69361316521E69F200C851532EB1EB12A310D5BD0E573; screenshot_sha256=F48BE9165668C334FF4C81FEAA433ED38A0406A43628C043F28AAA20A9D66D03,status\evidence\jhora_kaala_witness_20260727\case_43_event_start_kaala_bala_accessibility.txt,status\evidence\jhora_kaala_witness_20260727\case_43_event_start_kaala_bala_locked.jpg
GANN_JHORA_KAALA_WITNESS_COMPARATOR_V1,case_43_event_start,SATURN,yuddha,0.000000000,1.560000000,93.590000000,0.000000000,Jagannatha Hora 8.0 locked visible Kaala Bala table; accessibility_sha256=2F2C6430E5A9DA460DF69361316521E69F200C851532EB1EB12A310D5BD0E573; screenshot_sha256=F48BE9165668C334FF4C81FEAA433ED38A0406A43628C043F28AAA20A9D66D03,status\evidence\jhora_kaala_witness_20260727\case_43_event_start_kaala_bala_accessibility.txt,status\evidence\jhora_kaala_witness_20260727\case_43_event_start_kaala_bala_locked.jpg
GANN_JHORA_KAALA_WITNESS_COMPARATOR_V1,case_8_event_start,SUN,total,81.530000000,1.360000000,81.540000000,-0.010000000,Jagannatha Hora 8.0 locked visible Kaala Bala table; accessibility_sha256=209B76E6F26BA23A19F77B8C1F9BC1576E68D9EDADA099E4BC84F17EB9DD0C13; screenshot_sha256=DDB76AF913913F78AF4E55EC51A2B4AE4DB961128A5A438ABE3B52A23215E3DD,status\evidence\jhora_kaala_witness_20260727\case_8_event_start_kaala_bala_accessibility.txt,status\evidence\jhora_kaala_witness_20260727\case_8_event_start_kaala_bala_locked.jpg
GANN_JHORA_KAALA_WITNESS_COMPARATOR_V1,case_8_event_start,SUN,nathonnatha,7.900000000,1.360000000,81.540000000,-0.010000000,Jagannatha Hora 8.0 locked visible Kaala Bala table; accessibility_sha256=209B76E6F26BA23A19F77B8C1F9BC1576E68D9EDADA099E4BC84F17EB9DD0C13; screenshot_sha256=DDB76AF913913F78AF4E55EC51A2B4AE4DB961128A5A438ABE3B52A23215E3DD,status\evidence\jhora_kaala_witness_20260727\case_8_event_start_kaala_bala_accessibility.txt,status\evidence\jhora_kaala_witness_20260727\case_8_event_start_kaala_bala_locked.jpg
GANN_JHORA_KAALA_WITNESS_COMPARATOR_V1,case_8_event_start,SUN,paksha,26.220000000,1.360000000,81.540000000,-0.010000000,Jagannatha Hora 8.0 locked visible Kaala Bala table; accessibility_sha256=209B76E6F26BA23A19F77B8C1F9BC1576E68D9EDADA099E4BC84F17EB9DD0C13; screenshot_sha256=DDB76AF913913F78AF4E55EC51A2B4AE4DB961128A5A438ABE3B52A23215E3DD,status\evidence\jhora_kaala_witness_20260727\case_8_event_start_kaala_bala_accessibility.txt,status\evidence\jhora_kaala_witness_20260727\case_8_event_start_kaala_bala_locked.jpg
GANN_JHORA_KAALA_WITNESS_COMPARATOR_V1,case_8_event_start,SUN,tribhaga,0.000000000,1.360000000,81.540000000,-0.010000000,Jagannatha Hora 8.0 locked visible Kaala Bala table; accessibility_sha256=209B76E6F26BA23A19F77B8C1F9BC1576E68D9EDADA099E4BC84F17EB9DD0C13; screenshot_sha256=DDB76AF913913F78AF4E55EC51A2B4AE4DB961128A5A438ABE3B52A23215E3DD,status\evidence\jhora_kaala_witness_20260727\case_8_event_start_kaala_bala_accessibility.txt,status\evidence\jhora_kaala_witness_20260727\case_8_event_start_kaala_bala_locked.jpg
GANN_JHORA_KAALA_WITNESS_COMPARATOR_V1,case_8_event_start,SUN,abda,0.000000000,1.360000000,81.540000000,-0.010000000,Jagannatha Hora 8.0 locked visible Kaala Bala table; accessibility_sha256=209B76E6F26BA23A19F77B8C1F9BC1576E68D9EDADA099E4BC84F17EB9DD0C13; screenshot_sha256=DDB76AF913913F78AF4E55EC51A2B4AE4DB961128A5A438ABE3B52A23215E3DD,status\evidence\jhora_kaala_witness_20260727\case_8_event_start_kaala_bala_accessibility.txt,status\evidence\jhora_kaala_witness_20260727\case_8_event_start_kaala_bala_locked.jpg
GANN_JHORA_KAALA_WITNESS_COMPARATOR_V1,case_8_event_start,SUN,masa,0.000000000,1.360000000,81.540000000,-0.010000000,Jagannatha Hora 8.0 locked visible Kaala Bala table; accessibility_sha256=209B76E6F26BA23A19F77B8C1F9BC1576E68D9EDADA099E4BC84F17EB9DD0C13; screenshot_sha256=DDB76AF913913F78AF4E55EC51A2B4AE4DB961128A5A438ABE3B52A23215E3DD,status\evidence\jhora_kaala_witness_20260727\case_8_event_start_kaala_bala_accessibility.txt,status\evidence\jhora_kaala_witness_20260727\case_8_event_start_kaala_bala_locked.jpg
GANN_JHORA_KAALA_WITNESS_COMPARATOR_V1,case_8_event_start,SUN,vara,0.000000000,1.360000000,81.540000000,-0.010000000,Jagannatha Hora 8.0 locked visible Kaala Bala table; accessibility_sha256=209B76E6F26BA23A19F77B8C1F9BC1576E68D9EDADA099E4BC84F17EB9DD0C13; screenshot_sha256=DDB76AF913913F78AF4E55EC51A2B4AE4DB961128A5A438ABE3B52A23215E3DD,status\evidence\jhora_kaala_witness_20260727\case_8_event_start_kaala_bala_accessibility.txt,status\evidence\jhora_kaala_witness_20260727\case_8_event_start_kaala_bala_locked.jpg
GANN_JHORA_KAALA_WITNESS_COMPARATOR_V1,case_8_event_start,SUN,hora,0.000000000,1.360000000,81.540000000,-0.010000000,Jagannatha Hora 8.0 locked visible Kaala Bala table; accessibility_sha256=209B76E6F26BA23A19F77B8C1F9BC1576E68D9EDADA099E4BC84F17EB9DD0C13; screenshot_sha256=DDB76AF913913F78AF4E55EC51A2B4AE4DB961128A5A438ABE3B52A23215E3DD,status\evidence\jhora_kaala_witness_20260727\case_8_event_start_kaala_bala_accessibility.txt,status\evidence\jhora_kaala_witness_20260727\case_8_event_start_kaala_bala_locked.jpg
GANN_JHORA_KAALA_WITNESS_COMPARATOR_V1,case_8_event_start,SUN,ayana,47.420000000,1.360000000,81.540000000,-0.010000000,Jagannatha Hora 8.0 locked visible Kaala Bala table; accessibility_sha256=209B76E6F26BA23A19F77B8C1F9BC1576E68D9EDADA099E4BC84F17EB9DD0C13; screenshot_sha256=DDB76AF913913F78AF4E55EC51A2B4AE4DB961128A5A438ABE3B52A23215E3DD,status\evidence\jhora_kaala_witness_20260727\case_8_event_start_kaala_bala_accessibility.txt,status\evidence\jhora_kaala_witness_20260727\case_8_event_start_kaala_bala_locked.jpg
GANN_JHORA_KAALA_WITNESS_COMPARATOR_V1,case_8_event_start,SUN,yuddha,0.000000000,1.360000000,81.540000000,-0.010000000,Jagannatha Hora 8.0 locked visible Kaala Bala table; accessibility_sha256=209B76E6F26BA23A19F77B8C1F9BC1576E68D9EDADA099E4BC84F17EB9DD0C13; screenshot_sha256=DDB76AF913913F78AF4E55EC51A2B4AE4DB961128A5A438ABE3B52A23215E3DD,status\evidence\jhora_kaala_witness_20260727\case_8_event_start_kaala_bala_accessibility.txt,status\evidence\jhora_kaala_witness_20260727\case_8_event_start_kaala_bala_locked.jpg
GANN_JHORA_KAALA_WITNESS_COMPARATOR_V1,case_8_event_start,MOON,total,194.750000000,3.250000000,194.750000000,0.000000000,Jagannatha Hora 8.0 locked visible Kaala Bala table; accessibility_sha256=209B76E6F26BA23A19F77B8C1F9BC1576E68D9EDADA099E4BC84F17EB9DD0C13; screenshot_sha256=DDB76AF913913F78AF4E55EC51A2B4AE4DB961128A5A438ABE3B52A23215E3DD,status\evidence\jhora_kaala_witness_20260727\case_8_event_start_kaala_bala_accessibility.txt,status\evidence\jhora_kaala_witness_20260727\case_8_event_start_kaala_bala_locked.jpg
GANN_JHORA_KAALA_WITNESS_COMPARATOR_V1,case_8_event_start,MOON,nathonnatha,52.100000000,3.250000000,194.750000000,0.000000000,Jagannatha Hora 8.0 locked visible Kaala Bala table; accessibility_sha256=209B76E6F26BA23A19F77B8C1F9BC1576E68D9EDADA099E4BC84F17EB9DD0C13; screenshot_sha256=DDB76AF913913F78AF4E55EC51A2B4AE4DB961128A5A438ABE3B52A23215E3DD,status\evidence\jhora_kaala_witness_20260727\case_8_event_start_kaala_bala_accessibility.txt,status\evidence\jhora_kaala_witness_20260727\case_8_event_start_kaala_bala_locked.jpg
GANN_JHORA_KAALA_WITNESS_COMPARATOR_V1,case_8_event_start,MOON,paksha,67.570000000,3.250000000,194.750000000,0.000000000,Jagannatha Hora 8.0 locked visible Kaala Bala table; accessibility_sha256=209B76E6F26BA23A19F77B8C1F9BC1576E68D9EDADA099E4BC84F17EB9DD0C13; screenshot_sha256=DDB76AF913913F78AF4E55EC51A2B4AE4DB961128A5A438ABE3B52A23215E3DD,status\evidence\jhora_kaala_witness_20260727\case_8_event_start_kaala_bala_accessibility.txt,status\evidence\jhora_kaala_witness_20260727\case_8_event_start_kaala_bala_locked.jpg
GANN_JHORA_KAALA_WITNESS_COMPARATOR_V1,case_8_event_start,MOON,tribhaga,0.000000000,3.250000000,194.750000000,0.000000000,Jagannatha Hora 8.0 locked visible Kaala Bala table; accessibility_sha256=209B76E6F26BA23A19F77B8C1F9BC1576E68D9EDADA099E4BC84F17EB9DD0C13; screenshot_sha256=DDB76AF913913F78AF4E55EC51A2B4AE4DB961128A5A438ABE3B52A23215E3DD,status\evidence\jhora_kaala_witness_20260727\case_8_event_start_kaala_bala_accessibility.txt,status\evidence\jhora_kaala_witness_20260727\case_8_event_start_kaala_bala_locked.jpg
GANN_JHORA_KAALA_WITNESS_COMPARATOR_V1,case_8_event_start,MOON,abda,15.000000000,3.250000000,194.750000000,0.000000000,Jagannatha Hora 8.0 locked visible Kaala Bala table; accessibility_sha256=209B76E6F26BA23A19F77B8C1F9BC1576E68D9EDADA099E4BC84F17EB9DD0C13; screenshot_sha256=DDB76AF913913F78AF4E55EC51A2B4AE4DB961128A5A438ABE3B52A23215E3DD,status\evidence\jhora_kaala_witness_20260727\case_8_event_start_kaala_bala_accessibility.txt,status\evidence\jhora_kaala_witness_20260727\case_8_event_start_kaala_bala_locked.jpg
GANN_JHORA_KAALA_WITNESS_COMPARATOR_V1,case_8_event_start,MOON,masa,0.000000000,3.250000000,194.750000000,0.000000000,Jagannatha Hora 8.0 locked visible Kaala Bala table; accessibility_sha256=209B76E6F26BA23A19F77B8C1F9BC1576E68D9EDADA099E4BC84F17EB9DD0C13; screenshot_sha256=DDB76AF913913F78AF4E55EC51A2B4AE4DB961128A5A438ABE3B52A23215E3DD,status\evidence\jhora_kaala_witness_20260727\case_8_event_start_kaala_bala_accessibility.txt,status\evidence\jhora_kaala_witness_20260727\case_8_event_start_kaala_bala_locked.jpg
GANN_JHORA_KAALA_WITNESS_COMPARATOR_V1,case_8_event_start,MOON,vara,0.000000000,3.250000000,194.750000000,0.000000000,Jagannatha Hora 8.0 locked visible Kaala Bala table; accessibility_sha256=209B76E6F26BA23A19F77B8C1F9BC1576E68D9EDADA099E4BC84F17EB9DD0C13; screenshot_sha256=DDB76AF913913F78AF4E55EC51A2B4AE4DB961128A5A438ABE3B52A23215E3DD,status\evidence\jhora_kaala_witness_20260727\case_8_event_start_kaala_bala_accessibility.txt,status\evidence\jhora_kaala_witness_20260727\case_8_event_start_kaala_bala_locked.jpg
GANN_JHORA_KAALA_WITNESS_COMPARATOR_V1,case_8_event_start,MOON,hora,60.000000000,3.250000000,194.750000000,0.000000000,Jagannatha Hora 8.0 locked visible Kaala Bala table; accessibility_sha256=209B76E6F26BA23A19F77B8C1F9BC1576E68D9EDADA099E4BC84F17EB9DD0C13; screenshot_sha256=DDB76AF913913F78AF4E55EC51A2B4AE4DB961128A5A438ABE3B52A23215E3DD,status\evidence\jhora_kaala_witness_20260727\case_8_event_start_kaala_bala_accessibility.txt,status\evidence\jhora_kaala_witness_20260727\case_8_event_start_kaala_bala_locked.jpg
GANN_JHORA_KAALA_WITNESS_COMPARATOR_V1,case_8_event_start,MOON,ayana,0.080000000,3.250000000,194.750000000,0.000000000,Jagannatha Hora 8.0 locked visible Kaala Bala table; accessibility_sha256=209B76E6F26BA23A19F77B8C1F9BC1576E68D9EDADA099E4BC84F17EB9DD0C13; screenshot_sha256=DDB76AF913913F78AF4E55EC51A2B4AE4DB961128A5A438ABE3B52A23215E3DD,status\evidence\jhora_kaala_witness_20260727\case_8_event_start_kaala_bala_accessibility.txt,status\evidence\jhora_kaala_witness_20260727\case_8_event_start_kaala_bala_locked.jpg
GANN_JHORA_KAALA_WITNESS_COMPARATOR_V1,case_8_event_start,MOON,yuddha,0.000000000,3.250000000,194.750000000,0.000000000,Jagannatha Hora 8.0 locked visible Kaala Bala table; accessibility_sha256=209B76E6F26BA23A19F77B8C1F9BC1576E68D9EDADA099E4BC84F17EB9DD0C13; screenshot_sha256=DDB76AF913913F78AF4E55EC51A2B4AE4DB961128A5A438ABE3B52A23215E3DD,status\evidence\jhora_kaala_witness_20260727\case_8_event_start_kaala_bala_accessibility.txt,status\evidence\jhora_kaala_witness_20260727\case_8_event_start_kaala_bala_locked.jpg
GANN_JHORA_KAALA_WITNESS_COMPARATOR_V1,case_8_event_start,MARS,total,136.600000000,2.280000000,136.600000000,0.000000000,Jagannatha Hora 8.0 locked visible Kaala Bala table; accessibility_sha256=209B76E6F26BA23A19F77B8C1F9BC1576E68D9EDADA099E4BC84F17EB9DD0C13; screenshot_sha256=DDB76AF913913F78AF4E55EC51A2B4AE4DB961128A5A438ABE3B52A23215E3DD,status\evidence\jhora_kaala_witness_20260727\case_8_event_start_kaala_bala_accessibility.txt,status\evidence\jhora_kaala_witness_20260727\case_8_event_start_kaala_bala_locked.jpg
GANN_JHORA_KAALA_WITNESS_COMPARATOR_V1,case_8_event_start,MARS,nathonnatha,52.100000000,2.280000000,136.600000000,0.000000000,Jagannatha Hora 8.0 locked visible Kaala Bala table; accessibility_sha256=209B76E6F26BA23A19F77B8C1F9BC1576E68D9EDADA099E4BC84F17EB9DD0C13; screenshot_sha256=DDB76AF913913F78AF4E55EC51A2B4AE4DB961128A5A438ABE3B52A23215E3DD,status\evidence\jhora_kaala_witness_20260727\case_8_event_start_kaala_bala_accessibility.txt,status\evidence\jhora_kaala_witness_20260727\case_8_event_start_kaala_bala_locked.jpg
GANN_JHORA_KAALA_WITNESS_COMPARATOR_V1,case_8_event_start,MARS,paksha,26.220000000,2.280000000,136.600000000,0.000000000,Jagannatha Hora 8.0 locked visible Kaala Bala table; accessibility_sha256=209B76E6F26BA23A19F77B8C1F9BC1576E68D9EDADA099E4BC84F17EB9DD0C13; screenshot_sha256=DDB76AF913913F78AF4E55EC51A2B4AE4DB961128A5A438ABE3B52A23215E3DD,status\evidence\jhora_kaala_witness_20260727\case_8_event_start_kaala_bala_accessibility.txt,status\evidence\jhora_kaala_witness_20260727\case_8_event_start_kaala_bala_locked.jpg
GANN_JHORA_KAALA_WITNESS_COMPARATOR_V1,case_8_event_start,MARS,tribhaga,0.000000000,2.280000000,136.600000000,0.000000000,Jagannatha Hora 8.0 locked visible Kaala Bala table; accessibility_sha256=209B76E6F26BA23A19F77B8C1F9BC1576E68D9EDADA099E4BC84F17EB9DD0C13; screenshot_sha256=DDB76AF913913F78AF4E55EC51A2B4AE4DB961128A5A438ABE3B52A23215E3DD,status\evidence\jhora_kaala_witness_20260727\case_8_event_start_kaala_bala_accessibility.txt,status\evidence\jhora_kaala_witness_20260727\case_8_event_start_kaala_bala_locked.jpg
GANN_JHORA_KAALA_WITNESS_COMPARATOR_V1,case_8_event_start,MARS,abda,0.000000000,2.280000000,136.600000000,0.000000000,Jagannatha Hora 8.0 locked visible Kaala Bala table; accessibility_sha256=209B76E6F26BA23A19F77B8C1F9BC1576E68D9EDADA099E4BC84F17EB9DD0C13; screenshot_sha256=DDB76AF913913F78AF4E55EC51A2B4AE4DB961128A5A438ABE3B52A23215E3DD,status\evidence\jhora_kaala_witness_20260727\case_8_event_start_kaala_bala_accessibility.txt,status\evidence\jhora_kaala_witness_20260727\case_8_event_start_kaala_bala_locked.jpg
GANN_JHORA_KAALA_WITNESS_COMPARATOR_V1,case_8_event_start,MARS,masa,0.000000000,2.280000000,136.600000000,0.000000000,Jagannatha Hora 8.0 locked visible Kaala Bala table; accessibility_sha256=209B76E6F26BA23A19F77B8C1F9BC1576E68D9EDADA099E4BC84F17EB9DD0C13; screenshot_sha256=DDB76AF913913F78AF4E55EC51A2B4AE4DB961128A5A438ABE3B52A23215E3DD,status\evidence\jhora_kaala_witness_20260727\case_8_event_start_kaala_bala_accessibility.txt,status\evidence\jhora_kaala_witness_20260727\case_8_event_start_kaala_bala_locked.jpg
GANN_JHORA_KAALA_WITNESS_COMPARATOR_V1,case_8_event_start,MARS,vara,0.000000000,2.280000000,136.600000000,0.000000000,Jagannatha Hora 8.0 locked visible Kaala Bala table; accessibility_sha256=209B76E6F26BA23A19F77B8C1F9BC1576E68D9EDADA099E4BC84F17EB9DD0C13; screenshot_sha256=DDB76AF913913F78AF4E55EC51A2B4AE4DB961128A5A438ABE3B52A23215E3DD,status\evidence\jhora_kaala_witness_20260727\case_8_event_start_kaala_bala_accessibility.txt,status\evidence\jhora_kaala_witness_20260727\case_8_event_start_kaala_bala_locked.jpg
GANN_JHORA_KAALA_WITNESS_COMPARATOR_V1,case_8_event_start,MARS,hora,0.000000000,2.280000000,136.600000000,0.000000000,Jagannatha Hora 8.0 locked visible Kaala Bala table; accessibility_sha256=209B76E6F26BA23A19F77B8C1F9BC1576E68D9EDADA099E4BC84F17EB9DD0C13; screenshot_sha256=DDB76AF913913F78AF4E55EC51A2B4AE4DB961128A5A438ABE3B52A23215E3DD,status\evidence\jhora_kaala_witness_20260727\case_8_event_start_kaala_bala_accessibility.txt,status\evidence\jhora_kaala_witness_20260727\case_8_event_start_kaala_bala_locked.jpg
GANN_JHORA_KAALA_WITNESS_COMPARATOR_V1,case_8_event_start,MARS,ayana,58.280000000,2.280000000,136.600000000,0.000000000,Jagannatha Hora 8.0 locked visible Kaala Bala table; accessibility_sha256=209B76E6F26BA23A19F77B8C1F9BC1576E68D9EDADA099E4BC84F17EB9DD0C13; screenshot_sha256=DDB76AF913913F78AF4E55EC51A2B4AE4DB961128A5A438ABE3B52A23215E3DD,status\evidence\jhora_kaala_witness_20260727\case_8_event_start_kaala_bala_accessibility.txt,status\evidence\jhora_kaala_witness_20260727\case_8_event_start_kaala_bala_locked.jpg
GANN_JHORA_KAALA_WITNESS_COMPARATOR_V1,case_8_event_start,MARS,yuddha,0.000000000,2.280000000,136.600000000,0.000000000,Jagannatha Hora 8.0 locked visible Kaala Bala table; accessibility_sha256=209B76E6F26BA23A19F77B8C1F9BC1576E68D9EDADA099E4BC84F17EB9DD0C13; screenshot_sha256=DDB76AF913913F78AF4E55EC51A2B4AE4DB961128A5A438ABE3B52A23215E3DD,status\evidence\jhora_kaala_witness_20260727\case_8_event_start_kaala_bala_accessibility.txt,status\evidence\jhora_kaala_witness_20260727\case_8_event_start_kaala_bala_locked.jpg
GANN_JHORA_KAALA_WITNESS_COMPARATOR_V1,case_8_event_start,MERCURY,total,149.040000000,2.480000000,149.050000000,-0.010000000,Jagannatha Hora 8.0 locked visible Kaala Bala table; accessibility_sha256=209B76E6F26BA23A19F77B8C1F9BC1576E68D9EDADA099E4BC84F17EB9DD0C13; screenshot_sha256=DDB76AF913913F78AF4E55EC51A2B4AE4DB961128A5A438ABE3B52A23215E3DD,status\evidence\jhora_kaala_witness_20260727\case_8_event_start_kaala_bala_accessibility.txt,status\evidence\jhora_kaala_witness_20260727\case_8_event_start_kaala_bala_locked.jpg
GANN_JHORA_KAALA_WITNESS_COMPARATOR_V1,case_8_event_start,MERCURY,nathonnatha,60.000000000,2.480000000,149.050000000,-0.010000000,Jagannatha Hora 8.0 locked visible Kaala Bala table; accessibility_sha256=209B76E6F26BA23A19F77B8C1F9BC1576E68D9EDADA099E4BC84F17EB9DD0C13; screenshot_sha256=DDB76AF913913F78AF4E55EC51A2B4AE4DB961128A5A438ABE3B52A23215E3DD,status\evidence\jhora_kaala_witness_20260727\case_8_event_start_kaala_bala_accessibility.txt,status\evidence\jhora_kaala_witness_20260727\case_8_event_start_kaala_bala_locked.jpg
GANN_JHORA_KAALA_WITNESS_COMPARATOR_V1,case_8_event_start,MERCURY,paksha,26.220000000,2.480000000,149.050000000,-0.010000000,Jagannatha Hora 8.0 locked visible Kaala Bala table; accessibility_sha256=209B76E6F26BA23A19F77B8C1F9BC1576E68D9EDADA099E4BC84F17EB9DD0C13; screenshot_sha256=DDB76AF913913F78AF4E55EC51A2B4AE4DB961128A5A438ABE3B52A23215E3DD,status\evidence\jhora_kaala_witness_20260727\case_8_event_start_kaala_bala_accessibility.txt,status\evidence\jhora_kaala_witness_20260727\case_8_event_start_kaala_bala_locked.jpg
GANN_JHORA_KAALA_WITNESS_COMPARATOR_V1,case_8_event_start,MERCURY,tribhaga,0.000000000,2.480000000,149.050000000,-0.010000000,Jagannatha Hora 8.0 locked visible Kaala Bala table; accessibility_sha256=209B76E6F26BA23A19F77B8C1F9BC1576E68D9EDADA099E4BC84F17EB9DD0C13; screenshot_sha256=DDB76AF913913F78AF4E55EC51A2B4AE4DB961128A5A438ABE3B52A23215E3DD,status\evidence\jhora_kaala_witness_20260727\case_8_event_start_kaala_bala_accessibility.txt,status\evidence\jhora_kaala_witness_20260727\case_8_event_start_kaala_bala_locked.jpg
GANN_JHORA_KAALA_WITNESS_COMPARATOR_V1,case_8_event_start,MERCURY,abda,0.000000000,2.480000000,149.050000000,-0.010000000,Jagannatha Hora 8.0 locked visible Kaala Bala table; accessibility_sha256=209B76E6F26BA23A19F77B8C1F9BC1576E68D9EDADA099E4BC84F17EB9DD0C13; screenshot_sha256=DDB76AF913913F78AF4E55EC51A2B4AE4DB961128A5A438ABE3B52A23215E3DD,status\evidence\jhora_kaala_witness_20260727\case_8_event_start_kaala_bala_accessibility.txt,status\evidence\jhora_kaala_witness_20260727\case_8_event_start_kaala_bala_locked.jpg
GANN_JHORA_KAALA_WITNESS_COMPARATOR_V1,case_8_event_start,MERCURY,masa,30.000000000,2.480000000,149.050000000,-0.010000000,Jagannatha Hora 8.0 locked visible Kaala Bala table; accessibility_sha256=209B76E6F26BA23A19F77B8C1F9BC1576E68D9EDADA099E4BC84F17EB9DD0C13; screenshot_sha256=DDB76AF913913F78AF4E55EC51A2B4AE4DB961128A5A438ABE3B52A23215E3DD,status\evidence\jhora_kaala_witness_20260727\case_8_event_start_kaala_bala_accessibility.txt,status\evidence\jhora_kaala_witness_20260727\case_8_event_start_kaala_bala_locked.jpg
GANN_JHORA_KAALA_WITNESS_COMPARATOR_V1,case_8_event_start,MERCURY,vara,0.000000000,2.480000000,149.050000000,-0.010000000,Jagannatha Hora 8.0 locked visible Kaala Bala table; accessibility_sha256=209B76E6F26BA23A19F77B8C1F9BC1576E68D9EDADA099E4BC84F17EB9DD0C13; screenshot_sha256=DDB76AF913913F78AF4E55EC51A2B4AE4DB961128A5A438ABE3B52A23215E3DD,status\evidence\jhora_kaala_witness_20260727\case_8_event_start_kaala_bala_accessibility.txt,status\evidence\jhora_kaala_witness_20260727\case_8_event_start_kaala_bala_locked.jpg
GANN_JHORA_KAALA_WITNESS_COMPARATOR_V1,case_8_event_start,MERCURY,hora,0.000000000,2.480000000,149.050000000,-0.010000000,Jagannatha Hora 8.0 locked visible Kaala Bala table; accessibility_sha256=209B76E6F26BA23A19F77B8C1F9BC1576E68D9EDADA099E4BC84F17EB9DD0C13; screenshot_sha256=DDB76AF913913F78AF4E55EC51A2B4AE4DB961128A5A438ABE3B52A23215E3DD,status\evidence\jhora_kaala_witness_20260727\case_8_event_start_kaala_bala_accessibility.txt,status\evidence\jhora_kaala_witness_20260727\case_8_event_start_kaala_bala_locked.jpg
GANN_JHORA_KAALA_WITNESS_COMPARATOR_V1,case_8_event_start,MERCURY,ayana,32.830000000,2.480000000,149.050000000,-0.010000000,Jagannatha Hora 8.0 locked visible Kaala Bala table; accessibility_sha256=209B76E6F26BA23A19F77B8C1F9BC1576E68D9EDADA099E4BC84F17EB9DD0C13; screenshot_sha256=DDB76AF913913F78AF4E55EC51A2B4AE4DB961128A5A438ABE3B52A23215E3DD,status\evidence\jhora_kaala_witness_20260727\case_8_event_start_kaala_bala_accessibility.txt,status\evidence\jhora_kaala_witness_20260727\case_8_event_start_kaala_bala_locked.jpg
GANN_JHORA_KAALA_WITNESS_COMPARATOR_V1,case_8_event_start,MERCURY,yuddha,0.000000000,2.480000000,149.050000000,-0.010000000,Jagannatha Hora 8.0 locked visible Kaala Bala table; accessibility_sha256=209B76E6F26BA23A19F77B8C1F9BC1576E68D9EDADA099E4BC84F17EB9DD0C13; screenshot_sha256=DDB76AF913913F78AF4E55EC51A2B4AE4DB961128A5A438ABE3B52A23215E3DD,status\evidence\jhora_kaala_witness_20260727\case_8_event_start_kaala_bala_accessibility.txt,status\evidence\jhora_kaala_witness_20260727\case_8_event_start_kaala_bala_locked.jpg
GANN_JHORA_KAALA_WITNESS_COMPARATOR_V1,case_8_event_start,JUPITER,total,160.200000000,2.670000000,160.200000000,-0.000000000,Jagannatha Hora 8.0 locked visible Kaala Bala table; accessibility_sha256=209B76E6F26BA23A19F77B8C1F9BC1576E68D9EDADA099E4BC84F17EB9DD0C13; screenshot_sha256=DDB76AF913913F78AF4E55EC51A2B4AE4DB961128A5A438ABE3B52A23215E3DD,status\evidence\jhora_kaala_witness_20260727\case_8_event_start_kaala_bala_accessibility.txt,status\evidence\jhora_kaala_witness_20260727\case_8_event_start_kaala_bala_locked.jpg
GANN_JHORA_KAALA_WITNESS_COMPARATOR_V1,case_8_event_start,JUPITER,nathonnatha,7.900000000,2.670000000,160.200000000,-0.000000000,Jagannatha Hora 8.0 locked visible Kaala Bala table; accessibility_sha256=209B76E6F26BA23A19F77B8C1F9BC1576E68D9EDADA099E4BC84F17EB9DD0C13; screenshot_sha256=DDB76AF913913F78AF4E55EC51A2B4AE4DB961128A5A438ABE3B52A23215E3DD,status\evidence\jhora_kaala_witness_20260727\case_8_event_start_kaala_bala_accessibility.txt,status\evidence\jhora_kaala_witness_20260727\case_8_event_start_kaala_bala_locked.jpg
GANN_JHORA_KAALA_WITNESS_COMPARATOR_V1,case_8_event_start,JUPITER,paksha,33.780000000,2.670000000,160.200000000,-0.000000000,Jagannatha Hora 8.0 locked visible Kaala Bala table; accessibility_sha256=209B76E6F26BA23A19F77B8C1F9BC1576E68D9EDADA099E4BC84F17EB9DD0C13; screenshot_sha256=DDB76AF913913F78AF4E55EC51A2B4AE4DB961128A5A438ABE3B52A23215E3DD,status\evidence\jhora_kaala_witness_20260727\case_8_event_start_kaala_bala_accessibility.txt,status\evidence\jhora_kaala_witness_20260727\case_8_event_start_kaala_bala_locked.jpg
GANN_JHORA_KAALA_WITNESS_COMPARATOR_V1,case_8_event_start,JUPITER,tribhaga,60.000000000,2.670000000,160.200000000,-0.000000000,Jagannatha Hora 8.0 locked visible Kaala Bala table; accessibility_sha256=209B76E6F26BA23A19F77B8C1F9BC1576E68D9EDADA099E4BC84F17EB9DD0C13; screenshot_sha256=DDB76AF913913F78AF4E55EC51A2B4AE4DB961128A5A438ABE3B52A23215E3DD,status\evidence\jhora_kaala_witness_20260727\case_8_event_start_kaala_bala_accessibility.txt,status\evidence\jhora_kaala_witness_20260727\case_8_event_start_kaala_bala_locked.jpg
GANN_JHORA_KAALA_WITNESS_COMPARATOR_V1,case_8_event_start,JUPITER,abda,0.000000000,2.670000000,160.200000000,-0.000000000,Jagannatha Hora 8.0 locked visible Kaala Bala table; accessibility_sha256=209B76E6F26BA23A19F77B8C1F9BC1576E68D9EDADA099E4BC84F17EB9DD0C13; screenshot_sha256=DDB76AF913913F78AF4E55EC51A2B4AE4DB961128A5A438ABE3B52A23215E3DD,status\evidence\jhora_kaala_witness_20260727\case_8_event_start_kaala_bala_accessibility.txt,status\evidence\jhora_kaala_witness_20260727\case_8_event_start_kaala_bala_locked.jpg
GANN_JHORA_KAALA_WITNESS_COMPARATOR_V1,case_8_event_start,JUPITER,masa,0.000000000,2.670000000,160.200000000,-0.000000000,Jagannatha Hora 8.0 locked visible Kaala Bala table; accessibility_sha256=209B76E6F26BA23A19F77B8C1F9BC1576E68D9EDADA099E4BC84F17EB9DD0C13; screenshot_sha256=DDB76AF913913F78AF4E55EC51A2B4AE4DB961128A5A438ABE3B52A23215E3DD,status\evidence\jhora_kaala_witness_20260727\case_8_event_start_kaala_bala_accessibility.txt,status\evidence\jhora_kaala_witness_20260727\case_8_event_start_kaala_bala_locked.jpg
GANN_JHORA_KAALA_WITNESS_COMPARATOR_V1,case_8_event_start,JUPITER,vara,0.000000000,2.670000000,160.200000000,-0.000000000,Jagannatha Hora 8.0 locked visible Kaala Bala table; accessibility_sha256=209B76E6F26BA23A19F77B8C1F9BC1576E68D9EDADA099E4BC84F17EB9DD0C13; screenshot_sha256=DDB76AF913913F78AF4E55EC51A2B4AE4DB961128A5A438ABE3B52A23215E3DD,status\evidence\jhora_kaala_witness_20260727\case_8_event_start_kaala_bala_accessibility.txt,status\evidence\jhora_kaala_witness_20260727\case_8_event_start_kaala_bala_locked.jpg
GANN_JHORA_KAALA_WITNESS_COMPARATOR_V1,case_8_event_start,JUPITER,hora,0.000000000,2.670000000,160.200000000,-0.000000000,Jagannatha Hora 8.0 locked visible Kaala Bala table; accessibility_sha256=209B76E6F26BA23A19F77B8C1F9BC1576E68D9EDADA099E4BC84F17EB9DD0C13; screenshot_sha256=DDB76AF913913F78AF4E55EC51A2B4AE4DB961128A5A438ABE3B52A23215E3DD,status\evidence\jhora_kaala_witness_20260727\case_8_event_start_kaala_bala_accessibility.txt,status\evidence\jhora_kaala_witness_20260727\case_8_event_start_kaala_bala_locked.jpg
GANN_JHORA_KAALA_WITNESS_COMPARATOR_V1,case_8_event_start,JUPITER,ayana,58.520000000,2.670000000,160.200000000,-0.000000000,Jagannatha Hora 8.0 locked visible Kaala Bala table; accessibility_sha256=209B76E6F26BA23A19F77B8C1F9BC1576E68D9EDADA099E4BC84F17EB9DD0C13; screenshot_sha256=DDB76AF913913F78AF4E55EC51A2B4AE4DB961128A5A438ABE3B52A23215E3DD,status\evidence\jhora_kaala_witness_20260727\case_8_event_start_kaala_bala_accessibility.txt,status\evidence\jhora_kaala_witness_20260727\case_8_event_start_kaala_bala_locked.jpg
GANN_JHORA_KAALA_WITNESS_COMPARATOR_V1,case_8_event_start,JUPITER,yuddha,0.000000000,2.670000000,160.200000000,-0.000000000,Jagannatha Hora 8.0 locked visible Kaala Bala table; accessibility_sha256=209B76E6F26BA23A19F77B8C1F9BC1576E68D9EDADA099E4BC84F17EB9DD0C13; screenshot_sha256=DDB76AF913913F78AF4E55EC51A2B4AE4DB961128A5A438ABE3B52A23215E3DD,status\evidence\jhora_kaala_witness_20260727\case_8_event_start_kaala_bala_accessibility.txt,status\evidence\jhora_kaala_witness_20260727\case_8_event_start_kaala_bala_locked.jpg
GANN_JHORA_KAALA_WITNESS_COMPARATOR_V1,case_8_event_start,VENUS,total,181.930000000,3.030000000,181.920000000,0.010000000,Jagannatha Hora 8.0 locked visible Kaala Bala table; accessibility_sha256=209B76E6F26BA23A19F77B8C1F9BC1576E68D9EDADA099E4BC84F17EB9DD0C13; screenshot_sha256=DDB76AF913913F78AF4E55EC51A2B4AE4DB961128A5A438ABE3B52A23215E3DD,status\evidence\jhora_kaala_witness_20260727\case_8_event_start_kaala_bala_accessibility.txt,status\evidence\jhora_kaala_witness_20260727\case_8_event_start_kaala_bala_locked.jpg
GANN_JHORA_KAALA_WITNESS_COMPARATOR_V1,case_8_event_start,VENUS,nathonnatha,7.900000000,3.030000000,181.920000000,0.010000000,Jagannatha Hora 8.0 locked visible Kaala Bala table; accessibility_sha256=209B76E6F26BA23A19F77B8C1F9BC1576E68D9EDADA099E4BC84F17EB9DD0C13; screenshot_sha256=DDB76AF913913F78AF4E55EC51A2B4AE4DB961128A5A438ABE3B52A23215E3DD,status\evidence\jhora_kaala_witness_20260727\case_8_event_start_kaala_bala_accessibility.txt,status\evidence\jhora_kaala_witness_20260727\case_8_event_start_kaala_bala_locked.jpg
GANN_JHORA_KAALA_WITNESS_COMPARATOR_V1,case_8_event_start,VENUS,paksha,33.780000000,3.030000000,181.920000000,0.010000000,Jagannatha Hora 8.0 locked visible Kaala Bala table; accessibility_sha256=209B76E6F26BA23A19F77B8C1F9BC1576E68D9EDADA099E4BC84F17EB9DD0C13; screenshot_sha256=DDB76AF913913F78AF4E55EC51A2B4AE4DB961128A5A438ABE3B52A23215E3DD,status\evidence\jhora_kaala_witness_20260727\case_8_event_start_kaala_bala_accessibility.txt,status\evidence\jhora_kaala_witness_20260727\case_8_event_start_kaala_bala_locked.jpg
GANN_JHORA_KAALA_WITNESS_COMPARATOR_V1,case_8_event_start,VENUS,tribhaga,60.000000000,3.030000000,181.920000000,0.010000000,Jagannatha Hora 8.0 locked visible Kaala Bala table; accessibility_sha256=209B76E6F26BA23A19F77B8C1F9BC1576E68D9EDADA099E4BC84F17EB9DD0C13; screenshot_sha256=DDB76AF913913F78AF4E55EC51A2B4AE4DB961128A5A438ABE3B52A23215E3DD,status\evidence\jhora_kaala_witness_20260727\case_8_event_start_kaala_bala_accessibility.txt,status\evidence\jhora_kaala_witness_20260727\case_8_event_start_kaala_bala_locked.jpg
GANN_JHORA_KAALA_WITNESS_COMPARATOR_V1,case_8_event_start,VENUS,abda,0.000000000,3.030000000,181.920000000,0.010000000,Jagannatha Hora 8.0 locked visible Kaala Bala table; accessibility_sha256=209B76E6F26BA23A19F77B8C1F9BC1576E68D9EDADA099E4BC84F17EB9DD0C13; screenshot_sha256=DDB76AF913913F78AF4E55EC51A2B4AE4DB961128A5A438ABE3B52A23215E3DD,status\evidence\jhora_kaala_witness_20260727\case_8_event_start_kaala_bala_accessibility.txt,status\evidence\jhora_kaala_witness_20260727\case_8_event_start_kaala_bala_locked.jpg
GANN_JHORA_KAALA_WITNESS_COMPARATOR_V1,case_8_event_start,VENUS,masa,0.000000000,3.030000000,181.920000000,0.010000000,Jagannatha Hora 8.0 locked visible Kaala Bala table; accessibility_sha256=209B76E6F26BA23A19F77B8C1F9BC1576E68D9EDADA099E4BC84F17EB9DD0C13; screenshot_sha256=DDB76AF913913F78AF4E55EC51A2B4AE4DB961128A5A438ABE3B52A23215E3DD,status\evidence\jhora_kaala_witness_20260727\case_8_event_start_kaala_bala_accessibility.txt,status\evidence\jhora_kaala_witness_20260727\case_8_event_start_kaala_bala_locked.jpg
GANN_JHORA_KAALA_WITNESS_COMPARATOR_V1,case_8_event_start,VENUS,vara,45.000000000,3.030000000,181.920000000,0.010000000,Jagannatha Hora 8.0 locked visible Kaala Bala table; accessibility_sha256=209B76E6F26BA23A19F77B8C1F9BC1576E68D9EDADA099E4BC84F17EB9DD0C13; screenshot_sha256=DDB76AF913913F78AF4E55EC51A2B4AE4DB961128A5A438ABE3B52A23215E3DD,status\evidence\jhora_kaala_witness_20260727\case_8_event_start_kaala_bala_accessibility.txt,status\evidence\jhora_kaala_witness_20260727\case_8_event_start_kaala_bala_locked.jpg
GANN_JHORA_KAALA_WITNESS_COMPARATOR_V1,case_8_event_start,VENUS,hora,0.000000000,3.030000000,181.920000000,0.010000000,Jagannatha Hora 8.0 locked visible Kaala Bala table; accessibility_sha256=209B76E6F26BA23A19F77B8C1F9BC1576E68D9EDADA099E4BC84F17EB9DD0C13; screenshot_sha256=DDB76AF913913F78AF4E55EC51A2B4AE4DB961128A5A438ABE3B52A23215E3DD,status\evidence\jhora_kaala_witness_20260727\case_8_event_start_kaala_bala_accessibility.txt,status\evidence\jhora_kaala_witness_20260727\case_8_event_start_kaala_bala_locked.jpg
GANN_JHORA_KAALA_WITNESS_COMPARATOR_V1,case_8_event_start,VENUS,ayana,35.240000000,3.030000000,181.920000000,0.010000000,Jagannatha Hora 8.0 locked visible Kaala Bala table; accessibility_sha256=209B76E6F26BA23A19F77B8C1F9BC1576E68D9EDADA099E4BC84F17EB9DD0C13; screenshot_sha256=DDB76AF913913F78AF4E55EC51A2B4AE4DB961128A5A438ABE3B52A23215E3DD,status\evidence\jhora_kaala_witness_20260727\case_8_event_start_kaala_bala_accessibility.txt,status\evidence\jhora_kaala_witness_20260727\case_8_event_start_kaala_bala_locked.jpg
GANN_JHORA_KAALA_WITNESS_COMPARATOR_V1,case_8_event_start,VENUS,yuddha,0.000000000,3.030000000,181.920000000,0.010000000,Jagannatha Hora 8.0 locked visible Kaala Bala table; accessibility_sha256=209B76E6F26BA23A19F77B8C1F9BC1576E68D9EDADA099E4BC84F17EB9DD0C13; screenshot_sha256=DDB76AF913913F78AF4E55EC51A2B4AE4DB961128A5A438ABE3B52A23215E3DD,status\evidence\jhora_kaala_witness_20260727\case_8_event_start_kaala_bala_accessibility.txt,status\evidence\jhora_kaala_witness_20260727\case_8_event_start_kaala_bala_locked.jpg
GANN_JHORA_KAALA_WITNESS_COMPARATOR_V1,case_8_event_start,SATURN,total,112.470000000,1.870000000,112.480000000,-0.010000000,Jagannatha Hora 8.0 locked visible Kaala Bala table; accessibility_sha256=209B76E6F26BA23A19F77B8C1F9BC1576E68D9EDADA099E4BC84F17EB9DD0C13; screenshot_sha256=DDB76AF913913F78AF4E55EC51A2B4AE4DB961128A5A438ABE3B52A23215E3DD,status\evidence\jhora_kaala_witness_20260727\case_8_event_start_kaala_bala_accessibility.txt,status\evidence\jhora_kaala_witness_20260727\case_8_event_start_kaala_bala_locked.jpg
GANN_JHORA_KAALA_WITNESS_COMPARATOR_V1,case_8_event_start,SATURN,nathonnatha,52.100000000,1.870000000,112.480000000,-0.010000000,Jagannatha Hora 8.0 locked visible Kaala Bala table; accessibility_sha256=209B76E6F26BA23A19F77B8C1F9BC1576E68D9EDADA099E4BC84F17EB9DD0C13; screenshot_sha256=DDB76AF913913F78AF4E55EC51A2B4AE4DB961128A5A438ABE3B52A23215E3DD,status\evidence\jhora_kaala_witness_20260727\case_8_event_start_kaala_bala_accessibility.txt,status\evidence\jhora_kaala_witness_20260727\case_8_event_start_kaala_bala_locked.jpg
GANN_JHORA_KAALA_WITNESS_COMPARATOR_V1,case_8_event_start,SATURN,paksha,26.220000000,1.870000000,112.480000000,-0.010000000,Jagannatha Hora 8.0 locked visible Kaala Bala table; accessibility_sha256=209B76E6F26BA23A19F77B8C1F9BC1576E68D9EDADA099E4BC84F17EB9DD0C13; screenshot_sha256=DDB76AF913913F78AF4E55EC51A2B4AE4DB961128A5A438ABE3B52A23215E3DD,status\evidence\jhora_kaala_witness_20260727\case_8_event_start_kaala_bala_accessibility.txt,status\evidence\jhora_kaala_witness_20260727\case_8_event_start_kaala_bala_locked.jpg
GANN_JHORA_KAALA_WITNESS_COMPARATOR_V1,case_8_event_start,SATURN,tribhaga,0.000000000,1.870000000,112.480000000,-0.010000000,Jagannatha Hora 8.0 locked visible Kaala Bala table; accessibility_sha256=209B76E6F26BA23A19F77B8C1F9BC1576E68D9EDADA099E4BC84F17EB9DD0C13; screenshot_sha256=DDB76AF913913F78AF4E55EC51A2B4AE4DB961128A5A438ABE3B52A23215E3DD,status\evidence\jhora_kaala_witness_20260727\case_8_event_start_kaala_bala_accessibility.txt,status\evidence\jhora_kaala_witness_20260727\case_8_event_start_kaala_bala_locked.jpg
GANN_JHORA_KAALA_WITNESS_COMPARATOR_V1,case_8_event_start,SATURN,abda,0.000000000,1.870000000,112.480000000,-0.010000000,Jagannatha Hora 8.0 locked visible Kaala Bala table; accessibility_sha256=209B76E6F26BA23A19F77B8C1F9BC1576E68D9EDADA099E4BC84F17EB9DD0C13; screenshot_sha256=DDB76AF913913F78AF4E55EC51A2B4AE4DB961128A5A438ABE3B52A23215E3DD,status\evidence\jhora_kaala_witness_20260727\case_8_event_start_kaala_bala_accessibility.txt,status\evidence\jhora_kaala_witness_20260727\case_8_event_start_kaala_bala_locked.jpg
GANN_JHORA_KAALA_WITNESS_COMPARATOR_V1,case_8_event_start,SATURN,masa,0.000000000,1.870000000,112.480000000,-0.010000000,Jagannatha Hora 8.0 locked visible Kaala Bala table; accessibility_sha256=209B76E6F26BA23A19F77B8C1F9BC1576E68D9EDADA099E4BC84F17EB9DD0C13; screenshot_sha256=DDB76AF913913F78AF4E55EC51A2B4AE4DB961128A5A438ABE3B52A23215E3DD,status\evidence\jhora_kaala_witness_20260727\case_8_event_start_kaala_bala_accessibility.txt,status\evidence\jhora_kaala_witness_20260727\case_8_event_start_kaala_bala_locked.jpg
GANN_JHORA_KAALA_WITNESS_COMPARATOR_V1,case_8_event_start,SATURN,vara,0.000000000,1.870000000,112.480000000,-0.010000000,Jagannatha Hora 8.0 locked visible Kaala Bala table; accessibility_sha256=209B76E6F26BA23A19F77B8C1F9BC1576E68D9EDADA099E4BC84F17EB9DD0C13; screenshot_sha256=DDB76AF913913F78AF4E55EC51A2B4AE4DB961128A5A438ABE3B52A23215E3DD,status\evidence\jhora_kaala_witness_20260727\case_8_event_start_kaala_bala_accessibility.txt,status\evidence\jhora_kaala_witness_20260727\case_8_event_start_kaala_bala_locked.jpg
GANN_JHORA_KAALA_WITNESS_COMPARATOR_V1,case_8_event_start,SATURN,hora,0.000000000,1.870000000,112.480000000,-0.010000000,Jagannatha Hora 8.0 locked visible Kaala Bala table; accessibility_sha256=209B76E6F26BA23A19F77B8C1F9BC1576E68D9EDADA099E4BC84F17EB9DD0C13; screenshot_sha256=DDB76AF913913F78AF4E55EC51A2B4AE4DB961128A5A438ABE3B52A23215E3DD,status\evidence\jhora_kaala_witness_20260727\case_8_event_start_kaala_bala_accessibility.txt,status\evidence\jhora_kaala_witness_20260727\case_8_event_start_kaala_bala_locked.jpg
GANN_JHORA_KAALA_WITNESS_COMPARATOR_V1,case_8_event_start,SATURN,ayana,34.160000000,1.870000000,112.480000000,-0.010000000,Jagannatha Hora 8.0 locked visible Kaala Bala table; accessibility_sha256=209B76E6F26BA23A19F77B8C1F9BC1576E68D9EDADA099E4BC84F17EB9DD0C13; screenshot_sha256=DDB76AF913913F78AF4E55EC51A2B4AE4DB961128A5A438ABE3B52A23215E3DD,status\evidence\jhora_kaala_witness_20260727\case_8_event_start_kaala_bala_accessibility.txt,status\evidence\jhora_kaala_witness_20260727\case_8_event_start_kaala_bala_locked.jpg
GANN_JHORA_KAALA_WITNESS_COMPARATOR_V1,case_8_event_start,SATURN,yuddha,0.000000000,1.870000000,112.480000000,-0.010000000,Jagannatha Hora 8.0 locked visible Kaala Bala table; accessibility_sha256=209B76E6F26BA23A19F77B8C1F9BC1576E68D9EDADA099E4BC84F17EB9DD0C13; screenshot_sha256=DDB76AF913913F78AF4E55EC51A2B4AE4DB961128A5A438ABE3B52A23215E3DD,status\evidence\jhora_kaala_witness_20260727\case_8_event_start_kaala_bala_accessibility.txt,status\evidence\jhora_kaala_witness_20260727\case_8_event_start_kaala_bala_locked.jpg
GANN_JHORA_KAALA_WITNESS_COMPARATOR_V1,gann_reference_tokyo,SUN,total,108.160000000,1.800000000,108.160000000,0.000000000,Jagannatha Hora 8.0 locked visible Kaala Bala table; accessibility_sha256=2C67511E0C99CFE9F1D7132CF29259A847439D87A88A0383D331805B819C12DD; screenshot_sha256=6D1F6121DC2EB0D1A18A46C297E6BDCE98A1CFEBAD1CA974AEA46A3D700D4A63,status\evidence\jhora_kaala_witness_20260727\gann_reference_tokyo_kaala_bala_accessibility.txt,status\evidence\jhora_kaala_witness_20260727\gann_reference_tokyo_kaala_bala_locked.jpg
GANN_JHORA_KAALA_WITNESS_COMPARATOR_V1,gann_reference_tokyo,SUN,nathonnatha,2.150000000,1.800000000,108.160000000,0.000000000,Jagannatha Hora 8.0 locked visible Kaala Bala table; accessibility_sha256=2C67511E0C99CFE9F1D7132CF29259A847439D87A88A0383D331805B819C12DD; screenshot_sha256=6D1F6121DC2EB0D1A18A46C297E6BDCE98A1CFEBAD1CA974AEA46A3D700D4A63,status\evidence\jhora_kaala_witness_20260727\gann_reference_tokyo_kaala_bala_accessibility.txt,status\evidence\jhora_kaala_witness_20260727\gann_reference_tokyo_kaala_bala_locked.jpg
GANN_JHORA_KAALA_WITNESS_COMPARATOR_V1,gann_reference_tokyo,SUN,paksha,20.060000000,1.800000000,108.160000000,0.000000000,Jagannatha Hora 8.0 locked visible Kaala Bala table; accessibility_sha256=2C67511E0C99CFE9F1D7132CF29259A847439D87A88A0383D331805B819C12DD; screenshot_sha256=6D1F6121DC2EB0D1A18A46C297E6BDCE98A1CFEBAD1CA974AEA46A3D700D4A63,status\evidence\jhora_kaala_witness_20260727\gann_reference_tokyo_kaala_bala_accessibility.txt,status\evidence\jhora_kaala_witness_20260727\gann_reference_tokyo_kaala_bala_locked.jpg
GANN_JHORA_KAALA_WITNESS_COMPARATOR_V1,gann_reference_tokyo,SUN,tribhaga,0.000000000,1.800000000,108.160000000,0.000000000,Jagannatha Hora 8.0 locked visible Kaala Bala table; accessibility_sha256=2C67511E0C99CFE9F1D7132CF29259A847439D87A88A0383D331805B819C12DD; screenshot_sha256=6D1F6121DC2EB0D1A18A46C297E6BDCE98A1CFEBAD1CA974AEA46A3D700D4A63,status\evidence\jhora_kaala_witness_20260727\gann_reference_tokyo_kaala_bala_accessibility.txt,status\evidence\jhora_kaala_witness_20260727\gann_reference_tokyo_kaala_bala_locked.jpg
GANN_JHORA_KAALA_WITNESS_COMPARATOR_V1,gann_reference_tokyo,SUN,abda,15.000000000,1.800000000,108.160000000,0.000000000,Jagannatha Hora 8.0 locked visible Kaala Bala table; accessibility_sha256=2C67511E0C99CFE9F1D7132CF29259A847439D87A88A0383D331805B819C12DD; screenshot_sha256=6D1F6121DC2EB0D1A18A46C297E6BDCE98A1CFEBAD1CA974AEA46A3D700D4A63,status\evidence\jhora_kaala_witness_20260727\gann_reference_tokyo_kaala_bala_accessibility.txt,status\evidence\jhora_kaala_witness_20260727\gann_reference_tokyo_kaala_bala_locked.jpg
GANN_JHORA_KAALA_WITNESS_COMPARATOR_V1,gann_reference_tokyo,SUN,masa,0.000000000,1.800000000,108.160000000,0.000000000,Jagannatha Hora 8.0 locked visible Kaala Bala table; accessibility_sha256=2C67511E0C99CFE9F1D7132CF29259A847439D87A88A0383D331805B819C12DD; screenshot_sha256=6D1F6121DC2EB0D1A18A46C297E6BDCE98A1CFEBAD1CA974AEA46A3D700D4A63,status\evidence\jhora_kaala_witness_20260727\gann_reference_tokyo_kaala_bala_accessibility.txt,status\evidence\jhora_kaala_witness_20260727\gann_reference_tokyo_kaala_bala_locked.jpg
GANN_JHORA_KAALA_WITNESS_COMPARATOR_V1,gann_reference_tokyo,SUN,vara,45.000000000,1.800000000,108.160000000,0.000000000,Jagannatha Hora 8.0 locked visible Kaala Bala table; accessibility_sha256=2C67511E0C99CFE9F1D7132CF29259A847439D87A88A0383D331805B819C12DD; screenshot_sha256=6D1F6121DC2EB0D1A18A46C297E6BDCE98A1CFEBAD1CA974AEA46A3D700D4A63,status\evidence\jhora_kaala_witness_20260727\gann_reference_tokyo_kaala_bala_accessibility.txt,status\evidence\jhora_kaala_witness_20260727\gann_reference_tokyo_kaala_bala_locked.jpg
GANN_JHORA_KAALA_WITNESS_COMPARATOR_V1,gann_reference_tokyo,SUN,hora,0.000000000,1.800000000,108.160000000,0.000000000,Jagannatha Hora 8.0 locked visible Kaala Bala table; accessibility_sha256=2C67511E0C99CFE9F1D7132CF29259A847439D87A88A0383D331805B819C12DD; screenshot_sha256=6D1F6121DC2EB0D1A18A46C297E6BDCE98A1CFEBAD1CA974AEA46A3D700D4A63,status\evidence\jhora_kaala_witness_20260727\gann_reference_tokyo_kaala_bala_accessibility.txt,status\evidence\jhora_kaala_witness_20260727\gann_reference_tokyo_kaala_bala_locked.jpg
GANN_JHORA_KAALA_WITNESS_COMPARATOR_V1,gann_reference_tokyo,SUN,ayana,25.950000000,1.800000000,108.160000000,0.000000000,Jagannatha Hora 8.0 locked visible Kaala Bala table; accessibility_sha256=2C67511E0C99CFE9F1D7132CF29259A847439D87A88A0383D331805B819C12DD; screenshot_sha256=6D1F6121DC2EB0D1A18A46C297E6BDCE98A1CFEBAD1CA974AEA46A3D700D4A63,status\evidence\jhora_kaala_witness_20260727\gann_reference_tokyo_kaala_bala_accessibility.txt,status\evidence\jhora_kaala_witness_20260727\gann_reference_tokyo_kaala_bala_locked.jpg
GANN_JHORA_KAALA_WITNESS_COMPARATOR_V1,gann_reference_tokyo,SUN,yuddha,0.000000000,1.800000000,108.160000000,0.000000000,Jagannatha Hora 8.0 locked visible Kaala Bala table; accessibility_sha256=2C67511E0C99CFE9F1D7132CF29259A847439D87A88A0383D331805B819C12DD; screenshot_sha256=6D1F6121DC2EB0D1A18A46C297E6BDCE98A1CFEBAD1CA974AEA46A3D700D4A63,status\evidence\jhora_kaala_witness_20260727\gann_reference_tokyo_kaala_bala_accessibility.txt,status\evidence\jhora_kaala_witness_20260727\gann_reference_tokyo_kaala_bala_locked.jpg
GANN_JHORA_KAALA_WITNESS_COMPARATOR_V1,gann_reference_tokyo,MOON,total,198.150000000,3.300000000,198.160000000,-0.010000000,Jagannatha Hora 8.0 locked visible Kaala Bala table; accessibility_sha256=2C67511E0C99CFE9F1D7132CF29259A847439D87A88A0383D331805B819C12DD; screenshot_sha256=6D1F6121DC2EB0D1A18A46C297E6BDCE98A1CFEBAD1CA974AEA46A3D700D4A63,status\evidence\jhora_kaala_witness_20260727\gann_reference_tokyo_kaala_bala_accessibility.txt,status\evidence\jhora_kaala_witness_20260727\gann_reference_tokyo_kaala_bala_locked.jpg
GANN_JHORA_KAALA_WITNESS_COMPARATOR_V1,gann_reference_tokyo,MOON,nathonnatha,57.850000000,3.300000000,198.160000000,-0.010000000,Jagannatha Hora 8.0 locked visible Kaala Bala table; accessibility_sha256=2C67511E0C99CFE9F1D7132CF29259A847439D87A88A0383D331805B819C12DD; screenshot_sha256=6D1F6121DC2EB0D1A18A46C297E6BDCE98A1CFEBAD1CA974AEA46A3D700D4A63,status\evidence\jhora_kaala_witness_20260727\gann_reference_tokyo_kaala_bala_accessibility.txt,status\evidence\jhora_kaala_witness_20260727\gann_reference_tokyo_kaala_bala_locked.jpg
GANN_JHORA_KAALA_WITNESS_COMPARATOR_V1,gann_reference_tokyo,MOON,paksha,79.880000000,3.300000000,198.160000000,-0.010000000,Jagannatha Hora 8.0 locked visible Kaala Bala table; accessibility_sha256=2C67511E0C99CFE9F1D7132CF29259A847439D87A88A0383D331805B819C12DD; screenshot_sha256=6D1F6121DC2EB0D1A18A46C297E6BDCE98A1CFEBAD1CA974AEA46A3D700D4A63,status\evidence\jhora_kaala_witness_20260727\gann_reference_tokyo_kaala_bala_accessibility.txt,status\evidence\jhora_kaala_witness_20260727\gann_reference_tokyo_kaala_bala_locked.jpg
GANN_JHORA_KAALA_WITNESS_COMPARATOR_V1,gann_reference_tokyo,MOON,tribhaga,0.000000000,3.300000000,198.160000000,-0.010000000,Jagannatha Hora 8.0 locked visible Kaala Bala table; accessibility_sha256=2C67511E0C99CFE9F1D7132CF29259A847439D87A88A0383D331805B819C12DD; screenshot_sha256=6D1F6121DC2EB0D1A18A46C297E6BDCE98A1CFEBAD1CA974AEA46A3D700D4A63,status\evidence\jhora_kaala_witness_20260727\gann_reference_tokyo_kaala_bala_accessibility.txt,status\evidence\jhora_kaala_witness_20260727\gann_reference_tokyo_kaala_bala_locked.jpg
GANN_JHORA_KAALA_WITNESS_COMPARATOR_V1,gann_reference_tokyo,MOON,abda,0.000000000,3.300000000,198.160000000,-0.010000000,Jagannatha Hora 8.0 locked visible Kaala Bala table; accessibility_sha256=2C67511E0C99CFE9F1D7132CF29259A847439D87A88A0383D331805B819C12DD; screenshot_sha256=6D1F6121DC2EB0D1A18A46C297E6BDCE98A1CFEBAD1CA974AEA46A3D700D4A63,status\evidence\jhora_kaala_witness_20260727\gann_reference_tokyo_kaala_bala_accessibility.txt,status\evidence\jhora_kaala_witness_20260727\gann_reference_tokyo_kaala_bala_locked.jpg
GANN_JHORA_KAALA_WITNESS_COMPARATOR_V1,gann_reference_tokyo,MOON,masa,0.000000000,3.300000000,198.160000000,-0.010000000,Jagannatha Hora 8.0 locked visible Kaala Bala table; accessibility_sha256=2C67511E0C99CFE9F1D7132CF29259A847439D87A88A0383D331805B819C12DD; screenshot_sha256=6D1F6121DC2EB0D1A18A46C297E6BDCE98A1CFEBAD1CA974AEA46A3D700D4A63,status\evidence\jhora_kaala_witness_20260727\gann_reference_tokyo_kaala_bala_accessibility.txt,status\evidence\jhora_kaala_witness_20260727\gann_reference_tokyo_kaala_bala_locked.jpg
GANN_JHORA_KAALA_WITNESS_COMPARATOR_V1,gann_reference_tokyo,MOON,vara,0.000000000,3.300000000,198.160000000,-0.010000000,Jagannatha Hora 8.0 locked visible Kaala Bala table; accessibility_sha256=2C67511E0C99CFE9F1D7132CF29259A847439D87A88A0383D331805B819C12DD; screenshot_sha256=6D1F6121DC2EB0D1A18A46C297E6BDCE98A1CFEBAD1CA974AEA46A3D700D4A63,status\evidence\jhora_kaala_witness_20260727\gann_reference_tokyo_kaala_bala_accessibility.txt,status\evidence\jhora_kaala_witness_20260727\gann_reference_tokyo_kaala_bala_locked.jpg
GANN_JHORA_KAALA_WITNESS_COMPARATOR_V1,gann_reference_tokyo,MOON,hora,60.000000000,3.300000000,198.160000000,-0.010000000,Jagannatha Hora 8.0 locked visible Kaala Bala table; accessibility_sha256=2C67511E0C99CFE9F1D7132CF29259A847439D87A88A0383D331805B819C12DD; screenshot_sha256=6D1F6121DC2EB0D1A18A46C297E6BDCE98A1CFEBAD1CA974AEA46A3D700D4A63,status\evidence\jhora_kaala_witness_20260727\gann_reference_tokyo_kaala_bala_accessibility.txt,status\evidence\jhora_kaala_witness_20260727\gann_reference_tokyo_kaala_bala_locked.jpg
GANN_JHORA_KAALA_WITNESS_COMPARATOR_V1,gann_reference_tokyo,MOON,ayana,0.430000000,3.300000000,198.160000000,-0.010000000,Jagannatha Hora 8.0 locked visible Kaala Bala table; accessibility_sha256=2C67511E0C99CFE9F1D7132CF29259A847439D87A88A0383D331805B819C12DD; screenshot_sha256=6D1F6121DC2EB0D1A18A46C297E6BDCE98A1CFEBAD1CA974AEA46A3D700D4A63,status\evidence\jhora_kaala_witness_20260727\gann_reference_tokyo_kaala_bala_accessibility.txt,status\evidence\jhora_kaala_witness_20260727\gann_reference_tokyo_kaala_bala_locked.jpg
GANN_JHORA_KAALA_WITNESS_COMPARATOR_V1,gann_reference_tokyo,MOON,yuddha,0.000000000,3.300000000,198.160000000,-0.010000000,Jagannatha Hora 8.0 locked visible Kaala Bala table; accessibility_sha256=2C67511E0C99CFE9F1D7132CF29259A847439D87A88A0383D331805B819C12DD; screenshot_sha256=6D1F6121DC2EB0D1A18A46C297E6BDCE98A1CFEBAD1CA974AEA46A3D700D4A63,status\evidence\jhora_kaala_witness_20260727\gann_reference_tokyo_kaala_bala_accessibility.txt,status\evidence\jhora_kaala_witness_20260727\gann_reference_tokyo_kaala_bala_locked.jpg
GANN_JHORA_KAALA_WITNESS_COMPARATOR_V1,gann_reference_tokyo,MARS,total,136.400000000,2.270000000,136.400000000,0.000000000,Jagannatha Hora 8.0 locked visible Kaala Bala table; accessibility_sha256=2C67511E0C99CFE9F1D7132CF29259A847439D87A88A0383D331805B819C12DD; screenshot_sha256=6D1F6121DC2EB0D1A18A46C297E6BDCE98A1CFEBAD1CA974AEA46A3D700D4A63,status\evidence\jhora_kaala_witness_20260727\gann_reference_tokyo_kaala_bala_accessibility.txt,status\evidence\jhora_kaala_witness_20260727\gann_reference_tokyo_kaala_bala_locked.jpg
GANN_JHORA_KAALA_WITNESS_COMPARATOR_V1,gann_reference_tokyo,MARS,nathonnatha,57.850000000,2.270000000,136.400000000,0.000000000,Jagannatha Hora 8.0 locked visible Kaala Bala table; accessibility_sha256=2C67511E0C99CFE9F1D7132CF29259A847439D87A88A0383D331805B819C12DD; screenshot_sha256=6D1F6121DC2EB0D1A18A46C297E6BDCE98A1CFEBAD1CA974AEA46A3D700D4A63,status\evidence\jhora_kaala_witness_20260727\gann_reference_tokyo_kaala_bala_accessibility.txt,status\evidence\jhora_kaala_witness_20260727\gann_reference_tokyo_kaala_bala_locked.jpg
GANN_JHORA_KAALA_WITNESS_COMPARATOR_V1,gann_reference_tokyo,MARS,paksha,20.060000000,2.270000000,136.400000000,0.000000000,Jagannatha Hora 8.0 locked visible Kaala Bala table; accessibility_sha256=2C67511E0C99CFE9F1D7132CF29259A847439D87A88A0383D331805B819C12DD; screenshot_sha256=6D1F6121DC2EB0D1A18A46C297E6BDCE98A1CFEBAD1CA974AEA46A3D700D4A63,status\evidence\jhora_kaala_witness_20260727\gann_reference_tokyo_kaala_bala_accessibility.txt,status\evidence\jhora_kaala_witness_20260727\gann_reference_tokyo_kaala_bala_locked.jpg
GANN_JHORA_KAALA_WITNESS_COMPARATOR_V1,gann_reference_tokyo,MARS,tribhaga,0.000000000,2.270000000,136.400000000,0.000000000,Jagannatha Hora 8.0 locked visible Kaala Bala table; accessibility_sha256=2C67511E0C99CFE9F1D7132CF29259A847439D87A88A0383D331805B819C12DD; screenshot_sha256=6D1F6121DC2EB0D1A18A46C297E6BDCE98A1CFEBAD1CA974AEA46A3D700D4A63,status\evidence\jhora_kaala_witness_20260727\gann_reference_tokyo_kaala_bala_accessibility.txt,status\evidence\jhora_kaala_witness_20260727\gann_reference_tokyo_kaala_bala_locked.jpg
GANN_JHORA_KAALA_WITNESS_COMPARATOR_V1,gann_reference_tokyo,MARS,abda,0.000000000,2.270000000,136.400000000,0.000000000,Jagannatha Hora 8.0 locked visible Kaala Bala table; accessibility_sha256=2C67511E0C99CFE9F1D7132CF29259A847439D87A88A0383D331805B819C12DD; screenshot_sha256=6D1F6121DC2EB0D1A18A46C297E6BDCE98A1CFEBAD1CA974AEA46A3D700D4A63,status\evidence\jhora_kaala_witness_20260727\gann_reference_tokyo_kaala_bala_accessibility.txt,status\evidence\jhora_kaala_witness_20260727\gann_reference_tokyo_kaala_bala_locked.jpg
GANN_JHORA_KAALA_WITNESS_COMPARATOR_V1,gann_reference_tokyo,MARS,masa,30.000000000,2.270000000,136.400000000,0.000000000,Jagannatha Hora 8.0 locked visible Kaala Bala table; accessibility_sha256=2C67511E0C99CFE9F1D7132CF29259A847439D87A88A0383D331805B819C12DD; screenshot_sha256=6D1F6121DC2EB0D1A18A46C297E6BDCE98A1CFEBAD1CA974AEA46A3D700D4A63,status\evidence\jhora_kaala_witness_20260727\gann_reference_tokyo_kaala_bala_accessibility.txt,status\evidence\jhora_kaala_witness_20260727\gann_reference_tokyo_kaala_bala_locked.jpg
GANN_JHORA_KAALA_WITNESS_COMPARATOR_V1,gann_reference_tokyo,MARS,vara,0.000000000,2.270000000,136.400000000,0.000000000,Jagannatha Hora 8.0 locked visible Kaala Bala table; accessibility_sha256=2C67511E0C99CFE9F1D7132CF29259A847439D87A88A0383D331805B819C12DD; screenshot_sha256=6D1F6121DC2EB0D1A18A46C297E6BDCE98A1CFEBAD1CA974AEA46A3D700D4A63,status\evidence\jhora_kaala_witness_20260727\gann_reference_tokyo_kaala_bala_accessibility.txt,status\evidence\jhora_kaala_witness_20260727\gann_reference_tokyo_kaala_bala_locked.jpg
GANN_JHORA_KAALA_WITNESS_COMPARATOR_V1,gann_reference_tokyo,MARS,hora,0.000000000,2.270000000,136.400000000,0.000000000,Jagannatha Hora 8.0 locked visible Kaala Bala table; accessibility_sha256=2C67511E0C99CFE9F1D7132CF29259A847439D87A88A0383D331805B819C12DD; screenshot_sha256=6D1F6121DC2EB0D1A18A46C297E6BDCE98A1CFEBAD1CA974AEA46A3D700D4A63,status\evidence\jhora_kaala_witness_20260727\gann_reference_tokyo_kaala_bala_accessibility.txt,status\evidence\jhora_kaala_witness_20260727\gann_reference_tokyo_kaala_bala_locked.jpg
GANN_JHORA_KAALA_WITNESS_COMPARATOR_V1,gann_reference_tokyo,MARS,ayana,28.490000000,2.270000000,136.400000000,0.000000000,Jagannatha Hora 8.0 locked visible Kaala Bala table; accessibility_sha256=2C67511E0C99CFE9F1D7132CF29259A847439D87A88A0383D331805B819C12DD; screenshot_sha256=6D1F6121DC2EB0D1A18A46C297E6BDCE98A1CFEBAD1CA974AEA46A3D700D4A63,status\evidence\jhora_kaala_witness_20260727\gann_reference_tokyo_kaala_bala_accessibility.txt,status\evidence\jhora_kaala_witness_20260727\gann_reference_tokyo_kaala_bala_locked.jpg
GANN_JHORA_KAALA_WITNESS_COMPARATOR_V1,gann_reference_tokyo,MARS,yuddha,0.000000000,2.270000000,136.400000000,0.000000000,Jagannatha Hora 8.0 locked visible Kaala Bala table; accessibility_sha256=2C67511E0C99CFE9F1D7132CF29259A847439D87A88A0383D331805B819C12DD; screenshot_sha256=6D1F6121DC2EB0D1A18A46C297E6BDCE98A1CFEBAD1CA974AEA46A3D700D4A63,status\evidence\jhora_kaala_witness_20260727\gann_reference_tokyo_kaala_bala_accessibility.txt,status\evidence\jhora_kaala_witness_20260727\gann_reference_tokyo_kaala_bala_locked.jpg
GANN_JHORA_KAALA_WITNESS_COMPARATOR_V1,gann_reference_tokyo,MERCURY,total,123.210000000,2.050000000,123.210000000,0.000000000,Jagannatha Hora 8.0 locked visible Kaala Bala table; accessibility_sha256=2C67511E0C99CFE9F1D7132CF29259A847439D87A88A0383D331805B819C12DD; screenshot_sha256=6D1F6121DC2EB0D1A18A46C297E6BDCE98A1CFEBAD1CA974AEA46A3D700D4A63,status\evidence\jhora_kaala_witness_20260727\gann_reference_tokyo_kaala_bala_accessibility.txt,status\evidence\jhora_kaala_witness_20260727\gann_reference_tokyo_kaala_bala_locked.jpg
GANN_JHORA_KAALA_WITNESS_COMPARATOR_V1,gann_reference_tokyo,MERCURY,nathonnatha,60.000000000,2.050000000,123.210000000,0.000000000,Jagannatha Hora 8.0 locked visible Kaala Bala table; accessibility_sha256=2C67511E0C99CFE9F1D7132CF29259A847439D87A88A0383D331805B819C12DD; screenshot_sha256=6D1F6121DC2EB0D1A18A46C297E6BDCE98A1CFEBAD1CA974AEA46A3D700D4A63,status\evidence\jhora_kaala_witness_20260727\gann_reference_tokyo_kaala_bala_accessibility.txt,status\evidence\jhora_kaala_witness_20260727\gann_reference_tokyo_kaala_bala_locked.jpg
GANN_JHORA_KAALA_WITNESS_COMPARATOR_V1,gann_reference_tokyo,MERCURY,paksha,20.060000000,2.050000000,123.210000000,0.000000000,Jagannatha Hora 8.0 locked visible Kaala Bala table; accessibility_sha256=2C67511E0C99CFE9F1D7132CF29259A847439D87A88A0383D331805B819C12DD; screenshot_sha256=6D1F6121DC2EB0D1A18A46C297E6BDCE98A1CFEBAD1CA974AEA46A3D700D4A63,status\evidence\jhora_kaala_witness_20260727\gann_reference_tokyo_kaala_bala_accessibility.txt,status\evidence\jhora_kaala_witness_20260727\gann_reference_tokyo_kaala_bala_locked.jpg
GANN_JHORA_KAALA_WITNESS_COMPARATOR_V1,gann_reference_tokyo,MERCURY,tribhaga,0.000000000,2.050000000,123.210000000,0.000000000,Jagannatha Hora 8.0 locked visible Kaala Bala table; accessibility_sha256=2C67511E0C99CFE9F1D7132CF29259A847439D87A88A0383D331805B819C12DD; screenshot_sha256=6D1F6121DC2EB0D1A18A46C297E6BDCE98A1CFEBAD1CA974AEA46A3D700D4A63,status\evidence\jhora_kaala_witness_20260727\gann_reference_tokyo_kaala_bala_accessibility.txt,status\evidence\jhora_kaala_witness_20260727\gann_reference_tokyo_kaala_bala_locked.jpg
GANN_JHORA_KAALA_WITNESS_COMPARATOR_V1,gann_reference_tokyo,MERCURY,abda,0.000000000,2.050000000,123.210000000,0.000000000,Jagannatha Hora 8.0 locked visible Kaala Bala table; accessibility_sha256=2C67511E0C99CFE9F1D7132CF29259A847439D87A88A0383D331805B819C12DD; screenshot_sha256=6D1F6121DC2EB0D1A18A46C297E6BDCE98A1CFEBAD1CA974AEA46A3D700D4A63,status\evidence\jhora_kaala_witness_20260727\gann_reference_tokyo_kaala_bala_accessibility.txt,status\evidence\jhora_kaala_witness_20260727\gann_reference_tokyo_kaala_bala_locked.jpg
GANN_JHORA_KAALA_WITNESS_COMPARATOR_V1,gann_reference_tokyo,MERCURY,masa,0.000000000,2.050000000,123.210000000,0.000000000,Jagannatha Hora 8.0 locked visible Kaala Bala table; accessibility_sha256=2C67511E0C99CFE9F1D7132CF29259A847439D87A88A0383D331805B819C12DD; screenshot_sha256=6D1F6121DC2EB0D1A18A46C297E6BDCE98A1CFEBAD1CA974AEA46A3D700D4A63,status\evidence\jhora_kaala_witness_20260727\gann_reference_tokyo_kaala_bala_accessibility.txt,status\evidence\jhora_kaala_witness_20260727\gann_reference_tokyo_kaala_bala_locked.jpg
GANN_JHORA_KAALA_WITNESS_COMPARATOR_V1,gann_reference_tokyo,MERCURY,vara,0.000000000,2.050000000,123.210000000,0.000000000,Jagannatha Hora 8.0 locked visible Kaala Bala table; accessibility_sha256=2C67511E0C99CFE9F1D7132CF29259A847439D87A88A0383D331805B819C12DD; screenshot_sha256=6D1F6121DC2EB0D1A18A46C297E6BDCE98A1CFEBAD1CA974AEA46A3D700D4A63,status\evidence\jhora_kaala_witness_20260727\gann_reference_tokyo_kaala_bala_accessibility.txt,status\evidence\jhora_kaala_witness_20260727\gann_reference_tokyo_kaala_bala_locked.jpg
GANN_JHORA_KAALA_WITNESS_COMPARATOR_V1,gann_reference_tokyo,MERCURY,hora,0.000000000,2.050000000,123.210000000,0.000000000,Jagannatha Hora 8.0 locked visible Kaala Bala table; accessibility_sha256=2C67511E0C99CFE9F1D7132CF29259A847439D87A88A0383D331805B819C12DD; screenshot_sha256=6D1F6121DC2EB0D1A18A46C297E6BDCE98A1CFEBAD1CA974AEA46A3D700D4A63,status\evidence\jhora_kaala_witness_20260727\gann_reference_tokyo_kaala_bala_accessibility.txt,status\evidence\jhora_kaala_witness_20260727\gann_reference_tokyo_kaala_bala_locked.jpg
GANN_JHORA_KAALA_WITNESS_COMPARATOR_V1,gann_reference_tokyo,MERCURY,ayana,43.150000000,2.050000000,123.210000000,0.000000000,Jagannatha Hora 8.0 locked visible Kaala Bala table; accessibility_sha256=2C67511E0C99CFE9F1D7132CF29259A847439D87A88A0383D331805B819C12DD; screenshot_sha256=6D1F6121DC2EB0D1A18A46C297E6BDCE98A1CFEBAD1CA974AEA46A3D700D4A63,status\evidence\jhora_kaala_witness_20260727\gann_reference_tokyo_kaala_bala_accessibility.txt,status\evidence\jhora_kaala_witness_20260727\gann_reference_tokyo_kaala_bala_locked.jpg
GANN_JHORA_KAALA_WITNESS_COMPARATOR_V1,gann_reference_tokyo,MERCURY,yuddha,0.000000000,2.050000000,123.210000000,0.000000000,Jagannatha Hora 8.0 locked visible Kaala Bala table; accessibility_sha256=2C67511E0C99CFE9F1D7132CF29259A847439D87A88A0383D331805B819C12DD; screenshot_sha256=6D1F6121DC2EB0D1A18A46C297E6BDCE98A1CFEBAD1CA974AEA46A3D700D4A63,status\evidence\jhora_kaala_witness_20260727\gann_reference_tokyo_kaala_bala_accessibility.txt,status\evidence\jhora_kaala_witness_20260727\gann_reference_tokyo_kaala_bala_locked.jpg
GANN_JHORA_KAALA_WITNESS_COMPARATOR_V1,gann_reference_tokyo,JUPITER,total,102.310000000,1.710000000,102.310000000,0.000000000,Jagannatha Hora 8.0 locked visible Kaala Bala table; accessibility_sha256=2C67511E0C99CFE9F1D7132CF29259A847439D87A88A0383D331805B819C12DD; screenshot_sha256=6D1F6121DC2EB0D1A18A46C297E6BDCE98A1CFEBAD1CA974AEA46A3D700D4A63,status\evidence\jhora_kaala_witness_20260727\gann_reference_tokyo_kaala_bala_accessibility.txt,status\evidence\jhora_kaala_witness_20260727\gann_reference_tokyo_kaala_bala_locked.jpg
GANN_JHORA_KAALA_WITNESS_COMPARATOR_V1,gann_reference_tokyo,JUPITER,nathonnatha,2.150000000,1.710000000,102.310000000,0.000000000,Jagannatha Hora 8.0 locked visible Kaala Bala table; accessibility_sha256=2C67511E0C99CFE9F1D7132CF29259A847439D87A88A0383D331805B819C12DD; screenshot_sha256=6D1F6121DC2EB0D1A18A46C297E6BDCE98A1CFEBAD1CA974AEA46A3D700D4A63,status\evidence\jhora_kaala_witness_20260727\gann_reference_tokyo_kaala_bala_accessibility.txt,status\evidence\jhora_kaala_witness_20260727\gann_reference_tokyo_kaala_bala_locked.jpg
GANN_JHORA_KAALA_WITNESS_COMPARATOR_V1,gann_reference_tokyo,JUPITER,paksha,39.940000000,1.710000000,102.310000000,0.000000000,Jagannatha Hora 8.0 locked visible Kaala Bala table; accessibility_sha256=2C67511E0C99CFE9F1D7132CF29259A847439D87A88A0383D331805B819C12DD; screenshot_sha256=6D1F6121DC2EB0D1A18A46C297E6BDCE98A1CFEBAD1CA974AEA46A3D700D4A63,status\evidence\jhora_kaala_witness_20260727\gann_reference_tokyo_kaala_bala_accessibility.txt,status\evidence\jhora_kaala_witness_20260727\gann_reference_tokyo_kaala_bala_locked.jpg
GANN_JHORA_KAALA_WITNESS_COMPARATOR_V1,gann_reference_tokyo,JUPITER,tribhaga,60.000000000,1.710000000,102.310000000,0.000000000,Jagannatha Hora 8.0 locked visible Kaala Bala table; accessibility_sha256=2C67511E0C99CFE9F1D7132CF29259A847439D87A88A0383D331805B819C12DD; screenshot_sha256=6D1F6121DC2EB0D1A18A46C297E6BDCE98A1CFEBAD1CA974AEA46A3D700D4A63,status\evidence\jhora_kaala_witness_20260727\gann_reference_tokyo_kaala_bala_accessibility.txt,status\evidence\jhora_kaala_witness_20260727\gann_reference_tokyo_kaala_bala_locked.jpg
GANN_JHORA_KAALA_WITNESS_COMPARATOR_V1,gann_reference_tokyo,JUPITER,abda,0.000000000,1.710000000,102.310000000,0.000000000,Jagannatha Hora 8.0 locked visible Kaala Bala table; accessibility_sha256=2C67511E0C99CFE9F1D7132CF29259A847439D87A88A0383D331805B819C12DD; screenshot_sha256=6D1F6121DC2EB0D1A18A46C297E6BDCE98A1CFEBAD1CA974AEA46A3D700D4A63,status\evidence\jhora_kaala_witness_20260727\gann_reference_tokyo_kaala_bala_accessibility.txt,status\evidence\jhora_kaala_witness_20260727\gann_reference_tokyo_kaala_bala_locked.jpg
GANN_JHORA_KAALA_WITNESS_COMPARATOR_V1,gann_reference_tokyo,JUPITER,masa,0.000000000,1.710000000,102.310000000,0.000000000,Jagannatha Hora 8.0 locked visible Kaala Bala table; accessibility_sha256=2C67511E0C99CFE9F1D7132CF29259A847439D87A88A0383D331805B819C12DD; screenshot_sha256=6D1F6121DC2EB0D1A18A46C297E6BDCE98A1CFEBAD1CA974AEA46A3D700D4A63,status\evidence\jhora_kaala_witness_20260727\gann_reference_tokyo_kaala_bala_accessibility.txt,status\evidence\jhora_kaala_witness_20260727\gann_reference_tokyo_kaala_bala_locked.jpg
GANN_JHORA_KAALA_WITNESS_COMPARATOR_V1,gann_reference_tokyo,JUPITER,vara,0.000000000,1.710000000,102.310000000,0.000000000,Jagannatha Hora 8.0 locked visible Kaala Bala table; accessibility_sha256=2C67511E0C99CFE9F1D7132CF29259A847439D87A88A0383D331805B819C12DD; screenshot_sha256=6D1F6121DC2EB0D1A18A46C297E6BDCE98A1CFEBAD1CA974AEA46A3D700D4A63,status\evidence\jhora_kaala_witness_20260727\gann_reference_tokyo_kaala_bala_accessibility.txt,status\evidence\jhora_kaala_witness_20260727\gann_reference_tokyo_kaala_bala_locked.jpg
GANN_JHORA_KAALA_WITNESS_COMPARATOR_V1,gann_reference_tokyo,JUPITER,hora,0.000000000,1.710000000,102.310000000,0.000000000,Jagannatha Hora 8.0 locked visible Kaala Bala table; accessibility_sha256=2C67511E0C99CFE9F1D7132CF29259A847439D87A88A0383D331805B819C12DD; screenshot_sha256=6D1F6121DC2EB0D1A18A46C297E6BDCE98A1CFEBAD1CA974AEA46A3D700D4A63,status\evidence\jhora_kaala_witness_20260727\gann_reference_tokyo_kaala_bala_accessibility.txt,status\evidence\jhora_kaala_witness_20260727\gann_reference_tokyo_kaala_bala_locked.jpg
GANN_JHORA_KAALA_WITNESS_COMPARATOR_V1,gann_reference_tokyo,JUPITER,ayana,0.220000000,1.710000000,102.310000000,0.000000000,Jagannatha Hora 8.0 locked visible Kaala Bala table; accessibility_sha256=2C67511E0C99CFE9F1D7132CF29259A847439D87A88A0383D331805B819C12DD; screenshot_sha256=6D1F6121DC2EB0D1A18A46C297E6BDCE98A1CFEBAD1CA974AEA46A3D700D4A63,status\evidence\jhora_kaala_witness_20260727\gann_reference_tokyo_kaala_bala_accessibility.txt,status\evidence\jhora_kaala_witness_20260727\gann_reference_tokyo_kaala_bala_locked.jpg
GANN_JHORA_KAALA_WITNESS_COMPARATOR_V1,gann_reference_tokyo,JUPITER,yuddha,0.000000000,1.710000000,102.310000000,0.000000000,Jagannatha Hora 8.0 locked visible Kaala Bala table; accessibility_sha256=2C67511E0C99CFE9F1D7132CF29259A847439D87A88A0383D331805B819C12DD; screenshot_sha256=6D1F6121DC2EB0D1A18A46C297E6BDCE98A1CFEBAD1CA974AEA46A3D700D4A63,status\evidence\jhora_kaala_witness_20260727\gann_reference_tokyo_kaala_bala_accessibility.txt,status\evidence\jhora_kaala_witness_20260727\gann_reference_tokyo_kaala_bala_locked.jpg
GANN_JHORA_KAALA_WITNESS_COMPARATOR_V1,gann_reference_tokyo,VENUS,total,137.460000000,2.290000000,137.460000000,0.000000000,Jagannatha Hora 8.0 locked visible Kaala Bala table; accessibility_sha256=2C67511E0C99CFE9F1D7132CF29259A847439D87A88A0383D331805B819C12DD; screenshot_sha256=6D1F6121DC2EB0D1A18A46C297E6BDCE98A1CFEBAD1CA974AEA46A3D700D4A63,status\evidence\jhora_kaala_witness_20260727\gann_reference_tokyo_kaala_bala_accessibility.txt,status\evidence\jhora_kaala_witness_20260727\gann_reference_tokyo_kaala_bala_locked.jpg
GANN_JHORA_KAALA_WITNESS_COMPARATOR_V1,gann_reference_tokyo,VENUS,nathonnatha,2.150000000,2.290000000,137.460000000,0.000000000,Jagannatha Hora 8.0 locked visible Kaala Bala table; accessibility_sha256=2C67511E0C99CFE9F1D7132CF29259A847439D87A88A0383D331805B819C12DD; screenshot_sha256=6D1F6121DC2EB0D1A18A46C297E6BDCE98A1CFEBAD1CA974AEA46A3D700D4A63,status\evidence\jhora_kaala_witness_20260727\gann_reference_tokyo_kaala_bala_accessibility.txt,status\evidence\jhora_kaala_witness_20260727\gann_reference_tokyo_kaala_bala_locked.jpg
GANN_JHORA_KAALA_WITNESS_COMPARATOR_V1,gann_reference_tokyo,VENUS,paksha,39.940000000,2.290000000,137.460000000,0.000000000,Jagannatha Hora 8.0 locked visible Kaala Bala table; accessibility_sha256=2C67511E0C99CFE9F1D7132CF29259A847439D87A88A0383D331805B819C12DD; screenshot_sha256=6D1F6121DC2EB0D1A18A46C297E6BDCE98A1CFEBAD1CA974AEA46A3D700D4A63,status\evidence\jhora_kaala_witness_20260727\gann_reference_tokyo_kaala_bala_accessibility.txt,status\evidence\jhora_kaala_witness_20260727\gann_reference_tokyo_kaala_bala_locked.jpg
GANN_JHORA_KAALA_WITNESS_COMPARATOR_V1,gann_reference_tokyo,VENUS,tribhaga,60.000000000,2.290000000,137.460000000,0.000000000,Jagannatha Hora 8.0 locked visible Kaala Bala table; accessibility_sha256=2C67511E0C99CFE9F1D7132CF29259A847439D87A88A0383D331805B819C12DD; screenshot_sha256=6D1F6121DC2EB0D1A18A46C297E6BDCE98A1CFEBAD1CA974AEA46A3D700D4A63,status\evidence\jhora_kaala_witness_20260727\gann_reference_tokyo_kaala_bala_accessibility.txt,status\evidence\jhora_kaala_witness_20260727\gann_reference_tokyo_kaala_bala_locked.jpg
GANN_JHORA_KAALA_WITNESS_COMPARATOR_V1,gann_reference_tokyo,VENUS,abda,0.000000000,2.290000000,137.460000000,0.000000000,Jagannatha Hora 8.0 locked visible Kaala Bala table; accessibility_sha256=2C67511E0C99CFE9F1D7132CF29259A847439D87A88A0383D331805B819C12DD; screenshot_sha256=6D1F6121DC2EB0D1A18A46C297E6BDCE98A1CFEBAD1CA974AEA46A3D700D4A63,status\evidence\jhora_kaala_witness_20260727\gann_reference_tokyo_kaala_bala_accessibility.txt,status\evidence\jhora_kaala_witness_20260727\gann_reference_tokyo_kaala_bala_locked.jpg
GANN_JHORA_KAALA_WITNESS_COMPARATOR_V1,gann_reference_tokyo,VENUS,masa,0.000000000,2.290000000,137.460000000,0.000000000,Jagannatha Hora 8.0 locked visible Kaala Bala table; accessibility_sha256=2C67511E0C99CFE9F1D7132CF29259A847439D87A88A0383D331805B819C12DD; screenshot_sha256=6D1F6121DC2EB0D1A18A46C297E6BDCE98A1CFEBAD1CA974AEA46A3D700D4A63,status\evidence\jhora_kaala_witness_20260727\gann_reference_tokyo_kaala_bala_accessibility.txt,status\evidence\jhora_kaala_witness_20260727\gann_reference_tokyo_kaala_bala_locked.jpg
GANN_JHORA_KAALA_WITNESS_COMPARATOR_V1,gann_reference_tokyo,VENUS,vara,0.000000000,2.290000000,137.460000000,0.000000000,Jagannatha Hora 8.0 locked visible Kaala Bala table; accessibility_sha256=2C67511E0C99CFE9F1D7132CF29259A847439D87A88A0383D331805B819C12DD; screenshot_sha256=6D1F6121DC2EB0D1A18A46C297E6BDCE98A1CFEBAD1CA974AEA46A3D700D4A63,status\evidence\jhora_kaala_witness_20260727\gann_reference_tokyo_kaala_bala_accessibility.txt,status\evidence\jhora_kaala_witness_20260727\gann_reference_tokyo_kaala_bala_locked.jpg
GANN_JHORA_KAALA_WITNESS_COMPARATOR_V1,gann_reference_tokyo,VENUS,hora,0.000000000,2.290000000,137.460000000,0.000000000,Jagannatha Hora 8.0 locked visible Kaala Bala table; accessibility_sha256=2C67511E0C99CFE9F1D7132CF29259A847439D87A88A0383D331805B819C12DD; screenshot_sha256=6D1F6121DC2EB0D1A18A46C297E6BDCE98A1CFEBAD1CA974AEA46A3D700D4A63,status\evidence\jhora_kaala_witness_20260727\gann_reference_tokyo_kaala_bala_accessibility.txt,status\evidence\jhora_kaala_witness_20260727\gann_reference_tokyo_kaala_bala_locked.jpg
GANN_JHORA_KAALA_WITNESS_COMPARATOR_V1,gann_reference_tokyo,VENUS,ayana,35.370000000,2.290000000,137.460000000,0.000000000,Jagannatha Hora 8.0 locked visible Kaala Bala table; accessibility_sha256=2C67511E0C99CFE9F1D7132CF29259A847439D87A88A0383D331805B819C12DD; screenshot_sha256=6D1F6121DC2EB0D1A18A46C297E6BDCE98A1CFEBAD1CA974AEA46A3D700D4A63,status\evidence\jhora_kaala_witness_20260727\gann_reference_tokyo_kaala_bala_accessibility.txt,status\evidence\jhora_kaala_witness_20260727\gann_reference_tokyo_kaala_bala_locked.jpg
GANN_JHORA_KAALA_WITNESS_COMPARATOR_V1,gann_reference_tokyo,VENUS,yuddha,0.000000000,2.290000000,137.460000000,0.000000000,Jagannatha Hora 8.0 locked visible Kaala Bala table; accessibility_sha256=2C67511E0C99CFE9F1D7132CF29259A847439D87A88A0383D331805B819C12DD; screenshot_sha256=6D1F6121DC2EB0D1A18A46C297E6BDCE98A1CFEBAD1CA974AEA46A3D700D4A63,status\evidence\jhora_kaala_witness_20260727\gann_reference_tokyo_kaala_bala_accessibility.txt,status\evidence\jhora_kaala_witness_20260727\gann_reference_tokyo_kaala_bala_locked.jpg
GANN_JHORA_KAALA_WITNESS_COMPARATOR_V1,gann_reference_tokyo,SATURN,total,88.550000000,1.480000000,88.550000000,0.000000000,Jagannatha Hora 8.0 locked visible Kaala Bala table; accessibility_sha256=2C67511E0C99CFE9F1D7132CF29259A847439D87A88A0383D331805B819C12DD; screenshot_sha256=6D1F6121DC2EB0D1A18A46C297E6BDCE98A1CFEBAD1CA974AEA46A3D700D4A63,status\evidence\jhora_kaala_witness_20260727\gann_reference_tokyo_kaala_bala_accessibility.txt,status\evidence\jhora_kaala_witness_20260727\gann_reference_tokyo_kaala_bala_locked.jpg
GANN_JHORA_KAALA_WITNESS_COMPARATOR_V1,gann_reference_tokyo,SATURN,nathonnatha,57.850000000,1.480000000,88.550000000,0.000000000,Jagannatha Hora 8.0 locked visible Kaala Bala table; accessibility_sha256=2C67511E0C99CFE9F1D7132CF29259A847439D87A88A0383D331805B819C12DD; screenshot_sha256=6D1F6121DC2EB0D1A18A46C297E6BDCE98A1CFEBAD1CA974AEA46A3D700D4A63,status\evidence\jhora_kaala_witness_20260727\gann_reference_tokyo_kaala_bala_accessibility.txt,status\evidence\jhora_kaala_witness_20260727\gann_reference_tokyo_kaala_bala_locked.jpg
GANN_JHORA_KAALA_WITNESS_COMPARATOR_V1,gann_reference_tokyo,SATURN,paksha,20.060000000,1.480000000,88.550000000,0.000000000,Jagannatha Hora 8.0 locked visible Kaala Bala table; accessibility_sha256=2C67511E0C99CFE9F1D7132CF29259A847439D87A88A0383D331805B819C12DD; screenshot_sha256=6D1F6121DC2EB0D1A18A46C297E6BDCE98A1CFEBAD1CA974AEA46A3D700D4A63,status\evidence\jhora_kaala_witness_20260727\gann_reference_tokyo_kaala_bala_accessibility.txt,status\evidence\jhora_kaala_witness_20260727\gann_reference_tokyo_kaala_bala_locked.jpg
GANN_JHORA_KAALA_WITNESS_COMPARATOR_V1,gann_reference_tokyo,SATURN,tribhaga,0.000000000,1.480000000,88.550000000,0.000000000,Jagannatha Hora 8.0 locked visible Kaala Bala table; accessibility_sha256=2C67511E0C99CFE9F1D7132CF29259A847439D87A88A0383D331805B819C12DD; screenshot_sha256=6D1F6121DC2EB0D1A18A46C297E6BDCE98A1CFEBAD1CA974AEA46A3D700D4A63,status\evidence\jhora_kaala_witness_20260727\gann_reference_tokyo_kaala_bala_accessibility.txt,status\evidence\jhora_kaala_witness_20260727\gann_reference_tokyo_kaala_bala_locked.jpg
GANN_JHORA_KAALA_WITNESS_COMPARATOR_V1,gann_reference_tokyo,SATURN,abda,0.000000000,1.480000000,88.550000000,0.000000000,Jagannatha Hora 8.0 locked visible Kaala Bala table; accessibility_sha256=2C67511E0C99CFE9F1D7132CF29259A847439D87A88A0383D331805B819C12DD; screenshot_sha256=6D1F6121DC2EB0D1A18A46C297E6BDCE98A1CFEBAD1CA974AEA46A3D700D4A63,status\evidence\jhora_kaala_witness_20260727\gann_reference_tokyo_kaala_bala_accessibility.txt,status\evidence\jhora_kaala_witness_20260727\gann_reference_tokyo_kaala_bala_locked.jpg
GANN_JHORA_KAALA_WITNESS_COMPARATOR_V1,gann_reference_tokyo,SATURN,masa,0.000000000,1.480000000,88.550000000,0.000000000,Jagannatha Hora 8.0 locked visible Kaala Bala table; accessibility_sha256=2C67511E0C99CFE9F1D7132CF29259A847439D87A88A0383D331805B819C12DD; screenshot_sha256=6D1F6121DC2EB0D1A18A46C297E6BDCE98A1CFEBAD1CA974AEA46A3D700D4A63,status\evidence\jhora_kaala_witness_20260727\gann_reference_tokyo_kaala_bala_accessibility.txt,status\evidence\jhora_kaala_witness_20260727\gann_reference_tokyo_kaala_bala_locked.jpg
GANN_JHORA_KAALA_WITNESS_COMPARATOR_V1,gann_reference_tokyo,SATURN,vara,0.000000000,1.480000000,88.550000000,0.000000000,Jagannatha Hora 8.0 locked visible Kaala Bala table; accessibility_sha256=2C67511E0C99CFE9F1D7132CF29259A847439D87A88A0383D331805B819C12DD; screenshot_sha256=6D1F6121DC2EB0D1A18A46C297E6BDCE98A1CFEBAD1CA974AEA46A3D700D4A63,status\evidence\jhora_kaala_witness_20260727\gann_reference_tokyo_kaala_bala_accessibility.txt,status\evidence\jhora_kaala_witness_20260727\gann_reference_tokyo_kaala_bala_locked.jpg
GANN_JHORA_KAALA_WITNESS_COMPARATOR_V1,gann_reference_tokyo,SATURN,hora,0.000000000,1.480000000,88.550000000,0.000000000,Jagannatha Hora 8.0 locked visible Kaala Bala table; accessibility_sha256=2C67511E0C99CFE9F1D7132CF29259A847439D87A88A0383D331805B819C12DD; screenshot_sha256=6D1F6121DC2EB0D1A18A46C297E6BDCE98A1CFEBAD1CA974AEA46A3D700D4A63,status\evidence\jhora_kaala_witness_20260727\gann_reference_tokyo_kaala_bala_accessibility.txt,status\evidence\jhora_kaala_witness_20260727\gann_reference_tokyo_kaala_bala_locked.jpg
GANN_JHORA_KAALA_WITNESS_COMPARATOR_V1,gann_reference_tokyo,SATURN,ayana,10.640000000,1.480000000,88.550000000,0.000000000,Jagannatha Hora 8.0 locked visible Kaala Bala table; accessibility_sha256=2C67511E0C99CFE9F1D7132CF29259A847439D87A88A0383D331805B819C12DD; screenshot_sha256=6D1F6121DC2EB0D1A18A46C297E6BDCE98A1CFEBAD1CA974AEA46A3D700D4A63,status\evidence\jhora_kaala_witness_20260727\gann_reference_tokyo_kaala_bala_accessibility.txt,status\evidence\jhora_kaala_witness_20260727\gann_reference_tokyo_kaala_bala_locked.jpg
GANN_JHORA_KAALA_WITNESS_COMPARATOR_V1,gann_reference_tokyo,SATURN,yuddha,0.000000000,1.480000000,88.550000000,0.000000000,Jagannatha Hora 8.0 locked visible Kaala Bala table; accessibility_sha256=2C67511E0C99CFE9F1D7132CF29259A847439D87A88A0383D331805B819C12DD; screenshot_sha256=6D1F6121DC2EB0D1A18A46C297E6BDCE98A1CFEBAD1CA974AEA46A3D700D4A63,status\evidence\jhora_kaala_witness_20260727\gann_reference_tokyo_kaala_bala_accessibility.txt,status\evidence\jhora_kaala_witness_20260727\gann_reference_tokyo_kaala_bala_locked.jpg
