contract,sample_id,planet,measure,jhora_value_virupa,displayed_in_rupas,displayed_component_sum_virupa,displayed_total_minus_sum_virupa,source,accessibility_path,screenshot_path
GANN_JHORA_KAALA_WITNESS_COMPARATOR_V1,case_103_event_start,SUN,total,133.100000000,2.220000000,133.110000000,-0.010000000,Jagannatha Hora 8.0 locked visible Kaala Bala table; accessibility_sha256=D44C1EEBFA80E19B60BC5E15BF0C97D55D4C66DD97159B72B7DEE7C2CC3BEDF6; screenshot_sha256=903BF3A3A5B681EE8B54CD09B50B72CB3A53EA53E32334E579C6F1C9D431B3AF,status\evidence\jhora_kaala_witness_20260727\case_103_event_start_kaala_bala_accessibility.txt,status\evidence\jhora_kaala_witness_20260727\case_103_event_start_kaala_bala_locked.jpg
GANN_JHORA_KAALA_WITNESS_COMPARATOR_V1,case_103_event_start,SUN,nathonnatha,13.390000000,2.220000000,133.110000000,-0.010000000,Jagannatha Hora 8.0 locked visible Kaala Bala table; accessibility_sha256=D44C1EEBFA80E19B60BC5E15BF0C97D55D4C66DD97159B72B7DEE7C2CC3BEDF6; screenshot_sha256=903BF3A3A5B681EE8B54CD09B50B72CB3A53EA53E32334E579C6F1C9D431B3AF,status\evidence\jhora_kaala_witness_20260727\case_103_event_start_kaala_bala_accessibility.txt,status\evidence\jhora_kaala_witness_20260727\case_103_event_start_kaala_bala_locked.jpg
GANN_JHORA_KAALA_WITNESS_COMPARATOR_V1,case_103_event_start,SUN,paksha,11.180000000,2.220000000,133.110000000,-0.010000000,Jagannatha Hora 8.0 locked visible Kaala Bala table; accessibility_sha256=D44C1EEBFA80E19B60BC5E15BF0C97D55D4C66DD97159B72B7DEE7C2CC3BEDF6; screenshot_sha256=903BF3A3A5B681EE8B54CD09B50B72CB3A53EA53E32334E579C6F1C9D431B3AF,status\evidence\jhora_kaala_witness_20260727\case_103_event_start_kaala_bala_accessibility.txt,status\evidence\jhora_kaala_witness_20260727\case_103_event_start_kaala_bala_locked.jpg
GANN_JHORA_KAALA_WITNESS_COMPARATOR_V1,case_103_event_start,SUN,tribhaga,0.000000000,2.220000000,133.110000000,-0.010000000,Jagannatha Hora 8.0 locked visible Kaala Bala table; accessibility_sha256=D44C1EEBFA80E19B60BC5E15BF0C97D55D4C66DD97159B72B7DEE7C2CC3BEDF6; screenshot_sha256=903BF3A3A5B681EE8B54CD09B50B72CB3A53EA53E32334E579C6F1C9D431B3AF,status\evidence\jhora_kaala_witness_20260727\case_103_event_start_kaala_bala_accessibility.txt,status\evidence\jhora_kaala_witness_20260727\case_103_event_start_kaala_bala_locked.jpg
GANN_JHORA_KAALA_WITNESS_COMPARATOR_V1,case_103_event_start,SUN,abda,0.000000000,2.220000000,133.110000000,-0.010000000,Jagannatha Hora 8.0 locked visible Kaala Bala table; accessibility_sha256=D44C1EEBFA80E19B60BC5E15BF0C97D55D4C66DD97159B72B7DEE7C2CC3BEDF6; screenshot_sha256=903BF3A3A5B681EE8B54CD09B50B72CB3A53EA53E32334E579C6F1C9D431B3AF,status\evidence\jhora_kaala_witness_20260727\case_103_event_start_kaala_bala_accessibility.txt,status\evidence\jhora_kaala_witness_20260727\case_103_event_start_kaala_bala_locked.jpg
GANN_JHORA_KAALA_WITNESS_COMPARATOR_V1,case_103_event_start,SUN,masa,0.000000000,2.220000000,133.110000000,-0.010000000,Jagannatha Hora 8.0 locked visible Kaala Bala table; accessibility_sha256=D44C1EEBFA80E19B60BC5E15BF0C97D55D4C66DD97159B72B7DEE7C2CC3BEDF6; screenshot_sha256=903BF3A3A5B681EE8B54CD09B50B72CB3A53EA53E32334E579C6F1C9D431B3AF,status\evidence\jhora_kaala_witness_20260727\case_103_event_start_kaala_bala_accessibility.txt,status\evidence\jhora_kaala_witness_20260727\case_103_event_start_kaala_bala_locked.jpg
GANN_JHORA_KAALA_WITNESS_COMPARATOR_V1,case_103_event_start,SUN,vara,0.000000000,2.220000000,133.110000000,-0.010000000,Jagannatha Hora 8.0 locked visible Kaala Bala table; accessibility_sha256=D44C1EEBFA80E19B60BC5E15BF0C97D55D4C66DD97159B72B7DEE7C2CC3BEDF6; screenshot_sha256=903BF3A3A5B681EE8B54CD09B50B72CB3A53EA53E32334E579C6F1C9D431B3AF,status\evidence\jhora_kaala_witness_20260727\case_103_event_start_kaala_bala_accessibility.txt,status\evidence\jhora_kaala_witness_20260727\case_103_event_start_kaala_bala_locked.jpg
GANN_JHORA_KAALA_WITNESS_COMPARATOR_V1,case_103_event_start,SUN,hora,0.000000000,2.220000000,133.110000000,-0.010000000,Jagannatha Hora 8.0 locked visible Kaala Bala table; accessibility_sha256=D44C1EEBFA80E19B60BC5E15BF0C97D55D4C66DD97159B72B7DEE7C2CC3BEDF6; screenshot_sha256=903BF3A3A5B681EE8B54CD09B50B72CB3A53EA53E32334E579C6F1C9D431B3AF,status\evidence\jhora_kaala_witness_20260727\case_103_event_start_kaala_bala_accessibility.txt,status\evidence\jhora_kaala_witness_20260727\case_103_event_start_kaala_bala_locked.jpg
GANN_JHORA_KAALA_WITNESS_COMPARATOR_V1,case_103_event_start,SUN,ayana,108.540000000,2.220000000,133.110000000,-0.010000000,Jagannatha Hora 8.0 locked visible Kaala Bala table; accessibility_sha256=D44C1EEBFA80E19B60BC5E15BF0C97D55D4C66DD97159B72B7DEE7C2CC3BEDF6; screenshot_sha256=903BF3A3A5B681EE8B54CD09B50B72CB3A53EA53E32334E579C6F1C9D431B3AF,status\evidence\jhora_kaala_witness_20260727\case_103_event_start_kaala_bala_accessibility.txt,status\evidence\jhora_kaala_witness_20260727\case_103_event_start_kaala_bala_locked.jpg
GANN_JHORA_KAALA_WITNESS_COMPARATOR_V1,case_103_event_start,SUN,yuddha,0.000000000,2.220000000,133.110000000,-0.010000000,Jagannatha Hora 8.0 locked visible Kaala Bala table; accessibility_sha256=D44C1EEBFA80E19B60BC5E15BF0C97D55D4C66DD97159B72B7DEE7C2CC3BEDF6; screenshot_sha256=903BF3A3A5B681EE8B54CD09B50B72CB3A53EA53E32334E579C6F1C9D431B3AF,status\evidence\jhora_kaala_witness_20260727\case_103_event_start_kaala_bala_accessibility.txt,status\evidence\jhora_kaala_witness_20260727\case_103_event_start_kaala_bala_locked.jpg
GANN_JHORA_KAALA_WITNESS_COMPARATOR_V1,case_103_event_start,MOON,total,219.180000000,3.650000000,219.170000000,0.010000000,Jagannatha Hora 8.0 locked visible Kaala Bala table; accessibility_sha256=D44C1EEBFA80E19B60BC5E15BF0C97D55D4C66DD97159B72B7DEE7C2CC3BEDF6; screenshot_sha256=903BF3A3A5B681EE8B54CD09B50B72CB3A53EA53E32334E579C6F1C9D431B3AF,status\evidence\jhora_kaala_witness_20260727\case_103_event_start_kaala_bala_accessibility.txt,status\evidence\jhora_kaala_witness_20260727\case_103_event_start_kaala_bala_locked.jpg
GANN_JHORA_KAALA_WITNESS_COMPARATOR_V1,case_103_event_start,MOON,nathonnatha,46.610000000,3.650000000,219.170000000,0.010000000,Jagannatha Hora 8.0 locked visible Kaala Bala table; accessibility_sha256=D44C1EEBFA80E19B60BC5E15BF0C97D55D4C66DD97159B72B7DEE7C2CC3BEDF6; screenshot_sha256=903BF3A3A5B681EE8B54CD09B50B72CB3A53EA53E32334E579C6F1C9D431B3AF,status\evidence\jhora_kaala_witness_20260727\case_103_event_start_kaala_bala_accessibility.txt,status\evidence\jhora_kaala_witness_20260727\case_103_event_start_kaala_bala_locked.jpg
GANN_JHORA_KAALA_WITNESS_COMPARATOR_V1,case_103_event_start,MOON,paksha,97.640000000,3.650000000,219.170000000,0.010000000,Jagannatha Hora 8.0 locked visible Kaala Bala table; accessibility_sha256=D44C1EEBFA80E19B60BC5E15BF0C97D55D4C66DD97159B72B7DEE7C2CC3BEDF6; screenshot_sha256=903BF3A3A5B681EE8B54CD09B50B72CB3A53EA53E32334E579C6F1C9D431B3AF,status\evidence\jhora_kaala_witness_20260727\case_103_event_start_kaala_bala_accessibility.txt,status\evidence\jhora_kaala_witness_20260727\case_103_event_start_kaala_bala_locked.jpg
GANN_JHORA_KAALA_WITNESS_COMPARATOR_V1,case_103_event_start,MOON,tribhaga,0.000000000,3.650000000,219.170000000,0.010000000,Jagannatha Hora 8.0 locked visible Kaala Bala table; accessibility_sha256=D44C1EEBFA80E19B60BC5E15BF0C97D55D4C66DD97159B72B7DEE7C2CC3BEDF6; screenshot_sha256=903BF3A3A5B681EE8B54CD09B50B72CB3A53EA53E32334E579C6F1C9D431B3AF,status\evidence\jhora_kaala_witness_20260727\case_103_event_start_kaala_bala_accessibility.txt,status\evidence\jhora_kaala_witness_20260727\case_103_event_start_kaala_bala_locked.jpg
GANN_JHORA_KAALA_WITNESS_COMPARATOR_V1,case_103_event_start,MOON,abda,15.000000000,3.650000000,219.170000000,0.010000000,Jagannatha Hora 8.0 locked visible Kaala Bala table; accessibility_sha256=D44C1EEBFA80E19B60BC5E15BF0C97D55D4C66DD97159B72B7DEE7C2CC3BEDF6; screenshot_sha256=903BF3A3A5B681EE8B54CD09B50B72CB3A53EA53E32334E579C6F1C9D431B3AF,status\evidence\jhora_kaala_witness_20260727\case_103_event_start_kaala_bala_accessibility.txt,status\evidence\jhora_kaala_witness_20260727\case_103_event_start_kaala_bala_locked.jpg
GANN_JHORA_KAALA_WITNESS_COMPARATOR_V1,case_103_event_start,MOON,masa,0.000000000,3.650000000,219.170000000,0.010000000,Jagannatha Hora 8.0 locked visible Kaala Bala table; accessibility_sha256=D44C1EEBFA80E19B60BC5E15BF0C97D55D4C66DD97159B72B7DEE7C2CC3BEDF6; screenshot_sha256=903BF3A3A5B681EE8B54CD09B50B72CB3A53EA53E32334E579C6F1C9D431B3AF,status\evidence\jhora_kaala_witness_20260727\case_103_event_start_kaala_bala_accessibility.txt,status\evidence\jhora_kaala_witness_20260727\case_103_event_start_kaala_bala_locked.jpg
GANN_JHORA_KAALA_WITNESS_COMPARATOR_V1,case_103_event_start,MOON,vara,0.000000000,3.650000000,219.170000000,0.010000000,Jagannatha Hora 8.0 locked visible Kaala Bala table; accessibility_sha256=D44C1EEBFA80E19B60BC5E15BF0C97D55D4C66DD97159B72B7DEE7C2CC3BEDF6; screenshot_sha256=903BF3A3A5B681EE8B54CD09B50B72CB3A53EA53E32334E579C6F1C9D431B3AF,status\evidence\jhora_kaala_witness_20260727\case_103_event_start_kaala_bala_accessibility.txt,status\evidence\jhora_kaala_witness_20260727\case_103_event_start_kaala_bala_locked.jpg
GANN_JHORA_KAALA_WITNESS_COMPARATOR_V1,case_103_event_start,MOON,hora,0.000000000,3.650000000,219.170000000,0.010000000,Jagannatha Hora 8.0 locked visible Kaala Bala table; accessibility_sha256=D44C1EEBFA80E19B60BC5E15BF0C97D55D4C66DD97159B72B7DEE7C2CC3BEDF6; screenshot_sha256=903BF3A3A5B681EE8B54CD09B50B72CB3A53EA53E32334E579C6F1C9D431B3AF,status\evidence\jhora_kaala_witness_20260727\case_103_event_start_kaala_bala_accessibility.txt,status\evidence\jhora_kaala_witness_20260727\case_103_event_start_kaala_bala_locked.jpg
GANN_JHORA_KAALA_WITNESS_COMPARATOR_V1,case_103_event_start,MOON,ayana,59.920000000,3.650000000,219.170000000,0.010000000,Jagannatha Hora 8.0 locked visible Kaala Bala table; accessibility_sha256=D44C1EEBFA80E19B60BC5E15BF0C97D55D4C66DD97159B72B7DEE7C2CC3BEDF6; screenshot_sha256=903BF3A3A5B681EE8B54CD09B50B72CB3A53EA53E32334E579C6F1C9D431B3AF,status\evidence\jhora_kaala_witness_20260727\case_103_event_start_kaala_bala_accessibility.txt,status\evidence\jhora_kaala_witness_20260727\case_103_event_start_kaala_bala_locked.jpg
GANN_JHORA_KAALA_WITNESS_COMPARATOR_V1,case_103_event_start,MOON,yuddha,0.000000000,3.650000000,219.170000000,0.010000000,Jagannatha Hora 8.0 locked visible Kaala Bala table; accessibility_sha256=D44C1EEBFA80E19B60BC5E15BF0C97D55D4C66DD97159B72B7DEE7C2CC3BEDF6; screenshot_sha256=903BF3A3A5B681EE8B54CD09B50B72CB3A53EA53E32334E579C6F1C9D431B3AF,status\evidence\jhora_kaala_witness_20260727\case_103_event_start_kaala_bala_accessibility.txt,status\evidence\jhora_kaala_witness_20260727\case_103_event_start_kaala_bala_locked.jpg
GANN_JHORA_KAALA_WITNESS_COMPARATOR_V1,case_103_event_start,MARS,total,199.360000000,3.320000000,199.360000000,0.000000000,Jagannatha Hora 8.0 locked visible Kaala Bala table; accessibility_sha256=D44C1EEBFA80E19B60BC5E15BF0C97D55D4C66DD97159B72B7DEE7C2CC3BEDF6; screenshot_sha256=903BF3A3A5B681EE8B54CD09B50B72CB3A53EA53E32334E579C6F1C9D431B3AF,status\evidence\jhora_kaala_witness_20260727\case_103_event_start_kaala_bala_accessibility.txt,status\evidence\jhora_kaala_witness_20260727\case_103_event_start_kaala_bala_locked.jpg
GANN_JHORA_KAALA_WITNESS_COMPARATOR_V1,case_103_event_start,MARS,nathonnatha,46.610000000,3.320000000,199.360000000,0.000000000,Jagannatha Hora 8.0 locked visible Kaala Bala table; accessibility_sha256=D44C1EEBFA80E19B60BC5E15BF0C97D55D4C66DD97159B72B7DEE7C2CC3BEDF6; screenshot_sha256=903BF3A3A5B681EE8B54CD09B50B72CB3A53EA53E32334E579C6F1C9D431B3AF,status\evidence\jhora_kaala_witness_20260727\case_103_event_start_kaala_bala_accessibility.txt,status\evidence\jhora_kaala_witness_20260727\case_103_event_start_kaala_bala_locked.jpg
GANN_JHORA_KAALA_WITNESS_COMPARATOR_V1,case_103_event_start,MARS,paksha,11.180000000,3.320000000,199.360000000,0.000000000,Jagannatha Hora 8.0 locked visible Kaala Bala table; accessibility_sha256=D44C1EEBFA80E19B60BC5E15BF0C97D55D4C66DD97159B72B7DEE7C2CC3BEDF6; screenshot_sha256=903BF3A3A5B681EE8B54CD09B50B72CB3A53EA53E32334E579C6F1C9D431B3AF,status\evidence\jhora_kaala_witness_20260727\case_103_event_start_kaala_bala_accessibility.txt,status\evidence\jhora_kaala_witness_20260727\case_103_event_start_kaala_bala_locked.jpg
GANN_JHORA_KAALA_WITNESS_COMPARATOR_V1,case_103_event_start,MARS,tribhaga,60.000000000,3.320000000,199.360000000,0.000000000,Jagannatha Hora 8.0 locked visible Kaala Bala table; accessibility_sha256=D44C1EEBFA80E19B60BC5E15BF0C97D55D4C66DD97159B72B7DEE7C2CC3BEDF6; screenshot_sha256=903BF3A3A5B681EE8B54CD09B50B72CB3A53EA53E32334E579C6F1C9D431B3AF,status\evidence\jhora_kaala_witness_20260727\case_103_event_start_kaala_bala_accessibility.txt,status\evidence\jhora_kaala_witness_20260727\case_103_event_start_kaala_bala_locked.jpg
GANN_JHORA_KAALA_WITNESS_COMPARATOR_V1,case_103_event_start,MARS,abda,0.000000000,3.320000000,199.360000000,0.000000000,Jagannatha Hora 8.0 locked visible Kaala Bala table; accessibility_sha256=D44C1EEBFA80E19B60BC5E15BF0C97D55D4C66DD97159B72B7DEE7C2CC3BEDF6; screenshot_sha256=903BF3A3A5B681EE8B54CD09B50B72CB3A53EA53E32334E579C6F1C9D431B3AF,status\evidence\jhora_kaala_witness_20260727\case_103_event_start_kaala_bala_accessibility.txt,status\evidence\jhora_kaala_witness_20260727\case_103_event_start_kaala_bala_locked.jpg
GANN_JHORA_KAALA_WITNESS_COMPARATOR_V1,case_103_event_start,MARS,masa,30.000000000,3.320000000,199.360000000,0.000000000,Jagannatha Hora 8.0 locked visible Kaala Bala table; accessibility_sha256=D44C1EEBFA80E19B60BC5E15BF0C97D55D4C66DD97159B72B7DEE7C2CC3BEDF6; screenshot_sha256=903BF3A3A5B681EE8B54CD09B50B72CB3A53EA53E32334E579C6F1C9D431B3AF,status\evidence\jhora_kaala_witness_20260727\case_103_event_start_kaala_bala_accessibility.txt,status\evidence\jhora_kaala_witness_20260727\case_103_event_start_kaala_bala_locked.jpg
GANN_JHORA_KAALA_WITNESS_COMPARATOR_V1,case_103_event_start,MARS,vara,0.000000000,3.320000000,199.360000000,0.000000000,Jagannatha Hora 8.0 locked visible Kaala Bala table; accessibility_sha256=D44C1EEBFA80E19B60BC5E15BF0C97D55D4C66DD97159B72B7DEE7C2CC3BEDF6; screenshot_sha256=903BF3A3A5B681EE8B54CD09B50B72CB3A53EA53E32334E579C6F1C9D431B3AF,status\evidence\jhora_kaala_witness_20260727\case_103_event_start_kaala_bala_accessibility.txt,status\evidence\jhora_kaala_witness_20260727\case_103_event_start_kaala_bala_locked.jpg
GANN_JHORA_KAALA_WITNESS_COMPARATOR_V1,case_103_event_start,MARS,hora,0.000000000,3.320000000,199.360000000,0.000000000,Jagannatha Hora 8.0 locked visible Kaala Bala table; accessibility_sha256=D44C1EEBFA80E19B60BC5E15BF0C97D55D4C66DD97159B72B7DEE7C2CC3BEDF6; screenshot_sha256=903BF3A3A5B681EE8B54CD09B50B72CB3A53EA53E32334E579C6F1C9D431B3AF,status\evidence\jhora_kaala_witness_20260727\case_103_event_start_kaala_bala_accessibility.txt,status\evidence\jhora_kaala_witness_20260727\case_103_event_start_kaala_bala_locked.jpg
GANN_JHORA_KAALA_WITNESS_COMPARATOR_V1,case_103_event_start,MARS,ayana,51.570000000,3.320000000,199.360000000,0.000000000,Jagannatha Hora 8.0 locked visible Kaala Bala table; accessibility_sha256=D44C1EEBFA80E19B60BC5E15BF0C97D55D4C66DD97159B72B7DEE7C2CC3BEDF6; screenshot_sha256=903BF3A3A5B681EE8B54CD09B50B72CB3A53EA53E32334E579C6F1C9D431B3AF,status\evidence\jhora_kaala_witness_20260727\case_103_event_start_kaala_bala_accessibility.txt,status\evidence\jhora_kaala_witness_20260727\case_103_event_start_kaala_bala_locked.jpg
GANN_JHORA_KAALA_WITNESS_COMPARATOR_V1,case_103_event_start,MARS,yuddha,0.000000000,3.320000000,199.360000000,0.000000000,Jagannatha Hora 8.0 locked visible Kaala Bala table; accessibility_sha256=D44C1EEBFA80E19B60BC5E15BF0C97D55D4C66DD97159B72B7DEE7C2CC3BEDF6; screenshot_sha256=903BF3A3A5B681EE8B54CD09B50B72CB3A53EA53E32334E579C6F1C9D431B3AF,status\evidence\jhora_kaala_witness_20260727\case_103_event_start_kaala_bala_accessibility.txt,status\evidence\jhora_kaala_witness_20260727\case_103_event_start_kaala_bala_locked.jpg
GANN_JHORA_KAALA_WITNESS_COMPARATOR_V1,case_103_event_start,MERCURY,total,157.390000000,2.620000000,157.390000000,0.000000000,Jagannatha Hora 8.0 locked visible Kaala Bala table; accessibility_sha256=D44C1EEBFA80E19B60BC5E15BF0C97D55D4C66DD97159B72B7DEE7C2CC3BEDF6; screenshot_sha256=903BF3A3A5B681EE8B54CD09B50B72CB3A53EA53E32334E579C6F1C9D431B3AF,status\evidence\jhora_kaala_witness_20260727\case_103_event_start_kaala_bala_accessibility.txt,status\evidence\jhora_kaala_witness_20260727\case_103_event_start_kaala_bala_locked.jpg
GANN_JHORA_KAALA_WITNESS_COMPARATOR_V1,case_103_event_start,MERCURY,nathonnatha,60.000000000,2.620000000,157.390000000,0.000000000,Jagannatha Hora 8.0 locked visible Kaala Bala table; accessibility_sha256=D44C1EEBFA80E19B60BC5E15BF0C97D55D4C66DD97159B72B7DEE7C2CC3BEDF6; screenshot_sha256=903BF3A3A5B681EE8B54CD09B50B72CB3A53EA53E32334E579C6F1C9D431B3AF,status\evidence\jhora_kaala_witness_20260727\case_103_event_start_kaala_bala_accessibility.txt,status\evidence\jhora_kaala_witness_20260727\case_103_event_start_kaala_bala_locked.jpg
GANN_JHORA_KAALA_WITNESS_COMPARATOR_V1,case_103_event_start,MERCURY,paksha,48.820000000,2.620000000,157.390000000,0.000000000,Jagannatha Hora 8.0 locked visible Kaala Bala table; accessibility_sha256=D44C1EEBFA80E19B60BC5E15BF0C97D55D4C66DD97159B72B7DEE7C2CC3BEDF6; screenshot_sha256=903BF3A3A5B681EE8B54CD09B50B72CB3A53EA53E32334E579C6F1C9D431B3AF,status\evidence\jhora_kaala_witness_20260727\case_103_event_start_kaala_bala_accessibility.txt,status\evidence\jhora_kaala_witness_20260727\case_103_event_start_kaala_bala_locked.jpg
GANN_JHORA_KAALA_WITNESS_COMPARATOR_V1,case_103_event_start,MERCURY,tribhaga,0.000000000,2.620000000,157.390000000,0.000000000,Jagannatha Hora 8.0 locked visible Kaala Bala table; accessibility_sha256=D44C1EEBFA80E19B60BC5E15BF0C97D55D4C66DD97159B72B7DEE7C2CC3BEDF6; screenshot_sha256=903BF3A3A5B681EE8B54CD09B50B72CB3A53EA53E32334E579C6F1C9D431B3AF,status\evidence\jhora_kaala_witness_20260727\case_103_event_start_kaala_bala_accessibility.txt,status\evidence\jhora_kaala_witness_20260727\case_103_event_start_kaala_bala_locked.jpg
GANN_JHORA_KAALA_WITNESS_COMPARATOR_V1,case_103_event_start,MERCURY,abda,0.000000000,2.620000000,157.390000000,0.000000000,Jagannatha Hora 8.0 locked visible Kaala Bala table; accessibility_sha256=D44C1EEBFA80E19B60BC5E15BF0C97D55D4C66DD97159B72B7DEE7C2CC3BEDF6; screenshot_sha256=903BF3A3A5B681EE8B54CD09B50B72CB3A53EA53E32334E579C6F1C9D431B3AF,status\evidence\jhora_kaala_witness_20260727\case_103_event_start_kaala_bala_accessibility.txt,status\evidence\jhora_kaala_witness_20260727\case_103_event_start_kaala_bala_locked.jpg
GANN_JHORA_KAALA_WITNESS_COMPARATOR_V1,case_103_event_start,MERCURY,masa,0.000000000,2.620000000,157.390000000,0.000000000,Jagannatha Hora 8.0 locked visible Kaala Bala table; accessibility_sha256=D44C1EEBFA80E19B60BC5E15BF0C97D55D4C66DD97159B72B7DEE7C2CC3BEDF6; screenshot_sha256=903BF3A3A5B681EE8B54CD09B50B72CB3A53EA53E32334E579C6F1C9D431B3AF,status\evidence\jhora_kaala_witness_20260727\case_103_event_start_kaala_bala_accessibility.txt,status\evidence\jhora_kaala_witness_20260727\case_103_event_start_kaala_bala_locked.jpg
GANN_JHORA_KAALA_WITNESS_COMPARATOR_V1,case_103_event_start,MERCURY,vara,0.000000000,2.620000000,157.390000000,0.000000000,Jagannatha Hora 8.0 locked visible Kaala Bala table; accessibility_sha256=D44C1EEBFA80E19B60BC5E15BF0C97D55D4C66DD97159B72B7DEE7C2CC3BEDF6; screenshot_sha256=903BF3A3A5B681EE8B54CD09B50B72CB3A53EA53E32334E579C6F1C9D431B3AF,status\evidence\jhora_kaala_witness_20260727\case_103_event_start_kaala_bala_accessibility.txt,status\evidence\jhora_kaala_witness_20260727\case_103_event_start_kaala_bala_locked.jpg
GANN_JHORA_KAALA_WITNESS_COMPARATOR_V1,case_103_event_start,MERCURY,hora,0.000000000,2.620000000,157.390000000,0.000000000,Jagannatha Hora 8.0 locked visible Kaala Bala table; accessibility_sha256=D44C1EEBFA80E19B60BC5E15BF0C97D55D4C66DD97159B72B7DEE7C2CC3BEDF6; screenshot_sha256=903BF3A3A5B681EE8B54CD09B50B72CB3A53EA53E32334E579C6F1C9D431B3AF,status\evidence\jhora_kaala_witness_20260727\case_103_event_start_kaala_bala_accessibility.txt,status\evidence\jhora_kaala_witness_20260727\case_103_event_start_kaala_bala_locked.jpg
GANN_JHORA_KAALA_WITNESS_COMPARATOR_V1,case_103_event_start,MERCURY,ayana,48.570000000,2.620000000,157.390000000,0.000000000,Jagannatha Hora 8.0 locked visible Kaala Bala table; accessibility_sha256=D44C1EEBFA80E19B60BC5E15BF0C97D55D4C66DD97159B72B7DEE7C2CC3BEDF6; screenshot_sha256=903BF3A3A5B681EE8B54CD09B50B72CB3A53EA53E32334E579C6F1C9D431B3AF,status\evidence\jhora_kaala_witness_20260727\case_103_event_start_kaala_bala_accessibility.txt,status\evidence\jhora_kaala_witness_20260727\case_103_event_start_kaala_bala_locked.jpg
GANN_JHORA_KAALA_WITNESS_COMPARATOR_V1,case_103_event_start,MERCURY,yuddha,0.000000000,2.620000000,157.390000000,0.000000000,Jagannatha Hora 8.0 locked visible Kaala Bala table; accessibility_sha256=D44C1EEBFA80E19B60BC5E15BF0C97D55D4C66DD97159B72B7DEE7C2CC3BEDF6; screenshot_sha256=903BF3A3A5B681EE8B54CD09B50B72CB3A53EA53E32334E579C6F1C9D431B3AF,status\evidence\jhora_kaala_witness_20260727\case_103_event_start_kaala_bala_accessibility.txt,status\evidence\jhora_kaala_witness_20260727\case_103_event_start_kaala_bala_locked.jpg
GANN_JHORA_KAALA_WITNESS_COMPARATOR_V1,case_103_event_start,JUPITER,total,286.820000000,4.780000000,286.820000000,0.000000000,Jagannatha Hora 8.0 locked visible Kaala Bala table; accessibility_sha256=D44C1EEBFA80E19B60BC5E15BF0C97D55D4C66DD97159B72B7DEE7C2CC3BEDF6; screenshot_sha256=903BF3A3A5B681EE8B54CD09B50B72CB3A53EA53E32334E579C6F1C9D431B3AF,status\evidence\jhora_kaala_witness_20260727\case_103_event_start_kaala_bala_accessibility.txt,status\evidence\jhora_kaala_witness_20260727\case_103_event_start_kaala_bala_locked.jpg
GANN_JHORA_KAALA_WITNESS_COMPARATOR_V1,case_103_event_start,JUPITER,nathonnatha,13.390000000,4.780000000,286.820000000,0.000000000,Jagannatha Hora 8.0 locked visible Kaala Bala table; accessibility_sha256=D44C1EEBFA80E19B60BC5E15BF0C97D55D4C66DD97159B72B7DEE7C2CC3BEDF6; screenshot_sha256=903BF3A3A5B681EE8B54CD09B50B72CB3A53EA53E32334E579C6F1C9D431B3AF,status\evidence\jhora_kaala_witness_20260727\case_103_event_start_kaala_bala_accessibility.txt,status\evidence\jhora_kaala_witness_20260727\case_103_event_start_kaala_bala_locked.jpg
GANN_JHORA_KAALA_WITNESS_COMPARATOR_V1,case_103_event_start,JUPITER,paksha,48.820000000,4.780000000,286.820000000,0.000000000,Jagannatha Hora 8.0 locked visible Kaala Bala table; accessibility_sha256=D44C1EEBFA80E19B60BC5E15BF0C97D55D4C66DD97159B72B7DEE7C2CC3BEDF6; screenshot_sha256=903BF3A3A5B681EE8B54CD09B50B72CB3A53EA53E32334E579C6F1C9D431B3AF,status\evidence\jhora_kaala_witness_20260727\case_103_event_start_kaala_bala_accessibility.txt,status\evidence\jhora_kaala_witness_20260727\case_103_event_start_kaala_bala_locked.jpg
GANN_JHORA_KAALA_WITNESS_COMPARATOR_V1,case_103_event_start,JUPITER,tribhaga,60.000000000,4.780000000,286.820000000,0.000000000,Jagannatha Hora 8.0 locked visible Kaala Bala table; accessibility_sha256=D44C1EEBFA80E19B60BC5E15BF0C97D55D4C66DD97159B72B7DEE7C2CC3BEDF6; screenshot_sha256=903BF3A3A5B681EE8B54CD09B50B72CB3A53EA53E32334E579C6F1C9D431B3AF,status\evidence\jhora_kaala_witness_20260727\case_103_event_start_kaala_bala_accessibility.txt,status\evidence\jhora_kaala_witness_20260727\case_103_event_start_kaala_bala_locked.jpg
GANN_JHORA_KAALA_WITNESS_COMPARATOR_V1,case_103_event_start,JUPITER,abda,0.000000000,4.780000000,286.820000000,0.000000000,Jagannatha Hora 8.0 locked visible Kaala Bala table; accessibility_sha256=D44C1EEBFA80E19B60BC5E15BF0C97D55D4C66DD97159B72B7DEE7C2CC3BEDF6; screenshot_sha256=903BF3A3A5B681EE8B54CD09B50B72CB3A53EA53E32334E579C6F1C9D431B3AF,status\evidence\jhora_kaala_witness_20260727\case_103_event_start_kaala_bala_accessibility.txt,status\evidence\jhora_kaala_witness_20260727\case_103_event_start_kaala_bala_locked.jpg
GANN_JHORA_KAALA_WITNESS_COMPARATOR_V1,case_103_event_start,JUPITER,masa,0.000000000,4.780000000,286.820000000,0.000000000,Jagannatha Hora 8.0 locked visible Kaala Bala table; accessibility_sha256=D44C1EEBFA80E19B60BC5E15BF0C97D55D4C66DD97159B72B7DEE7C2CC3BEDF6; screenshot_sha256=903BF3A3A5B681EE8B54CD09B50B72CB3A53EA53E32334E579C6F1C9D431B3AF,status\evidence\jhora_kaala_witness_20260727\case_103_event_start_kaala_bala_accessibility.txt,status\evidence\jhora_kaala_witness_20260727\case_103_event_start_kaala_bala_locked.jpg
GANN_JHORA_KAALA_WITNESS_COMPARATOR_V1,case_103_event_start,JUPITER,vara,45.000000000,4.780000000,286.820000000,0.000000000,Jagannatha Hora 8.0 locked visible Kaala Bala table; accessibility_sha256=D44C1EEBFA80E19B60BC5E15BF0C97D55D4C66DD97159B72B7DEE7C2CC3BEDF6; screenshot_sha256=903BF3A3A5B681EE8B54CD09B50B72CB3A53EA53E32334E579C6F1C9D431B3AF,status\evidence\jhora_kaala_witness_20260727\case_103_event_start_kaala_bala_accessibility.txt,status\evidence\jhora_kaala_witness_20260727\case_103_event_start_kaala_bala_locked.jpg
GANN_JHORA_KAALA_WITNESS_COMPARATOR_V1,case_103_event_start,JUPITER,hora,60.000000000,4.780000000,286.820000000,0.000000000,Jagannatha Hora 8.0 locked visible Kaala Bala table; accessibility_sha256=D44C1EEBFA80E19B60BC5E15BF0C97D55D4C66DD97159B72B7DEE7C2CC3BEDF6; screenshot_sha256=903BF3A3A5B681EE8B54CD09B50B72CB3A53EA53E32334E579C6F1C9D431B3AF,status\evidence\jhora_kaala_witness_20260727\case_103_event_start_kaala_bala_accessibility.txt,status\evidence\jhora_kaala_witness_20260727\case_103_event_start_kaala_bala_locked.jpg
GANN_JHORA_KAALA_WITNESS_COMPARATOR_V1,case_103_event_start,JUPITER,ayana,59.610000000,4.780000000,286.820000000,0.000000000,Jagannatha Hora 8.0 locked visible Kaala Bala table; accessibility_sha256=D44C1EEBFA80E19B60BC5E15BF0C97D55D4C66DD97159B72B7DEE7C2CC3BEDF6; screenshot_sha256=903BF3A3A5B681EE8B54CD09B50B72CB3A53EA53E32334E579C6F1C9D431B3AF,status\evidence\jhora_kaala_witness_20260727\case_103_event_start_kaala_bala_accessibility.txt,status\evidence\jhora_kaala_witness_20260727\case_103_event_start_kaala_bala_locked.jpg
GANN_JHORA_KAALA_WITNESS_COMPARATOR_V1,case_103_event_start,JUPITER,yuddha,0.000000000,4.780000000,286.820000000,0.000000000,Jagannatha Hora 8.0 locked visible Kaala Bala table; accessibility_sha256=D44C1EEBFA80E19B60BC5E15BF0C97D55D4C66DD97159B72B7DEE7C2CC3BEDF6; screenshot_sha256=903BF3A3A5B681EE8B54CD09B50B72CB3A53EA53E32334E579C6F1C9D431B3AF,status\evidence\jhora_kaala_witness_20260727\case_103_event_start_kaala_bala_accessibility.txt,status\evidence\jhora_kaala_witness_20260727\case_103_event_start_kaala_bala_locked.jpg
GANN_JHORA_KAALA_WITNESS_COMPARATOR_V1,case_103_event_start,VENUS,total,97.560000000,1.630000000,97.560000000,0.000000000,Jagannatha Hora 8.0 locked visible Kaala Bala table; accessibility_sha256=D44C1EEBFA80E19B60BC5E15BF0C97D55D4C66DD97159B72B7DEE7C2CC3BEDF6; screenshot_sha256=903BF3A3A5B681EE8B54CD09B50B72CB3A53EA53E32334E579C6F1C9D431B3AF,status\evidence\jhora_kaala_witness_20260727\case_103_event_start_kaala_bala_accessibility.txt,status\evidence\jhora_kaala_witness_20260727\case_103_event_start_kaala_bala_locked.jpg
GANN_JHORA_KAALA_WITNESS_COMPARATOR_V1,case_103_event_start,VENUS,nathonnatha,13.390000000,1.630000000,97.560000000,0.000000000,Jagannatha Hora 8.0 locked visible Kaala Bala table; accessibility_sha256=D44C1EEBFA80E19B60BC5E15BF0C97D55D4C66DD97159B72B7DEE7C2CC3BEDF6; screenshot_sha256=903BF3A3A5B681EE8B54CD09B50B72CB3A53EA53E32334E579C6F1C9D431B3AF,status\evidence\jhora_kaala_witness_20260727\case_103_event_start_kaala_bala_accessibility.txt,status\evidence\jhora_kaala_witness_20260727\case_103_event_start_kaala_bala_locked.jpg
GANN_JHORA_KAALA_WITNESS_COMPARATOR_V1,case_103_event_start,VENUS,paksha,48.820000000,1.630000000,97.560000000,0.000000000,Jagannatha Hora 8.0 locked visible Kaala Bala table; accessibility_sha256=D44C1EEBFA80E19B60BC5E15BF0C97D55D4C66DD97159B72B7DEE7C2CC3BEDF6; screenshot_sha256=903BF3A3A5B681EE8B54CD09B50B72CB3A53EA53E32334E579C6F1C9D431B3AF,status\evidence\jhora_kaala_witness_20260727\case_103_event_start_kaala_bala_accessibility.txt,status\evidence\jhora_kaala_witness_20260727\case_103_event_start_kaala_bala_locked.jpg
GANN_JHORA_KAALA_WITNESS_COMPARATOR_V1,case_103_event_start,VENUS,tribhaga,0.000000000,1.630000000,97.560000000,0.000000000,Jagannatha Hora 8.0 locked visible Kaala Bala table; accessibility_sha256=D44C1EEBFA80E19B60BC5E15BF0C97D55D4C66DD97159B72B7DEE7C2CC3BEDF6; screenshot_sha256=903BF3A3A5B681EE8B54CD09B50B72CB3A53EA53E32334E579C6F1C9D431B3AF,status\evidence\jhora_kaala_witness_20260727\case_103_event_start_kaala_bala_accessibility.txt,status\evidence\jhora_kaala_witness_20260727\case_103_event_start_kaala_bala_locked.jpg
GANN_JHORA_KAALA_WITNESS_COMPARATOR_V1,case_103_event_start,VENUS,abda,0.000000000,1.630000000,97.560000000,0.000000000,Jagannatha Hora 8.0 locked visible Kaala Bala table; accessibility_sha256=D44C1EEBFA80E19B60BC5E15BF0C97D55D4C66DD97159B72B7DEE7C2CC3BEDF6; screenshot_sha256=903BF3A3A5B681EE8B54CD09B50B72CB3A53EA53E32334E579C6F1C9D431B3AF,status\evidence\jhora_kaala_witness_20260727\case_103_event_start_kaala_bala_accessibility.txt,status\evidence\jhora_kaala_witness_20260727\case_103_event_start_kaala_bala_locked.jpg
GANN_JHORA_KAALA_WITNESS_COMPARATOR_V1,case_103_event_start,VENUS,masa,0.000000000,1.630000000,97.560000000,0.000000000,Jagannatha Hora 8.0 locked visible Kaala Bala table; accessibility_sha256=D44C1EEBFA80E19B60BC5E15BF0C97D55D4C66DD97159B72B7DEE7C2CC3BEDF6; screenshot_sha256=903BF3A3A5B681EE8B54CD09B50B72CB3A53EA53E32334E579C6F1C9D431B3AF,status\evidence\jhora_kaala_witness_20260727\case_103_event_start_kaala_bala_accessibility.txt,status\evidence\jhora_kaala_witness_20260727\case_103_event_start_kaala_bala_locked.jpg
GANN_JHORA_KAALA_WITNESS_COMPARATOR_V1,case_103_event_start,VENUS,vara,0.000000000,1.630000000,97.560000000,0.000000000,Jagannatha Hora 8.0 locked visible Kaala Bala table; accessibility_sha256=D44C1EEBFA80E19B60BC5E15BF0C97D55D4C66DD97159B72B7DEE7C2CC3BEDF6; screenshot_sha256=903BF3A3A5B681EE8B54CD09B50B72CB3A53EA53E32334E579C6F1C9D431B3AF,status\evidence\jhora_kaala_witness_20260727\case_103_event_start_kaala_bala_accessibility.txt,status\evidence\jhora_kaala_witness_20260727\case_103_event_start_kaala_bala_locked.jpg
GANN_JHORA_KAALA_WITNESS_COMPARATOR_V1,case_103_event_start,VENUS,hora,0.000000000,1.630000000,97.560000000,0.000000000,Jagannatha Hora 8.0 locked visible Kaala Bala table; accessibility_sha256=D44C1EEBFA80E19B60BC5E15BF0C97D55D4C66DD97159B72B7DEE7C2CC3BEDF6; screenshot_sha256=903BF3A3A5B681EE8B54CD09B50B72CB3A53EA53E32334E579C6F1C9D431B3AF,status\evidence\jhora_kaala_witness_20260727\case_103_event_start_kaala_bala_accessibility.txt,status\evidence\jhora_kaala_witness_20260727\case_103_event_start_kaala_bala_locked.jpg
GANN_JHORA_KAALA_WITNESS_COMPARATOR_V1,case_103_event_start,VENUS,ayana,35.350000000,1.630000000,97.560000000,0.000000000,Jagannatha Hora 8.0 locked visible Kaala Bala table; accessibility_sha256=D44C1EEBFA80E19B60BC5E15BF0C97D55D4C66DD97159B72B7DEE7C2CC3BEDF6; screenshot_sha256=903BF3A3A5B681EE8B54CD09B50B72CB3A53EA53E32334E579C6F1C9D431B3AF,status\evidence\jhora_kaala_witness_20260727\case_103_event_start_kaala_bala_accessibility.txt,status\evidence\jhora_kaala_witness_20260727\case_103_event_start_kaala_bala_locked.jpg
GANN_JHORA_KAALA_WITNESS_COMPARATOR_V1,case_103_event_start,VENUS,yuddha,0.000000000,1.630000000,97.560000000,0.000000000,Jagannatha Hora 8.0 locked visible Kaala Bala table; accessibility_sha256=D44C1EEBFA80E19B60BC5E15BF0C97D55D4C66DD97159B72B7DEE7C2CC3BEDF6; screenshot_sha256=903BF3A3A5B681EE8B54CD09B50B72CB3A53EA53E32334E579C6F1C9D431B3AF,status\evidence\jhora_kaala_witness_20260727\case_103_event_start_kaala_bala_accessibility.txt,status\evidence\jhora_kaala_witness_20260727\case_103_event_start_kaala_bala_locked.jpg
GANN_JHORA_KAALA_WITNESS_COMPARATOR_V1,case_103_event_start,SATURN,total,88.060000000,1.470000000,88.060000000,0.000000000,Jagannatha Hora 8.0 locked visible Kaala Bala table; accessibility_sha256=D44C1EEBFA80E19B60BC5E15BF0C97D55D4C66DD97159B72B7DEE7C2CC3BEDF6; screenshot_sha256=903BF3A3A5B681EE8B54CD09B50B72CB3A53EA53E32334E579C6F1C9D431B3AF,status\evidence\jhora_kaala_witness_20260727\case_103_event_start_kaala_bala_accessibility.txt,status\evidence\jhora_kaala_witness_20260727\case_103_event_start_kaala_bala_locked.jpg
GANN_JHORA_KAALA_WITNESS_COMPARATOR_V1,case_103_event_start,SATURN,nathonnatha,46.610000000,1.470000000,88.060000000,0.000000000,Jagannatha Hora 8.0 locked visible Kaala Bala table; accessibility_sha256=D44C1EEBFA80E19B60BC5E15BF0C97D55D4C66DD97159B72B7DEE7C2CC3BEDF6; screenshot_sha256=903BF3A3A5B681EE8B54CD09B50B72CB3A53EA53E32334E579C6F1C9D431B3AF,status\evidence\jhora_kaala_witness_20260727\case_103_event_start_kaala_bala_accessibility.txt,status\evidence\jhora_kaala_witness_20260727\case_103_event_start_kaala_bala_locked.jpg
GANN_JHORA_KAALA_WITNESS_COMPARATOR_V1,case_103_event_start,SATURN,paksha,11.180000000,1.470000000,88.060000000,0.000000000,Jagannatha Hora 8.0 locked visible Kaala Bala table; accessibility_sha256=D44C1EEBFA80E19B60BC5E15BF0C97D55D4C66DD97159B72B7DEE7C2CC3BEDF6; screenshot_sha256=903BF3A3A5B681EE8B54CD09B50B72CB3A53EA53E32334E579C6F1C9D431B3AF,status\evidence\jhora_kaala_witness_20260727\case_103_event_start_kaala_bala_accessibility.txt,status\evidence\jhora_kaala_witness_20260727\case_103_event_start_kaala_bala_locked.jpg
GANN_JHORA_KAALA_WITNESS_COMPARATOR_V1,case_103_event_start,SATURN,tribhaga,0.000000000,1.470000000,88.060000000,0.000000000,Jagannatha Hora 8.0 locked visible Kaala Bala table; accessibility_sha256=D44C1EEBFA80E19B60BC5E15BF0C97D55D4C66DD97159B72B7DEE7C2CC3BEDF6; screenshot_sha256=903BF3A3A5B681EE8B54CD09B50B72CB3A53EA53E32334E579C6F1C9D431B3AF,status\evidence\jhora_kaala_witness_20260727\case_103_event_start_kaala_bala_accessibility.txt,status\evidence\jhora_kaala_witness_20260727\case_103_event_start_kaala_bala_locked.jpg
GANN_JHORA_KAALA_WITNESS_COMPARATOR_V1,case_103_event_start,SATURN,abda,0.000000000,1.470000000,88.060000000,0.000000000,Jagannatha Hora 8.0 locked visible Kaala Bala table; accessibility_sha256=D44C1EEBFA80E19B60BC5E15BF0C97D55D4C66DD97159B72B7DEE7C2CC3BEDF6; screenshot_sha256=903BF3A3A5B681EE8B54CD09B50B72CB3A53EA53E32334E579C6F1C9D431B3AF,status\evidence\jhora_kaala_witness_20260727\case_103_event_start_kaala_bala_accessibility.txt,status\evidence\jhora_kaala_witness_20260727\case_103_event_start_kaala_bala_locked.jpg
GANN_JHORA_KAALA_WITNESS_COMPARATOR_V1,case_103_event_start,SATURN,masa,0.000000000,1.470000000,88.060000000,0.000000000,Jagannatha Hora 8.0 locked visible Kaala Bala table; accessibility_sha256=D44C1EEBFA80E19B60BC5E15BF0C97D55D4C66DD97159B72B7DEE7C2CC3BEDF6; screenshot_sha256=903BF3A3A5B681EE8B54CD09B50B72CB3A53EA53E32334E579C6F1C9D431B3AF,status\evidence\jhora_kaala_witness_20260727\case_103_event_start_kaala_bala_accessibility.txt,status\evidence\jhora_kaala_witness_20260727\case_103_event_start_kaala_bala_locked.jpg
GANN_JHORA_KAALA_WITNESS_COMPARATOR_V1,case_103_event_start,SATURN,vara,0.000000000,1.470000000,88.060000000,0.000000000,Jagannatha Hora 8.0 locked visible Kaala Bala table; accessibility_sha256=D44C1EEBFA80E19B60BC5E15BF0C97D55D4C66DD97159B72B7DEE7C2CC3BEDF6; screenshot_sha256=903BF3A3A5B681EE8B54CD09B50B72CB3A53EA53E32334E579C6F1C9D431B3AF,status\evidence\jhora_kaala_witness_20260727\case_103_event_start_kaala_bala_accessibility.txt,status\evidence\jhora_kaala_witness_20260727\case_103_event_start_kaala_bala_locked.jpg
GANN_JHORA_KAALA_WITNESS_COMPARATOR_V1,case_103_event_start,SATURN,hora,0.000000000,1.470000000,88.060000000,0.000000000,Jagannatha Hora 8.0 locked visible Kaala Bala table; accessibility_sha256=D44C1EEBFA80E19B60BC5E15BF0C97D55D4C66DD97159B72B7DEE7C2CC3BEDF6; screenshot_sha256=903BF3A3A5B681EE8B54CD09B50B72CB3A53EA53E32334E579C6F1C9D431B3AF,status\evidence\jhora_kaala_witness_20260727\case_103_event_start_kaala_bala_accessibility.txt,status\evidence\jhora_kaala_witness_20260727\case_103_event_start_kaala_bala_locked.jpg
GANN_JHORA_KAALA_WITNESS_COMPARATOR_V1,case_103_event_start,SATURN,ayana,30.270000000,1.470000000,88.060000000,0.000000000,Jagannatha Hora 8.0 locked visible Kaala Bala table; accessibility_sha256=D44C1EEBFA80E19B60BC5E15BF0C97D55D4C66DD97159B72B7DEE7C2CC3BEDF6; screenshot_sha256=903BF3A3A5B681EE8B54CD09B50B72CB3A53EA53E32334E579C6F1C9D431B3AF,status\evidence\jhora_kaala_witness_20260727\case_103_event_start_kaala_bala_accessibility.txt,status\evidence\jhora_kaala_witness_20260727\case_103_event_start_kaala_bala_locked.jpg
GANN_JHORA_KAALA_WITNESS_COMPARATOR_V1,case_103_event_start,SATURN,yuddha,0.000000000,1.470000000,88.060000000,0.000000000,Jagannatha Hora 8.0 locked visible Kaala Bala table; accessibility_sha256=D44C1EEBFA80E19B60BC5E15BF0C97D55D4C66DD97159B72B7DEE7C2CC3BEDF6; screenshot_sha256=903BF3A3A5B681EE8B54CD09B50B72CB3A53EA53E32334E579C6F1C9D431B3AF,status\evidence\jhora_kaala_witness_20260727\case_103_event_start_kaala_bala_accessibility.txt,status\evidence\jhora_kaala_witness_20260727\case_103_event_start_kaala_bala_locked.jpg
GANN_JHORA_KAALA_WITNESS_COMPARATOR_V1,case_127_sr_touch_start,SUN,total,176.960000000,2.950000000,176.960000000,0.000000000,Jagannatha Hora 8.0 locked visible Kaala Bala table; accessibility_sha256=CCEEDC44B38F4027ED781E902AFDE62C490C434253C41A2E742ADCC49B57D169; screenshot_sha256=00C966E54553EB61334634958AA0AC5A67E42055CFFA4F0FBADC56A1C39E060A,status\evidence\jhora_kaala_witness_20260727\case_127_sr_touch_start_kaala_bala_accessibility.txt,status\evidence\jhora_kaala_witness_20260727\case_127_sr_touch_start_kaala_bala_locked.jpg
GANN_JHORA_KAALA_WITNESS_COMPARATOR_V1,case_127_sr_touch_start,SUN,nathonnatha,9.380000000,2.950000000,176.960000000,0.000000000,Jagannatha Hora 8.0 locked visible Kaala Bala table; accessibility_sha256=CCEEDC44B38F4027ED781E902AFDE62C490C434253C41A2E742ADCC49B57D169; screenshot_sha256=00C966E54553EB61334634958AA0AC5A67E42055CFFA4F0FBADC56A1C39E060A,status\evidence\jhora_kaala_witness_20260727\case_127_sr_touch_start_kaala_bala_accessibility.txt,status\evidence\jhora_kaala_witness_20260727\case_127_sr_touch_start_kaala_bala_locked.jpg
GANN_JHORA_KAALA_WITNESS_COMPARATOR_V1,case_127_sr_touch_start,SUN,paksha,52.740000000,2.950000000,176.960000000,0.000000000,Jagannatha Hora 8.0 locked visible Kaala Bala table; accessibility_sha256=CCEEDC44B38F4027ED781E902AFDE62C490C434253C41A2E742ADCC49B57D169; screenshot_sha256=00C966E54553EB61334634958AA0AC5A67E42055CFFA4F0FBADC56A1C39E060A,status\evidence\jhora_kaala_witness_20260727\case_127_sr_touch_start_kaala_bala_accessibility.txt,status\evidence\jhora_kaala_witness_20260727\case_127_sr_touch_start_kaala_bala_locked.jpg
GANN_JHORA_KAALA_WITNESS_COMPARATOR_V1,case_127_sr_touch_start,SUN,tribhaga,0.000000000,2.950000000,176.960000000,0.000000000,Jagannatha Hora 8.0 locked visible Kaala Bala table; accessibility_sha256=CCEEDC44B38F4027ED781E902AFDE62C490C434253C41A2E742ADCC49B57D169; screenshot_sha256=00C966E54553EB61334634958AA0AC5A67E42055CFFA4F0FBADC56A1C39E060A,status\evidence\jhora_kaala_witness_20260727\case_127_sr_touch_start_kaala_bala_accessibility.txt,status\evidence\jhora_kaala_witness_20260727\case_127_sr_touch_start_kaala_bala_locked.jpg
GANN_JHORA_KAALA_WITNESS_COMPARATOR_V1,case_127_sr_touch_start,SUN,abda,0.000000000,2.950000000,176.960000000,0.000000000,Jagannatha Hora 8.0 locked visible Kaala Bala table; accessibility_sha256=CCEEDC44B38F4027ED781E902AFDE62C490C434253C41A2E742ADCC49B57D169; screenshot_sha256=00C966E54553EB61334634958AA0AC5A67E42055CFFA4F0FBADC56A1C39E060A,status\evidence\jhora_kaala_witness_20260727\case_127_sr_touch_start_kaala_bala_accessibility.txt,status\evidence\jhora_kaala_witness_20260727\case_127_sr_touch_start_kaala_bala_locked.jpg
GANN_JHORA_KAALA_WITNESS_COMPARATOR_V1,case_127_sr_touch_start,SUN,masa,0.000000000,2.950000000,176.960000000,0.000000000,Jagannatha Hora 8.0 locked visible Kaala Bala table; accessibility_sha256=CCEEDC44B38F4027ED781E902AFDE62C490C434253C41A2E742ADCC49B57D169; screenshot_sha256=00C966E54553EB61334634958AA0AC5A67E42055CFFA4F0FBADC56A1C39E060A,status\evidence\jhora_kaala_witness_20260727\case_127_sr_touch_start_kaala_bala_accessibility.txt,status\evidence\jhora_kaala_witness_20260727\case_127_sr_touch_start_kaala_bala_locked.jpg
GANN_JHORA_KAALA_WITNESS_COMPARATOR_V1,case_127_sr_touch_start,SUN,vara,0.000000000,2.950000000,176.960000000,0.000000000,Jagannatha Hora 8.0 locked visible Kaala Bala table; accessibility_sha256=CCEEDC44B38F4027ED781E902AFDE62C490C434253C41A2E742ADCC49B57D169; screenshot_sha256=00C966E54553EB61334634958AA0AC5A67E42055CFFA4F0FBADC56A1C39E060A,status\evidence\jhora_kaala_witness_20260727\case_127_sr_touch_start_kaala_bala_accessibility.txt,status\evidence\jhora_kaala_witness_20260727\case_127_sr_touch_start_kaala_bala_locked.jpg
GANN_JHORA_KAALA_WITNESS_COMPARATOR_V1,case_127_sr_touch_start,SUN,hora,0.000000000,2.950000000,176.960000000,0.000000000,Jagannatha Hora 8.0 locked visible Kaala Bala table; accessibility_sha256=CCEEDC44B38F4027ED781E902AFDE62C490C434253C41A2E742ADCC49B57D169; screenshot_sha256=00C966E54553EB61334634958AA0AC5A67E42055CFFA4F0FBADC56A1C39E060A,status\evidence\jhora_kaala_witness_20260727\case_127_sr_touch_start_kaala_bala_accessibility.txt,status\evidence\jhora_kaala_witness_20260727\case_127_sr_touch_start_kaala_bala_locked.jpg
GANN_JHORA_KAALA_WITNESS_COMPARATOR_V1,case_127_sr_touch_start,SUN,ayana,114.840000000,2.950000000,176.960000000,0.000000000,Jagannatha Hora 8.0 locked visible Kaala Bala table; accessibility_sha256=CCEEDC44B38F4027ED781E902AFDE62C490C434253C41A2E742ADCC49B57D169; screenshot_sha256=00C966E54553EB61334634958AA0AC5A67E42055CFFA4F0FBADC56A1C39E060A,status\evidence\jhora_kaala_witness_20260727\case_127_sr_touch_start_kaala_bala_accessibility.txt,status\evidence\jhora_kaala_witness_20260727\case_127_sr_touch_start_kaala_bala_locked.jpg
GANN_JHORA_KAALA_WITNESS_COMPARATOR_V1,case_127_sr_touch_start,SUN,yuddha,0.000000000,2.950000000,176.960000000,0.000000000,Jagannatha Hora 8.0 locked visible Kaala Bala table; accessibility_sha256=CCEEDC44B38F4027ED781E902AFDE62C490C434253C41A2E742ADCC49B57D169; screenshot_sha256=00C966E54553EB61334634958AA0AC5A67E42055CFFA4F0FBADC56A1C39E060A,status\evidence\jhora_kaala_witness_20260727\case_127_sr_touch_start_kaala_bala_accessibility.txt,status\evidence\jhora_kaala_witness_20260727\case_127_sr_touch_start_kaala_bala_locked.jpg
GANN_JHORA_KAALA_WITNESS_COMPARATOR_V1,case_127_sr_touch_start,MOON,total,171.140000000,2.850000000,171.140000000,0.000000000,Jagannatha Hora 8.0 locked visible Kaala Bala table; accessibility_sha256=CCEEDC44B38F4027ED781E902AFDE62C490C434253C41A2E742ADCC49B57D169; screenshot_sha256=00C966E54553EB61334634958AA0AC5A67E42055CFFA4F0FBADC56A1C39E060A,status\evidence\jhora_kaala_witness_20260727\case_127_sr_touch_start_kaala_bala_accessibility.txt,status\evidence\jhora_kaala_witness_20260727\case_127_sr_touch_start_kaala_bala_locked.jpg
GANN_JHORA_KAALA_WITNESS_COMPARATOR_V1,case_127_sr_touch_start,MOON,nathonnatha,50.620000000,2.850000000,171.140000000,0.000000000,Jagannatha Hora 8.0 locked visible Kaala Bala table; accessibility_sha256=CCEEDC44B38F4027ED781E902AFDE62C490C434253C41A2E742ADCC49B57D169; screenshot_sha256=00C966E54553EB61334634958AA0AC5A67E42055CFFA4F0FBADC56A1C39E060A,status\evidence\jhora_kaala_witness_20260727\case_127_sr_touch_start_kaala_bala_accessibility.txt,status\evidence\jhora_kaala_witness_20260727\case_127_sr_touch_start_kaala_bala_locked.jpg
GANN_JHORA_KAALA_WITNESS_COMPARATOR_V1,case_127_sr_touch_start,MOON,paksha,105.490000000,2.850000000,171.140000000,0.000000000,Jagannatha Hora 8.0 locked visible Kaala Bala table; accessibility_sha256=CCEEDC44B38F4027ED781E902AFDE62C490C434253C41A2E742ADCC49B57D169; screenshot_sha256=00C966E54553EB61334634958AA0AC5A67E42055CFFA4F0FBADC56A1C39E060A,status\evidence\jhora_kaala_witness_20260727\case_127_sr_touch_start_kaala_bala_accessibility.txt,status\evidence\jhora_kaala_witness_20260727\case_127_sr_touch_start_kaala_bala_locked.jpg
GANN_JHORA_KAALA_WITNESS_COMPARATOR_V1,case_127_sr_touch_start,MOON,tribhaga,0.000000000,2.850000000,171.140000000,0.000000000,Jagannatha Hora 8.0 locked visible Kaala Bala table; accessibility_sha256=CCEEDC44B38F4027ED781E902AFDE62C490C434253C41A2E742ADCC49B57D169; screenshot_sha256=00C966E54553EB61334634958AA0AC5A67E42055CFFA4F0FBADC56A1C39E060A,status\evidence\jhora_kaala_witness_20260727\case_127_sr_touch_start_kaala_bala_accessibility.txt,status\evidence\jhora_kaala_witness_20260727\case_127_sr_touch_start_kaala_bala_locked.jpg
GANN_JHORA_KAALA_WITNESS_COMPARATOR_V1,case_127_sr_touch_start,MOON,abda,15.000000000,2.850000000,171.140000000,0.000000000,Jagannatha Hora 8.0 locked visible Kaala Bala table; accessibility_sha256=CCEEDC44B38F4027ED781E902AFDE62C490C434253C41A2E742ADCC49B57D169; screenshot_sha256=00C966E54553EB61334634958AA0AC5A67E42055CFFA4F0FBADC56A1C39E060A,status\evidence\jhora_kaala_witness_20260727\case_127_sr_touch_start_kaala_bala_accessibility.txt,status\evidence\jhora_kaala_witness_20260727\case_127_sr_touch_start_kaala_bala_locked.jpg
GANN_JHORA_KAALA_WITNESS_COMPARATOR_V1,case_127_sr_touch_start,MOON,masa,0.000000000,2.850000000,171.140000000,0.000000000,Jagannatha Hora 8.0 locked visible Kaala Bala table; accessibility_sha256=CCEEDC44B38F4027ED781E902AFDE62C490C434253C41A2E742ADCC49B57D169; screenshot_sha256=00C966E54553EB61334634958AA0AC5A67E42055CFFA4F0FBADC56A1C39E060A,status\evidence\jhora_kaala_witness_20260727\case_127_sr_touch_start_kaala_bala_accessibility.txt,status\evidence\jhora_kaala_witness_20260727\case_127_sr_touch_start_kaala_bala_locked.jpg
GANN_JHORA_KAALA_WITNESS_COMPARATOR_V1,case_127_sr_touch_start,MOON,vara,0.000000000,2.850000000,171.140000000,0.000000000,Jagannatha Hora 8.0 locked visible Kaala Bala table; accessibility_sha256=CCEEDC44B38F4027ED781E902AFDE62C490C434253C41A2E742ADCC49B57D169; screenshot_sha256=00C966E54553EB61334634958AA0AC5A67E42055CFFA4F0FBADC56A1C39E060A,status\evidence\jhora_kaala_witness_20260727\case_127_sr_touch_start_kaala_bala_accessibility.txt,status\evidence\jhora_kaala_witness_20260727\case_127_sr_touch_start_kaala_bala_locked.jpg
GANN_JHORA_KAALA_WITNESS_COMPARATOR_V1,case_127_sr_touch_start,MOON,hora,0.000000000,2.850000000,171.140000000,0.000000000,Jagannatha Hora 8.0 locked visible Kaala Bala table; accessibility_sha256=CCEEDC44B38F4027ED781E902AFDE62C490C434253C41A2E742ADCC49B57D169; screenshot_sha256=00C966E54553EB61334634958AA0AC5A67E42055CFFA4F0FBADC56A1C39E060A,status\evidence\jhora_kaala_witness_20260727\case_127_sr_touch_start_kaala_bala_accessibility.txt,status\evidence\jhora_kaala_witness_20260727\case_127_sr_touch_start_kaala_bala_locked.jpg
GANN_JHORA_KAALA_WITNESS_COMPARATOR_V1,case_127_sr_touch_start,MOON,ayana,0.030000000,2.850000000,171.140000000,0.000000000,Jagannatha Hora 8.0 locked visible Kaala Bala table; accessibility_sha256=CCEEDC44B38F4027ED781E902AFDE62C490C434253C41A2E742ADCC49B57D169; screenshot_sha256=00C966E54553EB61334634958AA0AC5A67E42055CFFA4F0FBADC56A1C39E060A,status\evidence\jhora_kaala_witness_20260727\case_127_sr_touch_start_kaala_bala_accessibility.txt,status\evidence\jhora_kaala_witness_20260727\case_127_sr_touch_start_kaala_bala_locked.jpg
GANN_JHORA_KAALA_WITNESS_COMPARATOR_V1,case_127_sr_touch_start,MOON,yuddha,0.000000000,2.850000000,171.140000000,0.000000000,Jagannatha Hora 8.0 locked visible Kaala Bala table; accessibility_sha256=CCEEDC44B38F4027ED781E902AFDE62C490C434253C41A2E742ADCC49B57D169; screenshot_sha256=00C966E54553EB61334634958AA0AC5A67E42055CFFA4F0FBADC56A1C39E060A,status\evidence\jhora_kaala_witness_20260727\case_127_sr_touch_start_kaala_bala_accessibility.txt,status\evidence\jhora_kaala_witness_20260727\case_127_sr_touch_start_kaala_bala_locked.jpg
GANN_JHORA_KAALA_WITNESS_COMPARATOR_V1,case_127_sr_touch_start,MARS,total,242.360000000,4.040000000,242.350000000,0.010000000,Jagannatha Hora 8.0 locked visible Kaala Bala table; accessibility_sha256=CCEEDC44B38F4027ED781E902AFDE62C490C434253C41A2E742ADCC49B57D169; screenshot_sha256=00C966E54553EB61334634958AA0AC5A67E42055CFFA4F0FBADC56A1C39E060A,status\evidence\jhora_kaala_witness_20260727\case_127_sr_touch_start_kaala_bala_accessibility.txt,status\evidence\jhora_kaala_witness_20260727\case_127_sr_touch_start_kaala_bala_locked.jpg
GANN_JHORA_KAALA_WITNESS_COMPARATOR_V1,case_127_sr_touch_start,MARS,nathonnatha,50.620000000,4.040000000,242.350000000,0.010000000,Jagannatha Hora 8.0 locked visible Kaala Bala table; accessibility_sha256=CCEEDC44B38F4027ED781E902AFDE62C490C434253C41A2E742ADCC49B57D169; screenshot_sha256=00C966E54553EB61334634958AA0AC5A67E42055CFFA4F0FBADC56A1C39E060A,status\evidence\jhora_kaala_witness_20260727\case_127_sr_touch_start_kaala_bala_accessibility.txt,status\evidence\jhora_kaala_witness_20260727\case_127_sr_touch_start_kaala_bala_locked.jpg
GANN_JHORA_KAALA_WITNESS_COMPARATOR_V1,case_127_sr_touch_start,MARS,paksha,52.740000000,4.040000000,242.350000000,0.010000000,Jagannatha Hora 8.0 locked visible Kaala Bala table; accessibility_sha256=CCEEDC44B38F4027ED781E902AFDE62C490C434253C41A2E742ADCC49B57D169; screenshot_sha256=00C966E54553EB61334634958AA0AC5A67E42055CFFA4F0FBADC56A1C39E060A,status\evidence\jhora_kaala_witness_20260727\case_127_sr_touch_start_kaala_bala_accessibility.txt,status\evidence\jhora_kaala_witness_20260727\case_127_sr_touch_start_kaala_bala_locked.jpg
GANN_JHORA_KAALA_WITNESS_COMPARATOR_V1,case_127_sr_touch_start,MARS,tribhaga,60.000000000,4.040000000,242.350000000,0.010000000,Jagannatha Hora 8.0 locked visible Kaala Bala table; accessibility_sha256=CCEEDC44B38F4027ED781E902AFDE62C490C434253C41A2E742ADCC49B57D169; screenshot_sha256=00C966E54553EB61334634958AA0AC5A67E42055CFFA4F0FBADC56A1C39E060A,status\evidence\jhora_kaala_witness_20260727\case_127_sr_touch_start_kaala_bala_accessibility.txt,status\evidence\jhora_kaala_witness_20260727\case_127_sr_touch_start_kaala_bala_locked.jpg
GANN_JHORA_KAALA_WITNESS_COMPARATOR_V1,case_127_sr_touch_start,MARS,abda,0.000000000,4.040000000,242.350000000,0.010000000,Jagannatha Hora 8.0 locked visible Kaala Bala table; accessibility_sha256=CCEEDC44B38F4027ED781E902AFDE62C490C434253C41A2E742ADCC49B57D169; screenshot_sha256=00C966E54553EB61334634958AA0AC5A67E42055CFFA4F0FBADC56A1C39E060A,status\evidence\jhora_kaala_witness_20260727\case_127_sr_touch_start_kaala_bala_accessibility.txt,status\evidence\jhora_kaala_witness_20260727\case_127_sr_touch_start_kaala_bala_locked.jpg
GANN_JHORA_KAALA_WITNESS_COMPARATOR_V1,case_127_sr_touch_start,MARS,masa,30.000000000,4.040000000,242.350000000,0.010000000,Jagannatha Hora 8.0 locked visible Kaala Bala table; accessibility_sha256=CCEEDC44B38F4027ED781E902AFDE62C490C434253C41A2E742ADCC49B57D169; screenshot_sha256=00C966E54553EB61334634958AA0AC5A67E42055CFFA4F0FBADC56A1C39E060A,status\evidence\jhora_kaala_witness_20260727\case_127_sr_touch_start_kaala_bala_accessibility.txt,status\evidence\jhora_kaala_witness_20260727\case_127_sr_touch_start_kaala_bala_locked.jpg
GANN_JHORA_KAALA_WITNESS_COMPARATOR_V1,case_127_sr_touch_start,MARS,vara,0.000000000,4.040000000,242.350000000,0.010000000,Jagannatha Hora 8.0 locked visible Kaala Bala table; accessibility_sha256=CCEEDC44B38F4027ED781E902AFDE62C490C434253C41A2E742ADCC49B57D169; screenshot_sha256=00C966E54553EB61334634958AA0AC5A67E42055CFFA4F0FBADC56A1C39E060A,status\evidence\jhora_kaala_witness_20260727\case_127_sr_touch_start_kaala_bala_accessibility.txt,status\evidence\jhora_kaala_witness_20260727\case_127_sr_touch_start_kaala_bala_locked.jpg
GANN_JHORA_KAALA_WITNESS_COMPARATOR_V1,case_127_sr_touch_start,MARS,hora,0.000000000,4.040000000,242.350000000,0.010000000,Jagannatha Hora 8.0 locked visible Kaala Bala table; accessibility_sha256=CCEEDC44B38F4027ED781E902AFDE62C490C434253C41A2E742ADCC49B57D169; screenshot_sha256=00C966E54553EB61334634958AA0AC5A67E42055CFFA4F0FBADC56A1C39E060A,status\evidence\jhora_kaala_witness_20260727\case_127_sr_touch_start_kaala_bala_accessibility.txt,status\evidence\jhora_kaala_witness_20260727\case_127_sr_touch_start_kaala_bala_locked.jpg
GANN_JHORA_KAALA_WITNESS_COMPARATOR_V1,case_127_sr_touch_start,MARS,ayana,48.990000000,4.040000000,242.350000000,0.010000000,Jagannatha Hora 8.0 locked visible Kaala Bala table; accessibility_sha256=CCEEDC44B38F4027ED781E902AFDE62C490C434253C41A2E742ADCC49B57D169; screenshot_sha256=00C966E54553EB61334634958AA0AC5A67E42055CFFA4F0FBADC56A1C39E060A,status\evidence\jhora_kaala_witness_20260727\case_127_sr_touch_start_kaala_bala_accessibility.txt,status\evidence\jhora_kaala_witness_20260727\case_127_sr_touch_start_kaala_bala_locked.jpg
GANN_JHORA_KAALA_WITNESS_COMPARATOR_V1,case_127_sr_touch_start,MARS,yuddha,0.000000000,4.040000000,242.350000000,0.010000000,Jagannatha Hora 8.0 locked visible Kaala Bala table; accessibility_sha256=CCEEDC44B38F4027ED781E902AFDE62C490C434253C41A2E742ADCC49B57D169; screenshot_sha256=00C966E54553EB61334634958AA0AC5A67E42055CFFA4F0FBADC56A1C39E060A,status\evidence\jhora_kaala_witness_20260727\case_127_sr_touch_start_kaala_bala_accessibility.txt,status\evidence\jhora_kaala_witness_20260727\case_127_sr_touch_start_kaala_bala_locked.jpg
GANN_JHORA_KAALA_WITNESS_COMPARATOR_V1,case_127_sr_touch_start,MERCURY,total,274.780000000,4.580000000,274.780000000,0.000000000,Jagannatha Hora 8.0 locked visible Kaala Bala table; accessibility_sha256=CCEEDC44B38F4027ED781E902AFDE62C490C434253C41A2E742ADCC49B57D169; screenshot_sha256=00C966E54553EB61334634958AA0AC5A67E42055CFFA4F0FBADC56A1C39E060A,status\evidence\jhora_kaala_witness_20260727\case_127_sr_touch_start_kaala_bala_accessibility.txt,status\evidence\jhora_kaala_witness_20260727\case_127_sr_touch_start_kaala_bala_locked.jpg
GANN_JHORA_KAALA_WITNESS_COMPARATOR_V1,case_127_sr_touch_start,MERCURY,nathonnatha,60.000000000,4.580000000,274.780000000,0.000000000,Jagannatha Hora 8.0 locked visible Kaala Bala table; accessibility_sha256=CCEEDC44B38F4027ED781E902AFDE62C490C434253C41A2E742ADCC49B57D169; screenshot_sha256=00C966E54553EB61334634958AA0AC5A67E42055CFFA4F0FBADC56A1C39E060A,status\evidence\jhora_kaala_witness_20260727\case_127_sr_touch_start_kaala_bala_accessibility.txt,status\evidence\jhora_kaala_witness_20260727\case_127_sr_touch_start_kaala_bala_locked.jpg
GANN_JHORA_KAALA_WITNESS_COMPARATOR_V1,case_127_sr_touch_start,MERCURY,paksha,52.740000000,4.580000000,274.780000000,0.000000000,Jagannatha Hora 8.0 locked visible Kaala Bala table; accessibility_sha256=CCEEDC44B38F4027ED781E902AFDE62C490C434253C41A2E742ADCC49B57D169; screenshot_sha256=00C966E54553EB61334634958AA0AC5A67E42055CFFA4F0FBADC56A1C39E060A,status\evidence\jhora_kaala_witness_20260727\case_127_sr_touch_start_kaala_bala_accessibility.txt,status\evidence\jhora_kaala_witness_20260727\case_127_sr_touch_start_kaala_bala_locked.jpg
GANN_JHORA_KAALA_WITNESS_COMPARATOR_V1,case_127_sr_touch_start,MERCURY,tribhaga,0.000000000,4.580000000,274.780000000,0.000000000,Jagannatha Hora 8.0 locked visible Kaala Bala table; accessibility_sha256=CCEEDC44B38F4027ED781E902AFDE62C490C434253C41A2E742ADCC49B57D169; screenshot_sha256=00C966E54553EB61334634958AA0AC5A67E42055CFFA4F0FBADC56A1C39E060A,status\evidence\jhora_kaala_witness_20260727\case_127_sr_touch_start_kaala_bala_accessibility.txt,status\evidence\jhora_kaala_witness_20260727\case_127_sr_touch_start_kaala_bala_locked.jpg
GANN_JHORA_KAALA_WITNESS_COMPARATOR_V1,case_127_sr_touch_start,MERCURY,abda,0.000000000,4.580000000,274.780000000,0.000000000,Jagannatha Hora 8.0 locked visible Kaala Bala table; accessibility_sha256=CCEEDC44B38F4027ED781E902AFDE62C490C434253C41A2E742ADCC49B57D169; screenshot_sha256=00C966E54553EB61334634958AA0AC5A67E42055CFFA4F0FBADC56A1C39E060A,status\evidence\jhora_kaala_witness_20260727\case_127_sr_touch_start_kaala_bala_accessibility.txt,status\evidence\jhora_kaala_witness_20260727\case_127_sr_touch_start_kaala_bala_locked.jpg
GANN_JHORA_KAALA_WITNESS_COMPARATOR_V1,case_127_sr_touch_start,MERCURY,masa,0.000000000,4.580000000,274.780000000,0.000000000,Jagannatha Hora 8.0 locked visible Kaala Bala table; accessibility_sha256=CCEEDC44B38F4027ED781E902AFDE62C490C434253C41A2E742ADCC49B57D169; screenshot_sha256=00C966E54553EB61334634958AA0AC5A67E42055CFFA4F0FBADC56A1C39E060A,status\evidence\jhora_kaala_witness_20260727\case_127_sr_touch_start_kaala_bala_accessibility.txt,status\evidence\jhora_kaala_witness_20260727\case_127_sr_touch_start_kaala_bala_locked.jpg
GANN_JHORA_KAALA_WITNESS_COMPARATOR_V1,case_127_sr_touch_start,MERCURY,vara,45.000000000,4.580000000,274.780000000,0.000000000,Jagannatha Hora 8.0 locked visible Kaala Bala table; accessibility_sha256=CCEEDC44B38F4027ED781E902AFDE62C490C434253C41A2E742ADCC49B57D169; screenshot_sha256=00C966E54553EB61334634958AA0AC5A67E42055CFFA4F0FBADC56A1C39E060A,status\evidence\jhora_kaala_witness_20260727\case_127_sr_touch_start_kaala_bala_accessibility.txt,status\evidence\jhora_kaala_witness_20260727\case_127_sr_touch_start_kaala_bala_locked.jpg
GANN_JHORA_KAALA_WITNESS_COMPARATOR_V1,case_127_sr_touch_start,MERCURY,hora,60.000000000,4.580000000,274.780000000,0.000000000,Jagannatha Hora 8.0 locked visible Kaala Bala table; accessibility_sha256=CCEEDC44B38F4027ED781E902AFDE62C490C434253C41A2E742ADCC49B57D169; screenshot_sha256=00C966E54553EB61334634958AA0AC5A67E42055CFFA4F0FBADC56A1C39E060A,status\evidence\jhora_kaala_witness_20260727\case_127_sr_touch_start_kaala_bala_accessibility.txt,status\evidence\jhora_kaala_witness_20260727\case_127_sr_touch_start_kaala_bala_locked.jpg
GANN_JHORA_KAALA_WITNESS_COMPARATOR_V1,case_127_sr_touch_start,MERCURY,ayana,57.040000000,4.580000000,274.780000000,0.000000000,Jagannatha Hora 8.0 locked visible Kaala Bala table; accessibility_sha256=CCEEDC44B38F4027ED781E902AFDE62C490C434253C41A2E742ADCC49B57D169; screenshot_sha256=00C966E54553EB61334634958AA0AC5A67E42055CFFA4F0FBADC56A1C39E060A,status\evidence\jhora_kaala_witness_20260727\case_127_sr_touch_start_kaala_bala_accessibility.txt,status\evidence\jhora_kaala_witness_20260727\case_127_sr_touch_start_kaala_bala_locked.jpg
GANN_JHORA_KAALA_WITNESS_COMPARATOR_V1,case_127_sr_touch_start,MERCURY,yuddha,0.000000000,4.580000000,274.780000000,0.000000000,Jagannatha Hora 8.0 locked visible Kaala Bala table; accessibility_sha256=CCEEDC44B38F4027ED781E902AFDE62C490C434253C41A2E742ADCC49B57D169; screenshot_sha256=00C966E54553EB61334634958AA0AC5A67E42055CFFA4F0FBADC56A1C39E060A,status\evidence\jhora_kaala_witness_20260727\case_127_sr_touch_start_kaala_bala_accessibility.txt,status\evidence\jhora_kaala_witness_20260727\case_127_sr_touch_start_kaala_bala_locked.jpg
GANN_JHORA_KAALA_WITNESS_COMPARATOR_V1,case_127_sr_touch_start,JUPITER,total,136.450000000,2.270000000,136.460000000,-0.010000000,Jagannatha Hora 8.0 locked visible Kaala Bala table; accessibility_sha256=CCEEDC44B38F4027ED781E902AFDE62C490C434253C41A2E742ADCC49B57D169; screenshot_sha256=00C966E54553EB61334634958AA0AC5A67E42055CFFA4F0FBADC56A1C39E060A,status\evidence\jhora_kaala_witness_20260727\case_127_sr_touch_start_kaala_bala_accessibility.txt,status\evidence\jhora_kaala_witness_20260727\case_127_sr_touch_start_kaala_bala_locked.jpg
GANN_JHORA_KAALA_WITNESS_COMPARATOR_V1,case_127_sr_touch_start,JUPITER,nathonnatha,9.380000000,2.270000000,136.460000000,-0.010000000,Jagannatha Hora 8.0 locked visible Kaala Bala table; accessibility_sha256=CCEEDC44B38F4027ED781E902AFDE62C490C434253C41A2E742ADCC49B57D169; screenshot_sha256=00C966E54553EB61334634958AA0AC5A67E42055CFFA4F0FBADC56A1C39E060A,status\evidence\jhora_kaala_witness_20260727\case_127_sr_touch_start_kaala_bala_accessibility.txt,status\evidence\jhora_kaala_witness_20260727\case_127_sr_touch_start_kaala_bala_locked.jpg
GANN_JHORA_KAALA_WITNESS_COMPARATOR_V1,case_127_sr_touch_start,JUPITER,paksha,7.260000000,2.270000000,136.460000000,-0.010000000,Jagannatha Hora 8.0 locked visible Kaala Bala table; accessibility_sha256=CCEEDC44B38F4027ED781E902AFDE62C490C434253C41A2E742ADCC49B57D169; screenshot_sha256=00C966E54553EB61334634958AA0AC5A67E42055CFFA4F0FBADC56A1C39E060A,status\evidence\jhora_kaala_witness_20260727\case_127_sr_touch_start_kaala_bala_accessibility.txt,status\evidence\jhora_kaala_witness_20260727\case_127_sr_touch_start_kaala_bala_locked.jpg
GANN_JHORA_KAALA_WITNESS_COMPARATOR_V1,case_127_sr_touch_start,JUPITER,tribhaga,60.000000000,2.270000000,136.460000000,-0.010000000,Jagannatha Hora 8.0 locked visible Kaala Bala table; accessibility_sha256=CCEEDC44B38F4027ED781E902AFDE62C490C434253C41A2E742ADCC49B57D169; screenshot_sha256=00C966E54553EB61334634958AA0AC5A67E42055CFFA4F0FBADC56A1C39E060A,status\evidence\jhora_kaala_witness_20260727\case_127_sr_touch_start_kaala_bala_accessibility.txt,status\evidence\jhora_kaala_witness_20260727\case_127_sr_touch_start_kaala_bala_locked.jpg
GANN_JHORA_KAALA_WITNESS_COMPARATOR_V1,case_127_sr_touch_start,JUPITER,abda,0.000000000,2.270000000,136.460000000,-0.010000000,Jagannatha Hora 8.0 locked visible Kaala Bala table; accessibility_sha256=CCEEDC44B38F4027ED781E902AFDE62C490C434253C41A2E742ADCC49B57D169; screenshot_sha256=00C966E54553EB61334634958AA0AC5A67E42055CFFA4F0FBADC56A1C39E060A,status\evidence\jhora_kaala_witness_20260727\case_127_sr_touch_start_kaala_bala_accessibility.txt,status\evidence\jhora_kaala_witness_20260727\case_127_sr_touch_start_kaala_bala_locked.jpg
GANN_JHORA_KAALA_WITNESS_COMPARATOR_V1,case_127_sr_touch_start,JUPITER,masa,0.000000000,2.270000000,136.460000000,-0.010000000,Jagannatha Hora 8.0 locked visible Kaala Bala table; accessibility_sha256=CCEEDC44B38F4027ED781E902AFDE62C490C434253C41A2E742ADCC49B57D169; screenshot_sha256=00C966E54553EB61334634958AA0AC5A67E42055CFFA4F0FBADC56A1C39E060A,status\evidence\jhora_kaala_witness_20260727\case_127_sr_touch_start_kaala_bala_accessibility.txt,status\evidence\jhora_kaala_witness_20260727\case_127_sr_touch_start_kaala_bala_locked.jpg
GANN_JHORA_KAALA_WITNESS_COMPARATOR_V1,case_127_sr_touch_start,JUPITER,vara,0.000000000,2.270000000,136.460000000,-0.010000000,Jagannatha Hora 8.0 locked visible Kaala Bala table; accessibility_sha256=CCEEDC44B38F4027ED781E902AFDE62C490C434253C41A2E742ADCC49B57D169; screenshot_sha256=00C966E54553EB61334634958AA0AC5A67E42055CFFA4F0FBADC56A1C39E060A,status\evidence\jhora_kaala_witness_20260727\case_127_sr_touch_start_kaala_bala_accessibility.txt,status\evidence\jhora_kaala_witness_20260727\case_127_sr_touch_start_kaala_bala_locked.jpg
GANN_JHORA_KAALA_WITNESS_COMPARATOR_V1,case_127_sr_touch_start,JUPITER,hora,0.000000000,2.270000000,136.460000000,-0.010000000,Jagannatha Hora 8.0 locked visible Kaala Bala table; accessibility_sha256=CCEEDC44B38F4027ED781E902AFDE62C490C434253C41A2E742ADCC49B57D169; screenshot_sha256=00C966E54553EB61334634958AA0AC5A67E42055CFFA4F0FBADC56A1C39E060A,status\evidence\jhora_kaala_witness_20260727\case_127_sr_touch_start_kaala_bala_accessibility.txt,status\evidence\jhora_kaala_witness_20260727\case_127_sr_touch_start_kaala_bala_locked.jpg
GANN_JHORA_KAALA_WITNESS_COMPARATOR_V1,case_127_sr_touch_start,JUPITER,ayana,59.820000000,2.270000000,136.460000000,-0.010000000,Jagannatha Hora 8.0 locked visible Kaala Bala table; accessibility_sha256=CCEEDC44B38F4027ED781E902AFDE62C490C434253C41A2E742ADCC49B57D169; screenshot_sha256=00C966E54553EB61334634958AA0AC5A67E42055CFFA4F0FBADC56A1C39E060A,status\evidence\jhora_kaala_witness_20260727\case_127_sr_touch_start_kaala_bala_accessibility.txt,status\evidence\jhora_kaala_witness_20260727\case_127_sr_touch_start_kaala_bala_locked.jpg
GANN_JHORA_KAALA_WITNESS_COMPARATOR_V1,case_127_sr_touch_start,JUPITER,yuddha,0.000000000,2.270000000,136.460000000,-0.010000000,Jagannatha Hora 8.0 locked visible Kaala Bala table; accessibility_sha256=CCEEDC44B38F4027ED781E902AFDE62C490C434253C41A2E742ADCC49B57D169; screenshot_sha256=00C966E54553EB61334634958AA0AC5A67E42055CFFA4F0FBADC56A1C39E060A,status\evidence\jhora_kaala_witness_20260727\case_127_sr_touch_start_kaala_bala_accessibility.txt,status\evidence\jhora_kaala_witness_20260727\case_127_sr_touch_start_kaala_bala_locked.jpg
GANN_JHORA_KAALA_WITNESS_COMPARATOR_V1,case_127_sr_touch_start,VENUS,total,57.500000000,0.960000000,57.510000000,-0.010000000,Jagannatha Hora 8.0 locked visible Kaala Bala table; accessibility_sha256=CCEEDC44B38F4027ED781E902AFDE62C490C434253C41A2E742ADCC49B57D169; screenshot_sha256=00C966E54553EB61334634958AA0AC5A67E42055CFFA4F0FBADC56A1C39E060A,status\evidence\jhora_kaala_witness_20260727\case_127_sr_touch_start_kaala_bala_accessibility.txt,status\evidence\jhora_kaala_witness_20260727\case_127_sr_touch_start_kaala_bala_locked.jpg
GANN_JHORA_KAALA_WITNESS_COMPARATOR_V1,case_127_sr_touch_start,VENUS,nathonnatha,9.380000000,0.960000000,57.510000000,-0.010000000,Jagannatha Hora 8.0 locked visible Kaala Bala table; accessibility_sha256=CCEEDC44B38F4027ED781E902AFDE62C490C434253C41A2E742ADCC49B57D169; screenshot_sha256=00C966E54553EB61334634958AA0AC5A67E42055CFFA4F0FBADC56A1C39E060A,status\evidence\jhora_kaala_witness_20260727\case_127_sr_touch_start_kaala_bala_accessibility.txt,status\evidence\jhora_kaala_witness_20260727\case_127_sr_touch_start_kaala_bala_locked.jpg
GANN_JHORA_KAALA_WITNESS_COMPARATOR_V1,case_127_sr_touch_start,VENUS,paksha,7.260000000,0.960000000,57.510000000,-0.010000000,Jagannatha Hora 8.0 locked visible Kaala Bala table; accessibility_sha256=CCEEDC44B38F4027ED781E902AFDE62C490C434253C41A2E742ADCC49B57D169; screenshot_sha256=00C966E54553EB61334634958AA0AC5A67E42055CFFA4F0FBADC56A1C39E060A,status\evidence\jhora_kaala_witness_20260727\case_127_sr_touch_start_kaala_bala_accessibility.txt,status\evidence\jhora_kaala_witness_20260727\case_127_sr_touch_start_kaala_bala_locked.jpg
GANN_JHORA_KAALA_WITNESS_COMPARATOR_V1,case_127_sr_touch_start,VENUS,tribhaga,0.000000000,0.960000000,57.510000000,-0.010000000,Jagannatha Hora 8.0 locked visible Kaala Bala table; accessibility_sha256=CCEEDC44B38F4027ED781E902AFDE62C490C434253C41A2E742ADCC49B57D169; screenshot_sha256=00C966E54553EB61334634958AA0AC5A67E42055CFFA4F0FBADC56A1C39E060A,status\evidence\jhora_kaala_witness_20260727\case_127_sr_touch_start_kaala_bala_accessibility.txt,status\evidence\jhora_kaala_witness_20260727\case_127_sr_touch_start_kaala_bala_locked.jpg
GANN_JHORA_KAALA_WITNESS_COMPARATOR_V1,case_127_sr_touch_start,VENUS,abda,0.000000000,0.960000000,57.510000000,-0.010000000,Jagannatha Hora 8.0 locked visible Kaala Bala table; accessibility_sha256=CCEEDC44B38F4027ED781E902AFDE62C490C434253C41A2E742ADCC49B57D169; screenshot_sha256=00C966E54553EB61334634958AA0AC5A67E42055CFFA4F0FBADC56A1C39E060A,status\evidence\jhora_kaala_witness_20260727\case_127_sr_touch_start_kaala_bala_accessibility.txt,status\evidence\jhora_kaala_witness_20260727\case_127_sr_touch_start_kaala_bala_locked.jpg
GANN_JHORA_KAALA_WITNESS_COMPARATOR_V1,case_127_sr_touch_start,VENUS,masa,0.000000000,0.960000000,57.510000000,-0.010000000,Jagannatha Hora 8.0 locked visible Kaala Bala table; accessibility_sha256=CCEEDC44B38F4027ED781E902AFDE62C490C434253C41A2E742ADCC49B57D169; screenshot_sha256=00C966E54553EB61334634958AA0AC5A67E42055CFFA4F0FBADC56A1C39E060A,status\evidence\jhora_kaala_witness_20260727\case_127_sr_touch_start_kaala_bala_accessibility.txt,status\evidence\jhora_kaala_witness_20260727\case_127_sr_touch_start_kaala_bala_locked.jpg
GANN_JHORA_KAALA_WITNESS_COMPARATOR_V1,case_127_sr_touch_start,VENUS,vara,0.000000000,0.960000000,57.510000000,-0.010000000,Jagannatha Hora 8.0 locked visible Kaala Bala table; accessibility_sha256=CCEEDC44B38F4027ED781E902AFDE62C490C434253C41A2E742ADCC49B57D169; screenshot_sha256=00C966E54553EB61334634958AA0AC5A67E42055CFFA4F0FBADC56A1C39E060A,status\evidence\jhora_kaala_witness_20260727\case_127_sr_touch_start_kaala_bala_accessibility.txt,status\evidence\jhora_kaala_witness_20260727\case_127_sr_touch_start_kaala_bala_locked.jpg
GANN_JHORA_KAALA_WITNESS_COMPARATOR_V1,case_127_sr_touch_start,VENUS,hora,0.000000000,0.960000000,57.510000000,-0.010000000,Jagannatha Hora 8.0 locked visible Kaala Bala table; accessibility_sha256=CCEEDC44B38F4027ED781E902AFDE62C490C434253C41A2E742ADCC49B57D169; screenshot_sha256=00C966E54553EB61334634958AA0AC5A67E42055CFFA4F0FBADC56A1C39E060A,status\evidence\jhora_kaala_witness_20260727\case_127_sr_touch_start_kaala_bala_accessibility.txt,status\evidence\jhora_kaala_witness_20260727\case_127_sr_touch_start_kaala_bala_locked.jpg
GANN_JHORA_KAALA_WITNESS_COMPARATOR_V1,case_127_sr_touch_start,VENUS,ayana,40.870000000,0.960000000,57.510000000,-0.010000000,Jagannatha Hora 8.0 locked visible Kaala Bala table; accessibility_sha256=CCEEDC44B38F4027ED781E902AFDE62C490C434253C41A2E742ADCC49B57D169; screenshot_sha256=00C966E54553EB61334634958AA0AC5A67E42055CFFA4F0FBADC56A1C39E060A,status\evidence\jhora_kaala_witness_20260727\case_127_sr_touch_start_kaala_bala_accessibility.txt,status\evidence\jhora_kaala_witness_20260727\case_127_sr_touch_start_kaala_bala_locked.jpg
GANN_JHORA_KAALA_WITNESS_COMPARATOR_V1,case_127_sr_touch_start,VENUS,yuddha,0.000000000,0.960000000,57.510000000,-0.010000000,Jagannatha Hora 8.0 locked visible Kaala Bala table; accessibility_sha256=CCEEDC44B38F4027ED781E902AFDE62C490C434253C41A2E742ADCC49B57D169; screenshot_sha256=00C966E54553EB61334634958AA0AC5A67E42055CFFA4F0FBADC56A1C39E060A,status\evidence\jhora_kaala_witness_20260727\case_127_sr_touch_start_kaala_bala_accessibility.txt,status\evidence\jhora_kaala_witness_20260727\case_127_sr_touch_start_kaala_bala_locked.jpg
GANN_JHORA_KAALA_WITNESS_COMPARATOR_V1,case_127_sr_touch_start,SATURN,total,133.120000000,2.220000000,133.110000000,0.010000000,Jagannatha Hora 8.0 locked visible Kaala Bala table; accessibility_sha256=CCEEDC44B38F4027ED781E902AFDE62C490C434253C41A2E742ADCC49B57D169; screenshot_sha256=00C966E54553EB61334634958AA0AC5A67E42055CFFA4F0FBADC56A1C39E060A,status\evidence\jhora_kaala_witness_20260727\case_127_sr_touch_start_kaala_bala_accessibility.txt,status\evidence\jhora_kaala_witness_20260727\case_127_sr_touch_start_kaala_bala_locked.jpg
GANN_JHORA_KAALA_WITNESS_COMPARATOR_V1,case_127_sr_touch_start,SATURN,nathonnatha,50.620000000,2.220000000,133.110000000,0.010000000,Jagannatha Hora 8.0 locked visible Kaala Bala table; accessibility_sha256=CCEEDC44B38F4027ED781E902AFDE62C490C434253C41A2E742ADCC49B57D169; screenshot_sha256=00C966E54553EB61334634958AA0AC5A67E42055CFFA4F0FBADC56A1C39E060A,status\evidence\jhora_kaala_witness_20260727\case_127_sr_touch_start_kaala_bala_accessibility.txt,status\evidence\jhora_kaala_witness_20260727\case_127_sr_touch_start_kaala_bala_locked.jpg
GANN_JHORA_KAALA_WITNESS_COMPARATOR_V1,case_127_sr_touch_start,SATURN,paksha,52.740000000,2.220000000,133.110000000,0.010000000,Jagannatha Hora 8.0 locked visible Kaala Bala table; accessibility_sha256=CCEEDC44B38F4027ED781E902AFDE62C490C434253C41A2E742ADCC49B57D169; screenshot_sha256=00C966E54553EB61334634958AA0AC5A67E42055CFFA4F0FBADC56A1C39E060A,status\evidence\jhora_kaala_witness_20260727\case_127_sr_touch_start_kaala_bala_accessibility.txt,status\evidence\jhora_kaala_witness_20260727\case_127_sr_touch_start_kaala_bala_locked.jpg
GANN_JHORA_KAALA_WITNESS_COMPARATOR_V1,case_127_sr_touch_start,SATURN,tribhaga,0.000000000,2.220000000,133.110000000,0.010000000,Jagannatha Hora 8.0 locked visible Kaala Bala table; accessibility_sha256=CCEEDC44B38F4027ED781E902AFDE62C490C434253C41A2E742ADCC49B57D169; screenshot_sha256=00C966E54553EB61334634958AA0AC5A67E42055CFFA4F0FBADC56A1C39E060A,status\evidence\jhora_kaala_witness_20260727\case_127_sr_touch_start_kaala_bala_accessibility.txt,status\evidence\jhora_kaala_witness_20260727\case_127_sr_touch_start_kaala_bala_locked.jpg
GANN_JHORA_KAALA_WITNESS_COMPARATOR_V1,case_127_sr_touch_start,SATURN,abda,0.000000000,2.220000000,133.110000000,0.010000000,Jagannatha Hora 8.0 locked visible Kaala Bala table; accessibility_sha256=CCEEDC44B38F4027ED781E902AFDE62C490C434253C41A2E742ADCC49B57D169; screenshot_sha256=00C966E54553EB61334634958AA0AC5A67E42055CFFA4F0FBADC56A1C39E060A,status\evidence\jhora_kaala_witness_20260727\case_127_sr_touch_start_kaala_bala_accessibility.txt,status\evidence\jhora_kaala_witness_20260727\case_127_sr_touch_start_kaala_bala_locked.jpg
GANN_JHORA_KAALA_WITNESS_COMPARATOR_V1,case_127_sr_touch_start,SATURN,masa,0.000000000,2.220000000,133.110000000,0.010000000,Jagannatha Hora 8.0 locked visible Kaala Bala table; accessibility_sha256=CCEEDC44B38F4027ED781E902AFDE62C490C434253C41A2E742ADCC49B57D169; screenshot_sha256=00C966E54553EB61334634958AA0AC5A67E42055CFFA4F0FBADC56A1C39E060A,status\evidence\jhora_kaala_witness_20260727\case_127_sr_touch_start_kaala_bala_accessibility.txt,status\evidence\jhora_kaala_witness_20260727\case_127_sr_touch_start_kaala_bala_locked.jpg
GANN_JHORA_KAALA_WITNESS_COMPARATOR_V1,case_127_sr_touch_start,SATURN,vara,0.000000000,2.220000000,133.110000000,0.010000000,Jagannatha Hora 8.0 locked visible Kaala Bala table; accessibility_sha256=CCEEDC44B38F4027ED781E902AFDE62C490C434253C41A2E742ADCC49B57D169; screenshot_sha256=00C966E54553EB61334634958AA0AC5A67E42055CFFA4F0FBADC56A1C39E060A,status\evidence\jhora_kaala_witness_20260727\case_127_sr_touch_start_kaala_bala_accessibility.txt,status\evidence\jhora_kaala_witness_20260727\case_127_sr_touch_start_kaala_bala_locked.jpg
GANN_JHORA_KAALA_WITNESS_COMPARATOR_V1,case_127_sr_touch_start,SATURN,hora,0.000000000,2.220000000,133.110000000,0.010000000,Jagannatha Hora 8.0 locked visible Kaala Bala table; accessibility_sha256=CCEEDC44B38F4027ED781E902AFDE62C490C434253C41A2E742ADCC49B57D169; screenshot_sha256=00C966E54553EB61334634958AA0AC5A67E42055CFFA4F0FBADC56A1C39E060A,status\evidence\jhora_kaala_witness_20260727\case_127_sr_touch_start_kaala_bala_accessibility.txt,status\evidence\jhora_kaala_witness_20260727\case_127_sr_touch_start_kaala_bala_locked.jpg
GANN_JHORA_KAALA_WITNESS_COMPARATOR_V1,case_127_sr_touch_start,SATURN,ayana,29.750000000,2.220000000,133.110000000,0.010000000,Jagannatha Hora 8.0 locked visible Kaala Bala table; accessibility_sha256=CCEEDC44B38F4027ED781E902AFDE62C490C434253C41A2E742ADCC49B57D169; screenshot_sha256=00C966E54553EB61334634958AA0AC5A67E42055CFFA4F0FBADC56A1C39E060A,status\evidence\jhora_kaala_witness_20260727\case_127_sr_touch_start_kaala_bala_accessibility.txt,status\evidence\jhora_kaala_witness_20260727\case_127_sr_touch_start_kaala_bala_locked.jpg
GANN_JHORA_KAALA_WITNESS_COMPARATOR_V1,case_127_sr_touch_start,SATURN,yuddha,0.000000000,2.220000000,133.110000000,0.010000000,Jagannatha Hora 8.0 locked visible Kaala Bala table; accessibility_sha256=CCEEDC44B38F4027ED781E902AFDE62C490C434253C41A2E742ADCC49B57D169; screenshot_sha256=00C966E54553EB61334634958AA0AC5A67E42055CFFA4F0FBADC56A1C39E060A,status\evidence\jhora_kaala_witness_20260727\case_127_sr_touch_start_kaala_bala_accessibility.txt,status\evidence\jhora_kaala_witness_20260727\case_127_sr_touch_start_kaala_bala_locked.jpg
GANN_JHORA_KAALA_WITNESS_COMPARATOR_V1,case_43_event_start,SUN,total,146.200000000,2.440000000,146.200000000,0.000000000,Jagannatha Hora 8.0 locked visible Kaala Bala table; accessibility_sha256=5605E634B7CE9982B02292F1A32F327F9E1DF1F5042A3AC0928717AE838E0D90; screenshot_sha256=06A67499DEB4F6ABD92152EAEDFE8944A34E4791DACC3461FB501F4073313B47,status\evidence\jhora_kaala_witness_20260727\case_43_event_start_kaala_bala_accessibility.txt,status\evidence\jhora_kaala_witness_20260727\case_43_event_start_kaala_bala_locked.jpg
GANN_JHORA_KAALA_WITNESS_COMPARATOR_V1,case_43_event_start,SUN,nathonnatha,36.440000000,2.440000000,146.200000000,0.000000000,Jagannatha Hora 8.0 locked visible Kaala Bala table; accessibility_sha256=5605E634B7CE9982B02292F1A32F327F9E1DF1F5042A3AC0928717AE838E0D90; screenshot_sha256=06A67499DEB4F6ABD92152EAEDFE8944A34E4791DACC3461FB501F4073313B47,status\evidence\jhora_kaala_witness_20260727\case_43_event_start_kaala_bala_accessibility.txt,status\evidence\jhora_kaala_witness_20260727\case_43_event_start_kaala_bala_locked.jpg
GANN_JHORA_KAALA_WITNESS_COMPARATOR_V1,case_43_event_start,SUN,paksha,35.080000000,2.440000000,146.200000000,0.000000000,Jagannatha Hora 8.0 locked visible Kaala Bala table; accessibility_sha256=5605E634B7CE9982B02292F1A32F327F9E1DF1F5042A3AC0928717AE838E0D90; screenshot_sha256=06A67499DEB4F6ABD92152EAEDFE8944A34E4791DACC3461FB501F4073313B47,status\evidence\jhora_kaala_witness_20260727\case_43_event_start_kaala_bala_accessibility.txt,status\evidence\jhora_kaala_witness_20260727\case_43_event_start_kaala_bala_locked.jpg
GANN_JHORA_KAALA_WITNESS_COMPARATOR_V1,case_43_event_start,SUN,tribhaga,0.000000000,2.440000000,146.200000000,0.000000000,Jagannatha Hora 8.0 locked visible Kaala Bala table; accessibility_sha256=5605E634B7CE9982B02292F1A32F327F9E1DF1F5042A3AC0928717AE838E0D90; screenshot_sha256=06A67499DEB4F6ABD92152EAEDFE8944A34E4791DACC3461FB501F4073313B47,status\evidence\jhora_kaala_witness_20260727\case_43_event_start_kaala_bala_accessibility.txt,status\evidence\jhora_kaala_witness_20260727\case_43_event_start_kaala_bala_locked.jpg
GANN_JHORA_KAALA_WITNESS_COMPARATOR_V1,case_43_event_start,SUN,abda,0.000000000,2.440000000,146.200000000,0.000000000,Jagannatha Hora 8.0 locked visible Kaala Bala table; accessibility_sha256=5605E634B7CE9982B02292F1A32F327F9E1DF1F5042A3AC0928717AE838E0D90; screenshot_sha256=06A67499DEB4F6ABD92152EAEDFE8944A34E4791DACC3461FB501F4073313B47,status\evidence\jhora_kaala_witness_20260727\case_43_event_start_kaala_bala_accessibility.txt,status\evidence\jhora_kaala_witness_20260727\case_43_event_start_kaala_bala_locked.jpg
GANN_JHORA_KAALA_WITNESS_COMPARATOR_V1,case_43_event_start,SUN,masa,0.000000000,2.440000000,146.200000000,0.000000000,Jagannatha Hora 8.0 locked visible Kaala Bala table; accessibility_sha256=5605E634B7CE9982B02292F1A32F327F9E1DF1F5042A3AC0928717AE838E0D90; screenshot_sha256=06A67499DEB4F6ABD92152EAEDFE8944A34E4791DACC3461FB501F4073313B47,status\evidence\jhora_kaala_witness_20260727\case_43_event_start_kaala_bala_accessibility.txt,status\evidence\jhora_kaala_witness_20260727\case_43_event_start_kaala_bala_locked.jpg
GANN_JHORA_KAALA_WITNESS_COMPARATOR_V1,case_43_event_start,SUN,vara,0.000000000,2.440000000,146.200000000,0.000000000,Jagannatha Hora 8.0 locked visible Kaala Bala table; accessibility_sha256=5605E634B7CE9982B02292F1A32F327F9E1DF1F5042A3AC0928717AE838E0D90; screenshot_sha256=06A67499DEB4F6ABD92152EAEDFE8944A34E4791DACC3461FB501F4073313B47,status\evidence\jhora_kaala_witness_20260727\case_43_event_start_kaala_bala_accessibility.txt,status\evidence\jhora_kaala_witness_20260727\case_43_event_start_kaala_bala_locked.jpg
GANN_JHORA_KAALA_WITNESS_COMPARATOR_V1,case_43_event_start,SUN,hora,0.000000000,2.440000000,146.200000000,0.000000000,Jagannatha Hora 8.0 locked visible Kaala Bala table; accessibility_sha256=5605E634B7CE9982B02292F1A32F327F9E1DF1F5042A3AC0928717AE838E0D90; screenshot_sha256=06A67499DEB4F6ABD92152EAEDFE8944A34E4791DACC3461FB501F4073313B47,status\evidence\jhora_kaala_witness_20260727\case_43_event_start_kaala_bala_accessibility.txt,status\evidence\jhora_kaala_witness_20260727\case_43_event_start_kaala_bala_locked.jpg
GANN_JHORA_KAALA_WITNESS_COMPARATOR_V1,case_43_event_start,SUN,ayana,74.680000000,2.440000000,146.200000000,0.000000000,Jagannatha Hora 8.0 locked visible Kaala Bala table; accessibility_sha256=5605E634B7CE9982B02292F1A32F327F9E1DF1F5042A3AC0928717AE838E0D90; screenshot_sha256=06A67499DEB4F6ABD92152EAEDFE8944A34E4791DACC3461FB501F4073313B47,status\evidence\jhora_kaala_witness_20260727\case_43_event_start_kaala_bala_accessibility.txt,status\evidence\jhora_kaala_witness_20260727\case_43_event_start_kaala_bala_locked.jpg
GANN_JHORA_KAALA_WITNESS_COMPARATOR_V1,case_43_event_start,SUN,yuddha,0.000000000,2.440000000,146.200000000,0.000000000,Jagannatha Hora 8.0 locked visible Kaala Bala table; accessibility_sha256=5605E634B7CE9982B02292F1A32F327F9E1DF1F5042A3AC0928717AE838E0D90; screenshot_sha256=06A67499DEB4F6ABD92152EAEDFE8944A34E4791DACC3461FB501F4073313B47,status\evidence\jhora_kaala_witness_20260727\case_43_event_start_kaala_bala_accessibility.txt,status\evidence\jhora_kaala_witness_20260727\case_43_event_start_kaala_bala_locked.jpg
GANN_JHORA_KAALA_WITNESS_COMPARATOR_V1,case_43_event_start,MOON,total,108.760000000,1.810000000,108.760000000,0.000000000,Jagannatha Hora 8.0 locked visible Kaala Bala table; accessibility_sha256=5605E634B7CE9982B02292F1A32F327F9E1DF1F5042A3AC0928717AE838E0D90; screenshot_sha256=06A67499DEB4F6ABD92152EAEDFE8944A34E4791DACC3461FB501F4073313B47,status\evidence\jhora_kaala_witness_20260727\case_43_event_start_kaala_bala_accessibility.txt,status\evidence\jhora_kaala_witness_20260727\case_43_event_start_kaala_bala_locked.jpg
GANN_JHORA_KAALA_WITNESS_COMPARATOR_V1,case_43_event_start,MOON,nathonnatha,23.560000000,1.810000000,108.760000000,0.000000000,Jagannatha Hora 8.0 locked visible Kaala Bala table; accessibility_sha256=5605E634B7CE9982B02292F1A32F327F9E1DF1F5042A3AC0928717AE838E0D90; screenshot_sha256=06A67499DEB4F6ABD92152EAEDFE8944A34E4791DACC3461FB501F4073313B47,status\evidence\jhora_kaala_witness_20260727\case_43_event_start_kaala_bala_accessibility.txt,status\evidence\jhora_kaala_witness_20260727\case_43_event_start_kaala_bala_locked.jpg
GANN_JHORA_KAALA_WITNESS_COMPARATOR_V1,case_43_event_start,MOON,paksha,70.150000000,1.810000000,108.760000000,0.000000000,Jagannatha Hora 8.0 locked visible Kaala Bala table; accessibility_sha256=5605E634B7CE9982B02292F1A32F327F9E1DF1F5042A3AC0928717AE838E0D90; screenshot_sha256=06A67499DEB4F6ABD92152EAEDFE8944A34E4791DACC3461FB501F4073313B47,status\evidence\jhora_kaala_witness_20260727\case_43_event_start_kaala_bala_accessibility.txt,status\evidence\jhora_kaala_witness_20260727\case_43_event_start_kaala_bala_locked.jpg
GANN_JHORA_KAALA_WITNESS_COMPARATOR_V1,case_43_event_start,MOON,tribhaga,0.000000000,1.810000000,108.760000000,0.000000000,Jagannatha Hora 8.0 locked visible Kaala Bala table; accessibility_sha256=5605E634B7CE9982B02292F1A32F327F9E1DF1F5042A3AC0928717AE838E0D90; screenshot_sha256=06A67499DEB4F6ABD92152EAEDFE8944A34E4791DACC3461FB501F4073313B47,status\evidence\jhora_kaala_witness_20260727\case_43_event_start_kaala_bala_accessibility.txt,status\evidence\jhora_kaala_witness_20260727\case_43_event_start_kaala_bala_locked.jpg
GANN_JHORA_KAALA_WITNESS_COMPARATOR_V1,case_43_event_start,MOON,abda,15.000000000,1.810000000,108.760000000,0.000000000,Jagannatha Hora 8.0 locked visible Kaala Bala table; accessibility_sha256=5605E634B7CE9982B02292F1A32F327F9E1DF1F5042A3AC0928717AE838E0D90; screenshot_sha256=06A67499DEB4F6ABD92152EAEDFE8944A34E4791DACC3461FB501F4073313B47,status\evidence\jhora_kaala_witness_20260727\case_43_event_start_kaala_bala_accessibility.txt,status\evidence\jhora_kaala_witness_20260727\case_43_event_start_kaala_bala_locked.jpg
GANN_JHORA_KAALA_WITNESS_COMPARATOR_V1,case_43_event_start,MOON,masa,0.000000000,1.810000000,108.760000000,0.000000000,Jagannatha Hora 8.0 locked visible Kaala Bala table; accessibility_sha256=5605E634B7CE9982B02292F1A32F327F9E1DF1F5042A3AC0928717AE838E0D90; screenshot_sha256=06A67499DEB4F6ABD92152EAEDFE8944A34E4791DACC3461FB501F4073313B47,status\evidence\jhora_kaala_witness_20260727\case_43_event_start_kaala_bala_accessibility.txt,status\evidence\jhora_kaala_witness_20260727\case_43_event_start_kaala_bala_locked.jpg
GANN_JHORA_KAALA_WITNESS_COMPARATOR_V1,case_43_event_start,MOON,vara,0.000000000,1.810000000,108.760000000,0.000000000,Jagannatha Hora 8.0 locked visible Kaala Bala table; accessibility_sha256=5605E634B7CE9982B02292F1A32F327F9E1DF1F5042A3AC0928717AE838E0D90; screenshot_sha256=06A67499DEB4F6ABD92152EAEDFE8944A34E4791DACC3461FB501F4073313B47,status\evidence\jhora_kaala_witness_20260727\case_43_event_start_kaala_bala_accessibility.txt,status\evidence\jhora_kaala_witness_20260727\case_43_event_start_kaala_bala_locked.jpg
GANN_JHORA_KAALA_WITNESS_COMPARATOR_V1,case_43_event_start,MOON,hora,0.000000000,1.810000000,108.760000000,0.000000000,Jagannatha Hora 8.0 locked visible Kaala Bala table; accessibility_sha256=5605E634B7CE9982B02292F1A32F327F9E1DF1F5042A3AC0928717AE838E0D90; screenshot_sha256=06A67499DEB4F6ABD92152EAEDFE8944A34E4791DACC3461FB501F4073313B47,status\evidence\jhora_kaala_witness_20260727\case_43_event_start_kaala_bala_accessibility.txt,status\evidence\jhora_kaala_witness_20260727\case_43_event_start_kaala_bala_locked.jpg
GANN_JHORA_KAALA_WITNESS_COMPARATOR_V1,case_43_event_start,MOON,ayana,0.050000000,1.810000000,108.760000000,0.000000000,Jagannatha Hora 8.0 locked visible Kaala Bala table; accessibility_sha256=5605E634B7CE9982B02292F1A32F327F9E1DF1F5042A3AC0928717AE838E0D90; screenshot_sha256=06A67499DEB4F6ABD92152EAEDFE8944A34E4791DACC3461FB501F4073313B47,status\evidence\jhora_kaala_witness_20260727\case_43_event_start_kaala_bala_accessibility.txt,status\evidence\jhora_kaala_witness_20260727\case_43_event_start_kaala_bala_locked.jpg
GANN_JHORA_KAALA_WITNESS_COMPARATOR_V1,case_43_event_start,MOON,yuddha,0.000000000,1.810000000,108.760000000,0.000000000,Jagannatha Hora 8.0 locked visible Kaala Bala table; accessibility_sha256=5605E634B7CE9982B02292F1A32F327F9E1DF1F5042A3AC0928717AE838E0D90; screenshot_sha256=06A67499DEB4F6ABD92152EAEDFE8944A34E4791DACC3461FB501F4073313B47,status\evidence\jhora_kaala_witness_20260727\case_43_event_start_kaala_bala_accessibility.txt,status\evidence\jhora_kaala_witness_20260727\case_43_event_start_kaala_bala_locked.jpg
GANN_JHORA_KAALA_WITNESS_COMPARATOR_V1,case_43_event_start,MARS,total,115.510000000,1.930000000,115.510000000,0.000000000,Jagannatha Hora 8.0 locked visible Kaala Bala table; accessibility_sha256=5605E634B7CE9982B02292F1A32F327F9E1DF1F5042A3AC0928717AE838E0D90; screenshot_sha256=06A67499DEB4F6ABD92152EAEDFE8944A34E4791DACC3461FB501F4073313B47,status\evidence\jhora_kaala_witness_20260727\case_43_event_start_kaala_bala_accessibility.txt,status\evidence\jhora_kaala_witness_20260727\case_43_event_start_kaala_bala_locked.jpg
GANN_JHORA_KAALA_WITNESS_COMPARATOR_V1,case_43_event_start,MARS,nathonnatha,23.560000000,1.930000000,115.510000000,0.000000000,Jagannatha Hora 8.0 locked visible Kaala Bala table; accessibility_sha256=5605E634B7CE9982B02292F1A32F327F9E1DF1F5042A3AC0928717AE838E0D90; screenshot_sha256=06A67499DEB4F6ABD92152EAEDFE8944A34E4791DACC3461FB501F4073313B47,status\evidence\jhora_kaala_witness_20260727\case_43_event_start_kaala_bala_accessibility.txt,status\evidence\jhora_kaala_witness_20260727\case_43_event_start_kaala_bala_locked.jpg
GANN_JHORA_KAALA_WITNESS_COMPARATOR_V1,case_43_event_start,MARS,paksha,35.080000000,1.930000000,115.510000000,0.000000000,Jagannatha Hora 8.0 locked visible Kaala Bala table; accessibility_sha256=5605E634B7CE9982B02292F1A32F327F9E1DF1F5042A3AC0928717AE838E0D90; screenshot_sha256=06A67499DEB4F6ABD92152EAEDFE8944A34E4791DACC3461FB501F4073313B47,status\evidence\jhora_kaala_witness_20260727\case_43_event_start_kaala_bala_accessibility.txt,status\evidence\jhora_kaala_witness_20260727\case_43_event_start_kaala_bala_locked.jpg
GANN_JHORA_KAALA_WITNESS_COMPARATOR_V1,case_43_event_start,MARS,tribhaga,0.000000000,1.930000000,115.510000000,0.000000000,Jagannatha Hora 8.0 locked visible Kaala Bala table; accessibility_sha256=5605E634B7CE9982B02292F1A32F327F9E1DF1F5042A3AC0928717AE838E0D90; screenshot_sha256=06A67499DEB4F6ABD92152EAEDFE8944A34E4791DACC3461FB501F4073313B47,status\evidence\jhora_kaala_witness_20260727\case_43_event_start_kaala_bala_accessibility.txt,status\evidence\jhora_kaala_witness_20260727\case_43_event_start_kaala_bala_locked.jpg
GANN_JHORA_KAALA_WITNESS_COMPARATOR_V1,case_43_event_start,MARS,abda,0.000000000,1.930000000,115.510000000,0.000000000,Jagannatha Hora 8.0 locked visible Kaala Bala table; accessibility_sha256=5605E634B7CE9982B02292F1A32F327F9E1DF1F5042A3AC0928717AE838E0D90; screenshot_sha256=06A67499DEB4F6ABD92152EAEDFE8944A34E4791DACC3461FB501F4073313B47,status\evidence\jhora_kaala_witness_20260727\case_43_event_start_kaala_bala_accessibility.txt,status\evidence\jhora_kaala_witness_20260727\case_43_event_start_kaala_bala_locked.jpg
GANN_JHORA_KAALA_WITNESS_COMPARATOR_V1,case_43_event_start,MARS,masa,0.000000000,1.930000000,115.510000000,0.000000000,Jagannatha Hora 8.0 locked visible Kaala Bala table; accessibility_sha256=5605E634B7CE9982B02292F1A32F327F9E1DF1F5042A3AC0928717AE838E0D90; screenshot_sha256=06A67499DEB4F6ABD92152EAEDFE8944A34E4791DACC3461FB501F4073313B47,status\evidence\jhora_kaala_witness_20260727\case_43_event_start_kaala_bala_accessibility.txt,status\evidence\jhora_kaala_witness_20260727\case_43_event_start_kaala_bala_locked.jpg
GANN_JHORA_KAALA_WITNESS_COMPARATOR_V1,case_43_event_start,MARS,vara,0.000000000,1.930000000,115.510000000,0.000000000,Jagannatha Hora 8.0 locked visible Kaala Bala table; accessibility_sha256=5605E634B7CE9982B02292F1A32F327F9E1DF1F5042A3AC0928717AE838E0D90; screenshot_sha256=06A67499DEB4F6ABD92152EAEDFE8944A34E4791DACC3461FB501F4073313B47,status\evidence\jhora_kaala_witness_20260727\case_43_event_start_kaala_bala_accessibility.txt,status\evidence\jhora_kaala_witness_20260727\case_43_event_start_kaala_bala_locked.jpg
GANN_JHORA_KAALA_WITNESS_COMPARATOR_V1,case_43_event_start,MARS,hora,0.000000000,1.930000000,115.510000000,0.000000000,Jagannatha Hora 8.0 locked visible Kaala Bala table; accessibility_sha256=5605E634B7CE9982B02292F1A32F327F9E1DF1F5042A3AC0928717AE838E0D90; screenshot_sha256=06A67499DEB4F6ABD92152EAEDFE8944A34E4791DACC3461FB501F4073313B47,status\evidence\jhora_kaala_witness_20260727\case_43_event_start_kaala_bala_accessibility.txt,status\evidence\jhora_kaala_witness_20260727\case_43_event_start_kaala_bala_locked.jpg
GANN_JHORA_KAALA_WITNESS_COMPARATOR_V1,case_43_event_start,MARS,ayana,56.870000000,1.930000000,115.510000000,0.000000000,Jagannatha Hora 8.0 locked visible Kaala Bala table; accessibility_sha256=5605E634B7CE9982B02292F1A32F327F9E1DF1F5042A3AC0928717AE838E0D90; screenshot_sha256=06A67499DEB4F6ABD92152EAEDFE8944A34E4791DACC3461FB501F4073313B47,status\evidence\jhora_kaala_witness_20260727\case_43_event_start_kaala_bala_accessibility.txt,status\evidence\jhora_kaala_witness_20260727\case_43_event_start_kaala_bala_locked.jpg
GANN_JHORA_KAALA_WITNESS_COMPARATOR_V1,case_43_event_start,MARS,yuddha,0.000000000,1.930000000,115.510000000,0.000000000,Jagannatha Hora 8.0 locked visible Kaala Bala table; accessibility_sha256=5605E634B7CE9982B02292F1A32F327F9E1DF1F5042A3AC0928717AE838E0D90; screenshot_sha256=06A67499DEB4F6ABD92152EAEDFE8944A34E4791DACC3461FB501F4073313B47,status\evidence\jhora_kaala_witness_20260727\case_43_event_start_kaala_bala_accessibility.txt,status\evidence\jhora_kaala_witness_20260727\case_43_event_start_kaala_bala_locked.jpg
GANN_JHORA_KAALA_WITNESS_COMPARATOR_V1,case_43_event_start,MERCURY,total,186.260000000,3.100000000,186.260000000,0.000000000,Jagannatha Hora 8.0 locked visible Kaala Bala table; accessibility_sha256=5605E634B7CE9982B02292F1A32F327F9E1DF1F5042A3AC0928717AE838E0D90; screenshot_sha256=06A67499DEB4F6ABD92152EAEDFE8944A34E4791DACC3461FB501F4073313B47,status\evidence\jhora_kaala_witness_20260727\case_43_event_start_kaala_bala_accessibility.txt,status\evidence\jhora_kaala_witness_20260727\case_43_event_start_kaala_bala_locked.jpg
GANN_JHORA_KAALA_WITNESS_COMPARATOR_V1,case_43_event_start,MERCURY,nathonnatha,60.000000000,3.100000000,186.260000000,0.000000000,Jagannatha Hora 8.0 locked visible Kaala Bala table; accessibility_sha256=5605E634B7CE9982B02292F1A32F327F9E1DF1F5042A3AC0928717AE838E0D90; screenshot_sha256=06A67499DEB4F6ABD92152EAEDFE8944A34E4791DACC3461FB501F4073313B47,status\evidence\jhora_kaala_witness_20260727\case_43_event_start_kaala_bala_accessibility.txt,status\evidence\jhora_kaala_witness_20260727\case_43_event_start_kaala_bala_locked.jpg
GANN_JHORA_KAALA_WITNESS_COMPARATOR_V1,case_43_event_start,MERCURY,paksha,35.080000000,3.100000000,186.260000000,0.000000000,Jagannatha Hora 8.0 locked visible Kaala Bala table; accessibility_sha256=5605E634B7CE9982B02292F1A32F327F9E1DF1F5042A3AC0928717AE838E0D90; screenshot_sha256=06A67499DEB4F6ABD92152EAEDFE8944A34E4791DACC3461FB501F4073313B47,status\evidence\jhora_kaala_witness_20260727\case_43_event_start_kaala_bala_accessibility.txt,status\evidence\jhora_kaala_witness_20260727\case_43_event_start_kaala_bala_locked.jpg
GANN_JHORA_KAALA_WITNESS_COMPARATOR_V1,case_43_event_start,MERCURY,tribhaga,60.000000000,3.100000000,186.260000000,0.000000000,Jagannatha Hora 8.0 locked visible Kaala Bala table; accessibility_sha256=5605E634B7CE9982B02292F1A32F327F9E1DF1F5042A3AC0928717AE838E0D90; screenshot_sha256=06A67499DEB4F6ABD92152EAEDFE8944A34E4791DACC3461FB501F4073313B47,status\evidence\jhora_kaala_witness_20260727\case_43_event_start_kaala_bala_accessibility.txt,status\evidence\jhora_kaala_witness_20260727\case_43_event_start_kaala_bala_locked.jpg
GANN_JHORA_KAALA_WITNESS_COMPARATOR_V1,case_43_event_start,MERCURY,abda,0.000000000,3.100000000,186.260000000,0.000000000,Jagannatha Hora 8.0 locked visible Kaala Bala table; accessibility_sha256=5605E634B7CE9982B02292F1A32F327F9E1DF1F5042A3AC0928717AE838E0D90; screenshot_sha256=06A67499DEB4F6ABD92152EAEDFE8944A34E4791DACC3461FB501F4073313B47,status\evidence\jhora_kaala_witness_20260727\case_43_event_start_kaala_bala_accessibility.txt,status\evidence\jhora_kaala_witness_20260727\case_43_event_start_kaala_bala_locked.jpg
GANN_JHORA_KAALA_WITNESS_COMPARATOR_V1,case_43_event_start,MERCURY,masa,0.000000000,3.100000000,186.260000000,0.000000000,Jagannatha Hora 8.0 locked visible Kaala Bala table; accessibility_sha256=5605E634B7CE9982B02292F1A32F327F9E1DF1F5042A3AC0928717AE838E0D90; screenshot_sha256=06A67499DEB4F6ABD92152EAEDFE8944A34E4791DACC3461FB501F4073313B47,status\evidence\jhora_kaala_witness_20260727\case_43_event_start_kaala_bala_accessibility.txt,status\evidence\jhora_kaala_witness_20260727\case_43_event_start_kaala_bala_locked.jpg
GANN_JHORA_KAALA_WITNESS_COMPARATOR_V1,case_43_event_start,MERCURY,vara,0.000000000,3.100000000,186.260000000,0.000000000,Jagannatha Hora 8.0 locked visible Kaala Bala table; accessibility_sha256=5605E634B7CE9982B02292F1A32F327F9E1DF1F5042A3AC0928717AE838E0D90; screenshot_sha256=06A67499DEB4F6ABD92152EAEDFE8944A34E4791DACC3461FB501F4073313B47,status\evidence\jhora_kaala_witness_20260727\case_43_event_start_kaala_bala_accessibility.txt,status\evidence\jhora_kaala_witness_20260727\case_43_event_start_kaala_bala_locked.jpg
GANN_JHORA_KAALA_WITNESS_COMPARATOR_V1,case_43_event_start,MERCURY,hora,0.000000000,3.100000000,186.260000000,0.000000000,Jagannatha Hora 8.0 locked visible Kaala Bala table; accessibility_sha256=5605E634B7CE9982B02292F1A32F327F9E1DF1F5042A3AC0928717AE838E0D90; screenshot_sha256=06A67499DEB4F6ABD92152EAEDFE8944A34E4791DACC3461FB501F4073313B47,status\evidence\jhora_kaala_witness_20260727\case_43_event_start_kaala_bala_accessibility.txt,status\evidence\jhora_kaala_witness_20260727\case_43_event_start_kaala_bala_locked.jpg
GANN_JHORA_KAALA_WITNESS_COMPARATOR_V1,case_43_event_start,MERCURY,ayana,31.180000000,3.100000000,186.260000000,0.000000000,Jagannatha Hora 8.0 locked visible Kaala Bala table; accessibility_sha256=5605E634B7CE9982B02292F1A32F327F9E1DF1F5042A3AC0928717AE838E0D90; screenshot_sha256=06A67499DEB4F6ABD92152EAEDFE8944A34E4791DACC3461FB501F4073313B47,status\evidence\jhora_kaala_witness_20260727\case_43_event_start_kaala_bala_accessibility.txt,status\evidence\jhora_kaala_witness_20260727\case_43_event_start_kaala_bala_locked.jpg
GANN_JHORA_KAALA_WITNESS_COMPARATOR_V1,case_43_event_start,MERCURY,yuddha,0.000000000,3.100000000,186.260000000,0.000000000,Jagannatha Hora 8.0 locked visible Kaala Bala table; accessibility_sha256=5605E634B7CE9982B02292F1A32F327F9E1DF1F5042A3AC0928717AE838E0D90; screenshot_sha256=06A67499DEB4F6ABD92152EAEDFE8944A34E4791DACC3461FB501F4073313B47,status\evidence\jhora_kaala_witness_20260727\case_43_event_start_kaala_bala_accessibility.txt,status\evidence\jhora_kaala_witness_20260727\case_43_event_start_kaala_bala_locked.jpg
GANN_JHORA_KAALA_WITNESS_COMPARATOR_V1,case_43_event_start,JUPITER,total,180.400000000,3.010000000,180.400000000,0.000000000,Jagannatha Hora 8.0 locked visible Kaala Bala table; accessibility_sha256=5605E634B7CE9982B02292F1A32F327F9E1DF1F5042A3AC0928717AE838E0D90; screenshot_sha256=06A67499DEB4F6ABD92152EAEDFE8944A34E4791DACC3461FB501F4073313B47,status\evidence\jhora_kaala_witness_20260727\case_43_event_start_kaala_bala_accessibility.txt,status\evidence\jhora_kaala_witness_20260727\case_43_event_start_kaala_bala_locked.jpg
GANN_JHORA_KAALA_WITNESS_COMPARATOR_V1,case_43_event_start,JUPITER,nathonnatha,36.440000000,3.010000000,180.400000000,0.000000000,Jagannatha Hora 8.0 locked visible Kaala Bala table; accessibility_sha256=5605E634B7CE9982B02292F1A32F327F9E1DF1F5042A3AC0928717AE838E0D90; screenshot_sha256=06A67499DEB4F6ABD92152EAEDFE8944A34E4791DACC3461FB501F4073313B47,status\evidence\jhora_kaala_witness_20260727\case_43_event_start_kaala_bala_accessibility.txt,status\evidence\jhora_kaala_witness_20260727\case_43_event_start_kaala_bala_locked.jpg
GANN_JHORA_KAALA_WITNESS_COMPARATOR_V1,case_43_event_start,JUPITER,paksha,24.920000000,3.010000000,180.400000000,0.000000000,Jagannatha Hora 8.0 locked visible Kaala Bala table; accessibility_sha256=5605E634B7CE9982B02292F1A32F327F9E1DF1F5042A3AC0928717AE838E0D90; screenshot_sha256=06A67499DEB4F6ABD92152EAEDFE8944A34E4791DACC3461FB501F4073313B47,status\evidence\jhora_kaala_witness_20260727\case_43_event_start_kaala_bala_accessibility.txt,status\evidence\jhora_kaala_witness_20260727\case_43_event_start_kaala_bala_locked.jpg
GANN_JHORA_KAALA_WITNESS_COMPARATOR_V1,case_43_event_start,JUPITER,tribhaga,60.000000000,3.010000000,180.400000000,0.000000000,Jagannatha Hora 8.0 locked visible Kaala Bala table; accessibility_sha256=5605E634B7CE9982B02292F1A32F327F9E1DF1F5042A3AC0928717AE838E0D90; screenshot_sha256=06A67499DEB4F6ABD92152EAEDFE8944A34E4791DACC3461FB501F4073313B47,status\evidence\jhora_kaala_witness_20260727\case_43_event_start_kaala_bala_accessibility.txt,status\evidence\jhora_kaala_witness_20260727\case_43_event_start_kaala_bala_locked.jpg
GANN_JHORA_KAALA_WITNESS_COMPARATOR_V1,case_43_event_start,JUPITER,abda,0.000000000,3.010000000,180.400000000,0.000000000,Jagannatha Hora 8.0 locked visible Kaala Bala table; accessibility_sha256=5605E634B7CE9982B02292F1A32F327F9E1DF1F5042A3AC0928717AE838E0D90; screenshot_sha256=06A67499DEB4F6ABD92152EAEDFE8944A34E4791DACC3461FB501F4073313B47,status\evidence\jhora_kaala_witness_20260727\case_43_event_start_kaala_bala_accessibility.txt,status\evidence\jhora_kaala_witness_20260727\case_43_event_start_kaala_bala_locked.jpg
GANN_JHORA_KAALA_WITNESS_COMPARATOR_V1,case_43_event_start,JUPITER,masa,0.000000000,3.010000000,180.400000000,0.000000000,Jagannatha Hora 8.0 locked visible Kaala Bala table; accessibility_sha256=5605E634B7CE9982B02292F1A32F327F9E1DF1F5042A3AC0928717AE838E0D90; screenshot_sha256=06A67499DEB4F6ABD92152EAEDFE8944A34E4791DACC3461FB501F4073313B47,status\evidence\jhora_kaala_witness_20260727\case_43_event_start_kaala_bala_accessibility.txt,status\evidence\jhora_kaala_witness_20260727\case_43_event_start_kaala_bala_locked.jpg
GANN_JHORA_KAALA_WITNESS_COMPARATOR_V1,case_43_event_start,JUPITER,vara,0.000000000,3.010000000,180.400000000,0.000000000,Jagannatha Hora 8.0 locked visible Kaala Bala table; accessibility_sha256=5605E634B7CE9982B02292F1A32F327F9E1DF1F5042A3AC0928717AE838E0D90; screenshot_sha256=06A67499DEB4F6ABD92152EAEDFE8944A34E4791DACC3461FB501F4073313B47,status\evidence\jhora_kaala_witness_20260727\case_43_event_start_kaala_bala_accessibility.txt,status\evidence\jhora_kaala_witness_20260727\case_43_event_start_kaala_bala_locked.jpg
GANN_JHORA_KAALA_WITNESS_COMPARATOR_V1,case_43_event_start,JUPITER,hora,0.000000000,3.010000000,180.400000000,0.000000000,Jagannatha Hora 8.0 locked visible Kaala Bala table; accessibility_sha256=5605E634B7CE9982B02292F1A32F327F9E1DF1F5042A3AC0928717AE838E0D90; screenshot_sha256=06A67499DEB4F6ABD92152EAEDFE8944A34E4791DACC3461FB501F4073313B47,status\evidence\jhora_kaala_witness_20260727\case_43_event_start_kaala_bala_accessibility.txt,status\evidence\jhora_kaala_witness_20260727\case_43_event_start_kaala_bala_locked.jpg
GANN_JHORA_KAALA_WITNESS_COMPARATOR_V1,case_43_event_start,JUPITER,ayana,59.040000000,3.010000000,180.400000000,0.000000000,Jagannatha Hora 8.0 locked visible Kaala Bala table; accessibility_sha256=5605E634B7CE9982B02292F1A32F327F9E1DF1F5042A3AC0928717AE838E0D90; screenshot_sha256=06A67499DEB4F6ABD92152EAEDFE8944A34E4791DACC3461FB501F4073313B47,status\evidence\jhora_kaala_witness_20260727\case_43_event_start_kaala_bala_accessibility.txt,status\evidence\jhora_kaala_witness_20260727\case_43_event_start_kaala_bala_locked.jpg
GANN_JHORA_KAALA_WITNESS_COMPARATOR_V1,case_43_event_start,JUPITER,yuddha,0.000000000,3.010000000,180.400000000,0.000000000,Jagannatha Hora 8.0 locked visible Kaala Bala table; accessibility_sha256=5605E634B7CE9982B02292F1A32F327F9E1DF1F5042A3AC0928717AE838E0D90; screenshot_sha256=06A67499DEB4F6ABD92152EAEDFE8944A34E4791DACC3461FB501F4073313B47,status\evidence\jhora_kaala_witness_20260727\case_43_event_start_kaala_bala_accessibility.txt,status\evidence\jhora_kaala_witness_20260727\case_43_event_start_kaala_bala_locked.jpg
GANN_JHORA_KAALA_WITNESS_COMPARATOR_V1,case_43_event_start,VENUS,total,224.630000000,3.740000000,224.630000000,0.000000000,Jagannatha Hora 8.0 locked visible Kaala Bala table; accessibility_sha256=5605E634B7CE9982B02292F1A32F327F9E1DF1F5042A3AC0928717AE838E0D90; screenshot_sha256=06A67499DEB4F6ABD92152EAEDFE8944A34E4791DACC3461FB501F4073313B47,status\evidence\jhora_kaala_witness_20260727\case_43_event_start_kaala_bala_accessibility.txt,status\evidence\jhora_kaala_witness_20260727\case_43_event_start_kaala_bala_locked.jpg
GANN_JHORA_KAALA_WITNESS_COMPARATOR_V1,case_43_event_start,VENUS,nathonnatha,36.440000000,3.740000000,224.630000000,0.000000000,Jagannatha Hora 8.0 locked visible Kaala Bala table; accessibility_sha256=5605E634B7CE9982B02292F1A32F327F9E1DF1F5042A3AC0928717AE838E0D90; screenshot_sha256=06A67499DEB4F6ABD92152EAEDFE8944A34E4791DACC3461FB501F4073313B47,status\evidence\jhora_kaala_witness_20260727\case_43_event_start_kaala_bala_accessibility.txt,status\evidence\jhora_kaala_witness_20260727\case_43_event_start_kaala_bala_locked.jpg
GANN_JHORA_KAALA_WITNESS_COMPARATOR_V1,case_43_event_start,VENUS,paksha,24.920000000,3.740000000,224.630000000,0.000000000,Jagannatha Hora 8.0 locked visible Kaala Bala table; accessibility_sha256=5605E634B7CE9982B02292F1A32F327F9E1DF1F5042A3AC0928717AE838E0D90; screenshot_sha256=06A67499DEB4F6ABD92152EAEDFE8944A34E4791DACC3461FB501F4073313B47,status\evidence\jhora_kaala_witness_20260727\case_43_event_start_kaala_bala_accessibility.txt,status\evidence\jhora_kaala_witness_20260727\case_43_event_start_kaala_bala_locked.jpg
GANN_JHORA_KAALA_WITNESS_COMPARATOR_V1,case_43_event_start,VENUS,tribhaga,0.000000000,3.740000000,224.630000000,0.000000000,Jagannatha Hora 8.0 locked visible Kaala Bala table; accessibility_sha256=5605E634B7CE9982B02292F1A32F327F9E1DF1F5042A3AC0928717AE838E0D90; screenshot_sha256=06A67499DEB4F6ABD92152EAEDFE8944A34E4791DACC3461FB501F4073313B47,status\evidence\jhora_kaala_witness_20260727\case_43_event_start_kaala_bala_accessibility.txt,status\evidence\jhora_kaala_witness_20260727\case_43_event_start_kaala_bala_locked.jpg
GANN_JHORA_KAALA_WITNESS_COMPARATOR_V1,case_43_event_start,VENUS,abda,0.000000000,3.740000000,224.630000000,0.000000000,Jagannatha Hora 8.0 locked visible Kaala Bala table; accessibility_sha256=5605E634B7CE9982B02292F1A32F327F9E1DF1F5042A3AC0928717AE838E0D90; screenshot_sha256=06A67499DEB4F6ABD92152EAEDFE8944A34E4791DACC3461FB501F4073313B47,status\evidence\jhora_kaala_witness_20260727\case_43_event_start_kaala_bala_accessibility.txt,status\evidence\jhora_kaala_witness_20260727\case_43_event_start_kaala_bala_locked.jpg
GANN_JHORA_KAALA_WITNESS_COMPARATOR_V1,case_43_event_start,VENUS,masa,30.000000000,3.740000000,224.630000000,0.000000000,Jagannatha Hora 8.0 locked visible Kaala Bala table; accessibility_sha256=5605E634B7CE9982B02292F1A32F327F9E1DF1F5042A3AC0928717AE838E0D90; screenshot_sha256=06A67499DEB4F6ABD92152EAEDFE8944A34E4791DACC3461FB501F4073313B47,status\evidence\jhora_kaala_witness_20260727\case_43_event_start_kaala_bala_accessibility.txt,status\evidence\jhora_kaala_witness_20260727\case_43_event_start_kaala_bala_locked.jpg
GANN_JHORA_KAALA_WITNESS_COMPARATOR_V1,case_43_event_start,VENUS,vara,45.000000000,3.740000000,224.630000000,0.000000000,Jagannatha Hora 8.0 locked visible Kaala Bala table; accessibility_sha256=5605E634B7CE9982B02292F1A32F327F9E1DF1F5042A3AC0928717AE838E0D90; screenshot_sha256=06A67499DEB4F6ABD92152EAEDFE8944A34E4791DACC3461FB501F4073313B47,status\evidence\jhora_kaala_witness_20260727\case_43_event_start_kaala_bala_accessibility.txt,status\evidence\jhora_kaala_witness_20260727\case_43_event_start_kaala_bala_locked.jpg
GANN_JHORA_KAALA_WITNESS_COMPARATOR_V1,case_43_event_start,VENUS,hora,60.000000000,3.740000000,224.630000000,0.000000000,Jagannatha Hora 8.0 locked visible Kaala Bala table; accessibility_sha256=5605E634B7CE9982B02292F1A32F327F9E1DF1F5042A3AC0928717AE838E0D90; screenshot_sha256=06A67499DEB4F6ABD92152EAEDFE8944A34E4791DACC3461FB501F4073313B47,status\evidence\jhora_kaala_witness_20260727\case_43_event_start_kaala_bala_accessibility.txt,status\evidence\jhora_kaala_witness_20260727\case_43_event_start_kaala_bala_locked.jpg
GANN_JHORA_KAALA_WITNESS_COMPARATOR_V1,case_43_event_start,VENUS,ayana,28.270000000,3.740000000,224.630000000,0.000000000,Jagannatha Hora 8.0 locked visible Kaala Bala table; accessibility_sha256=5605E634B7CE9982B02292F1A32F327F9E1DF1F5042A3AC0928717AE838E0D90; screenshot_sha256=06A67499DEB4F6ABD92152EAEDFE8944A34E4791DACC3461FB501F4073313B47,status\evidence\jhora_kaala_witness_20260727\case_43_event_start_kaala_bala_accessibility.txt,status\evidence\jhora_kaala_witness_20260727\case_43_event_start_kaala_bala_locked.jpg
GANN_JHORA_KAALA_WITNESS_COMPARATOR_V1,case_43_event_start,VENUS,yuddha,0.000000000,3.740000000,224.630000000,0.000000000,Jagannatha Hora 8.0 locked visible Kaala Bala table; accessibility_sha256=5605E634B7CE9982B02292F1A32F327F9E1DF1F5042A3AC0928717AE838E0D90; screenshot_sha256=06A67499DEB4F6ABD92152EAEDFE8944A34E4791DACC3461FB501F4073313B47,status\evidence\jhora_kaala_witness_20260727\case_43_event_start_kaala_bala_accessibility.txt,status\evidence\jhora_kaala_witness_20260727\case_43_event_start_kaala_bala_locked.jpg
GANN_JHORA_KAALA_WITNESS_COMPARATOR_V1,case_43_event_start,SATURN,total,91.110000000,1.520000000,91.120000000,-0.010000000,Jagannatha Hora 8.0 locked visible Kaala Bala table; accessibility_sha256=5605E634B7CE9982B02292F1A32F327F9E1DF1F5042A3AC0928717AE838E0D90; screenshot_sha256=06A67499DEB4F6ABD92152EAEDFE8944A34E4791DACC3461FB501F4073313B47,status\evidence\jhora_kaala_witness_20260727\case_43_event_start_kaala_bala_accessibility.txt,status\evidence\jhora_kaala_witness_20260727\case_43_event_start_kaala_bala_locked.jpg
GANN_JHORA_KAALA_WITNESS_COMPARATOR_V1,case_43_event_start,SATURN,nathonnatha,23.560000000,1.520000000,91.120000000,-0.010000000,Jagannatha Hora 8.0 locked visible Kaala Bala table; accessibility_sha256=5605E634B7CE9982B02292F1A32F327F9E1DF1F5042A3AC0928717AE838E0D90; screenshot_sha256=06A67499DEB4F6ABD92152EAEDFE8944A34E4791DACC3461FB501F4073313B47,status\evidence\jhora_kaala_witness_20260727\case_43_event_start_kaala_bala_accessibility.txt,status\evidence\jhora_kaala_witness_20260727\case_43_event_start_kaala_bala_locked.jpg
GANN_JHORA_KAALA_WITNESS_COMPARATOR_V1,case_43_event_start,SATURN,paksha,35.080000000,1.520000000,91.120000000,-0.010000000,Jagannatha Hora 8.0 locked visible Kaala Bala table; accessibility_sha256=5605E634B7CE9982B02292F1A32F327F9E1DF1F5042A3AC0928717AE838E0D90; screenshot_sha256=06A67499DEB4F6ABD92152EAEDFE8944A34E4791DACC3461FB501F4073313B47,status\evidence\jhora_kaala_witness_20260727\case_43_event_start_kaala_bala_accessibility.txt,status\evidence\jhora_kaala_witness_20260727\case_43_event_start_kaala_bala_locked.jpg
GANN_JHORA_KAALA_WITNESS_COMPARATOR_V1,case_43_event_start,SATURN,tribhaga,0.000000000,1.520000000,91.120000000,-0.010000000,Jagannatha Hora 8.0 locked visible Kaala Bala table; accessibility_sha256=5605E634B7CE9982B02292F1A32F327F9E1DF1F5042A3AC0928717AE838E0D90; screenshot_sha256=06A67499DEB4F6ABD92152EAEDFE8944A34E4791DACC3461FB501F4073313B47,status\evidence\jhora_kaala_witness_20260727\case_43_event_start_kaala_bala_accessibility.txt,status\evidence\jhora_kaala_witness_20260727\case_43_event_start_kaala_bala_locked.jpg
GANN_JHORA_KAALA_WITNESS_COMPARATOR_V1,case_43_event_start,SATURN,abda,0.000000000,1.520000000,91.120000000,-0.010000000,Jagannatha Hora 8.0 locked visible Kaala Bala table; accessibility_sha256=5605E634B7CE9982B02292F1A32F327F9E1DF1F5042A3AC0928717AE838E0D90; screenshot_sha256=06A67499DEB4F6ABD92152EAEDFE8944A34E4791DACC3461FB501F4073313B47,status\evidence\jhora_kaala_witness_20260727\case_43_event_start_kaala_bala_accessibility.txt,status\evidence\jhora_kaala_witness_20260727\case_43_event_start_kaala_bala_locked.jpg
GANN_JHORA_KAALA_WITNESS_COMPARATOR_V1,case_43_event_start,SATURN,masa,0.000000000,1.520000000,91.120000000,-0.010000000,Jagannatha Hora 8.0 locked visible Kaala Bala table; accessibility_sha256=5605E634B7CE9982B02292F1A32F327F9E1DF1F5042A3AC0928717AE838E0D90; screenshot_sha256=06A67499DEB4F6ABD92152EAEDFE8944A34E4791DACC3461FB501F4073313B47,status\evidence\jhora_kaala_witness_20260727\case_43_event_start_kaala_bala_accessibility.txt,status\evidence\jhora_kaala_witness_20260727\case_43_event_start_kaala_bala_locked.jpg
GANN_JHORA_KAALA_WITNESS_COMPARATOR_V1,case_43_event_start,SATURN,vara,0.000000000,1.520000000,91.120000000,-0.010000000,Jagannatha Hora 8.0 locked visible Kaala Bala table; accessibility_sha256=5605E634B7CE9982B02292F1A32F327F9E1DF1F5042A3AC0928717AE838E0D90; screenshot_sha256=06A67499DEB4F6ABD92152EAEDFE8944A34E4791DACC3461FB501F4073313B47,status\evidence\jhora_kaala_witness_20260727\case_43_event_start_kaala_bala_accessibility.txt,status\evidence\jhora_kaala_witness_20260727\case_43_event_start_kaala_bala_locked.jpg
GANN_JHORA_KAALA_WITNESS_COMPARATOR_V1,case_43_event_start,SATURN,hora,0.000000000,1.520000000,91.120000000,-0.010000000,Jagannatha Hora 8.0 locked visible Kaala Bala table; accessibility_sha256=5605E634B7CE9982B02292F1A32F327F9E1DF1F5042A3AC0928717AE838E0D90; screenshot_sha256=06A67499DEB4F6ABD92152EAEDFE8944A34E4791DACC3461FB501F4073313B47,status\evidence\jhora_kaala_witness_20260727\case_43_event_start_kaala_bala_accessibility.txt,status\evidence\jhora_kaala_witness_20260727\case_43_event_start_kaala_bala_locked.jpg
GANN_JHORA_KAALA_WITNESS_COMPARATOR_V1,case_43_event_start,SATURN,ayana,32.480000000,1.520000000,91.120000000,-0.010000000,Jagannatha Hora 8.0 locked visible Kaala Bala table; accessibility_sha256=5605E634B7CE9982B02292F1A32F327F9E1DF1F5042A3AC0928717AE838E0D90; screenshot_sha256=06A67499DEB4F6ABD92152EAEDFE8944A34E4791DACC3461FB501F4073313B47,status\evidence\jhora_kaala_witness_20260727\case_43_event_start_kaala_bala_accessibility.txt,status\evidence\jhora_kaala_witness_20260727\case_43_event_start_kaala_bala_locked.jpg
GANN_JHORA_KAALA_WITNESS_COMPARATOR_V1,case_43_event_start,SATURN,yuddha,0.000000000,1.520000000,91.120000000,-0.010000000,Jagannatha Hora 8.0 locked visible Kaala Bala table; accessibility_sha256=5605E634B7CE9982B02292F1A32F327F9E1DF1F5042A3AC0928717AE838E0D90; screenshot_sha256=06A67499DEB4F6ABD92152EAEDFE8944A34E4791DACC3461FB501F4073313B47,status\evidence\jhora_kaala_witness_20260727\case_43_event_start_kaala_bala_accessibility.txt,status\evidence\jhora_kaala_witness_20260727\case_43_event_start_kaala_bala_locked.jpg
GANN_JHORA_KAALA_WITNESS_COMPARATOR_V1,case_8_event_start,SUN,total,80.130000000,1.340000000,80.130000000,0.000000000,Jagannatha Hora 8.0 locked visible Kaala Bala table; accessibility_sha256=C4829A82A1E46862FA44C5AF94A67602B1827ADA9259B581A1CBA5626D30F236; screenshot_sha256=260E42ADF714ECF0078FFBD72B66D97A34AA950A41B08E05B4FB836568F14146,status\evidence\jhora_kaala_witness_20260727\case_8_event_start_kaala_bala_accessibility.txt,status\evidence\jhora_kaala_witness_20260727\case_8_event_start_kaala_bala_locked.jpg
GANN_JHORA_KAALA_WITNESS_COMPARATOR_V1,case_8_event_start,SUN,nathonnatha,6.540000000,1.340000000,80.130000000,0.000000000,Jagannatha Hora 8.0 locked visible Kaala Bala table; accessibility_sha256=C4829A82A1E46862FA44C5AF94A67602B1827ADA9259B581A1CBA5626D30F236; screenshot_sha256=260E42ADF714ECF0078FFBD72B66D97A34AA950A41B08E05B4FB836568F14146,status\evidence\jhora_kaala_witness_20260727\case_8_event_start_kaala_bala_accessibility.txt,status\evidence\jhora_kaala_witness_20260727\case_8_event_start_kaala_bala_locked.jpg
GANN_JHORA_KAALA_WITNESS_COMPARATOR_V1,case_8_event_start,SUN,paksha,26.160000000,1.340000000,80.130000000,0.000000000,Jagannatha Hora 8.0 locked visible Kaala Bala table; accessibility_sha256=C4829A82A1E46862FA44C5AF94A67602B1827ADA9259B581A1CBA5626D30F236; screenshot_sha256=260E42ADF714ECF0078FFBD72B66D97A34AA950A41B08E05B4FB836568F14146,status\evidence\jhora_kaala_witness_20260727\case_8_event_start_kaala_bala_accessibility.txt,status\evidence\jhora_kaala_witness_20260727\case_8_event_start_kaala_bala_locked.jpg
GANN_JHORA_KAALA_WITNESS_COMPARATOR_V1,case_8_event_start,SUN,tribhaga,0.000000000,1.340000000,80.130000000,0.000000000,Jagannatha Hora 8.0 locked visible Kaala Bala table; accessibility_sha256=C4829A82A1E46862FA44C5AF94A67602B1827ADA9259B581A1CBA5626D30F236; screenshot_sha256=260E42ADF714ECF0078FFBD72B66D97A34AA950A41B08E05B4FB836568F14146,status\evidence\jhora_kaala_witness_20260727\case_8_event_start_kaala_bala_accessibility.txt,status\evidence\jhora_kaala_witness_20260727\case_8_event_start_kaala_bala_locked.jpg
GANN_JHORA_KAALA_WITNESS_COMPARATOR_V1,case_8_event_start,SUN,abda,0.000000000,1.340000000,80.130000000,0.000000000,Jagannatha Hora 8.0 locked visible Kaala Bala table; accessibility_sha256=C4829A82A1E46862FA44C5AF94A67602B1827ADA9259B581A1CBA5626D30F236; screenshot_sha256=260E42ADF714ECF0078FFBD72B66D97A34AA950A41B08E05B4FB836568F14146,status\evidence\jhora_kaala_witness_20260727\case_8_event_start_kaala_bala_accessibility.txt,status\evidence\jhora_kaala_witness_20260727\case_8_event_start_kaala_bala_locked.jpg
GANN_JHORA_KAALA_WITNESS_COMPARATOR_V1,case_8_event_start,SUN,masa,0.000000000,1.340000000,80.130000000,0.000000000,Jagannatha Hora 8.0 locked visible Kaala Bala table; accessibility_sha256=C4829A82A1E46862FA44C5AF94A67602B1827ADA9259B581A1CBA5626D30F236; screenshot_sha256=260E42ADF714ECF0078FFBD72B66D97A34AA950A41B08E05B4FB836568F14146,status\evidence\jhora_kaala_witness_20260727\case_8_event_start_kaala_bala_accessibility.txt,status\evidence\jhora_kaala_witness_20260727\case_8_event_start_kaala_bala_locked.jpg
GANN_JHORA_KAALA_WITNESS_COMPARATOR_V1,case_8_event_start,SUN,vara,0.000000000,1.340000000,80.130000000,0.000000000,Jagannatha Hora 8.0 locked visible Kaala Bala table; accessibility_sha256=C4829A82A1E46862FA44C5AF94A67602B1827ADA9259B581A1CBA5626D30F236; screenshot_sha256=260E42ADF714ECF0078FFBD72B66D97A34AA950A41B08E05B4FB836568F14146,status\evidence\jhora_kaala_witness_20260727\case_8_event_start_kaala_bala_accessibility.txt,status\evidence\jhora_kaala_witness_20260727\case_8_event_start_kaala_bala_locked.jpg
GANN_JHORA_KAALA_WITNESS_COMPARATOR_V1,case_8_event_start,SUN,hora,0.000000000,1.340000000,80.130000000,0.000000000,Jagannatha Hora 8.0 locked visible Kaala Bala table; accessibility_sha256=C4829A82A1E46862FA44C5AF94A67602B1827ADA9259B581A1CBA5626D30F236; screenshot_sha256=260E42ADF714ECF0078FFBD72B66D97A34AA950A41B08E05B4FB836568F14146,status\evidence\jhora_kaala_witness_20260727\case_8_event_start_kaala_bala_accessibility.txt,status\evidence\jhora_kaala_witness_20260727\case_8_event_start_kaala_bala_locked.jpg
GANN_JHORA_KAALA_WITNESS_COMPARATOR_V1,case_8_event_start,SUN,ayana,47.430000000,1.340000000,80.130000000,0.000000000,Jagannatha Hora 8.0 locked visible Kaala Bala table; accessibility_sha256=C4829A82A1E46862FA44C5AF94A67602B1827ADA9259B581A1CBA5626D30F236; screenshot_sha256=260E42ADF714ECF0078FFBD72B66D97A34AA950A41B08E05B4FB836568F14146,status\evidence\jhora_kaala_witness_20260727\case_8_event_start_kaala_bala_accessibility.txt,status\evidence\jhora_kaala_witness_20260727\case_8_event_start_kaala_bala_locked.jpg
GANN_JHORA_KAALA_WITNESS_COMPARATOR_V1,case_8_event_start,SUN,yuddha,0.000000000,1.340000000,80.130000000,0.000000000,Jagannatha Hora 8.0 locked visible Kaala Bala table; accessibility_sha256=C4829A82A1E46862FA44C5AF94A67602B1827ADA9259B581A1CBA5626D30F236; screenshot_sha256=260E42ADF714ECF0078FFBD72B66D97A34AA950A41B08E05B4FB836568F14146,status\evidence\jhora_kaala_witness_20260727\case_8_event_start_kaala_bala_accessibility.txt,status\evidence\jhora_kaala_witness_20260727\case_8_event_start_kaala_bala_locked.jpg
GANN_JHORA_KAALA_WITNESS_COMPARATOR_V1,case_8_event_start,MOON,total,136.210000000,2.270000000,136.220000000,-0.010000000,Jagannatha Hora 8.0 locked visible Kaala Bala table; accessibility_sha256=C4829A82A1E46862FA44C5AF94A67602B1827ADA9259B581A1CBA5626D30F236; screenshot_sha256=260E42ADF714ECF0078FFBD72B66D97A34AA950A41B08E05B4FB836568F14146,status\evidence\jhora_kaala_witness_20260727\case_8_event_start_kaala_bala_accessibility.txt,status\evidence\jhora_kaala_witness_20260727\case_8_event_start_kaala_bala_locked.jpg
GANN_JHORA_KAALA_WITNESS_COMPARATOR_V1,case_8_event_start,MOON,nathonnatha,53.460000000,2.270000000,136.220000000,-0.010000000,Jagannatha Hora 8.0 locked visible Kaala Bala table; accessibility_sha256=C4829A82A1E46862FA44C5AF94A67602B1827ADA9259B581A1CBA5626D30F236; screenshot_sha256=260E42ADF714ECF0078FFBD72B66D97A34AA950A41B08E05B4FB836568F14146,status\evidence\jhora_kaala_witness_20260727\case_8_event_start_kaala_bala_accessibility.txt,status\evidence\jhora_kaala_witness_20260727\case_8_event_start_kaala_bala_locked.jpg
GANN_JHORA_KAALA_WITNESS_COMPARATOR_V1,case_8_event_start,MOON,paksha,67.690000000,2.270000000,136.220000000,-0.010000000,Jagannatha Hora 8.0 locked visible Kaala Bala table; accessibility_sha256=C4829A82A1E46862FA44C5AF94A67602B1827ADA9259B581A1CBA5626D30F236; screenshot_sha256=260E42ADF714ECF0078FFBD72B66D97A34AA950A41B08E05B4FB836568F14146,status\evidence\jhora_kaala_witness_20260727\case_8_event_start_kaala_bala_accessibility.txt,status\evidence\jhora_kaala_witness_20260727\case_8_event_start_kaala_bala_locked.jpg
GANN_JHORA_KAALA_WITNESS_COMPARATOR_V1,case_8_event_start,MOON,tribhaga,0.000000000,2.270000000,136.220000000,-0.010000000,Jagannatha Hora 8.0 locked visible Kaala Bala table; accessibility_sha256=C4829A82A1E46862FA44C5AF94A67602B1827ADA9259B581A1CBA5626D30F236; screenshot_sha256=260E42ADF714ECF0078FFBD72B66D97A34AA950A41B08E05B4FB836568F14146,status\evidence\jhora_kaala_witness_20260727\case_8_event_start_kaala_bala_accessibility.txt,status\evidence\jhora_kaala_witness_20260727\case_8_event_start_kaala_bala_locked.jpg
GANN_JHORA_KAALA_WITNESS_COMPARATOR_V1,case_8_event_start,MOON,abda,15.000000000,2.270000000,136.220000000,-0.010000000,Jagannatha Hora 8.0 locked visible Kaala Bala table; accessibility_sha256=C4829A82A1E46862FA44C5AF94A67602B1827ADA9259B581A1CBA5626D30F236; screenshot_sha256=260E42ADF714ECF0078FFBD72B66D97A34AA950A41B08E05B4FB836568F14146,status\evidence\jhora_kaala_witness_20260727\case_8_event_start_kaala_bala_accessibility.txt,status\evidence\jhora_kaala_witness_20260727\case_8_event_start_kaala_bala_locked.jpg
GANN_JHORA_KAALA_WITNESS_COMPARATOR_V1,case_8_event_start,MOON,masa,0.000000000,2.270000000,136.220000000,-0.010000000,Jagannatha Hora 8.0 locked visible Kaala Bala table; accessibility_sha256=C4829A82A1E46862FA44C5AF94A67602B1827ADA9259B581A1CBA5626D30F236; screenshot_sha256=260E42ADF714ECF0078FFBD72B66D97A34AA950A41B08E05B4FB836568F14146,status\evidence\jhora_kaala_witness_20260727\case_8_event_start_kaala_bala_accessibility.txt,status\evidence\jhora_kaala_witness_20260727\case_8_event_start_kaala_bala_locked.jpg
GANN_JHORA_KAALA_WITNESS_COMPARATOR_V1,case_8_event_start,MOON,vara,0.000000000,2.270000000,136.220000000,-0.010000000,Jagannatha Hora 8.0 locked visible Kaala Bala table; accessibility_sha256=C4829A82A1E46862FA44C5AF94A67602B1827ADA9259B581A1CBA5626D30F236; screenshot_sha256=260E42ADF714ECF0078FFBD72B66D97A34AA950A41B08E05B4FB836568F14146,status\evidence\jhora_kaala_witness_20260727\case_8_event_start_kaala_bala_accessibility.txt,status\evidence\jhora_kaala_witness_20260727\case_8_event_start_kaala_bala_locked.jpg
GANN_JHORA_KAALA_WITNESS_COMPARATOR_V1,case_8_event_start,MOON,hora,0.000000000,2.270000000,136.220000000,-0.010000000,Jagannatha Hora 8.0 locked visible Kaala Bala table; accessibility_sha256=C4829A82A1E46862FA44C5AF94A67602B1827ADA9259B581A1CBA5626D30F236; screenshot_sha256=260E42ADF714ECF0078FFBD72B66D97A34AA950A41B08E05B4FB836568F14146,status\evidence\jhora_kaala_witness_20260727\case_8_event_start_kaala_bala_accessibility.txt,status\evidence\jhora_kaala_witness_20260727\case_8_event_start_kaala_bala_locked.jpg
GANN_JHORA_KAALA_WITNESS_COMPARATOR_V1,case_8_event_start,MOON,ayana,0.070000000,2.270000000,136.220000000,-0.010000000,Jagannatha Hora 8.0 locked visible Kaala Bala table; accessibility_sha256=C4829A82A1E46862FA44C5AF94A67602B1827ADA9259B581A1CBA5626D30F236; screenshot_sha256=260E42ADF714ECF0078FFBD72B66D97A34AA950A41B08E05B4FB836568F14146,status\evidence\jhora_kaala_witness_20260727\case_8_event_start_kaala_bala_accessibility.txt,status\evidence\jhora_kaala_witness_20260727\case_8_event_start_kaala_bala_locked.jpg
GANN_JHORA_KAALA_WITNESS_COMPARATOR_V1,case_8_event_start,MOON,yuddha,0.000000000,2.270000000,136.220000000,-0.010000000,Jagannatha Hora 8.0 locked visible Kaala Bala table; accessibility_sha256=C4829A82A1E46862FA44C5AF94A67602B1827ADA9259B581A1CBA5626D30F236; screenshot_sha256=260E42ADF714ECF0078FFBD72B66D97A34AA950A41B08E05B4FB836568F14146,status\evidence\jhora_kaala_witness_20260727\case_8_event_start_kaala_bala_accessibility.txt,status\evidence\jhora_kaala_witness_20260727\case_8_event_start_kaala_bala_locked.jpg
GANN_JHORA_KAALA_WITNESS_COMPARATOR_V1,case_8_event_start,MARS,total,137.900000000,2.300000000,137.900000000,0.000000000,Jagannatha Hora 8.0 locked visible Kaala Bala table; accessibility_sha256=C4829A82A1E46862FA44C5AF94A67602B1827ADA9259B581A1CBA5626D30F236; screenshot_sha256=260E42ADF714ECF0078FFBD72B66D97A34AA950A41B08E05B4FB836568F14146,status\evidence\jhora_kaala_witness_20260727\case_8_event_start_kaala_bala_accessibility.txt,status\evidence\jhora_kaala_witness_20260727\case_8_event_start_kaala_bala_locked.jpg
GANN_JHORA_KAALA_WITNESS_COMPARATOR_V1,case_8_event_start,MARS,nathonnatha,53.460000000,2.300000000,137.900000000,0.000000000,Jagannatha Hora 8.0 locked visible Kaala Bala table; accessibility_sha256=C4829A82A1E46862FA44C5AF94A67602B1827ADA9259B581A1CBA5626D30F236; screenshot_sha256=260E42ADF714ECF0078FFBD72B66D97A34AA950A41B08E05B4FB836568F14146,status\evidence\jhora_kaala_witness_20260727\case_8_event_start_kaala_bala_accessibility.txt,status\evidence\jhora_kaala_witness_20260727\case_8_event_start_kaala_bala_locked.jpg
GANN_JHORA_KAALA_WITNESS_COMPARATOR_V1,case_8_event_start,MARS,paksha,26.160000000,2.300000000,137.900000000,0.000000000,Jagannatha Hora 8.0 locked visible Kaala Bala table; accessibility_sha256=C4829A82A1E46862FA44C5AF94A67602B1827ADA9259B581A1CBA5626D30F236; screenshot_sha256=260E42ADF714ECF0078FFBD72B66D97A34AA950A41B08E05B4FB836568F14146,status\evidence\jhora_kaala_witness_20260727\case_8_event_start_kaala_bala_accessibility.txt,status\evidence\jhora_kaala_witness_20260727\case_8_event_start_kaala_bala_locked.jpg
GANN_JHORA_KAALA_WITNESS_COMPARATOR_V1,case_8_event_start,MARS,tribhaga,0.000000000,2.300000000,137.900000000,0.000000000,Jagannatha Hora 8.0 locked visible Kaala Bala table; accessibility_sha256=C4829A82A1E46862FA44C5AF94A67602B1827ADA9259B581A1CBA5626D30F236; screenshot_sha256=260E42ADF714ECF0078FFBD72B66D97A34AA950A41B08E05B4FB836568F14146,status\evidence\jhora_kaala_witness_20260727\case_8_event_start_kaala_bala_accessibility.txt,status\evidence\jhora_kaala_witness_20260727\case_8_event_start_kaala_bala_locked.jpg
GANN_JHORA_KAALA_WITNESS_COMPARATOR_V1,case_8_event_start,MARS,abda,0.000000000,2.300000000,137.900000000,0.000000000,Jagannatha Hora 8.0 locked visible Kaala Bala table; accessibility_sha256=C4829A82A1E46862FA44C5AF94A67602B1827ADA9259B581A1CBA5626D30F236; screenshot_sha256=260E42ADF714ECF0078FFBD72B66D97A34AA950A41B08E05B4FB836568F14146,status\evidence\jhora_kaala_witness_20260727\case_8_event_start_kaala_bala_accessibility.txt,status\evidence\jhora_kaala_witness_20260727\case_8_event_start_kaala_bala_locked.jpg
GANN_JHORA_KAALA_WITNESS_COMPARATOR_V1,case_8_event_start,MARS,masa,0.000000000,2.300000000,137.900000000,0.000000000,Jagannatha Hora 8.0 locked visible Kaala Bala table; accessibility_sha256=C4829A82A1E46862FA44C5AF94A67602B1827ADA9259B581A1CBA5626D30F236; screenshot_sha256=260E42ADF714ECF0078FFBD72B66D97A34AA950A41B08E05B4FB836568F14146,status\evidence\jhora_kaala_witness_20260727\case_8_event_start_kaala_bala_accessibility.txt,status\evidence\jhora_kaala_witness_20260727\case_8_event_start_kaala_bala_locked.jpg
GANN_JHORA_KAALA_WITNESS_COMPARATOR_V1,case_8_event_start,MARS,vara,0.000000000,2.300000000,137.900000000,0.000000000,Jagannatha Hora 8.0 locked visible Kaala Bala table; accessibility_sha256=C4829A82A1E46862FA44C5AF94A67602B1827ADA9259B581A1CBA5626D30F236; screenshot_sha256=260E42ADF714ECF0078FFBD72B66D97A34AA950A41B08E05B4FB836568F14146,status\evidence\jhora_kaala_witness_20260727\case_8_event_start_kaala_bala_accessibility.txt,status\evidence\jhora_kaala_witness_20260727\case_8_event_start_kaala_bala_locked.jpg
GANN_JHORA_KAALA_WITNESS_COMPARATOR_V1,case_8_event_start,MARS,hora,0.000000000,2.300000000,137.900000000,0.000000000,Jagannatha Hora 8.0 locked visible Kaala Bala table; accessibility_sha256=C4829A82A1E46862FA44C5AF94A67602B1827ADA9259B581A1CBA5626D30F236; screenshot_sha256=260E42ADF714ECF0078FFBD72B66D97A34AA950A41B08E05B4FB836568F14146,status\evidence\jhora_kaala_witness_20260727\case_8_event_start_kaala_bala_accessibility.txt,status\evidence\jhora_kaala_witness_20260727\case_8_event_start_kaala_bala_locked.jpg
GANN_JHORA_KAALA_WITNESS_COMPARATOR_V1,case_8_event_start,MARS,ayana,58.280000000,2.300000000,137.900000000,0.000000000,Jagannatha Hora 8.0 locked visible Kaala Bala table; accessibility_sha256=C4829A82A1E46862FA44C5AF94A67602B1827ADA9259B581A1CBA5626D30F236; screenshot_sha256=260E42ADF714ECF0078FFBD72B66D97A34AA950A41B08E05B4FB836568F14146,status\evidence\jhora_kaala_witness_20260727\case_8_event_start_kaala_bala_accessibility.txt,status\evidence\jhora_kaala_witness_20260727\case_8_event_start_kaala_bala_locked.jpg
GANN_JHORA_KAALA_WITNESS_COMPARATOR_V1,case_8_event_start,MARS,yuddha,0.000000000,2.300000000,137.900000000,0.000000000,Jagannatha Hora 8.0 locked visible Kaala Bala table; accessibility_sha256=C4829A82A1E46862FA44C5AF94A67602B1827ADA9259B581A1CBA5626D30F236; screenshot_sha256=260E42ADF714ECF0078FFBD72B66D97A34AA950A41B08E05B4FB836568F14146,status\evidence\jhora_kaala_witness_20260727\case_8_event_start_kaala_bala_accessibility.txt,status\evidence\jhora_kaala_witness_20260727\case_8_event_start_kaala_bala_locked.jpg
GANN_JHORA_KAALA_WITNESS_COMPARATOR_V1,case_8_event_start,MERCURY,total,148.990000000,2.480000000,149.000000000,-0.010000000,Jagannatha Hora 8.0 locked visible Kaala Bala table; accessibility_sha256=C4829A82A1E46862FA44C5AF94A67602B1827ADA9259B581A1CBA5626D30F236; screenshot_sha256=260E42ADF714ECF0078FFBD72B66D97A34AA950A41B08E05B4FB836568F14146,status\evidence\jhora_kaala_witness_20260727\case_8_event_start_kaala_bala_accessibility.txt,status\evidence\jhora_kaala_witness_20260727\case_8_event_start_kaala_bala_locked.jpg
GANN_JHORA_KAALA_WITNESS_COMPARATOR_V1,case_8_event_start,MERCURY,nathonnatha,60.000000000,2.480000000,149.000000000,-0.010000000,Jagannatha Hora 8.0 locked visible Kaala Bala table; accessibility_sha256=C4829A82A1E46862FA44C5AF94A67602B1827ADA9259B581A1CBA5626D30F236; screenshot_sha256=260E42ADF714ECF0078FFBD72B66D97A34AA950A41B08E05B4FB836568F14146,status\evidence\jhora_kaala_witness_20260727\case_8_event_start_kaala_bala_accessibility.txt,status\evidence\jhora_kaala_witness_20260727\case_8_event_start_kaala_bala_locked.jpg
GANN_JHORA_KAALA_WITNESS_COMPARATOR_V1,case_8_event_start,MERCURY,paksha,26.160000000,2.480000000,149.000000000,-0.010000000,Jagannatha Hora 8.0 locked visible Kaala Bala table; accessibility_sha256=C4829A82A1E46862FA44C5AF94A67602B1827ADA9259B581A1CBA5626D30F236; screenshot_sha256=260E42ADF714ECF0078FFBD72B66D97A34AA950A41B08E05B4FB836568F14146,status\evidence\jhora_kaala_witness_20260727\case_8_event_start_kaala_bala_accessibility.txt,status\evidence\jhora_kaala_witness_20260727\case_8_event_start_kaala_bala_locked.jpg
GANN_JHORA_KAALA_WITNESS_COMPARATOR_V1,case_8_event_start,MERCURY,tribhaga,0.000000000,2.480000000,149.000000000,-0.010000000,Jagannatha Hora 8.0 locked visible Kaala Bala table; accessibility_sha256=C4829A82A1E46862FA44C5AF94A67602B1827ADA9259B581A1CBA5626D30F236; screenshot_sha256=260E42ADF714ECF0078FFBD72B66D97A34AA950A41B08E05B4FB836568F14146,status\evidence\jhora_kaala_witness_20260727\case_8_event_start_kaala_bala_accessibility.txt,status\evidence\jhora_kaala_witness_20260727\case_8_event_start_kaala_bala_locked.jpg
GANN_JHORA_KAALA_WITNESS_COMPARATOR_V1,case_8_event_start,MERCURY,abda,0.000000000,2.480000000,149.000000000,-0.010000000,Jagannatha Hora 8.0 locked visible Kaala Bala table; accessibility_sha256=C4829A82A1E46862FA44C5AF94A67602B1827ADA9259B581A1CBA5626D30F236; screenshot_sha256=260E42ADF714ECF0078FFBD72B66D97A34AA950A41B08E05B4FB836568F14146,status\evidence\jhora_kaala_witness_20260727\case_8_event_start_kaala_bala_accessibility.txt,status\evidence\jhora_kaala_witness_20260727\case_8_event_start_kaala_bala_locked.jpg
GANN_JHORA_KAALA_WITNESS_COMPARATOR_V1,case_8_event_start,MERCURY,masa,30.000000000,2.480000000,149.000000000,-0.010000000,Jagannatha Hora 8.0 locked visible Kaala Bala table; accessibility_sha256=C4829A82A1E46862FA44C5AF94A67602B1827ADA9259B581A1CBA5626D30F236; screenshot_sha256=260E42ADF714ECF0078FFBD72B66D97A34AA950A41B08E05B4FB836568F14146,status\evidence\jhora_kaala_witness_20260727\case_8_event_start_kaala_bala_accessibility.txt,status\evidence\jhora_kaala_witness_20260727\case_8_event_start_kaala_bala_locked.jpg
GANN_JHORA_KAALA_WITNESS_COMPARATOR_V1,case_8_event_start,MERCURY,vara,0.000000000,2.480000000,149.000000000,-0.010000000,Jagannatha Hora 8.0 locked visible Kaala Bala table; accessibility_sha256=C4829A82A1E46862FA44C5AF94A67602B1827ADA9259B581A1CBA5626D30F236; screenshot_sha256=260E42ADF714ECF0078FFBD72B66D97A34AA950A41B08E05B4FB836568F14146,status\evidence\jhora_kaala_witness_20260727\case_8_event_start_kaala_bala_accessibility.txt,status\evidence\jhora_kaala_witness_20260727\case_8_event_start_kaala_bala_locked.jpg
GANN_JHORA_KAALA_WITNESS_COMPARATOR_V1,case_8_event_start,MERCURY,hora,0.000000000,2.480000000,149.000000000,-0.010000000,Jagannatha Hora 8.0 locked visible Kaala Bala table; accessibility_sha256=C4829A82A1E46862FA44C5AF94A67602B1827ADA9259B581A1CBA5626D30F236; screenshot_sha256=260E42ADF714ECF0078FFBD72B66D97A34AA950A41B08E05B4FB836568F14146,status\evidence\jhora_kaala_witness_20260727\case_8_event_start_kaala_bala_accessibility.txt,status\evidence\jhora_kaala_witness_20260727\case_8_event_start_kaala_bala_locked.jpg
GANN_JHORA_KAALA_WITNESS_COMPARATOR_V1,case_8_event_start,MERCURY,ayana,32.840000000,2.480000000,149.000000000,-0.010000000,Jagannatha Hora 8.0 locked visible Kaala Bala table; accessibility_sha256=C4829A82A1E46862FA44C5AF94A67602B1827ADA9259B581A1CBA5626D30F236; screenshot_sha256=260E42ADF714ECF0078FFBD72B66D97A34AA950A41B08E05B4FB836568F14146,status\evidence\jhora_kaala_witness_20260727\case_8_event_start_kaala_bala_accessibility.txt,status\evidence\jhora_kaala_witness_20260727\case_8_event_start_kaala_bala_locked.jpg
GANN_JHORA_KAALA_WITNESS_COMPARATOR_V1,case_8_event_start,MERCURY,yuddha,0.000000000,2.480000000,149.000000000,-0.010000000,Jagannatha Hora 8.0 locked visible Kaala Bala table; accessibility_sha256=C4829A82A1E46862FA44C5AF94A67602B1827ADA9259B581A1CBA5626D30F236; screenshot_sha256=260E42ADF714ECF0078FFBD72B66D97A34AA950A41B08E05B4FB836568F14146,status\evidence\jhora_kaala_witness_20260727\case_8_event_start_kaala_bala_accessibility.txt,status\evidence\jhora_kaala_witness_20260727\case_8_event_start_kaala_bala_locked.jpg
GANN_JHORA_KAALA_WITNESS_COMPARATOR_V1,case_8_event_start,JUPITER,total,158.900000000,2.650000000,158.900000000,0.000000000,Jagannatha Hora 8.0 locked visible Kaala Bala table; accessibility_sha256=C4829A82A1E46862FA44C5AF94A67602B1827ADA9259B581A1CBA5626D30F236; screenshot_sha256=260E42ADF714ECF0078FFBD72B66D97A34AA950A41B08E05B4FB836568F14146,status\evidence\jhora_kaala_witness_20260727\case_8_event_start_kaala_bala_accessibility.txt,status\evidence\jhora_kaala_witness_20260727\case_8_event_start_kaala_bala_locked.jpg
GANN_JHORA_KAALA_WITNESS_COMPARATOR_V1,case_8_event_start,JUPITER,nathonnatha,6.540000000,2.650000000,158.900000000,0.000000000,Jagannatha Hora 8.0 locked visible Kaala Bala table; accessibility_sha256=C4829A82A1E46862FA44C5AF94A67602B1827ADA9259B581A1CBA5626D30F236; screenshot_sha256=260E42ADF714ECF0078FFBD72B66D97A34AA950A41B08E05B4FB836568F14146,status\evidence\jhora_kaala_witness_20260727\case_8_event_start_kaala_bala_accessibility.txt,status\evidence\jhora_kaala_witness_20260727\case_8_event_start_kaala_bala_locked.jpg
GANN_JHORA_KAALA_WITNESS_COMPARATOR_V1,case_8_event_start,JUPITER,paksha,33.840000000,2.650000000,158.900000000,0.000000000,Jagannatha Hora 8.0 locked visible Kaala Bala table; accessibility_sha256=C4829A82A1E46862FA44C5AF94A67602B1827ADA9259B581A1CBA5626D30F236; screenshot_sha256=260E42ADF714ECF0078FFBD72B66D97A34AA950A41B08E05B4FB836568F14146,status\evidence\jhora_kaala_witness_20260727\case_8_event_start_kaala_bala_accessibility.txt,status\evidence\jhora_kaala_witness_20260727\case_8_event_start_kaala_bala_locked.jpg
GANN_JHORA_KAALA_WITNESS_COMPARATOR_V1,case_8_event_start,JUPITER,tribhaga,60.000000000,2.650000000,158.900000000,0.000000000,Jagannatha Hora 8.0 locked visible Kaala Bala table; accessibility_sha256=C4829A82A1E46862FA44C5AF94A67602B1827ADA9259B581A1CBA5626D30F236; screenshot_sha256=260E42ADF714ECF0078FFBD72B66D97A34AA950A41B08E05B4FB836568F14146,status\evidence\jhora_kaala_witness_20260727\case_8_event_start_kaala_bala_accessibility.txt,status\evidence\jhora_kaala_witness_20260727\case_8_event_start_kaala_bala_locked.jpg
GANN_JHORA_KAALA_WITNESS_COMPARATOR_V1,case_8_event_start,JUPITER,abda,0.000000000,2.650000000,158.900000000,0.000000000,Jagannatha Hora 8.0 locked visible Kaala Bala table; accessibility_sha256=C4829A82A1E46862FA44C5AF94A67602B1827ADA9259B581A1CBA5626D30F236; screenshot_sha256=260E42ADF714ECF0078FFBD72B66D97A34AA950A41B08E05B4FB836568F14146,status\evidence\jhora_kaala_witness_20260727\case_8_event_start_kaala_bala_accessibility.txt,status\evidence\jhora_kaala_witness_20260727\case_8_event_start_kaala_bala_locked.jpg
GANN_JHORA_KAALA_WITNESS_COMPARATOR_V1,case_8_event_start,JUPITER,masa,0.000000000,2.650000000,158.900000000,0.000000000,Jagannatha Hora 8.0 locked visible Kaala Bala table; accessibility_sha256=C4829A82A1E46862FA44C5AF94A67602B1827ADA9259B581A1CBA5626D30F236; screenshot_sha256=260E42ADF714ECF0078FFBD72B66D97A34AA950A41B08E05B4FB836568F14146,status\evidence\jhora_kaala_witness_20260727\case_8_event_start_kaala_bala_accessibility.txt,status\evidence\jhora_kaala_witness_20260727\case_8_event_start_kaala_bala_locked.jpg
GANN_JHORA_KAALA_WITNESS_COMPARATOR_V1,case_8_event_start,JUPITER,vara,0.000000000,2.650000000,158.900000000,0.000000000,Jagannatha Hora 8.0 locked visible Kaala Bala table; accessibility_sha256=C4829A82A1E46862FA44C5AF94A67602B1827ADA9259B581A1CBA5626D30F236; screenshot_sha256=260E42ADF714ECF0078FFBD72B66D97A34AA950A41B08E05B4FB836568F14146,status\evidence\jhora_kaala_witness_20260727\case_8_event_start_kaala_bala_accessibility.txt,status\evidence\jhora_kaala_witness_20260727\case_8_event_start_kaala_bala_locked.jpg
GANN_JHORA_KAALA_WITNESS_COMPARATOR_V1,case_8_event_start,JUPITER,hora,0.000000000,2.650000000,158.900000000,0.000000000,Jagannatha Hora 8.0 locked visible Kaala Bala table; accessibility_sha256=C4829A82A1E46862FA44C5AF94A67602B1827ADA9259B581A1CBA5626D30F236; screenshot_sha256=260E42ADF714ECF0078FFBD72B66D97A34AA950A41B08E05B4FB836568F14146,status\evidence\jhora_kaala_witness_20260727\case_8_event_start_kaala_bala_accessibility.txt,status\evidence\jhora_kaala_witness_20260727\case_8_event_start_kaala_bala_locked.jpg
GANN_JHORA_KAALA_WITNESS_COMPARATOR_V1,case_8_event_start,JUPITER,ayana,58.520000000,2.650000000,158.900000000,0.000000000,Jagannatha Hora 8.0 locked visible Kaala Bala table; accessibility_sha256=C4829A82A1E46862FA44C5AF94A67602B1827ADA9259B581A1CBA5626D30F236; screenshot_sha256=260E42ADF714ECF0078FFBD72B66D97A34AA950A41B08E05B4FB836568F14146,status\evidence\jhora_kaala_witness_20260727\case_8_event_start_kaala_bala_accessibility.txt,status\evidence\jhora_kaala_witness_20260727\case_8_event_start_kaala_bala_locked.jpg
GANN_JHORA_KAALA_WITNESS_COMPARATOR_V1,case_8_event_start,JUPITER,yuddha,0.000000000,2.650000000,158.900000000,0.000000000,Jagannatha Hora 8.0 locked visible Kaala Bala table; accessibility_sha256=C4829A82A1E46862FA44C5AF94A67602B1827ADA9259B581A1CBA5626D30F236; screenshot_sha256=260E42ADF714ECF0078FFBD72B66D97A34AA950A41B08E05B4FB836568F14146,status\evidence\jhora_kaala_witness_20260727\case_8_event_start_kaala_bala_accessibility.txt,status\evidence\jhora_kaala_witness_20260727\case_8_event_start_kaala_bala_locked.jpg
GANN_JHORA_KAALA_WITNESS_COMPARATOR_V1,case_8_event_start,VENUS,total,180.630000000,3.010000000,180.620000000,0.010000000,Jagannatha Hora 8.0 locked visible Kaala Bala table; accessibility_sha256=C4829A82A1E46862FA44C5AF94A67602B1827ADA9259B581A1CBA5626D30F236; screenshot_sha256=260E42ADF714ECF0078FFBD72B66D97A34AA950A41B08E05B4FB836568F14146,status\evidence\jhora_kaala_witness_20260727\case_8_event_start_kaala_bala_accessibility.txt,status\evidence\jhora_kaala_witness_20260727\case_8_event_start_kaala_bala_locked.jpg
GANN_JHORA_KAALA_WITNESS_COMPARATOR_V1,case_8_event_start,VENUS,nathonnatha,6.540000000,3.010000000,180.620000000,0.010000000,Jagannatha Hora 8.0 locked visible Kaala Bala table; accessibility_sha256=C4829A82A1E46862FA44C5AF94A67602B1827ADA9259B581A1CBA5626D30F236; screenshot_sha256=260E42ADF714ECF0078FFBD72B66D97A34AA950A41B08E05B4FB836568F14146,status\evidence\jhora_kaala_witness_20260727\case_8_event_start_kaala_bala_accessibility.txt,status\evidence\jhora_kaala_witness_20260727\case_8_event_start_kaala_bala_locked.jpg
GANN_JHORA_KAALA_WITNESS_COMPARATOR_V1,case_8_event_start,VENUS,paksha,33.840000000,3.010000000,180.620000000,0.010000000,Jagannatha Hora 8.0 locked visible Kaala Bala table; accessibility_sha256=C4829A82A1E46862FA44C5AF94A67602B1827ADA9259B581A1CBA5626D30F236; screenshot_sha256=260E42ADF714ECF0078FFBD72B66D97A34AA950A41B08E05B4FB836568F14146,status\evidence\jhora_kaala_witness_20260727\case_8_event_start_kaala_bala_accessibility.txt,status\evidence\jhora_kaala_witness_20260727\case_8_event_start_kaala_bala_locked.jpg
GANN_JHORA_KAALA_WITNESS_COMPARATOR_V1,case_8_event_start,VENUS,tribhaga,60.000000000,3.010000000,180.620000000,0.010000000,Jagannatha Hora 8.0 locked visible Kaala Bala table; accessibility_sha256=C4829A82A1E46862FA44C5AF94A67602B1827ADA9259B581A1CBA5626D30F236; screenshot_sha256=260E42ADF714ECF0078FFBD72B66D97A34AA950A41B08E05B4FB836568F14146,status\evidence\jhora_kaala_witness_20260727\case_8_event_start_kaala_bala_accessibility.txt,status\evidence\jhora_kaala_witness_20260727\case_8_event_start_kaala_bala_locked.jpg
GANN_JHORA_KAALA_WITNESS_COMPARATOR_V1,case_8_event_start,VENUS,abda,0.000000000,3.010000000,180.620000000,0.010000000,Jagannatha Hora 8.0 locked visible Kaala Bala table; accessibility_sha256=C4829A82A1E46862FA44C5AF94A67602B1827ADA9259B581A1CBA5626D30F236; screenshot_sha256=260E42ADF714ECF0078FFBD72B66D97A34AA950A41B08E05B4FB836568F14146,status\evidence\jhora_kaala_witness_20260727\case_8_event_start_kaala_bala_accessibility.txt,status\evidence\jhora_kaala_witness_20260727\case_8_event_start_kaala_bala_locked.jpg
GANN_JHORA_KAALA_WITNESS_COMPARATOR_V1,case_8_event_start,VENUS,masa,0.000000000,3.010000000,180.620000000,0.010000000,Jagannatha Hora 8.0 locked visible Kaala Bala table; accessibility_sha256=C4829A82A1E46862FA44C5AF94A67602B1827ADA9259B581A1CBA5626D30F236; screenshot_sha256=260E42ADF714ECF0078FFBD72B66D97A34AA950A41B08E05B4FB836568F14146,status\evidence\jhora_kaala_witness_20260727\case_8_event_start_kaala_bala_accessibility.txt,status\evidence\jhora_kaala_witness_20260727\case_8_event_start_kaala_bala_locked.jpg
GANN_JHORA_KAALA_WITNESS_COMPARATOR_V1,case_8_event_start,VENUS,vara,45.000000000,3.010000000,180.620000000,0.010000000,Jagannatha Hora 8.0 locked visible Kaala Bala table; accessibility_sha256=C4829A82A1E46862FA44C5AF94A67602B1827ADA9259B581A1CBA5626D30F236; screenshot_sha256=260E42ADF714ECF0078FFBD72B66D97A34AA950A41B08E05B4FB836568F14146,status\evidence\jhora_kaala_witness_20260727\case_8_event_start_kaala_bala_accessibility.txt,status\evidence\jhora_kaala_witness_20260727\case_8_event_start_kaala_bala_locked.jpg
GANN_JHORA_KAALA_WITNESS_COMPARATOR_V1,case_8_event_start,VENUS,hora,0.000000000,3.010000000,180.620000000,0.010000000,Jagannatha Hora 8.0 locked visible Kaala Bala table; accessibility_sha256=C4829A82A1E46862FA44C5AF94A67602B1827ADA9259B581A1CBA5626D30F236; screenshot_sha256=260E42ADF714ECF0078FFBD72B66D97A34AA950A41B08E05B4FB836568F14146,status\evidence\jhora_kaala_witness_20260727\case_8_event_start_kaala_bala_accessibility.txt,status\evidence\jhora_kaala_witness_20260727\case_8_event_start_kaala_bala_locked.jpg
GANN_JHORA_KAALA_WITNESS_COMPARATOR_V1,case_8_event_start,VENUS,ayana,35.240000000,3.010000000,180.620000000,0.010000000,Jagannatha Hora 8.0 locked visible Kaala Bala table; accessibility_sha256=C4829A82A1E46862FA44C5AF94A67602B1827ADA9259B581A1CBA5626D30F236; screenshot_sha256=260E42ADF714ECF0078FFBD72B66D97A34AA950A41B08E05B4FB836568F14146,status\evidence\jhora_kaala_witness_20260727\case_8_event_start_kaala_bala_accessibility.txt,status\evidence\jhora_kaala_witness_20260727\case_8_event_start_kaala_bala_locked.jpg
GANN_JHORA_KAALA_WITNESS_COMPARATOR_V1,case_8_event_start,VENUS,yuddha,0.000000000,3.010000000,180.620000000,0.010000000,Jagannatha Hora 8.0 locked visible Kaala Bala table; accessibility_sha256=C4829A82A1E46862FA44C5AF94A67602B1827ADA9259B581A1CBA5626D30F236; screenshot_sha256=260E42ADF714ECF0078FFBD72B66D97A34AA950A41B08E05B4FB836568F14146,status\evidence\jhora_kaala_witness_20260727\case_8_event_start_kaala_bala_accessibility.txt,status\evidence\jhora_kaala_witness_20260727\case_8_event_start_kaala_bala_locked.jpg
GANN_JHORA_KAALA_WITNESS_COMPARATOR_V1,case_8_event_start,SATURN,total,173.770000000,2.900000000,173.770000000,0.000000000,Jagannatha Hora 8.0 locked visible Kaala Bala table; accessibility_sha256=C4829A82A1E46862FA44C5AF94A67602B1827ADA9259B581A1CBA5626D30F236; screenshot_sha256=260E42ADF714ECF0078FFBD72B66D97A34AA950A41B08E05B4FB836568F14146,status\evidence\jhora_kaala_witness_20260727\case_8_event_start_kaala_bala_accessibility.txt,status\evidence\jhora_kaala_witness_20260727\case_8_event_start_kaala_bala_locked.jpg
GANN_JHORA_KAALA_WITNESS_COMPARATOR_V1,case_8_event_start,SATURN,nathonnatha,53.460000000,2.900000000,173.770000000,0.000000000,Jagannatha Hora 8.0 locked visible Kaala Bala table; accessibility_sha256=C4829A82A1E46862FA44C5AF94A67602B1827ADA9259B581A1CBA5626D30F236; screenshot_sha256=260E42ADF714ECF0078FFBD72B66D97A34AA950A41B08E05B4FB836568F14146,status\evidence\jhora_kaala_witness_20260727\case_8_event_start_kaala_bala_accessibility.txt,status\evidence\jhora_kaala_witness_20260727\case_8_event_start_kaala_bala_locked.jpg
GANN_JHORA_KAALA_WITNESS_COMPARATOR_V1,case_8_event_start,SATURN,paksha,26.160000000,2.900000000,173.770000000,0.000000000,Jagannatha Hora 8.0 locked visible Kaala Bala table; accessibility_sha256=C4829A82A1E46862FA44C5AF94A67602B1827ADA9259B581A1CBA5626D30F236; screenshot_sha256=260E42ADF714ECF0078FFBD72B66D97A34AA950A41B08E05B4FB836568F14146,status\evidence\jhora_kaala_witness_20260727\case_8_event_start_kaala_bala_accessibility.txt,status\evidence\jhora_kaala_witness_20260727\case_8_event_start_kaala_bala_locked.jpg
GANN_JHORA_KAALA_WITNESS_COMPARATOR_V1,case_8_event_start,SATURN,tribhaga,0.000000000,2.900000000,173.770000000,0.000000000,Jagannatha Hora 8.0 locked visible Kaala Bala table; accessibility_sha256=C4829A82A1E46862FA44C5AF94A67602B1827ADA9259B581A1CBA5626D30F236; screenshot_sha256=260E42ADF714ECF0078FFBD72B66D97A34AA950A41B08E05B4FB836568F14146,status\evidence\jhora_kaala_witness_20260727\case_8_event_start_kaala_bala_accessibility.txt,status\evidence\jhora_kaala_witness_20260727\case_8_event_start_kaala_bala_locked.jpg
GANN_JHORA_KAALA_WITNESS_COMPARATOR_V1,case_8_event_start,SATURN,abda,0.000000000,2.900000000,173.770000000,0.000000000,Jagannatha Hora 8.0 locked visible Kaala Bala table; accessibility_sha256=C4829A82A1E46862FA44C5AF94A67602B1827ADA9259B581A1CBA5626D30F236; screenshot_sha256=260E42ADF714ECF0078FFBD72B66D97A34AA950A41B08E05B4FB836568F14146,status\evidence\jhora_kaala_witness_20260727\case_8_event_start_kaala_bala_accessibility.txt,status\evidence\jhora_kaala_witness_20260727\case_8_event_start_kaala_bala_locked.jpg
GANN_JHORA_KAALA_WITNESS_COMPARATOR_V1,case_8_event_start,SATURN,masa,0.000000000,2.900000000,173.770000000,0.000000000,Jagannatha Hora 8.0 locked visible Kaala Bala table; accessibility_sha256=C4829A82A1E46862FA44C5AF94A67602B1827ADA9259B581A1CBA5626D30F236; screenshot_sha256=260E42ADF714ECF0078FFBD72B66D97A34AA950A41B08E05B4FB836568F14146,status\evidence\jhora_kaala_witness_20260727\case_8_event_start_kaala_bala_accessibility.txt,status\evidence\jhora_kaala_witness_20260727\case_8_event_start_kaala_bala_locked.jpg
GANN_JHORA_KAALA_WITNESS_COMPARATOR_V1,case_8_event_start,SATURN,vara,0.000000000,2.900000000,173.770000000,0.000000000,Jagannatha Hora 8.0 locked visible Kaala Bala table; accessibility_sha256=C4829A82A1E46862FA44C5AF94A67602B1827ADA9259B581A1CBA5626D30F236; screenshot_sha256=260E42ADF714ECF0078FFBD72B66D97A34AA950A41B08E05B4FB836568F14146,status\evidence\jhora_kaala_witness_20260727\case_8_event_start_kaala_bala_accessibility.txt,status\evidence\jhora_kaala_witness_20260727\case_8_event_start_kaala_bala_locked.jpg
GANN_JHORA_KAALA_WITNESS_COMPARATOR_V1,case_8_event_start,SATURN,hora,60.000000000,2.900000000,173.770000000,0.000000000,Jagannatha Hora 8.0 locked visible Kaala Bala table; accessibility_sha256=C4829A82A1E46862FA44C5AF94A67602B1827ADA9259B581A1CBA5626D30F236; screenshot_sha256=260E42ADF714ECF0078FFBD72B66D97A34AA950A41B08E05B4FB836568F14146,status\evidence\jhora_kaala_witness_20260727\case_8_event_start_kaala_bala_accessibility.txt,status\evidence\jhora_kaala_witness_20260727\case_8_event_start_kaala_bala_locked.jpg
GANN_JHORA_KAALA_WITNESS_COMPARATOR_V1,case_8_event_start,SATURN,ayana,34.150000000,2.900000000,173.770000000,0.000000000,Jagannatha Hora 8.0 locked visible Kaala Bala table; accessibility_sha256=C4829A82A1E46862FA44C5AF94A67602B1827ADA9259B581A1CBA5626D30F236; screenshot_sha256=260E42ADF714ECF0078FFBD72B66D97A34AA950A41B08E05B4FB836568F14146,status\evidence\jhora_kaala_witness_20260727\case_8_event_start_kaala_bala_accessibility.txt,status\evidence\jhora_kaala_witness_20260727\case_8_event_start_kaala_bala_locked.jpg
GANN_JHORA_KAALA_WITNESS_COMPARATOR_V1,case_8_event_start,SATURN,yuddha,0.000000000,2.900000000,173.770000000,0.000000000,Jagannatha Hora 8.0 locked visible Kaala Bala table; accessibility_sha256=C4829A82A1E46862FA44C5AF94A67602B1827ADA9259B581A1CBA5626D30F236; screenshot_sha256=260E42ADF714ECF0078FFBD72B66D97A34AA950A41B08E05B4FB836568F14146,status\evidence\jhora_kaala_witness_20260727\case_8_event_start_kaala_bala_accessibility.txt,status\evidence\jhora_kaala_witness_20260727\case_8_event_start_kaala_bala_locked.jpg
GANN_JHORA_KAALA_WITNESS_COMPARATOR_V1,gann_reference_tokyo,SUN,total,108.160000000,1.800000000,108.160000000,0.000000000,Jagannatha Hora 8.0 locked visible Kaala Bala table; accessibility_sha256=6C2A814D51037C8FD174B08E846A7FF9F4A064716307D0226135535AFE6B17CB; screenshot_sha256=6D1F6121DC2EB0D1A18A46C297E6BDCE98A1CFEBAD1CA974AEA46A3D700D4A63,status\evidence\jhora_kaala_witness_20260727\gann_reference_tokyo_kaala_bala_accessibility.txt,status\evidence\jhora_kaala_witness_20260727\gann_reference_tokyo_kaala_bala_locked.jpg
GANN_JHORA_KAALA_WITNESS_COMPARATOR_V1,gann_reference_tokyo,SUN,nathonnatha,2.150000000,1.800000000,108.160000000,0.000000000,Jagannatha Hora 8.0 locked visible Kaala Bala table; accessibility_sha256=6C2A814D51037C8FD174B08E846A7FF9F4A064716307D0226135535AFE6B17CB; screenshot_sha256=6D1F6121DC2EB0D1A18A46C297E6BDCE98A1CFEBAD1CA974AEA46A3D700D4A63,status\evidence\jhora_kaala_witness_20260727\gann_reference_tokyo_kaala_bala_accessibility.txt,status\evidence\jhora_kaala_witness_20260727\gann_reference_tokyo_kaala_bala_locked.jpg
GANN_JHORA_KAALA_WITNESS_COMPARATOR_V1,gann_reference_tokyo,SUN,paksha,20.060000000,1.800000000,108.160000000,0.000000000,Jagannatha Hora 8.0 locked visible Kaala Bala table; accessibility_sha256=6C2A814D51037C8FD174B08E846A7FF9F4A064716307D0226135535AFE6B17CB; screenshot_sha256=6D1F6121DC2EB0D1A18A46C297E6BDCE98A1CFEBAD1CA974AEA46A3D700D4A63,status\evidence\jhora_kaala_witness_20260727\gann_reference_tokyo_kaala_bala_accessibility.txt,status\evidence\jhora_kaala_witness_20260727\gann_reference_tokyo_kaala_bala_locked.jpg
GANN_JHORA_KAALA_WITNESS_COMPARATOR_V1,gann_reference_tokyo,SUN,tribhaga,0.000000000,1.800000000,108.160000000,0.000000000,Jagannatha Hora 8.0 locked visible Kaala Bala table; accessibility_sha256=6C2A814D51037C8FD174B08E846A7FF9F4A064716307D0226135535AFE6B17CB; screenshot_sha256=6D1F6121DC2EB0D1A18A46C297E6BDCE98A1CFEBAD1CA974AEA46A3D700D4A63,status\evidence\jhora_kaala_witness_20260727\gann_reference_tokyo_kaala_bala_accessibility.txt,status\evidence\jhora_kaala_witness_20260727\gann_reference_tokyo_kaala_bala_locked.jpg
GANN_JHORA_KAALA_WITNESS_COMPARATOR_V1,gann_reference_tokyo,SUN,abda,15.000000000,1.800000000,108.160000000,0.000000000,Jagannatha Hora 8.0 locked visible Kaala Bala table; accessibility_sha256=6C2A814D51037C8FD174B08E846A7FF9F4A064716307D0226135535AFE6B17CB; screenshot_sha256=6D1F6121DC2EB0D1A18A46C297E6BDCE98A1CFEBAD1CA974AEA46A3D700D4A63,status\evidence\jhora_kaala_witness_20260727\gann_reference_tokyo_kaala_bala_accessibility.txt,status\evidence\jhora_kaala_witness_20260727\gann_reference_tokyo_kaala_bala_locked.jpg
GANN_JHORA_KAALA_WITNESS_COMPARATOR_V1,gann_reference_tokyo,SUN,masa,0.000000000,1.800000000,108.160000000,0.000000000,Jagannatha Hora 8.0 locked visible Kaala Bala table; accessibility_sha256=6C2A814D51037C8FD174B08E846A7FF9F4A064716307D0226135535AFE6B17CB; screenshot_sha256=6D1F6121DC2EB0D1A18A46C297E6BDCE98A1CFEBAD1CA974AEA46A3D700D4A63,status\evidence\jhora_kaala_witness_20260727\gann_reference_tokyo_kaala_bala_accessibility.txt,status\evidence\jhora_kaala_witness_20260727\gann_reference_tokyo_kaala_bala_locked.jpg
GANN_JHORA_KAALA_WITNESS_COMPARATOR_V1,gann_reference_tokyo,SUN,vara,45.000000000,1.800000000,108.160000000,0.000000000,Jagannatha Hora 8.0 locked visible Kaala Bala table; accessibility_sha256=6C2A814D51037C8FD174B08E846A7FF9F4A064716307D0226135535AFE6B17CB; screenshot_sha256=6D1F6121DC2EB0D1A18A46C297E6BDCE98A1CFEBAD1CA974AEA46A3D700D4A63,status\evidence\jhora_kaala_witness_20260727\gann_reference_tokyo_kaala_bala_accessibility.txt,status\evidence\jhora_kaala_witness_20260727\gann_reference_tokyo_kaala_bala_locked.jpg
GANN_JHORA_KAALA_WITNESS_COMPARATOR_V1,gann_reference_tokyo,SUN,hora,0.000000000,1.800000000,108.160000000,0.000000000,Jagannatha Hora 8.0 locked visible Kaala Bala table; accessibility_sha256=6C2A814D51037C8FD174B08E846A7FF9F4A064716307D0226135535AFE6B17CB; screenshot_sha256=6D1F6121DC2EB0D1A18A46C297E6BDCE98A1CFEBAD1CA974AEA46A3D700D4A63,status\evidence\jhora_kaala_witness_20260727\gann_reference_tokyo_kaala_bala_accessibility.txt,status\evidence\jhora_kaala_witness_20260727\gann_reference_tokyo_kaala_bala_locked.jpg
GANN_JHORA_KAALA_WITNESS_COMPARATOR_V1,gann_reference_tokyo,SUN,ayana,25.950000000,1.800000000,108.160000000,0.000000000,Jagannatha Hora 8.0 locked visible Kaala Bala table; accessibility_sha256=6C2A814D51037C8FD174B08E846A7FF9F4A064716307D0226135535AFE6B17CB; screenshot_sha256=6D1F6121DC2EB0D1A18A46C297E6BDCE98A1CFEBAD1CA974AEA46A3D700D4A63,status\evidence\jhora_kaala_witness_20260727\gann_reference_tokyo_kaala_bala_accessibility.txt,status\evidence\jhora_kaala_witness_20260727\gann_reference_tokyo_kaala_bala_locked.jpg
GANN_JHORA_KAALA_WITNESS_COMPARATOR_V1,gann_reference_tokyo,SUN,yuddha,0.000000000,1.800000000,108.160000000,0.000000000,Jagannatha Hora 8.0 locked visible Kaala Bala table; accessibility_sha256=6C2A814D51037C8FD174B08E846A7FF9F4A064716307D0226135535AFE6B17CB; screenshot_sha256=6D1F6121DC2EB0D1A18A46C297E6BDCE98A1CFEBAD1CA974AEA46A3D700D4A63,status\evidence\jhora_kaala_witness_20260727\gann_reference_tokyo_kaala_bala_accessibility.txt,status\evidence\jhora_kaala_witness_20260727\gann_reference_tokyo_kaala_bala_locked.jpg
GANN_JHORA_KAALA_WITNESS_COMPARATOR_V1,gann_reference_tokyo,MOON,total,198.150000000,3.300000000,198.160000000,-0.010000000,Jagannatha Hora 8.0 locked visible Kaala Bala table; accessibility_sha256=6C2A814D51037C8FD174B08E846A7FF9F4A064716307D0226135535AFE6B17CB; screenshot_sha256=6D1F6121DC2EB0D1A18A46C297E6BDCE98A1CFEBAD1CA974AEA46A3D700D4A63,status\evidence\jhora_kaala_witness_20260727\gann_reference_tokyo_kaala_bala_accessibility.txt,status\evidence\jhora_kaala_witness_20260727\gann_reference_tokyo_kaala_bala_locked.jpg
GANN_JHORA_KAALA_WITNESS_COMPARATOR_V1,gann_reference_tokyo,MOON,nathonnatha,57.850000000,3.300000000,198.160000000,-0.010000000,Jagannatha Hora 8.0 locked visible Kaala Bala table; accessibility_sha256=6C2A814D51037C8FD174B08E846A7FF9F4A064716307D0226135535AFE6B17CB; screenshot_sha256=6D1F6121DC2EB0D1A18A46C297E6BDCE98A1CFEBAD1CA974AEA46A3D700D4A63,status\evidence\jhora_kaala_witness_20260727\gann_reference_tokyo_kaala_bala_accessibility.txt,status\evidence\jhora_kaala_witness_20260727\gann_reference_tokyo_kaala_bala_locked.jpg
GANN_JHORA_KAALA_WITNESS_COMPARATOR_V1,gann_reference_tokyo,MOON,paksha,79.880000000,3.300000000,198.160000000,-0.010000000,Jagannatha Hora 8.0 locked visible Kaala Bala table; accessibility_sha256=6C2A814D51037C8FD174B08E846A7FF9F4A064716307D0226135535AFE6B17CB; screenshot_sha256=6D1F6121DC2EB0D1A18A46C297E6BDCE98A1CFEBAD1CA974AEA46A3D700D4A63,status\evidence\jhora_kaala_witness_20260727\gann_reference_tokyo_kaala_bala_accessibility.txt,status\evidence\jhora_kaala_witness_20260727\gann_reference_tokyo_kaala_bala_locked.jpg
GANN_JHORA_KAALA_WITNESS_COMPARATOR_V1,gann_reference_tokyo,MOON,tribhaga,0.000000000,3.300000000,198.160000000,-0.010000000,Jagannatha Hora 8.0 locked visible Kaala Bala table; accessibility_sha256=6C2A814D51037C8FD174B08E846A7FF9F4A064716307D0226135535AFE6B17CB; screenshot_sha256=6D1F6121DC2EB0D1A18A46C297E6BDCE98A1CFEBAD1CA974AEA46A3D700D4A63,status\evidence\jhora_kaala_witness_20260727\gann_reference_tokyo_kaala_bala_accessibility.txt,status\evidence\jhora_kaala_witness_20260727\gann_reference_tokyo_kaala_bala_locked.jpg
GANN_JHORA_KAALA_WITNESS_COMPARATOR_V1,gann_reference_tokyo,MOON,abda,0.000000000,3.300000000,198.160000000,-0.010000000,Jagannatha Hora 8.0 locked visible Kaala Bala table; accessibility_sha256=6C2A814D51037C8FD174B08E846A7FF9F4A064716307D0226135535AFE6B17CB; screenshot_sha256=6D1F6121DC2EB0D1A18A46C297E6BDCE98A1CFEBAD1CA974AEA46A3D700D4A63,status\evidence\jhora_kaala_witness_20260727\gann_reference_tokyo_kaala_bala_accessibility.txt,status\evidence\jhora_kaala_witness_20260727\gann_reference_tokyo_kaala_bala_locked.jpg
GANN_JHORA_KAALA_WITNESS_COMPARATOR_V1,gann_reference_tokyo,MOON,masa,0.000000000,3.300000000,198.160000000,-0.010000000,Jagannatha Hora 8.0 locked visible Kaala Bala table; accessibility_sha256=6C2A814D51037C8FD174B08E846A7FF9F4A064716307D0226135535AFE6B17CB; screenshot_sha256=6D1F6121DC2EB0D1A18A46C297E6BDCE98A1CFEBAD1CA974AEA46A3D700D4A63,status\evidence\jhora_kaala_witness_20260727\gann_reference_tokyo_kaala_bala_accessibility.txt,status\evidence\jhora_kaala_witness_20260727\gann_reference_tokyo_kaala_bala_locked.jpg
GANN_JHORA_KAALA_WITNESS_COMPARATOR_V1,gann_reference_tokyo,MOON,vara,0.000000000,3.300000000,198.160000000,-0.010000000,Jagannatha Hora 8.0 locked visible Kaala Bala table; accessibility_sha256=6C2A814D51037C8FD174B08E846A7FF9F4A064716307D0226135535AFE6B17CB; screenshot_sha256=6D1F6121DC2EB0D1A18A46C297E6BDCE98A1CFEBAD1CA974AEA46A3D700D4A63,status\evidence\jhora_kaala_witness_20260727\gann_reference_tokyo_kaala_bala_accessibility.txt,status\evidence\jhora_kaala_witness_20260727\gann_reference_tokyo_kaala_bala_locked.jpg
GANN_JHORA_KAALA_WITNESS_COMPARATOR_V1,gann_reference_tokyo,MOON,hora,60.000000000,3.300000000,198.160000000,-0.010000000,Jagannatha Hora 8.0 locked visible Kaala Bala table; accessibility_sha256=6C2A814D51037C8FD174B08E846A7FF9F4A064716307D0226135535AFE6B17CB; screenshot_sha256=6D1F6121DC2EB0D1A18A46C297E6BDCE98A1CFEBAD1CA974AEA46A3D700D4A63,status\evidence\jhora_kaala_witness_20260727\gann_reference_tokyo_kaala_bala_accessibility.txt,status\evidence\jhora_kaala_witness_20260727\gann_reference_tokyo_kaala_bala_locked.jpg
GANN_JHORA_KAALA_WITNESS_COMPARATOR_V1,gann_reference_tokyo,MOON,ayana,0.430000000,3.300000000,198.160000000,-0.010000000,Jagannatha Hora 8.0 locked visible Kaala Bala table; accessibility_sha256=6C2A814D51037C8FD174B08E846A7FF9F4A064716307D0226135535AFE6B17CB; screenshot_sha256=6D1F6121DC2EB0D1A18A46C297E6BDCE98A1CFEBAD1CA974AEA46A3D700D4A63,status\evidence\jhora_kaala_witness_20260727\gann_reference_tokyo_kaala_bala_accessibility.txt,status\evidence\jhora_kaala_witness_20260727\gann_reference_tokyo_kaala_bala_locked.jpg
GANN_JHORA_KAALA_WITNESS_COMPARATOR_V1,gann_reference_tokyo,MOON,yuddha,0.000000000,3.300000000,198.160000000,-0.010000000,Jagannatha Hora 8.0 locked visible Kaala Bala table; accessibility_sha256=6C2A814D51037C8FD174B08E846A7FF9F4A064716307D0226135535AFE6B17CB; screenshot_sha256=6D1F6121DC2EB0D1A18A46C297E6BDCE98A1CFEBAD1CA974AEA46A3D700D4A63,status\evidence\jhora_kaala_witness_20260727\gann_reference_tokyo_kaala_bala_accessibility.txt,status\evidence\jhora_kaala_witness_20260727\gann_reference_tokyo_kaala_bala_locked.jpg
GANN_JHORA_KAALA_WITNESS_COMPARATOR_V1,gann_reference_tokyo,MARS,total,136.400000000,2.270000000,136.400000000,0.000000000,Jagannatha Hora 8.0 locked visible Kaala Bala table; accessibility_sha256=6C2A814D51037C8FD174B08E846A7FF9F4A064716307D0226135535AFE6B17CB; screenshot_sha256=6D1F6121DC2EB0D1A18A46C297E6BDCE98A1CFEBAD1CA974AEA46A3D700D4A63,status\evidence\jhora_kaala_witness_20260727\gann_reference_tokyo_kaala_bala_accessibility.txt,status\evidence\jhora_kaala_witness_20260727\gann_reference_tokyo_kaala_bala_locked.jpg
GANN_JHORA_KAALA_WITNESS_COMPARATOR_V1,gann_reference_tokyo,MARS,nathonnatha,57.850000000,2.270000000,136.400000000,0.000000000,Jagannatha Hora 8.0 locked visible Kaala Bala table; accessibility_sha256=6C2A814D51037C8FD174B08E846A7FF9F4A064716307D0226135535AFE6B17CB; screenshot_sha256=6D1F6121DC2EB0D1A18A46C297E6BDCE98A1CFEBAD1CA974AEA46A3D700D4A63,status\evidence\jhora_kaala_witness_20260727\gann_reference_tokyo_kaala_bala_accessibility.txt,status\evidence\jhora_kaala_witness_20260727\gann_reference_tokyo_kaala_bala_locked.jpg
GANN_JHORA_KAALA_WITNESS_COMPARATOR_V1,gann_reference_tokyo,MARS,paksha,20.060000000,2.270000000,136.400000000,0.000000000,Jagannatha Hora 8.0 locked visible Kaala Bala table; accessibility_sha256=6C2A814D51037C8FD174B08E846A7FF9F4A064716307D0226135535AFE6B17CB; screenshot_sha256=6D1F6121DC2EB0D1A18A46C297E6BDCE98A1CFEBAD1CA974AEA46A3D700D4A63,status\evidence\jhora_kaala_witness_20260727\gann_reference_tokyo_kaala_bala_accessibility.txt,status\evidence\jhora_kaala_witness_20260727\gann_reference_tokyo_kaala_bala_locked.jpg
GANN_JHORA_KAALA_WITNESS_COMPARATOR_V1,gann_reference_tokyo,MARS,tribhaga,0.000000000,2.270000000,136.400000000,0.000000000,Jagannatha Hora 8.0 locked visible Kaala Bala table; accessibility_sha256=6C2A814D51037C8FD174B08E846A7FF9F4A064716307D0226135535AFE6B17CB; screenshot_sha256=6D1F6121DC2EB0D1A18A46C297E6BDCE98A1CFEBAD1CA974AEA46A3D700D4A63,status\evidence\jhora_kaala_witness_20260727\gann_reference_tokyo_kaala_bala_accessibility.txt,status\evidence\jhora_kaala_witness_20260727\gann_reference_tokyo_kaala_bala_locked.jpg
GANN_JHORA_KAALA_WITNESS_COMPARATOR_V1,gann_reference_tokyo,MARS,abda,0.000000000,2.270000000,136.400000000,0.000000000,Jagannatha Hora 8.0 locked visible Kaala Bala table; accessibility_sha256=6C2A814D51037C8FD174B08E846A7FF9F4A064716307D0226135535AFE6B17CB; screenshot_sha256=6D1F6121DC2EB0D1A18A46C297E6BDCE98A1CFEBAD1CA974AEA46A3D700D4A63,status\evidence\jhora_kaala_witness_20260727\gann_reference_tokyo_kaala_bala_accessibility.txt,status\evidence\jhora_kaala_witness_20260727\gann_reference_tokyo_kaala_bala_locked.jpg
GANN_JHORA_KAALA_WITNESS_COMPARATOR_V1,gann_reference_tokyo,MARS,masa,30.000000000,2.270000000,136.400000000,0.000000000,Jagannatha Hora 8.0 locked visible Kaala Bala table; accessibility_sha256=6C2A814D51037C8FD174B08E846A7FF9F4A064716307D0226135535AFE6B17CB; screenshot_sha256=6D1F6121DC2EB0D1A18A46C297E6BDCE98A1CFEBAD1CA974AEA46A3D700D4A63,status\evidence\jhora_kaala_witness_20260727\gann_reference_tokyo_kaala_bala_accessibility.txt,status\evidence\jhora_kaala_witness_20260727\gann_reference_tokyo_kaala_bala_locked.jpg
GANN_JHORA_KAALA_WITNESS_COMPARATOR_V1,gann_reference_tokyo,MARS,vara,0.000000000,2.270000000,136.400000000,0.000000000,Jagannatha Hora 8.0 locked visible Kaala Bala table; accessibility_sha256=6C2A814D51037C8FD174B08E846A7FF9F4A064716307D0226135535AFE6B17CB; screenshot_sha256=6D1F6121DC2EB0D1A18A46C297E6BDCE98A1CFEBAD1CA974AEA46A3D700D4A63,status\evidence\jhora_kaala_witness_20260727\gann_reference_tokyo_kaala_bala_accessibility.txt,status\evidence\jhora_kaala_witness_20260727\gann_reference_tokyo_kaala_bala_locked.jpg
GANN_JHORA_KAALA_WITNESS_COMPARATOR_V1,gann_reference_tokyo,MARS,hora,0.000000000,2.270000000,136.400000000,0.000000000,Jagannatha Hora 8.0 locked visible Kaala Bala table; accessibility_sha256=6C2A814D51037C8FD174B08E846A7FF9F4A064716307D0226135535AFE6B17CB; screenshot_sha256=6D1F6121DC2EB0D1A18A46C297E6BDCE98A1CFEBAD1CA974AEA46A3D700D4A63,status\evidence\jhora_kaala_witness_20260727\gann_reference_tokyo_kaala_bala_accessibility.txt,status\evidence\jhora_kaala_witness_20260727\gann_reference_tokyo_kaala_bala_locked.jpg
GANN_JHORA_KAALA_WITNESS_COMPARATOR_V1,gann_reference_tokyo,MARS,ayana,28.490000000,2.270000000,136.400000000,0.000000000,Jagannatha Hora 8.0 locked visible Kaala Bala table; accessibility_sha256=6C2A814D51037C8FD174B08E846A7FF9F4A064716307D0226135535AFE6B17CB; screenshot_sha256=6D1F6121DC2EB0D1A18A46C297E6BDCE98A1CFEBAD1CA974AEA46A3D700D4A63,status\evidence\jhora_kaala_witness_20260727\gann_reference_tokyo_kaala_bala_accessibility.txt,status\evidence\jhora_kaala_witness_20260727\gann_reference_tokyo_kaala_bala_locked.jpg
GANN_JHORA_KAALA_WITNESS_COMPARATOR_V1,gann_reference_tokyo,MARS,yuddha,0.000000000,2.270000000,136.400000000,0.000000000,Jagannatha Hora 8.0 locked visible Kaala Bala table; accessibility_sha256=6C2A814D51037C8FD174B08E846A7FF9F4A064716307D0226135535AFE6B17CB; screenshot_sha256=6D1F6121DC2EB0D1A18A46C297E6BDCE98A1CFEBAD1CA974AEA46A3D700D4A63,status\evidence\jhora_kaala_witness_20260727\gann_reference_tokyo_kaala_bala_accessibility.txt,status\evidence\jhora_kaala_witness_20260727\gann_reference_tokyo_kaala_bala_locked.jpg
GANN_JHORA_KAALA_WITNESS_COMPARATOR_V1,gann_reference_tokyo,MERCURY,total,123.210000000,2.050000000,123.210000000,0.000000000,Jagannatha Hora 8.0 locked visible Kaala Bala table; accessibility_sha256=6C2A814D51037C8FD174B08E846A7FF9F4A064716307D0226135535AFE6B17CB; screenshot_sha256=6D1F6121DC2EB0D1A18A46C297E6BDCE98A1CFEBAD1CA974AEA46A3D700D4A63,status\evidence\jhora_kaala_witness_20260727\gann_reference_tokyo_kaala_bala_accessibility.txt,status\evidence\jhora_kaala_witness_20260727\gann_reference_tokyo_kaala_bala_locked.jpg
GANN_JHORA_KAALA_WITNESS_COMPARATOR_V1,gann_reference_tokyo,MERCURY,nathonnatha,60.000000000,2.050000000,123.210000000,0.000000000,Jagannatha Hora 8.0 locked visible Kaala Bala table; accessibility_sha256=6C2A814D51037C8FD174B08E846A7FF9F4A064716307D0226135535AFE6B17CB; screenshot_sha256=6D1F6121DC2EB0D1A18A46C297E6BDCE98A1CFEBAD1CA974AEA46A3D700D4A63,status\evidence\jhora_kaala_witness_20260727\gann_reference_tokyo_kaala_bala_accessibility.txt,status\evidence\jhora_kaala_witness_20260727\gann_reference_tokyo_kaala_bala_locked.jpg
GANN_JHORA_KAALA_WITNESS_COMPARATOR_V1,gann_reference_tokyo,MERCURY,paksha,20.060000000,2.050000000,123.210000000,0.000000000,Jagannatha Hora 8.0 locked visible Kaala Bala table; accessibility_sha256=6C2A814D51037C8FD174B08E846A7FF9F4A064716307D0226135535AFE6B17CB; screenshot_sha256=6D1F6121DC2EB0D1A18A46C297E6BDCE98A1CFEBAD1CA974AEA46A3D700D4A63,status\evidence\jhora_kaala_witness_20260727\gann_reference_tokyo_kaala_bala_accessibility.txt,status\evidence\jhora_kaala_witness_20260727\gann_reference_tokyo_kaala_bala_locked.jpg
GANN_JHORA_KAALA_WITNESS_COMPARATOR_V1,gann_reference_tokyo,MERCURY,tribhaga,0.000000000,2.050000000,123.210000000,0.000000000,Jagannatha Hora 8.0 locked visible Kaala Bala table; accessibility_sha256=6C2A814D51037C8FD174B08E846A7FF9F4A064716307D0226135535AFE6B17CB; screenshot_sha256=6D1F6121DC2EB0D1A18A46C297E6BDCE98A1CFEBAD1CA974AEA46A3D700D4A63,status\evidence\jhora_kaala_witness_20260727\gann_reference_tokyo_kaala_bala_accessibility.txt,status\evidence\jhora_kaala_witness_20260727\gann_reference_tokyo_kaala_bala_locked.jpg
GANN_JHORA_KAALA_WITNESS_COMPARATOR_V1,gann_reference_tokyo,MERCURY,abda,0.000000000,2.050000000,123.210000000,0.000000000,Jagannatha Hora 8.0 locked visible Kaala Bala table; accessibility_sha256=6C2A814D51037C8FD174B08E846A7FF9F4A064716307D0226135535AFE6B17CB; screenshot_sha256=6D1F6121DC2EB0D1A18A46C297E6BDCE98A1CFEBAD1CA974AEA46A3D700D4A63,status\evidence\jhora_kaala_witness_20260727\gann_reference_tokyo_kaala_bala_accessibility.txt,status\evidence\jhora_kaala_witness_20260727\gann_reference_tokyo_kaala_bala_locked.jpg
GANN_JHORA_KAALA_WITNESS_COMPARATOR_V1,gann_reference_tokyo,MERCURY,masa,0.000000000,2.050000000,123.210000000,0.000000000,Jagannatha Hora 8.0 locked visible Kaala Bala table; accessibility_sha256=6C2A814D51037C8FD174B08E846A7FF9F4A064716307D0226135535AFE6B17CB; screenshot_sha256=6D1F6121DC2EB0D1A18A46C297E6BDCE98A1CFEBAD1CA974AEA46A3D700D4A63,status\evidence\jhora_kaala_witness_20260727\gann_reference_tokyo_kaala_bala_accessibility.txt,status\evidence\jhora_kaala_witness_20260727\gann_reference_tokyo_kaala_bala_locked.jpg
GANN_JHORA_KAALA_WITNESS_COMPARATOR_V1,gann_reference_tokyo,MERCURY,vara,0.000000000,2.050000000,123.210000000,0.000000000,Jagannatha Hora 8.0 locked visible Kaala Bala table; accessibility_sha256=6C2A814D51037C8FD174B08E846A7FF9F4A064716307D0226135535AFE6B17CB; screenshot_sha256=6D1F6121DC2EB0D1A18A46C297E6BDCE98A1CFEBAD1CA974AEA46A3D700D4A63,status\evidence\jhora_kaala_witness_20260727\gann_reference_tokyo_kaala_bala_accessibility.txt,status\evidence\jhora_kaala_witness_20260727\gann_reference_tokyo_kaala_bala_locked.jpg
GANN_JHORA_KAALA_WITNESS_COMPARATOR_V1,gann_reference_tokyo,MERCURY,hora,0.000000000,2.050000000,123.210000000,0.000000000,Jagannatha Hora 8.0 locked visible Kaala Bala table; accessibility_sha256=6C2A814D51037C8FD174B08E846A7FF9F4A064716307D0226135535AFE6B17CB; screenshot_sha256=6D1F6121DC2EB0D1A18A46C297E6BDCE98A1CFEBAD1CA974AEA46A3D700D4A63,status\evidence\jhora_kaala_witness_20260727\gann_reference_tokyo_kaala_bala_accessibility.txt,status\evidence\jhora_kaala_witness_20260727\gann_reference_tokyo_kaala_bala_locked.jpg
GANN_JHORA_KAALA_WITNESS_COMPARATOR_V1,gann_reference_tokyo,MERCURY,ayana,43.150000000,2.050000000,123.210000000,0.000000000,Jagannatha Hora 8.0 locked visible Kaala Bala table; accessibility_sha256=6C2A814D51037C8FD174B08E846A7FF9F4A064716307D0226135535AFE6B17CB; screenshot_sha256=6D1F6121DC2EB0D1A18A46C297E6BDCE98A1CFEBAD1CA974AEA46A3D700D4A63,status\evidence\jhora_kaala_witness_20260727\gann_reference_tokyo_kaala_bala_accessibility.txt,status\evidence\jhora_kaala_witness_20260727\gann_reference_tokyo_kaala_bala_locked.jpg
GANN_JHORA_KAALA_WITNESS_COMPARATOR_V1,gann_reference_tokyo,MERCURY,yuddha,0.000000000,2.050000000,123.210000000,0.000000000,Jagannatha Hora 8.0 locked visible Kaala Bala table; accessibility_sha256=6C2A814D51037C8FD174B08E846A7FF9F4A064716307D0226135535AFE6B17CB; screenshot_sha256=6D1F6121DC2EB0D1A18A46C297E6BDCE98A1CFEBAD1CA974AEA46A3D700D4A63,status\evidence\jhora_kaala_witness_20260727\gann_reference_tokyo_kaala_bala_accessibility.txt,status\evidence\jhora_kaala_witness_20260727\gann_reference_tokyo_kaala_bala_locked.jpg
GANN_JHORA_KAALA_WITNESS_COMPARATOR_V1,gann_reference_tokyo,JUPITER,total,102.310000000,1.710000000,102.310000000,0.000000000,Jagannatha Hora 8.0 locked visible Kaala Bala table; accessibility_sha256=6C2A814D51037C8FD174B08E846A7FF9F4A064716307D0226135535AFE6B17CB; screenshot_sha256=6D1F6121DC2EB0D1A18A46C297E6BDCE98A1CFEBAD1CA974AEA46A3D700D4A63,status\evidence\jhora_kaala_witness_20260727\gann_reference_tokyo_kaala_bala_accessibility.txt,status\evidence\jhora_kaala_witness_20260727\gann_reference_tokyo_kaala_bala_locked.jpg
GANN_JHORA_KAALA_WITNESS_COMPARATOR_V1,gann_reference_tokyo,JUPITER,nathonnatha,2.150000000,1.710000000,102.310000000,0.000000000,Jagannatha Hora 8.0 locked visible Kaala Bala table; accessibility_sha256=6C2A814D51037C8FD174B08E846A7FF9F4A064716307D0226135535AFE6B17CB; screenshot_sha256=6D1F6121DC2EB0D1A18A46C297E6BDCE98A1CFEBAD1CA974AEA46A3D700D4A63,status\evidence\jhora_kaala_witness_20260727\gann_reference_tokyo_kaala_bala_accessibility.txt,status\evidence\jhora_kaala_witness_20260727\gann_reference_tokyo_kaala_bala_locked.jpg
GANN_JHORA_KAALA_WITNESS_COMPARATOR_V1,gann_reference_tokyo,JUPITER,paksha,39.940000000,1.710000000,102.310000000,0.000000000,Jagannatha Hora 8.0 locked visible Kaala Bala table; accessibility_sha256=6C2A814D51037C8FD174B08E846A7FF9F4A064716307D0226135535AFE6B17CB; screenshot_sha256=6D1F6121DC2EB0D1A18A46C297E6BDCE98A1CFEBAD1CA974AEA46A3D700D4A63,status\evidence\jhora_kaala_witness_20260727\gann_reference_tokyo_kaala_bala_accessibility.txt,status\evidence\jhora_kaala_witness_20260727\gann_reference_tokyo_kaala_bala_locked.jpg
GANN_JHORA_KAALA_WITNESS_COMPARATOR_V1,gann_reference_tokyo,JUPITER,tribhaga,60.000000000,1.710000000,102.310000000,0.000000000,Jagannatha Hora 8.0 locked visible Kaala Bala table; accessibility_sha256=6C2A814D51037C8FD174B08E846A7FF9F4A064716307D0226135535AFE6B17CB; screenshot_sha256=6D1F6121DC2EB0D1A18A46C297E6BDCE98A1CFEBAD1CA974AEA46A3D700D4A63,status\evidence\jhora_kaala_witness_20260727\gann_reference_tokyo_kaala_bala_accessibility.txt,status\evidence\jhora_kaala_witness_20260727\gann_reference_tokyo_kaala_bala_locked.jpg
GANN_JHORA_KAALA_WITNESS_COMPARATOR_V1,gann_reference_tokyo,JUPITER,abda,0.000000000,1.710000000,102.310000000,0.000000000,Jagannatha Hora 8.0 locked visible Kaala Bala table; accessibility_sha256=6C2A814D51037C8FD174B08E846A7FF9F4A064716307D0226135535AFE6B17CB; screenshot_sha256=6D1F6121DC2EB0D1A18A46C297E6BDCE98A1CFEBAD1CA974AEA46A3D700D4A63,status\evidence\jhora_kaala_witness_20260727\gann_reference_tokyo_kaala_bala_accessibility.txt,status\evidence\jhora_kaala_witness_20260727\gann_reference_tokyo_kaala_bala_locked.jpg
GANN_JHORA_KAALA_WITNESS_COMPARATOR_V1,gann_reference_tokyo,JUPITER,masa,0.000000000,1.710000000,102.310000000,0.000000000,Jagannatha Hora 8.0 locked visible Kaala Bala table; accessibility_sha256=6C2A814D51037C8FD174B08E846A7FF9F4A064716307D0226135535AFE6B17CB; screenshot_sha256=6D1F6121DC2EB0D1A18A46C297E6BDCE98A1CFEBAD1CA974AEA46A3D700D4A63,status\evidence\jhora_kaala_witness_20260727\gann_reference_tokyo_kaala_bala_accessibility.txt,status\evidence\jhora_kaala_witness_20260727\gann_reference_tokyo_kaala_bala_locked.jpg
GANN_JHORA_KAALA_WITNESS_COMPARATOR_V1,gann_reference_tokyo,JUPITER,vara,0.000000000,1.710000000,102.310000000,0.000000000,Jagannatha Hora 8.0 locked visible Kaala Bala table; accessibility_sha256=6C2A814D51037C8FD174B08E846A7FF9F4A064716307D0226135535AFE6B17CB; screenshot_sha256=6D1F6121DC2EB0D1A18A46C297E6BDCE98A1CFEBAD1CA974AEA46A3D700D4A63,status\evidence\jhora_kaala_witness_20260727\gann_reference_tokyo_kaala_bala_accessibility.txt,status\evidence\jhora_kaala_witness_20260727\gann_reference_tokyo_kaala_bala_locked.jpg
GANN_JHORA_KAALA_WITNESS_COMPARATOR_V1,gann_reference_tokyo,JUPITER,hora,0.000000000,1.710000000,102.310000000,0.000000000,Jagannatha Hora 8.0 locked visible Kaala Bala table; accessibility_sha256=6C2A814D51037C8FD174B08E846A7FF9F4A064716307D0226135535AFE6B17CB; screenshot_sha256=6D1F6121DC2EB0D1A18A46C297E6BDCE98A1CFEBAD1CA974AEA46A3D700D4A63,status\evidence\jhora_kaala_witness_20260727\gann_reference_tokyo_kaala_bala_accessibility.txt,status\evidence\jhora_kaala_witness_20260727\gann_reference_tokyo_kaala_bala_locked.jpg
GANN_JHORA_KAALA_WITNESS_COMPARATOR_V1,gann_reference_tokyo,JUPITER,ayana,0.220000000,1.710000000,102.310000000,0.000000000,Jagannatha Hora 8.0 locked visible Kaala Bala table; accessibility_sha256=6C2A814D51037C8FD174B08E846A7FF9F4A064716307D0226135535AFE6B17CB; screenshot_sha256=6D1F6121DC2EB0D1A18A46C297E6BDCE98A1CFEBAD1CA974AEA46A3D700D4A63,status\evidence\jhora_kaala_witness_20260727\gann_reference_tokyo_kaala_bala_accessibility.txt,status\evidence\jhora_kaala_witness_20260727\gann_reference_tokyo_kaala_bala_locked.jpg
GANN_JHORA_KAALA_WITNESS_COMPARATOR_V1,gann_reference_tokyo,JUPITER,yuddha,0.000000000,1.710000000,102.310000000,0.000000000,Jagannatha Hora 8.0 locked visible Kaala Bala table; accessibility_sha256=6C2A814D51037C8FD174B08E846A7FF9F4A064716307D0226135535AFE6B17CB; screenshot_sha256=6D1F6121DC2EB0D1A18A46C297E6BDCE98A1CFEBAD1CA974AEA46A3D700D4A63,status\evidence\jhora_kaala_witness_20260727\gann_reference_tokyo_kaala_bala_accessibility.txt,status\evidence\jhora_kaala_witness_20260727\gann_reference_tokyo_kaala_bala_locked.jpg
GANN_JHORA_KAALA_WITNESS_COMPARATOR_V1,gann_reference_tokyo,VENUS,total,137.460000000,2.290000000,137.460000000,0.000000000,Jagannatha Hora 8.0 locked visible Kaala Bala table; accessibility_sha256=6C2A814D51037C8FD174B08E846A7FF9F4A064716307D0226135535AFE6B17CB; screenshot_sha256=6D1F6121DC2EB0D1A18A46C297E6BDCE98A1CFEBAD1CA974AEA46A3D700D4A63,status\evidence\jhora_kaala_witness_20260727\gann_reference_tokyo_kaala_bala_accessibility.txt,status\evidence\jhora_kaala_witness_20260727\gann_reference_tokyo_kaala_bala_locked.jpg
GANN_JHORA_KAALA_WITNESS_COMPARATOR_V1,gann_reference_tokyo,VENUS,nathonnatha,2.150000000,2.290000000,137.460000000,0.000000000,Jagannatha Hora 8.0 locked visible Kaala Bala table; accessibility_sha256=6C2A814D51037C8FD174B08E846A7FF9F4A064716307D0226135535AFE6B17CB; screenshot_sha256=6D1F6121DC2EB0D1A18A46C297E6BDCE98A1CFEBAD1CA974AEA46A3D700D4A63,status\evidence\jhora_kaala_witness_20260727\gann_reference_tokyo_kaala_bala_accessibility.txt,status\evidence\jhora_kaala_witness_20260727\gann_reference_tokyo_kaala_bala_locked.jpg
GANN_JHORA_KAALA_WITNESS_COMPARATOR_V1,gann_reference_tokyo,VENUS,paksha,39.940000000,2.290000000,137.460000000,0.000000000,Jagannatha Hora 8.0 locked visible Kaala Bala table; accessibility_sha256=6C2A814D51037C8FD174B08E846A7FF9F4A064716307D0226135535AFE6B17CB; screenshot_sha256=6D1F6121DC2EB0D1A18A46C297E6BDCE98A1CFEBAD1CA974AEA46A3D700D4A63,status\evidence\jhora_kaala_witness_20260727\gann_reference_tokyo_kaala_bala_accessibility.txt,status\evidence\jhora_kaala_witness_20260727\gann_reference_tokyo_kaala_bala_locked.jpg
GANN_JHORA_KAALA_WITNESS_COMPARATOR_V1,gann_reference_tokyo,VENUS,tribhaga,60.000000000,2.290000000,137.460000000,0.000000000,Jagannatha Hora 8.0 locked visible Kaala Bala table; accessibility_sha256=6C2A814D51037C8FD174B08E846A7FF9F4A064716307D0226135535AFE6B17CB; screenshot_sha256=6D1F6121DC2EB0D1A18A46C297E6BDCE98A1CFEBAD1CA974AEA46A3D700D4A63,status\evidence\jhora_kaala_witness_20260727\gann_reference_tokyo_kaala_bala_accessibility.txt,status\evidence\jhora_kaala_witness_20260727\gann_reference_tokyo_kaala_bala_locked.jpg
GANN_JHORA_KAALA_WITNESS_COMPARATOR_V1,gann_reference_tokyo,VENUS,abda,0.000000000,2.290000000,137.460000000,0.000000000,Jagannatha Hora 8.0 locked visible Kaala Bala table; accessibility_sha256=6C2A814D51037C8FD174B08E846A7FF9F4A064716307D0226135535AFE6B17CB; screenshot_sha256=6D1F6121DC2EB0D1A18A46C297E6BDCE98A1CFEBAD1CA974AEA46A3D700D4A63,status\evidence\jhora_kaala_witness_20260727\gann_reference_tokyo_kaala_bala_accessibility.txt,status\evidence\jhora_kaala_witness_20260727\gann_reference_tokyo_kaala_bala_locked.jpg
GANN_JHORA_KAALA_WITNESS_COMPARATOR_V1,gann_reference_tokyo,VENUS,masa,0.000000000,2.290000000,137.460000000,0.000000000,Jagannatha Hora 8.0 locked visible Kaala Bala table; accessibility_sha256=6C2A814D51037C8FD174B08E846A7FF9F4A064716307D0226135535AFE6B17CB; screenshot_sha256=6D1F6121DC2EB0D1A18A46C297E6BDCE98A1CFEBAD1CA974AEA46A3D700D4A63,status\evidence\jhora_kaala_witness_20260727\gann_reference_tokyo_kaala_bala_accessibility.txt,status\evidence\jhora_kaala_witness_20260727\gann_reference_tokyo_kaala_bala_locked.jpg
GANN_JHORA_KAALA_WITNESS_COMPARATOR_V1,gann_reference_tokyo,VENUS,vara,0.000000000,2.290000000,137.460000000,0.000000000,Jagannatha Hora 8.0 locked visible Kaala Bala table; accessibility_sha256=6C2A814D51037C8FD174B08E846A7FF9F4A064716307D0226135535AFE6B17CB; screenshot_sha256=6D1F6121DC2EB0D1A18A46C297E6BDCE98A1CFEBAD1CA974AEA46A3D700D4A63,status\evidence\jhora_kaala_witness_20260727\gann_reference_tokyo_kaala_bala_accessibility.txt,status\evidence\jhora_kaala_witness_20260727\gann_reference_tokyo_kaala_bala_locked.jpg
GANN_JHORA_KAALA_WITNESS_COMPARATOR_V1,gann_reference_tokyo,VENUS,hora,0.000000000,2.290000000,137.460000000,0.000000000,Jagannatha Hora 8.0 locked visible Kaala Bala table; accessibility_sha256=6C2A814D51037C8FD174B08E846A7FF9F4A064716307D0226135535AFE6B17CB; screenshot_sha256=6D1F6121DC2EB0D1A18A46C297E6BDCE98A1CFEBAD1CA974AEA46A3D700D4A63,status\evidence\jhora_kaala_witness_20260727\gann_reference_tokyo_kaala_bala_accessibility.txt,status\evidence\jhora_kaala_witness_20260727\gann_reference_tokyo_kaala_bala_locked.jpg
GANN_JHORA_KAALA_WITNESS_COMPARATOR_V1,gann_reference_tokyo,VENUS,ayana,35.370000000,2.290000000,137.460000000,0.000000000,Jagannatha Hora 8.0 locked visible Kaala Bala table; accessibility_sha256=6C2A814D51037C8FD174B08E846A7FF9F4A064716307D0226135535AFE6B17CB; screenshot_sha256=6D1F6121DC2EB0D1A18A46C297E6BDCE98A1CFEBAD1CA974AEA46A3D700D4A63,status\evidence\jhora_kaala_witness_20260727\gann_reference_tokyo_kaala_bala_accessibility.txt,status\evidence\jhora_kaala_witness_20260727\gann_reference_tokyo_kaala_bala_locked.jpg
GANN_JHORA_KAALA_WITNESS_COMPARATOR_V1,gann_reference_tokyo,VENUS,yuddha,0.000000000,2.290000000,137.460000000,0.000000000,Jagannatha Hora 8.0 locked visible Kaala Bala table; accessibility_sha256=6C2A814D51037C8FD174B08E846A7FF9F4A064716307D0226135535AFE6B17CB; screenshot_sha256=6D1F6121DC2EB0D1A18A46C297E6BDCE98A1CFEBAD1CA974AEA46A3D700D4A63,status\evidence\jhora_kaala_witness_20260727\gann_reference_tokyo_kaala_bala_accessibility.txt,status\evidence\jhora_kaala_witness_20260727\gann_reference_tokyo_kaala_bala_locked.jpg
GANN_JHORA_KAALA_WITNESS_COMPARATOR_V1,gann_reference_tokyo,SATURN,total,88.550000000,1.480000000,88.550000000,0.000000000,Jagannatha Hora 8.0 locked visible Kaala Bala table; accessibility_sha256=6C2A814D51037C8FD174B08E846A7FF9F4A064716307D0226135535AFE6B17CB; screenshot_sha256=6D1F6121DC2EB0D1A18A46C297E6BDCE98A1CFEBAD1CA974AEA46A3D700D4A63,status\evidence\jhora_kaala_witness_20260727\gann_reference_tokyo_kaala_bala_accessibility.txt,status\evidence\jhora_kaala_witness_20260727\gann_reference_tokyo_kaala_bala_locked.jpg
GANN_JHORA_KAALA_WITNESS_COMPARATOR_V1,gann_reference_tokyo,SATURN,nathonnatha,57.850000000,1.480000000,88.550000000,0.000000000,Jagannatha Hora 8.0 locked visible Kaala Bala table; accessibility_sha256=6C2A814D51037C8FD174B08E846A7FF9F4A064716307D0226135535AFE6B17CB; screenshot_sha256=6D1F6121DC2EB0D1A18A46C297E6BDCE98A1CFEBAD1CA974AEA46A3D700D4A63,status\evidence\jhora_kaala_witness_20260727\gann_reference_tokyo_kaala_bala_accessibility.txt,status\evidence\jhora_kaala_witness_20260727\gann_reference_tokyo_kaala_bala_locked.jpg
GANN_JHORA_KAALA_WITNESS_COMPARATOR_V1,gann_reference_tokyo,SATURN,paksha,20.060000000,1.480000000,88.550000000,0.000000000,Jagannatha Hora 8.0 locked visible Kaala Bala table; accessibility_sha256=6C2A814D51037C8FD174B08E846A7FF9F4A064716307D0226135535AFE6B17CB; screenshot_sha256=6D1F6121DC2EB0D1A18A46C297E6BDCE98A1CFEBAD1CA974AEA46A3D700D4A63,status\evidence\jhora_kaala_witness_20260727\gann_reference_tokyo_kaala_bala_accessibility.txt,status\evidence\jhora_kaala_witness_20260727\gann_reference_tokyo_kaala_bala_locked.jpg
GANN_JHORA_KAALA_WITNESS_COMPARATOR_V1,gann_reference_tokyo,SATURN,tribhaga,0.000000000,1.480000000,88.550000000,0.000000000,Jagannatha Hora 8.0 locked visible Kaala Bala table; accessibility_sha256=6C2A814D51037C8FD174B08E846A7FF9F4A064716307D0226135535AFE6B17CB; screenshot_sha256=6D1F6121DC2EB0D1A18A46C297E6BDCE98A1CFEBAD1CA974AEA46A3D700D4A63,status\evidence\jhora_kaala_witness_20260727\gann_reference_tokyo_kaala_bala_accessibility.txt,status\evidence\jhora_kaala_witness_20260727\gann_reference_tokyo_kaala_bala_locked.jpg
GANN_JHORA_KAALA_WITNESS_COMPARATOR_V1,gann_reference_tokyo,SATURN,abda,0.000000000,1.480000000,88.550000000,0.000000000,Jagannatha Hora 8.0 locked visible Kaala Bala table; accessibility_sha256=6C2A814D51037C8FD174B08E846A7FF9F4A064716307D0226135535AFE6B17CB; screenshot_sha256=6D1F6121DC2EB0D1A18A46C297E6BDCE98A1CFEBAD1CA974AEA46A3D700D4A63,status\evidence\jhora_kaala_witness_20260727\gann_reference_tokyo_kaala_bala_accessibility.txt,status\evidence\jhora_kaala_witness_20260727\gann_reference_tokyo_kaala_bala_locked.jpg
GANN_JHORA_KAALA_WITNESS_COMPARATOR_V1,gann_reference_tokyo,SATURN,masa,0.000000000,1.480000000,88.550000000,0.000000000,Jagannatha Hora 8.0 locked visible Kaala Bala table; accessibility_sha256=6C2A814D51037C8FD174B08E846A7FF9F4A064716307D0226135535AFE6B17CB; screenshot_sha256=6D1F6121DC2EB0D1A18A46C297E6BDCE98A1CFEBAD1CA974AEA46A3D700D4A63,status\evidence\jhora_kaala_witness_20260727\gann_reference_tokyo_kaala_bala_accessibility.txt,status\evidence\jhora_kaala_witness_20260727\gann_reference_tokyo_kaala_bala_locked.jpg
GANN_JHORA_KAALA_WITNESS_COMPARATOR_V1,gann_reference_tokyo,SATURN,vara,0.000000000,1.480000000,88.550000000,0.000000000,Jagannatha Hora 8.0 locked visible Kaala Bala table; accessibility_sha256=6C2A814D51037C8FD174B08E846A7FF9F4A064716307D0226135535AFE6B17CB; screenshot_sha256=6D1F6121DC2EB0D1A18A46C297E6BDCE98A1CFEBAD1CA974AEA46A3D700D4A63,status\evidence\jhora_kaala_witness_20260727\gann_reference_tokyo_kaala_bala_accessibility.txt,status\evidence\jhora_kaala_witness_20260727\gann_reference_tokyo_kaala_bala_locked.jpg
GANN_JHORA_KAALA_WITNESS_COMPARATOR_V1,gann_reference_tokyo,SATURN,hora,0.000000000,1.480000000,88.550000000,0.000000000,Jagannatha Hora 8.0 locked visible Kaala Bala table; accessibility_sha256=6C2A814D51037C8FD174B08E846A7FF9F4A064716307D0226135535AFE6B17CB; screenshot_sha256=6D1F6121DC2EB0D1A18A46C297E6BDCE98A1CFEBAD1CA974AEA46A3D700D4A63,status\evidence\jhora_kaala_witness_20260727\gann_reference_tokyo_kaala_bala_accessibility.txt,status\evidence\jhora_kaala_witness_20260727\gann_reference_tokyo_kaala_bala_locked.jpg
GANN_JHORA_KAALA_WITNESS_COMPARATOR_V1,gann_reference_tokyo,SATURN,ayana,10.640000000,1.480000000,88.550000000,0.000000000,Jagannatha Hora 8.0 locked visible Kaala Bala table; accessibility_sha256=6C2A814D51037C8FD174B08E846A7FF9F4A064716307D0226135535AFE6B17CB; screenshot_sha256=6D1F6121DC2EB0D1A18A46C297E6BDCE98A1CFEBAD1CA974AEA46A3D700D4A63,status\evidence\jhora_kaala_witness_20260727\gann_reference_tokyo_kaala_bala_accessibility.txt,status\evidence\jhora_kaala_witness_20260727\gann_reference_tokyo_kaala_bala_locked.jpg
GANN_JHORA_KAALA_WITNESS_COMPARATOR_V1,gann_reference_tokyo,SATURN,yuddha,0.000000000,1.480000000,88.550000000,0.000000000,Jagannatha Hora 8.0 locked visible Kaala Bala table; accessibility_sha256=6C2A814D51037C8FD174B08E846A7FF9F4A064716307D0226135535AFE6B17CB; screenshot_sha256=6D1F6121DC2EB0D1A18A46C297E6BDCE98A1CFEBAD1CA974AEA46A3D700D4A63,status\evidence\jhora_kaala_witness_20260727\gann_reference_tokyo_kaala_bala_accessibility.txt,status\evidence\jhora_kaala_witness_20260727\gann_reference_tokyo_kaala_bala_locked.jpg
