contract,sample_id,planet,measure,jhora_value_virupa,local_value_virupa,pyjhora_value_virupa,jhora_minus_local_virupa,jhora_minus_pyjhora_virupa,local_absolute_delta_virupa,pyjhora_absolute_delta_virupa,local_pass_fail,pyjhora_pass_fail,nearest_profile,tolerance_virupa,jhora_source,pyjhora_source
GANN_JHORA_KAALA_WITNESS_COMPARATOR_V1,case_103_event_start,JUPITER,abda,0.000000000,0.000000000,0.000000000,0.000000000,0.000000000,0.000000000,0.000000000,pass,pass,tie,0.500000000,Jagannatha Hora 8.0 locked visible Kaala Bala table; accessibility_sha256=D44C1EEBFA80E19B60BC5E15BF0C97D55D4C66DD97159B72B7DEE7C2CC3BEDF6; screenshot_sha256=903BF3A3A5B681EE8B54CD09B50B72CB3A53EA53E32334E579C6F1C9D431B3AF,PyJHora 4.8.7 Tier B isolated export; Raman ayanamsa; wheel sha256 D8D8014573A38DDEFEDCAE57D3B8D84687CAC2AD31BB5B1DD70D945906A4D54D; event civil timezone; Tokyo reference coordinates; Dig uses _dig_bala(method=2) canonical bounded circular-distance variant because the package default method=1 can exceed 60 virupa
GANN_JHORA_KAALA_WITNESS_COMPARATOR_V1,case_103_event_start,JUPITER,ayana,59.610000000,59.568373769,59.830000000,0.041626231,-0.220000000,0.041626231,0.220000000,pass,pass,local,0.500000000,Jagannatha Hora 8.0 locked visible Kaala Bala table; accessibility_sha256=D44C1EEBFA80E19B60BC5E15BF0C97D55D4C66DD97159B72B7DEE7C2CC3BEDF6; screenshot_sha256=903BF3A3A5B681EE8B54CD09B50B72CB3A53EA53E32334E579C6F1C9D431B3AF,PyJHora 4.8.7 Tier B isolated export; Raman ayanamsa; wheel sha256 D8D8014573A38DDEFEDCAE57D3B8D84687CAC2AD31BB5B1DD70D945906A4D54D; event civil timezone; Tokyo reference coordinates; Dig uses _dig_bala(method=2) canonical bounded circular-distance variant because the package default method=1 can exceed 60 virupa
GANN_JHORA_KAALA_WITNESS_COMPARATOR_V1,case_103_event_start,JUPITER,hora,60.000000000,60.000000000,0.000000000,0.000000000,60.000000000,0.000000000,60.000000000,pass,fail,local,0.500000000,Jagannatha Hora 8.0 locked visible Kaala Bala table; accessibility_sha256=D44C1EEBFA80E19B60BC5E15BF0C97D55D4C66DD97159B72B7DEE7C2CC3BEDF6; screenshot_sha256=903BF3A3A5B681EE8B54CD09B50B72CB3A53EA53E32334E579C6F1C9D431B3AF,PyJHora 4.8.7 Tier B isolated export; Raman ayanamsa; wheel sha256 D8D8014573A38DDEFEDCAE57D3B8D84687CAC2AD31BB5B1DD70D945906A4D54D; event civil timezone; Tokyo reference coordinates; Dig uses _dig_bala(method=2) canonical bounded circular-distance variant because the package default method=1 can exceed 60 virupa
GANN_JHORA_KAALA_WITNESS_COMPARATOR_V1,case_103_event_start,JUPITER,masa,0.000000000,0.000000000,0.000000000,0.000000000,0.000000000,0.000000000,0.000000000,pass,pass,tie,0.500000000,Jagannatha Hora 8.0 locked visible Kaala Bala table; accessibility_sha256=D44C1EEBFA80E19B60BC5E15BF0C97D55D4C66DD97159B72B7DEE7C2CC3BEDF6; screenshot_sha256=903BF3A3A5B681EE8B54CD09B50B72CB3A53EA53E32334E579C6F1C9D431B3AF,PyJHora 4.8.7 Tier B isolated export; Raman ayanamsa; wheel sha256 D8D8014573A38DDEFEDCAE57D3B8D84687CAC2AD31BB5B1DD70D945906A4D54D; event civil timezone; Tokyo reference coordinates; Dig uses _dig_bala(method=2) canonical bounded circular-distance variant because the package default method=1 can exceed 60 virupa
GANN_JHORA_KAALA_WITNESS_COMPARATOR_V1,case_103_event_start,JUPITER,nathonnatha,13.390000000,11.550100000,26.870000000,1.839900000,-13.480000000,1.839900000,13.480000000,fail,fail,local,0.500000000,Jagannatha Hora 8.0 locked visible Kaala Bala table; accessibility_sha256=D44C1EEBFA80E19B60BC5E15BF0C97D55D4C66DD97159B72B7DEE7C2CC3BEDF6; screenshot_sha256=903BF3A3A5B681EE8B54CD09B50B72CB3A53EA53E32334E579C6F1C9D431B3AF,PyJHora 4.8.7 Tier B isolated export; Raman ayanamsa; wheel sha256 D8D8014573A38DDEFEDCAE57D3B8D84687CAC2AD31BB5B1DD70D945906A4D54D; event civil timezone; Tokyo reference coordinates; Dig uses _dig_bala(method=2) canonical bounded circular-distance variant because the package default method=1 can exceed 60 virupa
GANN_JHORA_KAALA_WITNESS_COMPARATOR_V1,case_103_event_start,JUPITER,paksha,48.820000000,48.874400506,71.120000000,-0.054400506,-22.300000000,0.054400506,22.300000000,pass,fail,local,0.500000000,Jagannatha Hora 8.0 locked visible Kaala Bala table; accessibility_sha256=D44C1EEBFA80E19B60BC5E15BF0C97D55D4C66DD97159B72B7DEE7C2CC3BEDF6; screenshot_sha256=903BF3A3A5B681EE8B54CD09B50B72CB3A53EA53E32334E579C6F1C9D431B3AF,PyJHora 4.8.7 Tier B isolated export; Raman ayanamsa; wheel sha256 D8D8014573A38DDEFEDCAE57D3B8D84687CAC2AD31BB5B1DD70D945906A4D54D; event civil timezone; Tokyo reference coordinates; Dig uses _dig_bala(method=2) canonical bounded circular-distance variant because the package default method=1 can exceed 60 virupa
GANN_JHORA_KAALA_WITNESS_COMPARATOR_V1,case_103_event_start,JUPITER,total,286.820000000,284.992874275,262.820000000,1.827125725,24.000000000,1.827125725,24.000000000,fail,fail,local,0.500000000,Jagannatha Hora 8.0 locked visible Kaala Bala table; accessibility_sha256=D44C1EEBFA80E19B60BC5E15BF0C97D55D4C66DD97159B72B7DEE7C2CC3BEDF6; screenshot_sha256=903BF3A3A5B681EE8B54CD09B50B72CB3A53EA53E32334E579C6F1C9D431B3AF,PyJHora 4.8.7 Tier B isolated export; Raman ayanamsa; wheel sha256 D8D8014573A38DDEFEDCAE57D3B8D84687CAC2AD31BB5B1DD70D945906A4D54D; event civil timezone; Tokyo reference coordinates; Dig uses _dig_bala(method=2) canonical bounded circular-distance variant because the package default method=1 can exceed 60 virupa
GANN_JHORA_KAALA_WITNESS_COMPARATOR_V1,case_103_event_start,JUPITER,tribhaga,60.000000000,60.000000000,60.000000000,0.000000000,0.000000000,0.000000000,0.000000000,pass,pass,tie,0.500000000,Jagannatha Hora 8.0 locked visible Kaala Bala table; accessibility_sha256=D44C1EEBFA80E19B60BC5E15BF0C97D55D4C66DD97159B72B7DEE7C2CC3BEDF6; screenshot_sha256=903BF3A3A5B681EE8B54CD09B50B72CB3A53EA53E32334E579C6F1C9D431B3AF,PyJHora 4.8.7 Tier B isolated export; Raman ayanamsa; wheel sha256 D8D8014573A38DDEFEDCAE57D3B8D84687CAC2AD31BB5B1DD70D945906A4D54D; event civil timezone; Tokyo reference coordinates; Dig uses _dig_bala(method=2) canonical bounded circular-distance variant because the package default method=1 can exceed 60 virupa
GANN_JHORA_KAALA_WITNESS_COMPARATOR_V1,case_103_event_start,JUPITER,vara,45.000000000,45.000000000,45.000000000,0.000000000,0.000000000,0.000000000,0.000000000,pass,pass,tie,0.500000000,Jagannatha Hora 8.0 locked visible Kaala Bala table; accessibility_sha256=D44C1EEBFA80E19B60BC5E15BF0C97D55D4C66DD97159B72B7DEE7C2CC3BEDF6; screenshot_sha256=903BF3A3A5B681EE8B54CD09B50B72CB3A53EA53E32334E579C6F1C9D431B3AF,PyJHora 4.8.7 Tier B isolated export; Raman ayanamsa; wheel sha256 D8D8014573A38DDEFEDCAE57D3B8D84687CAC2AD31BB5B1DD70D945906A4D54D; event civil timezone; Tokyo reference coordinates; Dig uses _dig_bala(method=2) canonical bounded circular-distance variant because the package default method=1 can exceed 60 virupa
GANN_JHORA_KAALA_WITNESS_COMPARATOR_V1,case_103_event_start,JUPITER,yuddha,0.000000000,0.000000000,0.000000000,0.000000000,0.000000000,0.000000000,0.000000000,pass,pass,tie,0.500000000,Jagannatha Hora 8.0 locked visible Kaala Bala table; accessibility_sha256=D44C1EEBFA80E19B60BC5E15BF0C97D55D4C66DD97159B72B7DEE7C2CC3BEDF6; screenshot_sha256=903BF3A3A5B681EE8B54CD09B50B72CB3A53EA53E32334E579C6F1C9D431B3AF,PyJHora 4.8.7 Tier B isolated export; Raman ayanamsa; wheel sha256 D8D8014573A38DDEFEDCAE57D3B8D84687CAC2AD31BB5B1DD70D945906A4D54D; event civil timezone; Tokyo reference coordinates; Dig uses _dig_bala(method=2) canonical bounded circular-distance variant because the package default method=1 can exceed 60 virupa
GANN_JHORA_KAALA_WITNESS_COMPARATOR_V1,case_103_event_start,MARS,abda,0.000000000,0.000000000,0.000000000,0.000000000,0.000000000,0.000000000,0.000000000,pass,pass,tie,0.500000000,Jagannatha Hora 8.0 locked visible Kaala Bala table; accessibility_sha256=D44C1EEBFA80E19B60BC5E15BF0C97D55D4C66DD97159B72B7DEE7C2CC3BEDF6; screenshot_sha256=903BF3A3A5B681EE8B54CD09B50B72CB3A53EA53E32334E579C6F1C9D431B3AF,PyJHora 4.8.7 Tier B isolated export; Raman ayanamsa; wheel sha256 D8D8014573A38DDEFEDCAE57D3B8D84687CAC2AD31BB5B1DD70D945906A4D54D; event civil timezone; Tokyo reference coordinates; Dig uses _dig_bala(method=2) canonical bounded circular-distance variant because the package default method=1 can exceed 60 virupa
GANN_JHORA_KAALA_WITNESS_COMPARATOR_V1,case_103_event_start,MARS,ayana,51.570000000,53.877969608,51.740000000,-2.307969608,-0.170000000,2.307969608,0.170000000,fail,pass,pyjhora,0.500000000,Jagannatha Hora 8.0 locked visible Kaala Bala table; accessibility_sha256=D44C1EEBFA80E19B60BC5E15BF0C97D55D4C66DD97159B72B7DEE7C2CC3BEDF6; screenshot_sha256=903BF3A3A5B681EE8B54CD09B50B72CB3A53EA53E32334E579C6F1C9D431B3AF,PyJHora 4.8.7 Tier B isolated export; Raman ayanamsa; wheel sha256 D8D8014573A38DDEFEDCAE57D3B8D84687CAC2AD31BB5B1DD70D945906A4D54D; event civil timezone; Tokyo reference coordinates; Dig uses _dig_bala(method=2) canonical bounded circular-distance variant because the package default method=1 can exceed 60 virupa
GANN_JHORA_KAALA_WITNESS_COMPARATOR_V1,case_103_event_start,MARS,hora,0.000000000,0.000000000,0.000000000,0.000000000,0.000000000,0.000000000,0.000000000,pass,pass,tie,0.500000000,Jagannatha Hora 8.0 locked visible Kaala Bala table; accessibility_sha256=D44C1EEBFA80E19B60BC5E15BF0C97D55D4C66DD97159B72B7DEE7C2CC3BEDF6; screenshot_sha256=903BF3A3A5B681EE8B54CD09B50B72CB3A53EA53E32334E579C6F1C9D431B3AF,PyJHora 4.8.7 Tier B isolated export; Raman ayanamsa; wheel sha256 D8D8014573A38DDEFEDCAE57D3B8D84687CAC2AD31BB5B1DD70D945906A4D54D; event civil timezone; Tokyo reference coordinates; Dig uses _dig_bala(method=2) canonical bounded circular-distance variant because the package default method=1 can exceed 60 virupa
GANN_JHORA_KAALA_WITNESS_COMPARATOR_V1,case_103_event_start,MARS,masa,30.000000000,30.000000000,30.000000000,0.000000000,0.000000000,0.000000000,0.000000000,pass,pass,tie,0.500000000,Jagannatha Hora 8.0 locked visible Kaala Bala table; accessibility_sha256=D44C1EEBFA80E19B60BC5E15BF0C97D55D4C66DD97159B72B7DEE7C2CC3BEDF6; screenshot_sha256=903BF3A3A5B681EE8B54CD09B50B72CB3A53EA53E32334E579C6F1C9D431B3AF,PyJHora 4.8.7 Tier B isolated export; Raman ayanamsa; wheel sha256 D8D8014573A38DDEFEDCAE57D3B8D84687CAC2AD31BB5B1DD70D945906A4D54D; event civil timezone; Tokyo reference coordinates; Dig uses _dig_bala(method=2) canonical bounded circular-distance variant because the package default method=1 can exceed 60 virupa
GANN_JHORA_KAALA_WITNESS_COMPARATOR_V1,case_103_event_start,MARS,nathonnatha,46.610000000,48.449900000,33.130000000,-1.839900000,13.480000000,1.839900000,13.480000000,fail,fail,local,0.500000000,Jagannatha Hora 8.0 locked visible Kaala Bala table; accessibility_sha256=D44C1EEBFA80E19B60BC5E15BF0C97D55D4C66DD97159B72B7DEE7C2CC3BEDF6; screenshot_sha256=903BF3A3A5B681EE8B54CD09B50B72CB3A53EA53E32334E579C6F1C9D431B3AF,PyJHora 4.8.7 Tier B isolated export; Raman ayanamsa; wheel sha256 D8D8014573A38DDEFEDCAE57D3B8D84687CAC2AD31BB5B1DD70D945906A4D54D; event civil timezone; Tokyo reference coordinates; Dig uses _dig_bala(method=2) canonical bounded circular-distance variant because the package default method=1 can exceed 60 virupa
GANN_JHORA_KAALA_WITNESS_COMPARATOR_V1,case_103_event_start,MARS,paksha,11.180000000,11.125599494,-11.120000000,0.054400506,22.300000000,0.054400506,22.300000000,pass,fail,local,0.500000000,Jagannatha Hora 8.0 locked visible Kaala Bala table; accessibility_sha256=D44C1EEBFA80E19B60BC5E15BF0C97D55D4C66DD97159B72B7DEE7C2CC3BEDF6; screenshot_sha256=903BF3A3A5B681EE8B54CD09B50B72CB3A53EA53E32334E579C6F1C9D431B3AF,PyJHora 4.8.7 Tier B isolated export; Raman ayanamsa; wheel sha256 D8D8014573A38DDEFEDCAE57D3B8D84687CAC2AD31BB5B1DD70D945906A4D54D; event civil timezone; Tokyo reference coordinates; Dig uses _dig_bala(method=2) canonical bounded circular-distance variant because the package default method=1 can exceed 60 virupa
GANN_JHORA_KAALA_WITNESS_COMPARATOR_V1,case_103_event_start,MARS,total,199.360000000,203.453469102,103.750000000,-4.093469102,95.610000000,4.093469102,95.610000000,fail,fail,local,0.500000000,Jagannatha Hora 8.0 locked visible Kaala Bala table; accessibility_sha256=D44C1EEBFA80E19B60BC5E15BF0C97D55D4C66DD97159B72B7DEE7C2CC3BEDF6; screenshot_sha256=903BF3A3A5B681EE8B54CD09B50B72CB3A53EA53E32334E579C6F1C9D431B3AF,PyJHora 4.8.7 Tier B isolated export; Raman ayanamsa; wheel sha256 D8D8014573A38DDEFEDCAE57D3B8D84687CAC2AD31BB5B1DD70D945906A4D54D; event civil timezone; Tokyo reference coordinates; Dig uses _dig_bala(method=2) canonical bounded circular-distance variant because the package default method=1 can exceed 60 virupa
GANN_JHORA_KAALA_WITNESS_COMPARATOR_V1,case_103_event_start,MARS,tribhaga,60.000000000,60.000000000,0.000000000,0.000000000,60.000000000,0.000000000,60.000000000,pass,fail,local,0.500000000,Jagannatha Hora 8.0 locked visible Kaala Bala table; accessibility_sha256=D44C1EEBFA80E19B60BC5E15BF0C97D55D4C66DD97159B72B7DEE7C2CC3BEDF6; screenshot_sha256=903BF3A3A5B681EE8B54CD09B50B72CB3A53EA53E32334E579C6F1C9D431B3AF,PyJHora 4.8.7 Tier B isolated export; Raman ayanamsa; wheel sha256 D8D8014573A38DDEFEDCAE57D3B8D84687CAC2AD31BB5B1DD70D945906A4D54D; event civil timezone; Tokyo reference coordinates; Dig uses _dig_bala(method=2) canonical bounded circular-distance variant because the package default method=1 can exceed 60 virupa
GANN_JHORA_KAALA_WITNESS_COMPARATOR_V1,case_103_event_start,MARS,vara,0.000000000,0.000000000,0.000000000,0.000000000,0.000000000,0.000000000,0.000000000,pass,pass,tie,0.500000000,Jagannatha Hora 8.0 locked visible Kaala Bala table; accessibility_sha256=D44C1EEBFA80E19B60BC5E15BF0C97D55D4C66DD97159B72B7DEE7C2CC3BEDF6; screenshot_sha256=903BF3A3A5B681EE8B54CD09B50B72CB3A53EA53E32334E579C6F1C9D431B3AF,PyJHora 4.8.7 Tier B isolated export; Raman ayanamsa; wheel sha256 D8D8014573A38DDEFEDCAE57D3B8D84687CAC2AD31BB5B1DD70D945906A4D54D; event civil timezone; Tokyo reference coordinates; Dig uses _dig_bala(method=2) canonical bounded circular-distance variant because the package default method=1 can exceed 60 virupa
GANN_JHORA_KAALA_WITNESS_COMPARATOR_V1,case_103_event_start,MARS,yuddha,0.000000000,0.000000000,0.000000000,0.000000000,0.000000000,0.000000000,0.000000000,pass,pass,tie,0.500000000,Jagannatha Hora 8.0 locked visible Kaala Bala table; accessibility_sha256=D44C1EEBFA80E19B60BC5E15BF0C97D55D4C66DD97159B72B7DEE7C2CC3BEDF6; screenshot_sha256=903BF3A3A5B681EE8B54CD09B50B72CB3A53EA53E32334E579C6F1C9D431B3AF,PyJHora 4.8.7 Tier B isolated export; Raman ayanamsa; wheel sha256 D8D8014573A38DDEFEDCAE57D3B8D84687CAC2AD31BB5B1DD70D945906A4D54D; event civil timezone; Tokyo reference coordinates; Dig uses _dig_bala(method=2) canonical bounded circular-distance variant because the package default method=1 can exceed 60 virupa
GANN_JHORA_KAALA_WITNESS_COMPARATOR_V1,case_103_event_start,MERCURY,abda,0.000000000,0.000000000,0.000000000,0.000000000,0.000000000,0.000000000,0.000000000,pass,pass,tie,0.500000000,Jagannatha Hora 8.0 locked visible Kaala Bala table; accessibility_sha256=D44C1EEBFA80E19B60BC5E15BF0C97D55D4C66DD97159B72B7DEE7C2CC3BEDF6; screenshot_sha256=903BF3A3A5B681EE8B54CD09B50B72CB3A53EA53E32334E579C6F1C9D431B3AF,PyJHora 4.8.7 Tier B isolated export; Raman ayanamsa; wheel sha256 D8D8014573A38DDEFEDCAE57D3B8D84687CAC2AD31BB5B1DD70D945906A4D54D; event civil timezone; Tokyo reference coordinates; Dig uses _dig_bala(method=2) canonical bounded circular-distance variant because the package default method=1 can exceed 60 virupa
GANN_JHORA_KAALA_WITNESS_COMPARATOR_V1,case_103_event_start,MERCURY,ayana,48.570000000,46.417015921,48.600000000,2.152984079,-0.030000000,2.152984079,0.030000000,fail,pass,pyjhora,0.500000000,Jagannatha Hora 8.0 locked visible Kaala Bala table; accessibility_sha256=D44C1EEBFA80E19B60BC5E15BF0C97D55D4C66DD97159B72B7DEE7C2CC3BEDF6; screenshot_sha256=903BF3A3A5B681EE8B54CD09B50B72CB3A53EA53E32334E579C6F1C9D431B3AF,PyJHora 4.8.7 Tier B isolated export; Raman ayanamsa; wheel sha256 D8D8014573A38DDEFEDCAE57D3B8D84687CAC2AD31BB5B1DD70D945906A4D54D; event civil timezone; Tokyo reference coordinates; Dig uses _dig_bala(method=2) canonical bounded circular-distance variant because the package default method=1 can exceed 60 virupa
GANN_JHORA_KAALA_WITNESS_COMPARATOR_V1,case_103_event_start,MERCURY,hora,0.000000000,0.000000000,0.000000000,0.000000000,0.000000000,0.000000000,0.000000000,pass,pass,tie,0.500000000,Jagannatha Hora 8.0 locked visible Kaala Bala table; accessibility_sha256=D44C1EEBFA80E19B60BC5E15BF0C97D55D4C66DD97159B72B7DEE7C2CC3BEDF6; screenshot_sha256=903BF3A3A5B681EE8B54CD09B50B72CB3A53EA53E32334E579C6F1C9D431B3AF,PyJHora 4.8.7 Tier B isolated export; Raman ayanamsa; wheel sha256 D8D8014573A38DDEFEDCAE57D3B8D84687CAC2AD31BB5B1DD70D945906A4D54D; event civil timezone; Tokyo reference coordinates; Dig uses _dig_bala(method=2) canonical bounded circular-distance variant because the package default method=1 can exceed 60 virupa
GANN_JHORA_KAALA_WITNESS_COMPARATOR_V1,case_103_event_start,MERCURY,masa,0.000000000,0.000000000,0.000000000,0.000000000,0.000000000,0.000000000,0.000000000,pass,pass,tie,0.500000000,Jagannatha Hora 8.0 locked visible Kaala Bala table; accessibility_sha256=D44C1EEBFA80E19B60BC5E15BF0C97D55D4C66DD97159B72B7DEE7C2CC3BEDF6; screenshot_sha256=903BF3A3A5B681EE8B54CD09B50B72CB3A53EA53E32334E579C6F1C9D431B3AF,PyJHora 4.8.7 Tier B isolated export; Raman ayanamsa; wheel sha256 D8D8014573A38DDEFEDCAE57D3B8D84687CAC2AD31BB5B1DD70D945906A4D54D; event civil timezone; Tokyo reference coordinates; Dig uses _dig_bala(method=2) canonical bounded circular-distance variant because the package default method=1 can exceed 60 virupa
GANN_JHORA_KAALA_WITNESS_COMPARATOR_V1,case_103_event_start,MERCURY,nathonnatha,60.000000000,60.000000000,60.000000000,0.000000000,0.000000000,0.000000000,0.000000000,pass,pass,tie,0.500000000,Jagannatha Hora 8.0 locked visible Kaala Bala table; accessibility_sha256=D44C1EEBFA80E19B60BC5E15BF0C97D55D4C66DD97159B72B7DEE7C2CC3BEDF6; screenshot_sha256=903BF3A3A5B681EE8B54CD09B50B72CB3A53EA53E32334E579C6F1C9D431B3AF,PyJHora 4.8.7 Tier B isolated export; Raman ayanamsa; wheel sha256 D8D8014573A38DDEFEDCAE57D3B8D84687CAC2AD31BB5B1DD70D945906A4D54D; event civil timezone; Tokyo reference coordinates; Dig uses _dig_bala(method=2) canonical bounded circular-distance variant because the package default method=1 can exceed 60 virupa
GANN_JHORA_KAALA_WITNESS_COMPARATOR_V1,case_103_event_start,MERCURY,paksha,48.820000000,48.874400506,71.120000000,-0.054400506,-22.300000000,0.054400506,22.300000000,pass,fail,local,0.500000000,Jagannatha Hora 8.0 locked visible Kaala Bala table; accessibility_sha256=D44C1EEBFA80E19B60BC5E15BF0C97D55D4C66DD97159B72B7DEE7C2CC3BEDF6; screenshot_sha256=903BF3A3A5B681EE8B54CD09B50B72CB3A53EA53E32334E579C6F1C9D431B3AF,PyJHora 4.8.7 Tier B isolated export; Raman ayanamsa; wheel sha256 D8D8014573A38DDEFEDCAE57D3B8D84687CAC2AD31BB5B1DD70D945906A4D54D; event civil timezone; Tokyo reference coordinates; Dig uses _dig_bala(method=2) canonical bounded circular-distance variant because the package default method=1 can exceed 60 virupa
GANN_JHORA_KAALA_WITNESS_COMPARATOR_V1,case_103_event_start,MERCURY,total,157.390000000,155.291416426,179.720000000,2.098583574,-22.330000000,2.098583574,22.330000000,fail,fail,local,0.500000000,Jagannatha Hora 8.0 locked visible Kaala Bala table; accessibility_sha256=D44C1EEBFA80E19B60BC5E15BF0C97D55D4C66DD97159B72B7DEE7C2CC3BEDF6; screenshot_sha256=903BF3A3A5B681EE8B54CD09B50B72CB3A53EA53E32334E579C6F1C9D431B3AF,PyJHora 4.8.7 Tier B isolated export; Raman ayanamsa; wheel sha256 D8D8014573A38DDEFEDCAE57D3B8D84687CAC2AD31BB5B1DD70D945906A4D54D; event civil timezone; Tokyo reference coordinates; Dig uses _dig_bala(method=2) canonical bounded circular-distance variant because the package default method=1 can exceed 60 virupa
GANN_JHORA_KAALA_WITNESS_COMPARATOR_V1,case_103_event_start,MERCURY,tribhaga,0.000000000,0.000000000,0.000000000,0.000000000,0.000000000,0.000000000,0.000000000,pass,pass,tie,0.500000000,Jagannatha Hora 8.0 locked visible Kaala Bala table; accessibility_sha256=D44C1EEBFA80E19B60BC5E15BF0C97D55D4C66DD97159B72B7DEE7C2CC3BEDF6; screenshot_sha256=903BF3A3A5B681EE8B54CD09B50B72CB3A53EA53E32334E579C6F1C9D431B3AF,PyJHora 4.8.7 Tier B isolated export; Raman ayanamsa; wheel sha256 D8D8014573A38DDEFEDCAE57D3B8D84687CAC2AD31BB5B1DD70D945906A4D54D; event civil timezone; Tokyo reference coordinates; Dig uses _dig_bala(method=2) canonical bounded circular-distance variant because the package default method=1 can exceed 60 virupa
GANN_JHORA_KAALA_WITNESS_COMPARATOR_V1,case_103_event_start,MERCURY,vara,0.000000000,0.000000000,0.000000000,0.000000000,0.000000000,0.000000000,0.000000000,pass,pass,tie,0.500000000,Jagannatha Hora 8.0 locked visible Kaala Bala table; accessibility_sha256=D44C1EEBFA80E19B60BC5E15BF0C97D55D4C66DD97159B72B7DEE7C2CC3BEDF6; screenshot_sha256=903BF3A3A5B681EE8B54CD09B50B72CB3A53EA53E32334E579C6F1C9D431B3AF,PyJHora 4.8.7 Tier B isolated export; Raman ayanamsa; wheel sha256 D8D8014573A38DDEFEDCAE57D3B8D84687CAC2AD31BB5B1DD70D945906A4D54D; event civil timezone; Tokyo reference coordinates; Dig uses _dig_bala(method=2) canonical bounded circular-distance variant because the package default method=1 can exceed 60 virupa
GANN_JHORA_KAALA_WITNESS_COMPARATOR_V1,case_103_event_start,MERCURY,yuddha,0.000000000,0.000000000,0.000000000,0.000000000,0.000000000,0.000000000,0.000000000,pass,pass,tie,0.500000000,Jagannatha Hora 8.0 locked visible Kaala Bala table; accessibility_sha256=D44C1EEBFA80E19B60BC5E15BF0C97D55D4C66DD97159B72B7DEE7C2CC3BEDF6; screenshot_sha256=903BF3A3A5B681EE8B54CD09B50B72CB3A53EA53E32334E579C6F1C9D431B3AF,PyJHora 4.8.7 Tier B isolated export; Raman ayanamsa; wheel sha256 D8D8014573A38DDEFEDCAE57D3B8D84687CAC2AD31BB5B1DD70D945906A4D54D; event civil timezone; Tokyo reference coordinates; Dig uses _dig_bala(method=2) canonical bounded circular-distance variant because the package default method=1 can exceed 60 virupa
GANN_JHORA_KAALA_WITNESS_COMPARATOR_V1,case_103_event_start,MOON,abda,15.000000000,15.000000000,15.000000000,0.000000000,0.000000000,0.000000000,0.000000000,pass,pass,tie,0.500000000,Jagannatha Hora 8.0 locked visible Kaala Bala table; accessibility_sha256=D44C1EEBFA80E19B60BC5E15BF0C97D55D4C66DD97159B72B7DEE7C2CC3BEDF6; screenshot_sha256=903BF3A3A5B681EE8B54CD09B50B72CB3A53EA53E32334E579C6F1C9D431B3AF,PyJHora 4.8.7 Tier B isolated export; Raman ayanamsa; wheel sha256 D8D8014573A38DDEFEDCAE57D3B8D84687CAC2AD31BB5B1DD70D945906A4D54D; event civil timezone; Tokyo reference coordinates; Dig uses _dig_bala(method=2) canonical bounded circular-distance variant because the package default method=1 can exceed 60 virupa
GANN_JHORA_KAALA_WITNESS_COMPARATOR_V1,case_103_event_start,MOON,ayana,59.920000000,66.445727727,59.980000000,-6.525727727,-0.060000000,6.525727727,0.060000000,fail,pass,pyjhora,0.500000000,Jagannatha Hora 8.0 locked visible Kaala Bala table; accessibility_sha256=D44C1EEBFA80E19B60BC5E15BF0C97D55D4C66DD97159B72B7DEE7C2CC3BEDF6; screenshot_sha256=903BF3A3A5B681EE8B54CD09B50B72CB3A53EA53E32334E579C6F1C9D431B3AF,PyJHora 4.8.7 Tier B isolated export; Raman ayanamsa; wheel sha256 D8D8014573A38DDEFEDCAE57D3B8D84687CAC2AD31BB5B1DD70D945906A4D54D; event civil timezone; Tokyo reference coordinates; Dig uses _dig_bala(method=2) canonical bounded circular-distance variant because the package default method=1 can exceed 60 virupa
GANN_JHORA_KAALA_WITNESS_COMPARATOR_V1,case_103_event_start,MOON,hora,0.000000000,0.000000000,60.000000000,0.000000000,-60.000000000,0.000000000,60.000000000,pass,fail,local,0.500000000,Jagannatha Hora 8.0 locked visible Kaala Bala table; accessibility_sha256=D44C1EEBFA80E19B60BC5E15BF0C97D55D4C66DD97159B72B7DEE7C2CC3BEDF6; screenshot_sha256=903BF3A3A5B681EE8B54CD09B50B72CB3A53EA53E32334E579C6F1C9D431B3AF,PyJHora 4.8.7 Tier B isolated export; Raman ayanamsa; wheel sha256 D8D8014573A38DDEFEDCAE57D3B8D84687CAC2AD31BB5B1DD70D945906A4D54D; event civil timezone; Tokyo reference coordinates; Dig uses _dig_bala(method=2) canonical bounded circular-distance variant because the package default method=1 can exceed 60 virupa
GANN_JHORA_KAALA_WITNESS_COMPARATOR_V1,case_103_event_start,MOON,masa,0.000000000,0.000000000,0.000000000,0.000000000,0.000000000,0.000000000,0.000000000,pass,pass,tie,0.500000000,Jagannatha Hora 8.0 locked visible Kaala Bala table; accessibility_sha256=D44C1EEBFA80E19B60BC5E15BF0C97D55D4C66DD97159B72B7DEE7C2CC3BEDF6; screenshot_sha256=903BF3A3A5B681EE8B54CD09B50B72CB3A53EA53E32334E579C6F1C9D431B3AF,PyJHora 4.8.7 Tier B isolated export; Raman ayanamsa; wheel sha256 D8D8014573A38DDEFEDCAE57D3B8D84687CAC2AD31BB5B1DD70D945906A4D54D; event civil timezone; Tokyo reference coordinates; Dig uses _dig_bala(method=2) canonical bounded circular-distance variant because the package default method=1 can exceed 60 virupa
GANN_JHORA_KAALA_WITNESS_COMPARATOR_V1,case_103_event_start,MOON,nathonnatha,46.610000000,48.449900000,33.130000000,-1.839900000,13.480000000,1.839900000,13.480000000,fail,fail,local,0.500000000,Jagannatha Hora 8.0 locked visible Kaala Bala table; accessibility_sha256=D44C1EEBFA80E19B60BC5E15BF0C97D55D4C66DD97159B72B7DEE7C2CC3BEDF6; screenshot_sha256=903BF3A3A5B681EE8B54CD09B50B72CB3A53EA53E32334E579C6F1C9D431B3AF,PyJHora 4.8.7 Tier B isolated export; Raman ayanamsa; wheel sha256 D8D8014573A38DDEFEDCAE57D3B8D84687CAC2AD31BB5B1DD70D945906A4D54D; event civil timezone; Tokyo reference coordinates; Dig uses _dig_bala(method=2) canonical bounded circular-distance variant because the package default method=1 can exceed 60 virupa
GANN_JHORA_KAALA_WITNESS_COMPARATOR_V1,case_103_event_start,MOON,paksha,97.640000000,97.748801011,-22.240000000,-0.108801011,119.880000000,0.108801011,119.880000000,pass,fail,local,0.500000000,Jagannatha Hora 8.0 locked visible Kaala Bala table; accessibility_sha256=D44C1EEBFA80E19B60BC5E15BF0C97D55D4C66DD97159B72B7DEE7C2CC3BEDF6; screenshot_sha256=903BF3A3A5B681EE8B54CD09B50B72CB3A53EA53E32334E579C6F1C9D431B3AF,PyJHora 4.8.7 Tier B isolated export; Raman ayanamsa; wheel sha256 D8D8014573A38DDEFEDCAE57D3B8D84687CAC2AD31BB5B1DD70D945906A4D54D; event civil timezone; Tokyo reference coordinates; Dig uses _dig_bala(method=2) canonical bounded circular-distance variant because the package default method=1 can exceed 60 virupa
GANN_JHORA_KAALA_WITNESS_COMPARATOR_V1,case_103_event_start,MOON,total,219.180000000,227.644428739,145.870000000,-8.464428739,73.310000000,8.464428739,73.310000000,fail,fail,local,0.500000000,Jagannatha Hora 8.0 locked visible Kaala Bala table; accessibility_sha256=D44C1EEBFA80E19B60BC5E15BF0C97D55D4C66DD97159B72B7DEE7C2CC3BEDF6; screenshot_sha256=903BF3A3A5B681EE8B54CD09B50B72CB3A53EA53E32334E579C6F1C9D431B3AF,PyJHora 4.8.7 Tier B isolated export; Raman ayanamsa; wheel sha256 D8D8014573A38DDEFEDCAE57D3B8D84687CAC2AD31BB5B1DD70D945906A4D54D; event civil timezone; Tokyo reference coordinates; Dig uses _dig_bala(method=2) canonical bounded circular-distance variant because the package default method=1 can exceed 60 virupa
GANN_JHORA_KAALA_WITNESS_COMPARATOR_V1,case_103_event_start,MOON,tribhaga,0.000000000,0.000000000,0.000000000,0.000000000,0.000000000,0.000000000,0.000000000,pass,pass,tie,0.500000000,Jagannatha Hora 8.0 locked visible Kaala Bala table; accessibility_sha256=D44C1EEBFA80E19B60BC5E15BF0C97D55D4C66DD97159B72B7DEE7C2CC3BEDF6; screenshot_sha256=903BF3A3A5B681EE8B54CD09B50B72CB3A53EA53E32334E579C6F1C9D431B3AF,PyJHora 4.8.7 Tier B isolated export; Raman ayanamsa; wheel sha256 D8D8014573A38DDEFEDCAE57D3B8D84687CAC2AD31BB5B1DD70D945906A4D54D; event civil timezone; Tokyo reference coordinates; Dig uses _dig_bala(method=2) canonical bounded circular-distance variant because the package default method=1 can exceed 60 virupa
GANN_JHORA_KAALA_WITNESS_COMPARATOR_V1,case_103_event_start,MOON,vara,0.000000000,0.000000000,0.000000000,0.000000000,0.000000000,0.000000000,0.000000000,pass,pass,tie,0.500000000,Jagannatha Hora 8.0 locked visible Kaala Bala table; accessibility_sha256=D44C1EEBFA80E19B60BC5E15BF0C97D55D4C66DD97159B72B7DEE7C2CC3BEDF6; screenshot_sha256=903BF3A3A5B681EE8B54CD09B50B72CB3A53EA53E32334E579C6F1C9D431B3AF,PyJHora 4.8.7 Tier B isolated export; Raman ayanamsa; wheel sha256 D8D8014573A38DDEFEDCAE57D3B8D84687CAC2AD31BB5B1DD70D945906A4D54D; event civil timezone; Tokyo reference coordinates; Dig uses _dig_bala(method=2) canonical bounded circular-distance variant because the package default method=1 can exceed 60 virupa
GANN_JHORA_KAALA_WITNESS_COMPARATOR_V1,case_103_event_start,MOON,yuddha,0.000000000,0.000000000,0.000000000,0.000000000,0.000000000,0.000000000,0.000000000,pass,pass,tie,0.500000000,Jagannatha Hora 8.0 locked visible Kaala Bala table; accessibility_sha256=D44C1EEBFA80E19B60BC5E15BF0C97D55D4C66DD97159B72B7DEE7C2CC3BEDF6; screenshot_sha256=903BF3A3A5B681EE8B54CD09B50B72CB3A53EA53E32334E579C6F1C9D431B3AF,PyJHora 4.8.7 Tier B isolated export; Raman ayanamsa; wheel sha256 D8D8014573A38DDEFEDCAE57D3B8D84687CAC2AD31BB5B1DD70D945906A4D54D; event civil timezone; Tokyo reference coordinates; Dig uses _dig_bala(method=2) canonical bounded circular-distance variant because the package default method=1 can exceed 60 virupa
GANN_JHORA_KAALA_WITNESS_COMPARATOR_V1,case_103_event_start,SATURN,abda,0.000000000,0.000000000,0.000000000,0.000000000,0.000000000,0.000000000,0.000000000,pass,pass,tie,0.500000000,Jagannatha Hora 8.0 locked visible Kaala Bala table; accessibility_sha256=D44C1EEBFA80E19B60BC5E15BF0C97D55D4C66DD97159B72B7DEE7C2CC3BEDF6; screenshot_sha256=903BF3A3A5B681EE8B54CD09B50B72CB3A53EA53E32334E579C6F1C9D431B3AF,PyJHora 4.8.7 Tier B isolated export; Raman ayanamsa; wheel sha256 D8D8014573A38DDEFEDCAE57D3B8D84687CAC2AD31BB5B1DD70D945906A4D54D; event civil timezone; Tokyo reference coordinates; Dig uses _dig_bala(method=2) canonical bounded circular-distance variant because the package default method=1 can exceed 60 virupa
GANN_JHORA_KAALA_WITNESS_COMPARATOR_V1,case_103_event_start,SATURN,ayana,30.270000000,32.792024765,30.380000000,-2.522024765,-0.110000000,2.522024765,0.110000000,fail,pass,pyjhora,0.500000000,Jagannatha Hora 8.0 locked visible Kaala Bala table; accessibility_sha256=D44C1EEBFA80E19B60BC5E15BF0C97D55D4C66DD97159B72B7DEE7C2CC3BEDF6; screenshot_sha256=903BF3A3A5B681EE8B54CD09B50B72CB3A53EA53E32334E579C6F1C9D431B3AF,PyJHora 4.8.7 Tier B isolated export; Raman ayanamsa; wheel sha256 D8D8014573A38DDEFEDCAE57D3B8D84687CAC2AD31BB5B1DD70D945906A4D54D; event civil timezone; Tokyo reference coordinates; Dig uses _dig_bala(method=2) canonical bounded circular-distance variant because the package default method=1 can exceed 60 virupa
GANN_JHORA_KAALA_WITNESS_COMPARATOR_V1,case_103_event_start,SATURN,hora,0.000000000,0.000000000,0.000000000,0.000000000,0.000000000,0.000000000,0.000000000,pass,pass,tie,0.500000000,Jagannatha Hora 8.0 locked visible Kaala Bala table; accessibility_sha256=D44C1EEBFA80E19B60BC5E15BF0C97D55D4C66DD97159B72B7DEE7C2CC3BEDF6; screenshot_sha256=903BF3A3A5B681EE8B54CD09B50B72CB3A53EA53E32334E579C6F1C9D431B3AF,PyJHora 4.8.7 Tier B isolated export; Raman ayanamsa; wheel sha256 D8D8014573A38DDEFEDCAE57D3B8D84687CAC2AD31BB5B1DD70D945906A4D54D; event civil timezone; Tokyo reference coordinates; Dig uses _dig_bala(method=2) canonical bounded circular-distance variant because the package default method=1 can exceed 60 virupa
GANN_JHORA_KAALA_WITNESS_COMPARATOR_V1,case_103_event_start,SATURN,masa,0.000000000,0.000000000,0.000000000,0.000000000,0.000000000,0.000000000,0.000000000,pass,pass,tie,0.500000000,Jagannatha Hora 8.0 locked visible Kaala Bala table; accessibility_sha256=D44C1EEBFA80E19B60BC5E15BF0C97D55D4C66DD97159B72B7DEE7C2CC3BEDF6; screenshot_sha256=903BF3A3A5B681EE8B54CD09B50B72CB3A53EA53E32334E579C6F1C9D431B3AF,PyJHora 4.8.7 Tier B isolated export; Raman ayanamsa; wheel sha256 D8D8014573A38DDEFEDCAE57D3B8D84687CAC2AD31BB5B1DD70D945906A4D54D; event civil timezone; Tokyo reference coordinates; Dig uses _dig_bala(method=2) canonical bounded circular-distance variant because the package default method=1 can exceed 60 virupa
GANN_JHORA_KAALA_WITNESS_COMPARATOR_V1,case_103_event_start,SATURN,nathonnatha,46.610000000,48.449900000,33.130000000,-1.839900000,13.480000000,1.839900000,13.480000000,fail,fail,local,0.500000000,Jagannatha Hora 8.0 locked visible Kaala Bala table; accessibility_sha256=D44C1EEBFA80E19B60BC5E15BF0C97D55D4C66DD97159B72B7DEE7C2CC3BEDF6; screenshot_sha256=903BF3A3A5B681EE8B54CD09B50B72CB3A53EA53E32334E579C6F1C9D431B3AF,PyJHora 4.8.7 Tier B isolated export; Raman ayanamsa; wheel sha256 D8D8014573A38DDEFEDCAE57D3B8D84687CAC2AD31BB5B1DD70D945906A4D54D; event civil timezone; Tokyo reference coordinates; Dig uses _dig_bala(method=2) canonical bounded circular-distance variant because the package default method=1 can exceed 60 virupa
GANN_JHORA_KAALA_WITNESS_COMPARATOR_V1,case_103_event_start,SATURN,paksha,11.180000000,11.125599494,-11.120000000,0.054400506,22.300000000,0.054400506,22.300000000,pass,fail,local,0.500000000,Jagannatha Hora 8.0 locked visible Kaala Bala table; accessibility_sha256=D44C1EEBFA80E19B60BC5E15BF0C97D55D4C66DD97159B72B7DEE7C2CC3BEDF6; screenshot_sha256=903BF3A3A5B681EE8B54CD09B50B72CB3A53EA53E32334E579C6F1C9D431B3AF,PyJHora 4.8.7 Tier B isolated export; Raman ayanamsa; wheel sha256 D8D8014573A38DDEFEDCAE57D3B8D84687CAC2AD31BB5B1DD70D945906A4D54D; event civil timezone; Tokyo reference coordinates; Dig uses _dig_bala(method=2) canonical bounded circular-distance variant because the package default method=1 can exceed 60 virupa
GANN_JHORA_KAALA_WITNESS_COMPARATOR_V1,case_103_event_start,SATURN,total,88.060000000,92.367524259,53.990000000,-4.307524259,34.070000000,4.307524259,34.070000000,fail,fail,local,0.500000000,Jagannatha Hora 8.0 locked visible Kaala Bala table; accessibility_sha256=D44C1EEBFA80E19B60BC5E15BF0C97D55D4C66DD97159B72B7DEE7C2CC3BEDF6; screenshot_sha256=903BF3A3A5B681EE8B54CD09B50B72CB3A53EA53E32334E579C6F1C9D431B3AF,PyJHora 4.8.7 Tier B isolated export; Raman ayanamsa; wheel sha256 D8D8014573A38DDEFEDCAE57D3B8D84687CAC2AD31BB5B1DD70D945906A4D54D; event civil timezone; Tokyo reference coordinates; Dig uses _dig_bala(method=2) canonical bounded circular-distance variant because the package default method=1 can exceed 60 virupa
GANN_JHORA_KAALA_WITNESS_COMPARATOR_V1,case_103_event_start,SATURN,tribhaga,0.000000000,0.000000000,0.000000000,0.000000000,0.000000000,0.000000000,0.000000000,pass,pass,tie,0.500000000,Jagannatha Hora 8.0 locked visible Kaala Bala table; accessibility_sha256=D44C1EEBFA80E19B60BC5E15BF0C97D55D4C66DD97159B72B7DEE7C2CC3BEDF6; screenshot_sha256=903BF3A3A5B681EE8B54CD09B50B72CB3A53EA53E32334E579C6F1C9D431B3AF,PyJHora 4.8.7 Tier B isolated export; Raman ayanamsa; wheel sha256 D8D8014573A38DDEFEDCAE57D3B8D84687CAC2AD31BB5B1DD70D945906A4D54D; event civil timezone; Tokyo reference coordinates; Dig uses _dig_bala(method=2) canonical bounded circular-distance variant because the package default method=1 can exceed 60 virupa
GANN_JHORA_KAALA_WITNESS_COMPARATOR_V1,case_103_event_start,SATURN,vara,0.000000000,0.000000000,0.000000000,0.000000000,0.000000000,0.000000000,0.000000000,pass,pass,tie,0.500000000,Jagannatha Hora 8.0 locked visible Kaala Bala table; accessibility_sha256=D44C1EEBFA80E19B60BC5E15BF0C97D55D4C66DD97159B72B7DEE7C2CC3BEDF6; screenshot_sha256=903BF3A3A5B681EE8B54CD09B50B72CB3A53EA53E32334E579C6F1C9D431B3AF,PyJHora 4.8.7 Tier B isolated export; Raman ayanamsa; wheel sha256 D8D8014573A38DDEFEDCAE57D3B8D84687CAC2AD31BB5B1DD70D945906A4D54D; event civil timezone; Tokyo reference coordinates; Dig uses _dig_bala(method=2) canonical bounded circular-distance variant because the package default method=1 can exceed 60 virupa
GANN_JHORA_KAALA_WITNESS_COMPARATOR_V1,case_103_event_start,SATURN,yuddha,0.000000000,0.000000000,1.600000000,0.000000000,-1.600000000,0.000000000,1.600000000,pass,fail,local,0.500000000,Jagannatha Hora 8.0 locked visible Kaala Bala table; accessibility_sha256=D44C1EEBFA80E19B60BC5E15BF0C97D55D4C66DD97159B72B7DEE7C2CC3BEDF6; screenshot_sha256=903BF3A3A5B681EE8B54CD09B50B72CB3A53EA53E32334E579C6F1C9D431B3AF,PyJHora 4.8.7 Tier B isolated export; Raman ayanamsa; wheel sha256 D8D8014573A38DDEFEDCAE57D3B8D84687CAC2AD31BB5B1DD70D945906A4D54D; event civil timezone; Tokyo reference coordinates; Dig uses _dig_bala(method=2) canonical bounded circular-distance variant because the package default method=1 can exceed 60 virupa
GANN_JHORA_KAALA_WITNESS_COMPARATOR_V1,case_103_event_start,SUN,abda,0.000000000,0.000000000,0.000000000,0.000000000,0.000000000,0.000000000,0.000000000,pass,pass,tie,0.500000000,Jagannatha Hora 8.0 locked visible Kaala Bala table; accessibility_sha256=D44C1EEBFA80E19B60BC5E15BF0C97D55D4C66DD97159B72B7DEE7C2CC3BEDF6; screenshot_sha256=903BF3A3A5B681EE8B54CD09B50B72CB3A53EA53E32334E579C6F1C9D431B3AF,PyJHora 4.8.7 Tier B isolated export; Raman ayanamsa; wheel sha256 D8D8014573A38DDEFEDCAE57D3B8D84687CAC2AD31BB5B1DD70D945906A4D54D; event civil timezone; Tokyo reference coordinates; Dig uses _dig_bala(method=2) canonical bounded circular-distance variant because the package default method=1 can exceed 60 virupa
GANN_JHORA_KAALA_WITNESS_COMPARATOR_V1,case_103_event_start,SUN,ayana,108.540000000,108.720072182,108.720000000,-0.180072182,-0.180000000,0.180072182,0.180000000,pass,pass,pyjhora,0.500000000,Jagannatha Hora 8.0 locked visible Kaala Bala table; accessibility_sha256=D44C1EEBFA80E19B60BC5E15BF0C97D55D4C66DD97159B72B7DEE7C2CC3BEDF6; screenshot_sha256=903BF3A3A5B681EE8B54CD09B50B72CB3A53EA53E32334E579C6F1C9D431B3AF,PyJHora 4.8.7 Tier B isolated export; Raman ayanamsa; wheel sha256 D8D8014573A38DDEFEDCAE57D3B8D84687CAC2AD31BB5B1DD70D945906A4D54D; event civil timezone; Tokyo reference coordinates; Dig uses _dig_bala(method=2) canonical bounded circular-distance variant because the package default method=1 can exceed 60 virupa
GANN_JHORA_KAALA_WITNESS_COMPARATOR_V1,case_103_event_start,SUN,hora,0.000000000,0.000000000,0.000000000,0.000000000,0.000000000,0.000000000,0.000000000,pass,pass,tie,0.500000000,Jagannatha Hora 8.0 locked visible Kaala Bala table; accessibility_sha256=D44C1EEBFA80E19B60BC5E15BF0C97D55D4C66DD97159B72B7DEE7C2CC3BEDF6; screenshot_sha256=903BF3A3A5B681EE8B54CD09B50B72CB3A53EA53E32334E579C6F1C9D431B3AF,PyJHora 4.8.7 Tier B isolated export; Raman ayanamsa; wheel sha256 D8D8014573A38DDEFEDCAE57D3B8D84687CAC2AD31BB5B1DD70D945906A4D54D; event civil timezone; Tokyo reference coordinates; Dig uses _dig_bala(method=2) canonical bounded circular-distance variant because the package default method=1 can exceed 60 virupa
GANN_JHORA_KAALA_WITNESS_COMPARATOR_V1,case_103_event_start,SUN,masa,0.000000000,0.000000000,0.000000000,0.000000000,0.000000000,0.000000000,0.000000000,pass,pass,tie,0.500000000,Jagannatha Hora 8.0 locked visible Kaala Bala table; accessibility_sha256=D44C1EEBFA80E19B60BC5E15BF0C97D55D4C66DD97159B72B7DEE7C2CC3BEDF6; screenshot_sha256=903BF3A3A5B681EE8B54CD09B50B72CB3A53EA53E32334E579C6F1C9D431B3AF,PyJHora 4.8.7 Tier B isolated export; Raman ayanamsa; wheel sha256 D8D8014573A38DDEFEDCAE57D3B8D84687CAC2AD31BB5B1DD70D945906A4D54D; event civil timezone; Tokyo reference coordinates; Dig uses _dig_bala(method=2) canonical bounded circular-distance variant because the package default method=1 can exceed 60 virupa
GANN_JHORA_KAALA_WITNESS_COMPARATOR_V1,case_103_event_start,SUN,nathonnatha,13.390000000,11.550100000,26.870000000,1.839900000,-13.480000000,1.839900000,13.480000000,fail,fail,local,0.500000000,Jagannatha Hora 8.0 locked visible Kaala Bala table; accessibility_sha256=D44C1EEBFA80E19B60BC5E15BF0C97D55D4C66DD97159B72B7DEE7C2CC3BEDF6; screenshot_sha256=903BF3A3A5B681EE8B54CD09B50B72CB3A53EA53E32334E579C6F1C9D431B3AF,PyJHora 4.8.7 Tier B isolated export; Raman ayanamsa; wheel sha256 D8D8014573A38DDEFEDCAE57D3B8D84687CAC2AD31BB5B1DD70D945906A4D54D; event civil timezone; Tokyo reference coordinates; Dig uses _dig_bala(method=2) canonical bounded circular-distance variant because the package default method=1 can exceed 60 virupa
GANN_JHORA_KAALA_WITNESS_COMPARATOR_V1,case_103_event_start,SUN,paksha,11.180000000,11.125599494,-11.120000000,0.054400506,22.300000000,0.054400506,22.300000000,pass,fail,local,0.500000000,Jagannatha Hora 8.0 locked visible Kaala Bala table; accessibility_sha256=D44C1EEBFA80E19B60BC5E15BF0C97D55D4C66DD97159B72B7DEE7C2CC3BEDF6; screenshot_sha256=903BF3A3A5B681EE8B54CD09B50B72CB3A53EA53E32334E579C6F1C9D431B3AF,PyJHora 4.8.7 Tier B isolated export; Raman ayanamsa; wheel sha256 D8D8014573A38DDEFEDCAE57D3B8D84687CAC2AD31BB5B1DD70D945906A4D54D; event civil timezone; Tokyo reference coordinates; Dig uses _dig_bala(method=2) canonical bounded circular-distance variant because the package default method=1 can exceed 60 virupa
GANN_JHORA_KAALA_WITNESS_COMPARATOR_V1,case_103_event_start,SUN,total,133.100000000,131.395771676,124.470000000,1.704228324,8.630000000,1.704228324,8.630000000,fail,fail,local,0.500000000,Jagannatha Hora 8.0 locked visible Kaala Bala table; accessibility_sha256=D44C1EEBFA80E19B60BC5E15BF0C97D55D4C66DD97159B72B7DEE7C2CC3BEDF6; screenshot_sha256=903BF3A3A5B681EE8B54CD09B50B72CB3A53EA53E32334E579C6F1C9D431B3AF,PyJHora 4.8.7 Tier B isolated export; Raman ayanamsa; wheel sha256 D8D8014573A38DDEFEDCAE57D3B8D84687CAC2AD31BB5B1DD70D945906A4D54D; event civil timezone; Tokyo reference coordinates; Dig uses _dig_bala(method=2) canonical bounded circular-distance variant because the package default method=1 can exceed 60 virupa
GANN_JHORA_KAALA_WITNESS_COMPARATOR_V1,case_103_event_start,SUN,tribhaga,0.000000000,0.000000000,0.000000000,0.000000000,0.000000000,0.000000000,0.000000000,pass,pass,tie,0.500000000,Jagannatha Hora 8.0 locked visible Kaala Bala table; accessibility_sha256=D44C1EEBFA80E19B60BC5E15BF0C97D55D4C66DD97159B72B7DEE7C2CC3BEDF6; screenshot_sha256=903BF3A3A5B681EE8B54CD09B50B72CB3A53EA53E32334E579C6F1C9D431B3AF,PyJHora 4.8.7 Tier B isolated export; Raman ayanamsa; wheel sha256 D8D8014573A38DDEFEDCAE57D3B8D84687CAC2AD31BB5B1DD70D945906A4D54D; event civil timezone; Tokyo reference coordinates; Dig uses _dig_bala(method=2) canonical bounded circular-distance variant because the package default method=1 can exceed 60 virupa
GANN_JHORA_KAALA_WITNESS_COMPARATOR_V1,case_103_event_start,SUN,vara,0.000000000,0.000000000,0.000000000,0.000000000,0.000000000,0.000000000,0.000000000,pass,pass,tie,0.500000000,Jagannatha Hora 8.0 locked visible Kaala Bala table; accessibility_sha256=D44C1EEBFA80E19B60BC5E15BF0C97D55D4C66DD97159B72B7DEE7C2CC3BEDF6; screenshot_sha256=903BF3A3A5B681EE8B54CD09B50B72CB3A53EA53E32334E579C6F1C9D431B3AF,PyJHora 4.8.7 Tier B isolated export; Raman ayanamsa; wheel sha256 D8D8014573A38DDEFEDCAE57D3B8D84687CAC2AD31BB5B1DD70D945906A4D54D; event civil timezone; Tokyo reference coordinates; Dig uses _dig_bala(method=2) canonical bounded circular-distance variant because the package default method=1 can exceed 60 virupa
GANN_JHORA_KAALA_WITNESS_COMPARATOR_V1,case_103_event_start,SUN,yuddha,0.000000000,0.000000000,0.000000000,0.000000000,0.000000000,0.000000000,0.000000000,pass,pass,tie,0.500000000,Jagannatha Hora 8.0 locked visible Kaala Bala table; accessibility_sha256=D44C1EEBFA80E19B60BC5E15BF0C97D55D4C66DD97159B72B7DEE7C2CC3BEDF6; screenshot_sha256=903BF3A3A5B681EE8B54CD09B50B72CB3A53EA53E32334E579C6F1C9D431B3AF,PyJHora 4.8.7 Tier B isolated export; Raman ayanamsa; wheel sha256 D8D8014573A38DDEFEDCAE57D3B8D84687CAC2AD31BB5B1DD70D945906A4D54D; event civil timezone; Tokyo reference coordinates; Dig uses _dig_bala(method=2) canonical bounded circular-distance variant because the package default method=1 can exceed 60 virupa
GANN_JHORA_KAALA_WITNESS_COMPARATOR_V1,case_103_event_start,VENUS,abda,0.000000000,0.000000000,0.000000000,0.000000000,0.000000000,0.000000000,0.000000000,pass,pass,tie,0.500000000,Jagannatha Hora 8.0 locked visible Kaala Bala table; accessibility_sha256=D44C1EEBFA80E19B60BC5E15BF0C97D55D4C66DD97159B72B7DEE7C2CC3BEDF6; screenshot_sha256=903BF3A3A5B681EE8B54CD09B50B72CB3A53EA53E32334E579C6F1C9D431B3AF,PyJHora 4.8.7 Tier B isolated export; Raman ayanamsa; wheel sha256 D8D8014573A38DDEFEDCAE57D3B8D84687CAC2AD31BB5B1DD70D945906A4D54D; event civil timezone; Tokyo reference coordinates; Dig uses _dig_bala(method=2) canonical bounded circular-distance variant because the package default method=1 can exceed 60 virupa
GANN_JHORA_KAALA_WITNESS_COMPARATOR_V1,case_103_event_start,VENUS,ayana,35.350000000,34.235288644,24.750000000,1.114711356,10.600000000,1.114711356,10.600000000,fail,fail,local,0.500000000,Jagannatha Hora 8.0 locked visible Kaala Bala table; accessibility_sha256=D44C1EEBFA80E19B60BC5E15BF0C97D55D4C66DD97159B72B7DEE7C2CC3BEDF6; screenshot_sha256=903BF3A3A5B681EE8B54CD09B50B72CB3A53EA53E32334E579C6F1C9D431B3AF,PyJHora 4.8.7 Tier B isolated export; Raman ayanamsa; wheel sha256 D8D8014573A38DDEFEDCAE57D3B8D84687CAC2AD31BB5B1DD70D945906A4D54D; event civil timezone; Tokyo reference coordinates; Dig uses _dig_bala(method=2) canonical bounded circular-distance variant because the package default method=1 can exceed 60 virupa
GANN_JHORA_KAALA_WITNESS_COMPARATOR_V1,case_103_event_start,VENUS,hora,0.000000000,0.000000000,0.000000000,0.000000000,0.000000000,0.000000000,0.000000000,pass,pass,tie,0.500000000,Jagannatha Hora 8.0 locked visible Kaala Bala table; accessibility_sha256=D44C1EEBFA80E19B60BC5E15BF0C97D55D4C66DD97159B72B7DEE7C2CC3BEDF6; screenshot_sha256=903BF3A3A5B681EE8B54CD09B50B72CB3A53EA53E32334E579C6F1C9D431B3AF,PyJHora 4.8.7 Tier B isolated export; Raman ayanamsa; wheel sha256 D8D8014573A38DDEFEDCAE57D3B8D84687CAC2AD31BB5B1DD70D945906A4D54D; event civil timezone; Tokyo reference coordinates; Dig uses _dig_bala(method=2) canonical bounded circular-distance variant because the package default method=1 can exceed 60 virupa
GANN_JHORA_KAALA_WITNESS_COMPARATOR_V1,case_103_event_start,VENUS,masa,0.000000000,0.000000000,0.000000000,0.000000000,0.000000000,0.000000000,0.000000000,pass,pass,tie,0.500000000,Jagannatha Hora 8.0 locked visible Kaala Bala table; accessibility_sha256=D44C1EEBFA80E19B60BC5E15BF0C97D55D4C66DD97159B72B7DEE7C2CC3BEDF6; screenshot_sha256=903BF3A3A5B681EE8B54CD09B50B72CB3A53EA53E32334E579C6F1C9D431B3AF,PyJHora 4.8.7 Tier B isolated export; Raman ayanamsa; wheel sha256 D8D8014573A38DDEFEDCAE57D3B8D84687CAC2AD31BB5B1DD70D945906A4D54D; event civil timezone; Tokyo reference coordinates; Dig uses _dig_bala(method=2) canonical bounded circular-distance variant because the package default method=1 can exceed 60 virupa
GANN_JHORA_KAALA_WITNESS_COMPARATOR_V1,case_103_event_start,VENUS,nathonnatha,13.390000000,11.550100000,26.870000000,1.839900000,-13.480000000,1.839900000,13.480000000,fail,fail,local,0.500000000,Jagannatha Hora 8.0 locked visible Kaala Bala table; accessibility_sha256=D44C1EEBFA80E19B60BC5E15BF0C97D55D4C66DD97159B72B7DEE7C2CC3BEDF6; screenshot_sha256=903BF3A3A5B681EE8B54CD09B50B72CB3A53EA53E32334E579C6F1C9D431B3AF,PyJHora 4.8.7 Tier B isolated export; Raman ayanamsa; wheel sha256 D8D8014573A38DDEFEDCAE57D3B8D84687CAC2AD31BB5B1DD70D945906A4D54D; event civil timezone; Tokyo reference coordinates; Dig uses _dig_bala(method=2) canonical bounded circular-distance variant because the package default method=1 can exceed 60 virupa
GANN_JHORA_KAALA_WITNESS_COMPARATOR_V1,case_103_event_start,VENUS,paksha,48.820000000,48.874400506,71.120000000,-0.054400506,-22.300000000,0.054400506,22.300000000,pass,fail,local,0.500000000,Jagannatha Hora 8.0 locked visible Kaala Bala table; accessibility_sha256=D44C1EEBFA80E19B60BC5E15BF0C97D55D4C66DD97159B72B7DEE7C2CC3BEDF6; screenshot_sha256=903BF3A3A5B681EE8B54CD09B50B72CB3A53EA53E32334E579C6F1C9D431B3AF,PyJHora 4.8.7 Tier B isolated export; Raman ayanamsa; wheel sha256 D8D8014573A38DDEFEDCAE57D3B8D84687CAC2AD31BB5B1DD70D945906A4D54D; event civil timezone; Tokyo reference coordinates; Dig uses _dig_bala(method=2) canonical bounded circular-distance variant because the package default method=1 can exceed 60 virupa
GANN_JHORA_KAALA_WITNESS_COMPARATOR_V1,case_103_event_start,VENUS,total,97.560000000,94.659789150,181.140000000,2.900210850,-83.580000000,2.900210850,83.580000000,fail,fail,local,0.500000000,Jagannatha Hora 8.0 locked visible Kaala Bala table; accessibility_sha256=D44C1EEBFA80E19B60BC5E15BF0C97D55D4C66DD97159B72B7DEE7C2CC3BEDF6; screenshot_sha256=903BF3A3A5B681EE8B54CD09B50B72CB3A53EA53E32334E579C6F1C9D431B3AF,PyJHora 4.8.7 Tier B isolated export; Raman ayanamsa; wheel sha256 D8D8014573A38DDEFEDCAE57D3B8D84687CAC2AD31BB5B1DD70D945906A4D54D; event civil timezone; Tokyo reference coordinates; Dig uses _dig_bala(method=2) canonical bounded circular-distance variant because the package default method=1 can exceed 60 virupa
GANN_JHORA_KAALA_WITNESS_COMPARATOR_V1,case_103_event_start,VENUS,tribhaga,0.000000000,0.000000000,60.000000000,0.000000000,-60.000000000,0.000000000,60.000000000,pass,fail,local,0.500000000,Jagannatha Hora 8.0 locked visible Kaala Bala table; accessibility_sha256=D44C1EEBFA80E19B60BC5E15BF0C97D55D4C66DD97159B72B7DEE7C2CC3BEDF6; screenshot_sha256=903BF3A3A5B681EE8B54CD09B50B72CB3A53EA53E32334E579C6F1C9D431B3AF,PyJHora 4.8.7 Tier B isolated export; Raman ayanamsa; wheel sha256 D8D8014573A38DDEFEDCAE57D3B8D84687CAC2AD31BB5B1DD70D945906A4D54D; event civil timezone; Tokyo reference coordinates; Dig uses _dig_bala(method=2) canonical bounded circular-distance variant because the package default method=1 can exceed 60 virupa
GANN_JHORA_KAALA_WITNESS_COMPARATOR_V1,case_103_event_start,VENUS,vara,0.000000000,0.000000000,0.000000000,0.000000000,0.000000000,0.000000000,0.000000000,pass,pass,tie,0.500000000,Jagannatha Hora 8.0 locked visible Kaala Bala table; accessibility_sha256=D44C1EEBFA80E19B60BC5E15BF0C97D55D4C66DD97159B72B7DEE7C2CC3BEDF6; screenshot_sha256=903BF3A3A5B681EE8B54CD09B50B72CB3A53EA53E32334E579C6F1C9D431B3AF,PyJHora 4.8.7 Tier B isolated export; Raman ayanamsa; wheel sha256 D8D8014573A38DDEFEDCAE57D3B8D84687CAC2AD31BB5B1DD70D945906A4D54D; event civil timezone; Tokyo reference coordinates; Dig uses _dig_bala(method=2) canonical bounded circular-distance variant because the package default method=1 can exceed 60 virupa
GANN_JHORA_KAALA_WITNESS_COMPARATOR_V1,case_103_event_start,VENUS,yuddha,0.000000000,0.000000000,-1.600000000,0.000000000,1.600000000,0.000000000,1.600000000,pass,fail,local,0.500000000,Jagannatha Hora 8.0 locked visible Kaala Bala table; accessibility_sha256=D44C1EEBFA80E19B60BC5E15BF0C97D55D4C66DD97159B72B7DEE7C2CC3BEDF6; screenshot_sha256=903BF3A3A5B681EE8B54CD09B50B72CB3A53EA53E32334E579C6F1C9D431B3AF,PyJHora 4.8.7 Tier B isolated export; Raman ayanamsa; wheel sha256 D8D8014573A38DDEFEDCAE57D3B8D84687CAC2AD31BB5B1DD70D945906A4D54D; event civil timezone; Tokyo reference coordinates; Dig uses _dig_bala(method=2) canonical bounded circular-distance variant because the package default method=1 can exceed 60 virupa
GANN_JHORA_KAALA_WITNESS_COMPARATOR_V1,case_127_sr_touch_start,JUPITER,abda,0.000000000,0.000000000,0.000000000,0.000000000,0.000000000,0.000000000,0.000000000,pass,pass,tie,0.500000000,Jagannatha Hora 8.0 locked visible Kaala Bala table; accessibility_sha256=CCEEDC44B38F4027ED781E902AFDE62C490C434253C41A2E742ADCC49B57D169; screenshot_sha256=00C966E54553EB61334634958AA0AC5A67E42055CFFA4F0FBADC56A1C39E060A,PyJHora 4.8.7 Tier B isolated export; Raman ayanamsa; wheel sha256 D8D8014573A38DDEFEDCAE57D3B8D84687CAC2AD31BB5B1DD70D945906A4D54D; event civil timezone; Tokyo reference coordinates; Dig uses _dig_bala(method=2) canonical bounded circular-distance variant because the package default method=1 can exceed 60 virupa
GANN_JHORA_KAALA_WITNESS_COMPARATOR_V1,case_127_sr_touch_start,JUPITER,ayana,59.820000000,59.712641370,59.950000000,0.107358630,-0.130000000,0.107358630,0.130000000,pass,pass,local,0.500000000,Jagannatha Hora 8.0 locked visible Kaala Bala table; accessibility_sha256=CCEEDC44B38F4027ED781E902AFDE62C490C434253C41A2E742ADCC49B57D169; screenshot_sha256=00C966E54553EB61334634958AA0AC5A67E42055CFFA4F0FBADC56A1C39E060A,PyJHora 4.8.7 Tier B isolated export; Raman ayanamsa; wheel sha256 D8D8014573A38DDEFEDCAE57D3B8D84687CAC2AD31BB5B1DD70D945906A4D54D; event civil timezone; Tokyo reference coordinates; Dig uses _dig_bala(method=2) canonical bounded circular-distance variant because the package default method=1 can exceed 60 virupa
GANN_JHORA_KAALA_WITNESS_COMPARATOR_V1,case_127_sr_touch_start,JUPITER,hora,0.000000000,0.000000000,0.000000000,0.000000000,0.000000000,0.000000000,0.000000000,pass,pass,tie,0.500000000,Jagannatha Hora 8.0 locked visible Kaala Bala table; accessibility_sha256=CCEEDC44B38F4027ED781E902AFDE62C490C434253C41A2E742ADCC49B57D169; screenshot_sha256=00C966E54553EB61334634958AA0AC5A67E42055CFFA4F0FBADC56A1C39E060A,PyJHora 4.8.7 Tier B isolated export; Raman ayanamsa; wheel sha256 D8D8014573A38DDEFEDCAE57D3B8D84687CAC2AD31BB5B1DD70D945906A4D54D; event civil timezone; Tokyo reference coordinates; Dig uses _dig_bala(method=2) canonical bounded circular-distance variant because the package default method=1 can exceed 60 virupa
GANN_JHORA_KAALA_WITNESS_COMPARATOR_V1,case_127_sr_touch_start,JUPITER,masa,0.000000000,0.000000000,0.000000000,0.000000000,0.000000000,0.000000000,0.000000000,pass,pass,tie,0.500000000,Jagannatha Hora 8.0 locked visible Kaala Bala table; accessibility_sha256=CCEEDC44B38F4027ED781E902AFDE62C490C434253C41A2E742ADCC49B57D169; screenshot_sha256=00C966E54553EB61334634958AA0AC5A67E42055CFFA4F0FBADC56A1C39E060A,PyJHora 4.8.7 Tier B isolated export; Raman ayanamsa; wheel sha256 D8D8014573A38DDEFEDCAE57D3B8D84687CAC2AD31BB5B1DD70D945906A4D54D; event civil timezone; Tokyo reference coordinates; Dig uses _dig_bala(method=2) canonical bounded circular-distance variant because the package default method=1 can exceed 60 virupa
GANN_JHORA_KAALA_WITNESS_COMPARATOR_V1,case_127_sr_touch_start,JUPITER,nathonnatha,9.380000000,9.050100000,29.290000000,0.329900000,-19.910000000,0.329900000,19.910000000,pass,fail,local,0.500000000,Jagannatha Hora 8.0 locked visible Kaala Bala table; accessibility_sha256=CCEEDC44B38F4027ED781E902AFDE62C490C434253C41A2E742ADCC49B57D169; screenshot_sha256=00C966E54553EB61334634958AA0AC5A67E42055CFFA4F0FBADC56A1C39E060A,PyJHora 4.8.7 Tier B isolated export; Raman ayanamsa; wheel sha256 D8D8014573A38DDEFEDCAE57D3B8D84687CAC2AD31BB5B1DD70D945906A4D54D; event civil timezone; Tokyo reference coordinates; Dig uses _dig_bala(method=2) canonical bounded circular-distance variant because the package default method=1 can exceed 60 virupa
GANN_JHORA_KAALA_WITNESS_COMPARATOR_V1,case_127_sr_touch_start,JUPITER,paksha,7.260000000,7.256099554,7.250000000,0.003900446,0.010000000,0.003900446,0.010000000,pass,pass,local,0.500000000,Jagannatha Hora 8.0 locked visible Kaala Bala table; accessibility_sha256=CCEEDC44B38F4027ED781E902AFDE62C490C434253C41A2E742ADCC49B57D169; screenshot_sha256=00C966E54553EB61334634958AA0AC5A67E42055CFFA4F0FBADC56A1C39E060A,PyJHora 4.8.7 Tier B isolated export; Raman ayanamsa; wheel sha256 D8D8014573A38DDEFEDCAE57D3B8D84687CAC2AD31BB5B1DD70D945906A4D54D; event civil timezone; Tokyo reference coordinates; Dig uses _dig_bala(method=2) canonical bounded circular-distance variant because the package default method=1 can exceed 60 virupa
GANN_JHORA_KAALA_WITNESS_COMPARATOR_V1,case_127_sr_touch_start,JUPITER,total,136.450000000,136.018840924,156.490000000,0.431159076,-20.040000000,0.431159076,20.040000000,pass,fail,local,0.500000000,Jagannatha Hora 8.0 locked visible Kaala Bala table; accessibility_sha256=CCEEDC44B38F4027ED781E902AFDE62C490C434253C41A2E742ADCC49B57D169; screenshot_sha256=00C966E54553EB61334634958AA0AC5A67E42055CFFA4F0FBADC56A1C39E060A,PyJHora 4.8.7 Tier B isolated export; Raman ayanamsa; wheel sha256 D8D8014573A38DDEFEDCAE57D3B8D84687CAC2AD31BB5B1DD70D945906A4D54D; event civil timezone; Tokyo reference coordinates; Dig uses _dig_bala(method=2) canonical bounded circular-distance variant because the package default method=1 can exceed 60 virupa
GANN_JHORA_KAALA_WITNESS_COMPARATOR_V1,case_127_sr_touch_start,JUPITER,tribhaga,60.000000000,60.000000000,60.000000000,0.000000000,0.000000000,0.000000000,0.000000000,pass,pass,tie,0.500000000,Jagannatha Hora 8.0 locked visible Kaala Bala table; accessibility_sha256=CCEEDC44B38F4027ED781E902AFDE62C490C434253C41A2E742ADCC49B57D169; screenshot_sha256=00C966E54553EB61334634958AA0AC5A67E42055CFFA4F0FBADC56A1C39E060A,PyJHora 4.8.7 Tier B isolated export; Raman ayanamsa; wheel sha256 D8D8014573A38DDEFEDCAE57D3B8D84687CAC2AD31BB5B1DD70D945906A4D54D; event civil timezone; Tokyo reference coordinates; Dig uses _dig_bala(method=2) canonical bounded circular-distance variant because the package default method=1 can exceed 60 virupa
GANN_JHORA_KAALA_WITNESS_COMPARATOR_V1,case_127_sr_touch_start,JUPITER,vara,0.000000000,0.000000000,0.000000000,0.000000000,0.000000000,0.000000000,0.000000000,pass,pass,tie,0.500000000,Jagannatha Hora 8.0 locked visible Kaala Bala table; accessibility_sha256=CCEEDC44B38F4027ED781E902AFDE62C490C434253C41A2E742ADCC49B57D169; screenshot_sha256=00C966E54553EB61334634958AA0AC5A67E42055CFFA4F0FBADC56A1C39E060A,PyJHora 4.8.7 Tier B isolated export; Raman ayanamsa; wheel sha256 D8D8014573A38DDEFEDCAE57D3B8D84687CAC2AD31BB5B1DD70D945906A4D54D; event civil timezone; Tokyo reference coordinates; Dig uses _dig_bala(method=2) canonical bounded circular-distance variant because the package default method=1 can exceed 60 virupa
GANN_JHORA_KAALA_WITNESS_COMPARATOR_V1,case_127_sr_touch_start,JUPITER,yuddha,0.000000000,0.000000000,0.000000000,0.000000000,0.000000000,0.000000000,0.000000000,pass,pass,tie,0.500000000,Jagannatha Hora 8.0 locked visible Kaala Bala table; accessibility_sha256=CCEEDC44B38F4027ED781E902AFDE62C490C434253C41A2E742ADCC49B57D169; screenshot_sha256=00C966E54553EB61334634958AA0AC5A67E42055CFFA4F0FBADC56A1C39E060A,PyJHora 4.8.7 Tier B isolated export; Raman ayanamsa; wheel sha256 D8D8014573A38DDEFEDCAE57D3B8D84687CAC2AD31BB5B1DD70D945906A4D54D; event civil timezone; Tokyo reference coordinates; Dig uses _dig_bala(method=2) canonical bounded circular-distance variant because the package default method=1 can exceed 60 virupa
GANN_JHORA_KAALA_WITNESS_COMPARATOR_V1,case_127_sr_touch_start,MARS,abda,0.000000000,0.000000000,0.000000000,0.000000000,0.000000000,0.000000000,0.000000000,pass,pass,tie,0.500000000,Jagannatha Hora 8.0 locked visible Kaala Bala table; accessibility_sha256=CCEEDC44B38F4027ED781E902AFDE62C490C434253C41A2E742ADCC49B57D169; screenshot_sha256=00C966E54553EB61334634958AA0AC5A67E42055CFFA4F0FBADC56A1C39E060A,PyJHora 4.8.7 Tier B isolated export; Raman ayanamsa; wheel sha256 D8D8014573A38DDEFEDCAE57D3B8D84687CAC2AD31BB5B1DD70D945906A4D54D; event civil timezone; Tokyo reference coordinates; Dig uses _dig_bala(method=2) canonical bounded circular-distance variant because the package default method=1 can exceed 60 virupa
GANN_JHORA_KAALA_WITNESS_COMPARATOR_V1,case_127_sr_touch_start,MARS,ayana,48.990000000,51.059661933,49.200000000,-2.069661933,-0.210000000,2.069661933,0.210000000,fail,pass,pyjhora,0.500000000,Jagannatha Hora 8.0 locked visible Kaala Bala table; accessibility_sha256=CCEEDC44B38F4027ED781E902AFDE62C490C434253C41A2E742ADCC49B57D169; screenshot_sha256=00C966E54553EB61334634958AA0AC5A67E42055CFFA4F0FBADC56A1C39E060A,PyJHora 4.8.7 Tier B isolated export; Raman ayanamsa; wheel sha256 D8D8014573A38DDEFEDCAE57D3B8D84687CAC2AD31BB5B1DD70D945906A4D54D; event civil timezone; Tokyo reference coordinates; Dig uses _dig_bala(method=2) canonical bounded circular-distance variant because the package default method=1 can exceed 60 virupa
GANN_JHORA_KAALA_WITNESS_COMPARATOR_V1,case_127_sr_touch_start,MARS,hora,0.000000000,0.000000000,0.000000000,0.000000000,0.000000000,0.000000000,0.000000000,pass,pass,tie,0.500000000,Jagannatha Hora 8.0 locked visible Kaala Bala table; accessibility_sha256=CCEEDC44B38F4027ED781E902AFDE62C490C434253C41A2E742ADCC49B57D169; screenshot_sha256=00C966E54553EB61334634958AA0AC5A67E42055CFFA4F0FBADC56A1C39E060A,PyJHora 4.8.7 Tier B isolated export; Raman ayanamsa; wheel sha256 D8D8014573A38DDEFEDCAE57D3B8D84687CAC2AD31BB5B1DD70D945906A4D54D; event civil timezone; Tokyo reference coordinates; Dig uses _dig_bala(method=2) canonical bounded circular-distance variant because the package default method=1 can exceed 60 virupa
GANN_JHORA_KAALA_WITNESS_COMPARATOR_V1,case_127_sr_touch_start,MARS,masa,30.000000000,30.000000000,30.000000000,0.000000000,0.000000000,0.000000000,0.000000000,pass,pass,tie,0.500000000,Jagannatha Hora 8.0 locked visible Kaala Bala table; accessibility_sha256=CCEEDC44B38F4027ED781E902AFDE62C490C434253C41A2E742ADCC49B57D169; screenshot_sha256=00C966E54553EB61334634958AA0AC5A67E42055CFFA4F0FBADC56A1C39E060A,PyJHora 4.8.7 Tier B isolated export; Raman ayanamsa; wheel sha256 D8D8014573A38DDEFEDCAE57D3B8D84687CAC2AD31BB5B1DD70D945906A4D54D; event civil timezone; Tokyo reference coordinates; Dig uses _dig_bala(method=2) canonical bounded circular-distance variant because the package default method=1 can exceed 60 virupa
GANN_JHORA_KAALA_WITNESS_COMPARATOR_V1,case_127_sr_touch_start,MARS,nathonnatha,50.620000000,50.949900000,30.710000000,-0.329900000,19.910000000,0.329900000,19.910000000,pass,fail,local,0.500000000,Jagannatha Hora 8.0 locked visible Kaala Bala table; accessibility_sha256=CCEEDC44B38F4027ED781E902AFDE62C490C434253C41A2E742ADCC49B57D169; screenshot_sha256=00C966E54553EB61334634958AA0AC5A67E42055CFFA4F0FBADC56A1C39E060A,PyJHora 4.8.7 Tier B isolated export; Raman ayanamsa; wheel sha256 D8D8014573A38DDEFEDCAE57D3B8D84687CAC2AD31BB5B1DD70D945906A4D54D; event civil timezone; Tokyo reference coordinates; Dig uses _dig_bala(method=2) canonical bounded circular-distance variant because the package default method=1 can exceed 60 virupa
GANN_JHORA_KAALA_WITNESS_COMPARATOR_V1,case_127_sr_touch_start,MARS,paksha,52.740000000,52.743900446,52.750000000,-0.003900446,-0.010000000,0.003900446,0.010000000,pass,pass,local,0.500000000,Jagannatha Hora 8.0 locked visible Kaala Bala table; accessibility_sha256=CCEEDC44B38F4027ED781E902AFDE62C490C434253C41A2E742ADCC49B57D169; screenshot_sha256=00C966E54553EB61334634958AA0AC5A67E42055CFFA4F0FBADC56A1C39E060A,PyJHora 4.8.7 Tier B isolated export; Raman ayanamsa; wheel sha256 D8D8014573A38DDEFEDCAE57D3B8D84687CAC2AD31BB5B1DD70D945906A4D54D; event civil timezone; Tokyo reference coordinates; Dig uses _dig_bala(method=2) canonical bounded circular-distance variant because the package default method=1 can exceed 60 virupa
GANN_JHORA_KAALA_WITNESS_COMPARATOR_V1,case_127_sr_touch_start,MARS,total,242.360000000,244.753462378,162.660000000,-2.393462378,79.700000000,2.393462378,79.700000000,fail,fail,local,0.500000000,Jagannatha Hora 8.0 locked visible Kaala Bala table; accessibility_sha256=CCEEDC44B38F4027ED781E902AFDE62C490C434253C41A2E742ADCC49B57D169; screenshot_sha256=00C966E54553EB61334634958AA0AC5A67E42055CFFA4F0FBADC56A1C39E060A,PyJHora 4.8.7 Tier B isolated export; Raman ayanamsa; wheel sha256 D8D8014573A38DDEFEDCAE57D3B8D84687CAC2AD31BB5B1DD70D945906A4D54D; event civil timezone; Tokyo reference coordinates; Dig uses _dig_bala(method=2) canonical bounded circular-distance variant because the package default method=1 can exceed 60 virupa
GANN_JHORA_KAALA_WITNESS_COMPARATOR_V1,case_127_sr_touch_start,MARS,tribhaga,60.000000000,60.000000000,0.000000000,0.000000000,60.000000000,0.000000000,60.000000000,pass,fail,local,0.500000000,Jagannatha Hora 8.0 locked visible Kaala Bala table; accessibility_sha256=CCEEDC44B38F4027ED781E902AFDE62C490C434253C41A2E742ADCC49B57D169; screenshot_sha256=00C966E54553EB61334634958AA0AC5A67E42055CFFA4F0FBADC56A1C39E060A,PyJHora 4.8.7 Tier B isolated export; Raman ayanamsa; wheel sha256 D8D8014573A38DDEFEDCAE57D3B8D84687CAC2AD31BB5B1DD70D945906A4D54D; event civil timezone; Tokyo reference coordinates; Dig uses _dig_bala(method=2) canonical bounded circular-distance variant because the package default method=1 can exceed 60 virupa
GANN_JHORA_KAALA_WITNESS_COMPARATOR_V1,case_127_sr_touch_start,MARS,vara,0.000000000,0.000000000,0.000000000,0.000000000,0.000000000,0.000000000,0.000000000,pass,pass,tie,0.500000000,Jagannatha Hora 8.0 locked visible Kaala Bala table; accessibility_sha256=CCEEDC44B38F4027ED781E902AFDE62C490C434253C41A2E742ADCC49B57D169; screenshot_sha256=00C966E54553EB61334634958AA0AC5A67E42055CFFA4F0FBADC56A1C39E060A,PyJHora 4.8.7 Tier B isolated export; Raman ayanamsa; wheel sha256 D8D8014573A38DDEFEDCAE57D3B8D84687CAC2AD31BB5B1DD70D945906A4D54D; event civil timezone; Tokyo reference coordinates; Dig uses _dig_bala(method=2) canonical bounded circular-distance variant because the package default method=1 can exceed 60 virupa
GANN_JHORA_KAALA_WITNESS_COMPARATOR_V1,case_127_sr_touch_start,MARS,yuddha,0.000000000,0.000000000,0.000000000,0.000000000,0.000000000,0.000000000,0.000000000,pass,pass,tie,0.500000000,Jagannatha Hora 8.0 locked visible Kaala Bala table; accessibility_sha256=CCEEDC44B38F4027ED781E902AFDE62C490C434253C41A2E742ADCC49B57D169; screenshot_sha256=00C966E54553EB61334634958AA0AC5A67E42055CFFA4F0FBADC56A1C39E060A,PyJHora 4.8.7 Tier B isolated export; Raman ayanamsa; wheel sha256 D8D8014573A38DDEFEDCAE57D3B8D84687CAC2AD31BB5B1DD70D945906A4D54D; event civil timezone; Tokyo reference coordinates; Dig uses _dig_bala(method=2) canonical bounded circular-distance variant because the package default method=1 can exceed 60 virupa
GANN_JHORA_KAALA_WITNESS_COMPARATOR_V1,case_127_sr_touch_start,MERCURY,abda,0.000000000,0.000000000,0.000000000,0.000000000,0.000000000,0.000000000,0.000000000,pass,pass,tie,0.500000000,Jagannatha Hora 8.0 locked visible Kaala Bala table; accessibility_sha256=CCEEDC44B38F4027ED781E902AFDE62C490C434253C41A2E742ADCC49B57D169; screenshot_sha256=00C966E54553EB61334634958AA0AC5A67E42055CFFA4F0FBADC56A1C39E060A,PyJHora 4.8.7 Tier B isolated export; Raman ayanamsa; wheel sha256 D8D8014573A38DDEFEDCAE57D3B8D84687CAC2AD31BB5B1DD70D945906A4D54D; event civil timezone; Tokyo reference coordinates; Dig uses _dig_bala(method=2) canonical bounded circular-distance variant because the package default method=1 can exceed 60 virupa
GANN_JHORA_KAALA_WITNESS_COMPARATOR_V1,case_127_sr_touch_start,MERCURY,ayana,57.040000000,57.604529166,57.230000000,-0.564529166,-0.190000000,0.564529166,0.190000000,fail,pass,pyjhora,0.500000000,Jagannatha Hora 8.0 locked visible Kaala Bala table; accessibility_sha256=CCEEDC44B38F4027ED781E902AFDE62C490C434253C41A2E742ADCC49B57D169; screenshot_sha256=00C966E54553EB61334634958AA0AC5A67E42055CFFA4F0FBADC56A1C39E060A,PyJHora 4.8.7 Tier B isolated export; Raman ayanamsa; wheel sha256 D8D8014573A38DDEFEDCAE57D3B8D84687CAC2AD31BB5B1DD70D945906A4D54D; event civil timezone; Tokyo reference coordinates; Dig uses _dig_bala(method=2) canonical bounded circular-distance variant because the package default method=1 can exceed 60 virupa
GANN_JHORA_KAALA_WITNESS_COMPARATOR_V1,case_127_sr_touch_start,MERCURY,hora,60.000000000,60.000000000,0.000000000,0.000000000,60.000000000,0.000000000,60.000000000,pass,fail,local,0.500000000,Jagannatha Hora 8.0 locked visible Kaala Bala table; accessibility_sha256=CCEEDC44B38F4027ED781E902AFDE62C490C434253C41A2E742ADCC49B57D169; screenshot_sha256=00C966E54553EB61334634958AA0AC5A67E42055CFFA4F0FBADC56A1C39E060A,PyJHora 4.8.7 Tier B isolated export; Raman ayanamsa; wheel sha256 D8D8014573A38DDEFEDCAE57D3B8D84687CAC2AD31BB5B1DD70D945906A4D54D; event civil timezone; Tokyo reference coordinates; Dig uses _dig_bala(method=2) canonical bounded circular-distance variant because the package default method=1 can exceed 60 virupa
GANN_JHORA_KAALA_WITNESS_COMPARATOR_V1,case_127_sr_touch_start,MERCURY,masa,0.000000000,0.000000000,0.000000000,0.000000000,0.000000000,0.000000000,0.000000000,pass,pass,tie,0.500000000,Jagannatha Hora 8.0 locked visible Kaala Bala table; accessibility_sha256=CCEEDC44B38F4027ED781E902AFDE62C490C434253C41A2E742ADCC49B57D169; screenshot_sha256=00C966E54553EB61334634958AA0AC5A67E42055CFFA4F0FBADC56A1C39E060A,PyJHora 4.8.7 Tier B isolated export; Raman ayanamsa; wheel sha256 D8D8014573A38DDEFEDCAE57D3B8D84687CAC2AD31BB5B1DD70D945906A4D54D; event civil timezone; Tokyo reference coordinates; Dig uses _dig_bala(method=2) canonical bounded circular-distance variant because the package default method=1 can exceed 60 virupa
GANN_JHORA_KAALA_WITNESS_COMPARATOR_V1,case_127_sr_touch_start,MERCURY,nathonnatha,60.000000000,60.000000000,60.000000000,0.000000000,0.000000000,0.000000000,0.000000000,pass,pass,tie,0.500000000,Jagannatha Hora 8.0 locked visible Kaala Bala table; accessibility_sha256=CCEEDC44B38F4027ED781E902AFDE62C490C434253C41A2E742ADCC49B57D169; screenshot_sha256=00C966E54553EB61334634958AA0AC5A67E42055CFFA4F0FBADC56A1C39E060A,PyJHora 4.8.7 Tier B isolated export; Raman ayanamsa; wheel sha256 D8D8014573A38DDEFEDCAE57D3B8D84687CAC2AD31BB5B1DD70D945906A4D54D; event civil timezone; Tokyo reference coordinates; Dig uses _dig_bala(method=2) canonical bounded circular-distance variant because the package default method=1 can exceed 60 virupa
GANN_JHORA_KAALA_WITNESS_COMPARATOR_V1,case_127_sr_touch_start,MERCURY,paksha,52.740000000,52.743900446,52.750000000,-0.003900446,-0.010000000,0.003900446,0.010000000,pass,pass,local,0.500000000,Jagannatha Hora 8.0 locked visible Kaala Bala table; accessibility_sha256=CCEEDC44B38F4027ED781E902AFDE62C490C434253C41A2E742ADCC49B57D169; screenshot_sha256=00C966E54553EB61334634958AA0AC5A67E42055CFFA4F0FBADC56A1C39E060A,PyJHora 4.8.7 Tier B isolated export; Raman ayanamsa; wheel sha256 D8D8014573A38DDEFEDCAE57D3B8D84687CAC2AD31BB5B1DD70D945906A4D54D; event civil timezone; Tokyo reference coordinates; Dig uses _dig_bala(method=2) canonical bounded circular-distance variant because the package default method=1 can exceed 60 virupa
GANN_JHORA_KAALA_WITNESS_COMPARATOR_V1,case_127_sr_touch_start,MERCURY,total,274.780000000,275.348429612,214.980000000,-0.568429612,59.800000000,0.568429612,59.800000000,fail,fail,local,0.500000000,Jagannatha Hora 8.0 locked visible Kaala Bala table; accessibility_sha256=CCEEDC44B38F4027ED781E902AFDE62C490C434253C41A2E742ADCC49B57D169; screenshot_sha256=00C966E54553EB61334634958AA0AC5A67E42055CFFA4F0FBADC56A1C39E060A,PyJHora 4.8.7 Tier B isolated export; Raman ayanamsa; wheel sha256 D8D8014573A38DDEFEDCAE57D3B8D84687CAC2AD31BB5B1DD70D945906A4D54D; event civil timezone; Tokyo reference coordinates; Dig uses _dig_bala(method=2) canonical bounded circular-distance variant because the package default method=1 can exceed 60 virupa
GANN_JHORA_KAALA_WITNESS_COMPARATOR_V1,case_127_sr_touch_start,MERCURY,tribhaga,0.000000000,0.000000000,0.000000000,0.000000000,0.000000000,0.000000000,0.000000000,pass,pass,tie,0.500000000,Jagannatha Hora 8.0 locked visible Kaala Bala table; accessibility_sha256=CCEEDC44B38F4027ED781E902AFDE62C490C434253C41A2E742ADCC49B57D169; screenshot_sha256=00C966E54553EB61334634958AA0AC5A67E42055CFFA4F0FBADC56A1C39E060A,PyJHora 4.8.7 Tier B isolated export; Raman ayanamsa; wheel sha256 D8D8014573A38DDEFEDCAE57D3B8D84687CAC2AD31BB5B1DD70D945906A4D54D; event civil timezone; Tokyo reference coordinates; Dig uses _dig_bala(method=2) canonical bounded circular-distance variant because the package default method=1 can exceed 60 virupa
GANN_JHORA_KAALA_WITNESS_COMPARATOR_V1,case_127_sr_touch_start,MERCURY,vara,45.000000000,45.000000000,45.000000000,0.000000000,0.000000000,0.000000000,0.000000000,pass,pass,tie,0.500000000,Jagannatha Hora 8.0 locked visible Kaala Bala table; accessibility_sha256=CCEEDC44B38F4027ED781E902AFDE62C490C434253C41A2E742ADCC49B57D169; screenshot_sha256=00C966E54553EB61334634958AA0AC5A67E42055CFFA4F0FBADC56A1C39E060A,PyJHora 4.8.7 Tier B isolated export; Raman ayanamsa; wheel sha256 D8D8014573A38DDEFEDCAE57D3B8D84687CAC2AD31BB5B1DD70D945906A4D54D; event civil timezone; Tokyo reference coordinates; Dig uses _dig_bala(method=2) canonical bounded circular-distance variant because the package default method=1 can exceed 60 virupa
GANN_JHORA_KAALA_WITNESS_COMPARATOR_V1,case_127_sr_touch_start,MERCURY,yuddha,0.000000000,0.000000000,0.000000000,0.000000000,0.000000000,0.000000000,0.000000000,pass,pass,tie,0.500000000,Jagannatha Hora 8.0 locked visible Kaala Bala table; accessibility_sha256=CCEEDC44B38F4027ED781E902AFDE62C490C434253C41A2E742ADCC49B57D169; screenshot_sha256=00C966E54553EB61334634958AA0AC5A67E42055CFFA4F0FBADC56A1C39E060A,PyJHora 4.8.7 Tier B isolated export; Raman ayanamsa; wheel sha256 D8D8014573A38DDEFEDCAE57D3B8D84687CAC2AD31BB5B1DD70D945906A4D54D; event civil timezone; Tokyo reference coordinates; Dig uses _dig_bala(method=2) canonical bounded circular-distance variant because the package default method=1 can exceed 60 virupa
GANN_JHORA_KAALA_WITNESS_COMPARATOR_V1,case_127_sr_touch_start,MOON,abda,15.000000000,15.000000000,15.000000000,0.000000000,0.000000000,0.000000000,0.000000000,pass,pass,tie,0.500000000,Jagannatha Hora 8.0 locked visible Kaala Bala table; accessibility_sha256=CCEEDC44B38F4027ED781E902AFDE62C490C434253C41A2E742ADCC49B57D169; screenshot_sha256=00C966E54553EB61334634958AA0AC5A67E42055CFFA4F0FBADC56A1C39E060A,PyJHora 4.8.7 Tier B isolated export; Raman ayanamsa; wheel sha256 D8D8014573A38DDEFEDCAE57D3B8D84687CAC2AD31BB5B1DD70D945906A4D54D; event civil timezone; Tokyo reference coordinates; Dig uses _dig_bala(method=2) canonical bounded circular-distance variant because the package default method=1 can exceed 60 virupa
GANN_JHORA_KAALA_WITNESS_COMPARATOR_V1,case_127_sr_touch_start,MOON,ayana,0.030000000,0.000000000,0.010000000,0.030000000,0.020000000,0.030000000,0.020000000,pass,pass,pyjhora,0.500000000,Jagannatha Hora 8.0 locked visible Kaala Bala table; accessibility_sha256=CCEEDC44B38F4027ED781E902AFDE62C490C434253C41A2E742ADCC49B57D169; screenshot_sha256=00C966E54553EB61334634958AA0AC5A67E42055CFFA4F0FBADC56A1C39E060A,PyJHora 4.8.7 Tier B isolated export; Raman ayanamsa; wheel sha256 D8D8014573A38DDEFEDCAE57D3B8D84687CAC2AD31BB5B1DD70D945906A4D54D; event civil timezone; Tokyo reference coordinates; Dig uses _dig_bala(method=2) canonical bounded circular-distance variant because the package default method=1 can exceed 60 virupa
GANN_JHORA_KAALA_WITNESS_COMPARATOR_V1,case_127_sr_touch_start,MOON,hora,0.000000000,0.000000000,0.000000000,0.000000000,0.000000000,0.000000000,0.000000000,pass,pass,tie,0.500000000,Jagannatha Hora 8.0 locked visible Kaala Bala table; accessibility_sha256=CCEEDC44B38F4027ED781E902AFDE62C490C434253C41A2E742ADCC49B57D169; screenshot_sha256=00C966E54553EB61334634958AA0AC5A67E42055CFFA4F0FBADC56A1C39E060A,PyJHora 4.8.7 Tier B isolated export; Raman ayanamsa; wheel sha256 D8D8014573A38DDEFEDCAE57D3B8D84687CAC2AD31BB5B1DD70D945906A4D54D; event civil timezone; Tokyo reference coordinates; Dig uses _dig_bala(method=2) canonical bounded circular-distance variant because the package default method=1 can exceed 60 virupa
GANN_JHORA_KAALA_WITNESS_COMPARATOR_V1,case_127_sr_touch_start,MOON,masa,0.000000000,0.000000000,0.000000000,0.000000000,0.000000000,0.000000000,0.000000000,pass,pass,tie,0.500000000,Jagannatha Hora 8.0 locked visible Kaala Bala table; accessibility_sha256=CCEEDC44B38F4027ED781E902AFDE62C490C434253C41A2E742ADCC49B57D169; screenshot_sha256=00C966E54553EB61334634958AA0AC5A67E42055CFFA4F0FBADC56A1C39E060A,PyJHora 4.8.7 Tier B isolated export; Raman ayanamsa; wheel sha256 D8D8014573A38DDEFEDCAE57D3B8D84687CAC2AD31BB5B1DD70D945906A4D54D; event civil timezone; Tokyo reference coordinates; Dig uses _dig_bala(method=2) canonical bounded circular-distance variant because the package default method=1 can exceed 60 virupa
GANN_JHORA_KAALA_WITNESS_COMPARATOR_V1,case_127_sr_touch_start,MOON,nathonnatha,50.620000000,50.949900000,30.710000000,-0.329900000,19.910000000,0.329900000,19.910000000,pass,fail,local,0.500000000,Jagannatha Hora 8.0 locked visible Kaala Bala table; accessibility_sha256=CCEEDC44B38F4027ED781E902AFDE62C490C434253C41A2E742ADCC49B57D169; screenshot_sha256=00C966E54553EB61334634958AA0AC5A67E42055CFFA4F0FBADC56A1C39E060A,PyJHora 4.8.7 Tier B isolated export; Raman ayanamsa; wheel sha256 D8D8014573A38DDEFEDCAE57D3B8D84687CAC2AD31BB5B1DD70D945906A4D54D; event civil timezone; Tokyo reference coordinates; Dig uses _dig_bala(method=2) canonical bounded circular-distance variant because the package default method=1 can exceed 60 virupa
GANN_JHORA_KAALA_WITNESS_COMPARATOR_V1,case_127_sr_touch_start,MOON,paksha,105.490000000,105.487800892,14.500000000,0.002199108,90.990000000,0.002199108,90.990000000,pass,fail,local,0.500000000,Jagannatha Hora 8.0 locked visible Kaala Bala table; accessibility_sha256=CCEEDC44B38F4027ED781E902AFDE62C490C434253C41A2E742ADCC49B57D169; screenshot_sha256=00C966E54553EB61334634958AA0AC5A67E42055CFFA4F0FBADC56A1C39E060A,PyJHora 4.8.7 Tier B isolated export; Raman ayanamsa; wheel sha256 D8D8014573A38DDEFEDCAE57D3B8D84687CAC2AD31BB5B1DD70D945906A4D54D; event civil timezone; Tokyo reference coordinates; Dig uses _dig_bala(method=2) canonical bounded circular-distance variant because the package default method=1 can exceed 60 virupa
GANN_JHORA_KAALA_WITNESS_COMPARATOR_V1,case_127_sr_touch_start,MOON,total,171.140000000,171.437700892,60.220000000,-0.297700892,110.920000000,0.297700892,110.920000000,pass,fail,local,0.500000000,Jagannatha Hora 8.0 locked visible Kaala Bala table; accessibility_sha256=CCEEDC44B38F4027ED781E902AFDE62C490C434253C41A2E742ADCC49B57D169; screenshot_sha256=00C966E54553EB61334634958AA0AC5A67E42055CFFA4F0FBADC56A1C39E060A,PyJHora 4.8.7 Tier B isolated export; Raman ayanamsa; wheel sha256 D8D8014573A38DDEFEDCAE57D3B8D84687CAC2AD31BB5B1DD70D945906A4D54D; event civil timezone; Tokyo reference coordinates; Dig uses _dig_bala(method=2) canonical bounded circular-distance variant because the package default method=1 can exceed 60 virupa
GANN_JHORA_KAALA_WITNESS_COMPARATOR_V1,case_127_sr_touch_start,MOON,tribhaga,0.000000000,0.000000000,0.000000000,0.000000000,0.000000000,0.000000000,0.000000000,pass,pass,tie,0.500000000,Jagannatha Hora 8.0 locked visible Kaala Bala table; accessibility_sha256=CCEEDC44B38F4027ED781E902AFDE62C490C434253C41A2E742ADCC49B57D169; screenshot_sha256=00C966E54553EB61334634958AA0AC5A67E42055CFFA4F0FBADC56A1C39E060A,PyJHora 4.8.7 Tier B isolated export; Raman ayanamsa; wheel sha256 D8D8014573A38DDEFEDCAE57D3B8D84687CAC2AD31BB5B1DD70D945906A4D54D; event civil timezone; Tokyo reference coordinates; Dig uses _dig_bala(method=2) canonical bounded circular-distance variant because the package default method=1 can exceed 60 virupa
GANN_JHORA_KAALA_WITNESS_COMPARATOR_V1,case_127_sr_touch_start,MOON,vara,0.000000000,0.000000000,0.000000000,0.000000000,0.000000000,0.000000000,0.000000000,pass,pass,tie,0.500000000,Jagannatha Hora 8.0 locked visible Kaala Bala table; accessibility_sha256=CCEEDC44B38F4027ED781E902AFDE62C490C434253C41A2E742ADCC49B57D169; screenshot_sha256=00C966E54553EB61334634958AA0AC5A67E42055CFFA4F0FBADC56A1C39E060A,PyJHora 4.8.7 Tier B isolated export; Raman ayanamsa; wheel sha256 D8D8014573A38DDEFEDCAE57D3B8D84687CAC2AD31BB5B1DD70D945906A4D54D; event civil timezone; Tokyo reference coordinates; Dig uses _dig_bala(method=2) canonical bounded circular-distance variant because the package default method=1 can exceed 60 virupa
GANN_JHORA_KAALA_WITNESS_COMPARATOR_V1,case_127_sr_touch_start,MOON,yuddha,0.000000000,0.000000000,0.000000000,0.000000000,0.000000000,0.000000000,0.000000000,pass,pass,tie,0.500000000,Jagannatha Hora 8.0 locked visible Kaala Bala table; accessibility_sha256=CCEEDC44B38F4027ED781E902AFDE62C490C434253C41A2E742ADCC49B57D169; screenshot_sha256=00C966E54553EB61334634958AA0AC5A67E42055CFFA4F0FBADC56A1C39E060A,PyJHora 4.8.7 Tier B isolated export; Raman ayanamsa; wheel sha256 D8D8014573A38DDEFEDCAE57D3B8D84687CAC2AD31BB5B1DD70D945906A4D54D; event civil timezone; Tokyo reference coordinates; Dig uses _dig_bala(method=2) canonical bounded circular-distance variant because the package default method=1 can exceed 60 virupa
GANN_JHORA_KAALA_WITNESS_COMPARATOR_V1,case_127_sr_touch_start,SATURN,abda,0.000000000,0.000000000,0.000000000,0.000000000,0.000000000,0.000000000,0.000000000,pass,pass,tie,0.500000000,Jagannatha Hora 8.0 locked visible Kaala Bala table; accessibility_sha256=CCEEDC44B38F4027ED781E902AFDE62C490C434253C41A2E742ADCC49B57D169; screenshot_sha256=00C966E54553EB61334634958AA0AC5A67E42055CFFA4F0FBADC56A1C39E060A,PyJHora 4.8.7 Tier B isolated export; Raman ayanamsa; wheel sha256 D8D8014573A38DDEFEDCAE57D3B8D84687CAC2AD31BB5B1DD70D945906A4D54D; event civil timezone; Tokyo reference coordinates; Dig uses _dig_bala(method=2) canonical bounded circular-distance variant because the package default method=1 can exceed 60 virupa
GANN_JHORA_KAALA_WITNESS_COMPARATOR_V1,case_127_sr_touch_start,SATURN,ayana,29.750000000,32.325992968,30.130000000,-2.575992968,-0.380000000,2.575992968,0.380000000,fail,pass,pyjhora,0.500000000,Jagannatha Hora 8.0 locked visible Kaala Bala table; accessibility_sha256=CCEEDC44B38F4027ED781E902AFDE62C490C434253C41A2E742ADCC49B57D169; screenshot_sha256=00C966E54553EB61334634958AA0AC5A67E42055CFFA4F0FBADC56A1C39E060A,PyJHora 4.8.7 Tier B isolated export; Raman ayanamsa; wheel sha256 D8D8014573A38DDEFEDCAE57D3B8D84687CAC2AD31BB5B1DD70D945906A4D54D; event civil timezone; Tokyo reference coordinates; Dig uses _dig_bala(method=2) canonical bounded circular-distance variant because the package default method=1 can exceed 60 virupa
GANN_JHORA_KAALA_WITNESS_COMPARATOR_V1,case_127_sr_touch_start,SATURN,hora,0.000000000,0.000000000,0.000000000,0.000000000,0.000000000,0.000000000,0.000000000,pass,pass,tie,0.500000000,Jagannatha Hora 8.0 locked visible Kaala Bala table; accessibility_sha256=CCEEDC44B38F4027ED781E902AFDE62C490C434253C41A2E742ADCC49B57D169; screenshot_sha256=00C966E54553EB61334634958AA0AC5A67E42055CFFA4F0FBADC56A1C39E060A,PyJHora 4.8.7 Tier B isolated export; Raman ayanamsa; wheel sha256 D8D8014573A38DDEFEDCAE57D3B8D84687CAC2AD31BB5B1DD70D945906A4D54D; event civil timezone; Tokyo reference coordinates; Dig uses _dig_bala(method=2) canonical bounded circular-distance variant because the package default method=1 can exceed 60 virupa
GANN_JHORA_KAALA_WITNESS_COMPARATOR_V1,case_127_sr_touch_start,SATURN,masa,0.000000000,0.000000000,0.000000000,0.000000000,0.000000000,0.000000000,0.000000000,pass,pass,tie,0.500000000,Jagannatha Hora 8.0 locked visible Kaala Bala table; accessibility_sha256=CCEEDC44B38F4027ED781E902AFDE62C490C434253C41A2E742ADCC49B57D169; screenshot_sha256=00C966E54553EB61334634958AA0AC5A67E42055CFFA4F0FBADC56A1C39E060A,PyJHora 4.8.7 Tier B isolated export; Raman ayanamsa; wheel sha256 D8D8014573A38DDEFEDCAE57D3B8D84687CAC2AD31BB5B1DD70D945906A4D54D; event civil timezone; Tokyo reference coordinates; Dig uses _dig_bala(method=2) canonical bounded circular-distance variant because the package default method=1 can exceed 60 virupa
GANN_JHORA_KAALA_WITNESS_COMPARATOR_V1,case_127_sr_touch_start,SATURN,nathonnatha,50.620000000,50.949900000,30.710000000,-0.329900000,19.910000000,0.329900000,19.910000000,pass,fail,local,0.500000000,Jagannatha Hora 8.0 locked visible Kaala Bala table; accessibility_sha256=CCEEDC44B38F4027ED781E902AFDE62C490C434253C41A2E742ADCC49B57D169; screenshot_sha256=00C966E54553EB61334634958AA0AC5A67E42055CFFA4F0FBADC56A1C39E060A,PyJHora 4.8.7 Tier B isolated export; Raman ayanamsa; wheel sha256 D8D8014573A38DDEFEDCAE57D3B8D84687CAC2AD31BB5B1DD70D945906A4D54D; event civil timezone; Tokyo reference coordinates; Dig uses _dig_bala(method=2) canonical bounded circular-distance variant because the package default method=1 can exceed 60 virupa
GANN_JHORA_KAALA_WITNESS_COMPARATOR_V1,case_127_sr_touch_start,SATURN,paksha,52.740000000,52.743900446,52.750000000,-0.003900446,-0.010000000,0.003900446,0.010000000,pass,pass,local,0.500000000,Jagannatha Hora 8.0 locked visible Kaala Bala table; accessibility_sha256=CCEEDC44B38F4027ED781E902AFDE62C490C434253C41A2E742ADCC49B57D169; screenshot_sha256=00C966E54553EB61334634958AA0AC5A67E42055CFFA4F0FBADC56A1C39E060A,PyJHora 4.8.7 Tier B isolated export; Raman ayanamsa; wheel sha256 D8D8014573A38DDEFEDCAE57D3B8D84687CAC2AD31BB5B1DD70D945906A4D54D; event civil timezone; Tokyo reference coordinates; Dig uses _dig_bala(method=2) canonical bounded circular-distance variant because the package default method=1 can exceed 60 virupa
GANN_JHORA_KAALA_WITNESS_COMPARATOR_V1,case_127_sr_touch_start,SATURN,total,133.120000000,136.019793413,113.590000000,-2.899793413,19.530000000,2.899793413,19.530000000,fail,fail,local,0.500000000,Jagannatha Hora 8.0 locked visible Kaala Bala table; accessibility_sha256=CCEEDC44B38F4027ED781E902AFDE62C490C434253C41A2E742ADCC49B57D169; screenshot_sha256=00C966E54553EB61334634958AA0AC5A67E42055CFFA4F0FBADC56A1C39E060A,PyJHora 4.8.7 Tier B isolated export; Raman ayanamsa; wheel sha256 D8D8014573A38DDEFEDCAE57D3B8D84687CAC2AD31BB5B1DD70D945906A4D54D; event civil timezone; Tokyo reference coordinates; Dig uses _dig_bala(method=2) canonical bounded circular-distance variant because the package default method=1 can exceed 60 virupa
GANN_JHORA_KAALA_WITNESS_COMPARATOR_V1,case_127_sr_touch_start,SATURN,tribhaga,0.000000000,0.000000000,0.000000000,0.000000000,0.000000000,0.000000000,0.000000000,pass,pass,tie,0.500000000,Jagannatha Hora 8.0 locked visible Kaala Bala table; accessibility_sha256=CCEEDC44B38F4027ED781E902AFDE62C490C434253C41A2E742ADCC49B57D169; screenshot_sha256=00C966E54553EB61334634958AA0AC5A67E42055CFFA4F0FBADC56A1C39E060A,PyJHora 4.8.7 Tier B isolated export; Raman ayanamsa; wheel sha256 D8D8014573A38DDEFEDCAE57D3B8D84687CAC2AD31BB5B1DD70D945906A4D54D; event civil timezone; Tokyo reference coordinates; Dig uses _dig_bala(method=2) canonical bounded circular-distance variant because the package default method=1 can exceed 60 virupa
GANN_JHORA_KAALA_WITNESS_COMPARATOR_V1,case_127_sr_touch_start,SATURN,vara,0.000000000,0.000000000,0.000000000,0.000000000,0.000000000,0.000000000,0.000000000,pass,pass,tie,0.500000000,Jagannatha Hora 8.0 locked visible Kaala Bala table; accessibility_sha256=CCEEDC44B38F4027ED781E902AFDE62C490C434253C41A2E742ADCC49B57D169; screenshot_sha256=00C966E54553EB61334634958AA0AC5A67E42055CFFA4F0FBADC56A1C39E060A,PyJHora 4.8.7 Tier B isolated export; Raman ayanamsa; wheel sha256 D8D8014573A38DDEFEDCAE57D3B8D84687CAC2AD31BB5B1DD70D945906A4D54D; event civil timezone; Tokyo reference coordinates; Dig uses _dig_bala(method=2) canonical bounded circular-distance variant because the package default method=1 can exceed 60 virupa
GANN_JHORA_KAALA_WITNESS_COMPARATOR_V1,case_127_sr_touch_start,SATURN,yuddha,0.000000000,0.000000000,0.000000000,0.000000000,0.000000000,0.000000000,0.000000000,pass,pass,tie,0.500000000,Jagannatha Hora 8.0 locked visible Kaala Bala table; accessibility_sha256=CCEEDC44B38F4027ED781E902AFDE62C490C434253C41A2E742ADCC49B57D169; screenshot_sha256=00C966E54553EB61334634958AA0AC5A67E42055CFFA4F0FBADC56A1C39E060A,PyJHora 4.8.7 Tier B isolated export; Raman ayanamsa; wheel sha256 D8D8014573A38DDEFEDCAE57D3B8D84687CAC2AD31BB5B1DD70D945906A4D54D; event civil timezone; Tokyo reference coordinates; Dig uses _dig_bala(method=2) canonical bounded circular-distance variant because the package default method=1 can exceed 60 virupa
GANN_JHORA_KAALA_WITNESS_COMPARATOR_V1,case_127_sr_touch_start,SUN,abda,0.000000000,0.000000000,0.000000000,0.000000000,0.000000000,0.000000000,0.000000000,pass,pass,tie,0.500000000,Jagannatha Hora 8.0 locked visible Kaala Bala table; accessibility_sha256=CCEEDC44B38F4027ED781E902AFDE62C490C434253C41A2E742ADCC49B57D169; screenshot_sha256=00C966E54553EB61334634958AA0AC5A67E42055CFFA4F0FBADC56A1C39E060A,PyJHora 4.8.7 Tier B isolated export; Raman ayanamsa; wheel sha256 D8D8014573A38DDEFEDCAE57D3B8D84687CAC2AD31BB5B1DD70D945906A4D54D; event civil timezone; Tokyo reference coordinates; Dig uses _dig_bala(method=2) canonical bounded circular-distance variant because the package default method=1 can exceed 60 virupa
GANN_JHORA_KAALA_WITNESS_COMPARATOR_V1,case_127_sr_touch_start,SUN,ayana,114.840000000,115.204665109,115.260000000,-0.364665109,-0.420000000,0.364665109,0.420000000,pass,pass,local,0.500000000,Jagannatha Hora 8.0 locked visible Kaala Bala table; accessibility_sha256=CCEEDC44B38F4027ED781E902AFDE62C490C434253C41A2E742ADCC49B57D169; screenshot_sha256=00C966E54553EB61334634958AA0AC5A67E42055CFFA4F0FBADC56A1C39E060A,PyJHora 4.8.7 Tier B isolated export; Raman ayanamsa; wheel sha256 D8D8014573A38DDEFEDCAE57D3B8D84687CAC2AD31BB5B1DD70D945906A4D54D; event civil timezone; Tokyo reference coordinates; Dig uses _dig_bala(method=2) canonical bounded circular-distance variant because the package default method=1 can exceed 60 virupa
GANN_JHORA_KAALA_WITNESS_COMPARATOR_V1,case_127_sr_touch_start,SUN,hora,0.000000000,0.000000000,0.000000000,0.000000000,0.000000000,0.000000000,0.000000000,pass,pass,tie,0.500000000,Jagannatha Hora 8.0 locked visible Kaala Bala table; accessibility_sha256=CCEEDC44B38F4027ED781E902AFDE62C490C434253C41A2E742ADCC49B57D169; screenshot_sha256=00C966E54553EB61334634958AA0AC5A67E42055CFFA4F0FBADC56A1C39E060A,PyJHora 4.8.7 Tier B isolated export; Raman ayanamsa; wheel sha256 D8D8014573A38DDEFEDCAE57D3B8D84687CAC2AD31BB5B1DD70D945906A4D54D; event civil timezone; Tokyo reference coordinates; Dig uses _dig_bala(method=2) canonical bounded circular-distance variant because the package default method=1 can exceed 60 virupa
GANN_JHORA_KAALA_WITNESS_COMPARATOR_V1,case_127_sr_touch_start,SUN,masa,0.000000000,0.000000000,0.000000000,0.000000000,0.000000000,0.000000000,0.000000000,pass,pass,tie,0.500000000,Jagannatha Hora 8.0 locked visible Kaala Bala table; accessibility_sha256=CCEEDC44B38F4027ED781E902AFDE62C490C434253C41A2E742ADCC49B57D169; screenshot_sha256=00C966E54553EB61334634958AA0AC5A67E42055CFFA4F0FBADC56A1C39E060A,PyJHora 4.8.7 Tier B isolated export; Raman ayanamsa; wheel sha256 D8D8014573A38DDEFEDCAE57D3B8D84687CAC2AD31BB5B1DD70D945906A4D54D; event civil timezone; Tokyo reference coordinates; Dig uses _dig_bala(method=2) canonical bounded circular-distance variant because the package default method=1 can exceed 60 virupa
GANN_JHORA_KAALA_WITNESS_COMPARATOR_V1,case_127_sr_touch_start,SUN,nathonnatha,9.380000000,9.050100000,29.290000000,0.329900000,-19.910000000,0.329900000,19.910000000,pass,fail,local,0.500000000,Jagannatha Hora 8.0 locked visible Kaala Bala table; accessibility_sha256=CCEEDC44B38F4027ED781E902AFDE62C490C434253C41A2E742ADCC49B57D169; screenshot_sha256=00C966E54553EB61334634958AA0AC5A67E42055CFFA4F0FBADC56A1C39E060A,PyJHora 4.8.7 Tier B isolated export; Raman ayanamsa; wheel sha256 D8D8014573A38DDEFEDCAE57D3B8D84687CAC2AD31BB5B1DD70D945906A4D54D; event civil timezone; Tokyo reference coordinates; Dig uses _dig_bala(method=2) canonical bounded circular-distance variant because the package default method=1 can exceed 60 virupa
GANN_JHORA_KAALA_WITNESS_COMPARATOR_V1,case_127_sr_touch_start,SUN,paksha,52.740000000,52.743900446,52.750000000,-0.003900446,-0.010000000,0.003900446,0.010000000,pass,pass,local,0.500000000,Jagannatha Hora 8.0 locked visible Kaala Bala table; accessibility_sha256=CCEEDC44B38F4027ED781E902AFDE62C490C434253C41A2E742ADCC49B57D169; screenshot_sha256=00C966E54553EB61334634958AA0AC5A67E42055CFFA4F0FBADC56A1C39E060A,PyJHora 4.8.7 Tier B isolated export; Raman ayanamsa; wheel sha256 D8D8014573A38DDEFEDCAE57D3B8D84687CAC2AD31BB5B1DD70D945906A4D54D; event civil timezone; Tokyo reference coordinates; Dig uses _dig_bala(method=2) canonical bounded circular-distance variant because the package default method=1 can exceed 60 virupa
GANN_JHORA_KAALA_WITNESS_COMPARATOR_V1,case_127_sr_touch_start,SUN,total,176.960000000,176.998665555,197.300000000,-0.038665555,-20.340000000,0.038665555,20.340000000,pass,fail,local,0.500000000,Jagannatha Hora 8.0 locked visible Kaala Bala table; accessibility_sha256=CCEEDC44B38F4027ED781E902AFDE62C490C434253C41A2E742ADCC49B57D169; screenshot_sha256=00C966E54553EB61334634958AA0AC5A67E42055CFFA4F0FBADC56A1C39E060A,PyJHora 4.8.7 Tier B isolated export; Raman ayanamsa; wheel sha256 D8D8014573A38DDEFEDCAE57D3B8D84687CAC2AD31BB5B1DD70D945906A4D54D; event civil timezone; Tokyo reference coordinates; Dig uses _dig_bala(method=2) canonical bounded circular-distance variant because the package default method=1 can exceed 60 virupa
GANN_JHORA_KAALA_WITNESS_COMPARATOR_V1,case_127_sr_touch_start,SUN,tribhaga,0.000000000,0.000000000,0.000000000,0.000000000,0.000000000,0.000000000,0.000000000,pass,pass,tie,0.500000000,Jagannatha Hora 8.0 locked visible Kaala Bala table; accessibility_sha256=CCEEDC44B38F4027ED781E902AFDE62C490C434253C41A2E742ADCC49B57D169; screenshot_sha256=00C966E54553EB61334634958AA0AC5A67E42055CFFA4F0FBADC56A1C39E060A,PyJHora 4.8.7 Tier B isolated export; Raman ayanamsa; wheel sha256 D8D8014573A38DDEFEDCAE57D3B8D84687CAC2AD31BB5B1DD70D945906A4D54D; event civil timezone; Tokyo reference coordinates; Dig uses _dig_bala(method=2) canonical bounded circular-distance variant because the package default method=1 can exceed 60 virupa
GANN_JHORA_KAALA_WITNESS_COMPARATOR_V1,case_127_sr_touch_start,SUN,vara,0.000000000,0.000000000,0.000000000,0.000000000,0.000000000,0.000000000,0.000000000,pass,pass,tie,0.500000000,Jagannatha Hora 8.0 locked visible Kaala Bala table; accessibility_sha256=CCEEDC44B38F4027ED781E902AFDE62C490C434253C41A2E742ADCC49B57D169; screenshot_sha256=00C966E54553EB61334634958AA0AC5A67E42055CFFA4F0FBADC56A1C39E060A,PyJHora 4.8.7 Tier B isolated export; Raman ayanamsa; wheel sha256 D8D8014573A38DDEFEDCAE57D3B8D84687CAC2AD31BB5B1DD70D945906A4D54D; event civil timezone; Tokyo reference coordinates; Dig uses _dig_bala(method=2) canonical bounded circular-distance variant because the package default method=1 can exceed 60 virupa
GANN_JHORA_KAALA_WITNESS_COMPARATOR_V1,case_127_sr_touch_start,SUN,yuddha,0.000000000,0.000000000,0.000000000,0.000000000,0.000000000,0.000000000,0.000000000,pass,pass,tie,0.500000000,Jagannatha Hora 8.0 locked visible Kaala Bala table; accessibility_sha256=CCEEDC44B38F4027ED781E902AFDE62C490C434253C41A2E742ADCC49B57D169; screenshot_sha256=00C966E54553EB61334634958AA0AC5A67E42055CFFA4F0FBADC56A1C39E060A,PyJHora 4.8.7 Tier B isolated export; Raman ayanamsa; wheel sha256 D8D8014573A38DDEFEDCAE57D3B8D84687CAC2AD31BB5B1DD70D945906A4D54D; event civil timezone; Tokyo reference coordinates; Dig uses _dig_bala(method=2) canonical bounded circular-distance variant because the package default method=1 can exceed 60 virupa
GANN_JHORA_KAALA_WITNESS_COMPARATOR_V1,case_127_sr_touch_start,VENUS,abda,0.000000000,0.000000000,0.000000000,0.000000000,0.000000000,0.000000000,0.000000000,pass,pass,tie,0.500000000,Jagannatha Hora 8.0 locked visible Kaala Bala table; accessibility_sha256=CCEEDC44B38F4027ED781E902AFDE62C490C434253C41A2E742ADCC49B57D169; screenshot_sha256=00C966E54553EB61334634958AA0AC5A67E42055CFFA4F0FBADC56A1C39E060A,PyJHora 4.8.7 Tier B isolated export; Raman ayanamsa; wheel sha256 D8D8014573A38DDEFEDCAE57D3B8D84687CAC2AD31BB5B1DD70D945906A4D54D; event civil timezone; Tokyo reference coordinates; Dig uses _dig_bala(method=2) canonical bounded circular-distance variant because the package default method=1 can exceed 60 virupa
GANN_JHORA_KAALA_WITNESS_COMPARATOR_V1,case_127_sr_touch_start,VENUS,ayana,40.870000000,38.536733532,19.160000000,2.333266468,21.710000000,2.333266468,21.710000000,fail,fail,local,0.500000000,Jagannatha Hora 8.0 locked visible Kaala Bala table; accessibility_sha256=CCEEDC44B38F4027ED781E902AFDE62C490C434253C41A2E742ADCC49B57D169; screenshot_sha256=00C966E54553EB61334634958AA0AC5A67E42055CFFA4F0FBADC56A1C39E060A,PyJHora 4.8.7 Tier B isolated export; Raman ayanamsa; wheel sha256 D8D8014573A38DDEFEDCAE57D3B8D84687CAC2AD31BB5B1DD70D945906A4D54D; event civil timezone; Tokyo reference coordinates; Dig uses _dig_bala(method=2) canonical bounded circular-distance variant because the package default method=1 can exceed 60 virupa
GANN_JHORA_KAALA_WITNESS_COMPARATOR_V1,case_127_sr_touch_start,VENUS,hora,0.000000000,0.000000000,60.000000000,0.000000000,-60.000000000,0.000000000,60.000000000,pass,fail,local,0.500000000,Jagannatha Hora 8.0 locked visible Kaala Bala table; accessibility_sha256=CCEEDC44B38F4027ED781E902AFDE62C490C434253C41A2E742ADCC49B57D169; screenshot_sha256=00C966E54553EB61334634958AA0AC5A67E42055CFFA4F0FBADC56A1C39E060A,PyJHora 4.8.7 Tier B isolated export; Raman ayanamsa; wheel sha256 D8D8014573A38DDEFEDCAE57D3B8D84687CAC2AD31BB5B1DD70D945906A4D54D; event civil timezone; Tokyo reference coordinates; Dig uses _dig_bala(method=2) canonical bounded circular-distance variant because the package default method=1 can exceed 60 virupa
GANN_JHORA_KAALA_WITNESS_COMPARATOR_V1,case_127_sr_touch_start,VENUS,masa,0.000000000,0.000000000,0.000000000,0.000000000,0.000000000,0.000000000,0.000000000,pass,pass,tie,0.500000000,Jagannatha Hora 8.0 locked visible Kaala Bala table; accessibility_sha256=CCEEDC44B38F4027ED781E902AFDE62C490C434253C41A2E742ADCC49B57D169; screenshot_sha256=00C966E54553EB61334634958AA0AC5A67E42055CFFA4F0FBADC56A1C39E060A,PyJHora 4.8.7 Tier B isolated export; Raman ayanamsa; wheel sha256 D8D8014573A38DDEFEDCAE57D3B8D84687CAC2AD31BB5B1DD70D945906A4D54D; event civil timezone; Tokyo reference coordinates; Dig uses _dig_bala(method=2) canonical bounded circular-distance variant because the package default method=1 can exceed 60 virupa
GANN_JHORA_KAALA_WITNESS_COMPARATOR_V1,case_127_sr_touch_start,VENUS,nathonnatha,9.380000000,9.050100000,29.290000000,0.329900000,-19.910000000,0.329900000,19.910000000,pass,fail,local,0.500000000,Jagannatha Hora 8.0 locked visible Kaala Bala table; accessibility_sha256=CCEEDC44B38F4027ED781E902AFDE62C490C434253C41A2E742ADCC49B57D169; screenshot_sha256=00C966E54553EB61334634958AA0AC5A67E42055CFFA4F0FBADC56A1C39E060A,PyJHora 4.8.7 Tier B isolated export; Raman ayanamsa; wheel sha256 D8D8014573A38DDEFEDCAE57D3B8D84687CAC2AD31BB5B1DD70D945906A4D54D; event civil timezone; Tokyo reference coordinates; Dig uses _dig_bala(method=2) canonical bounded circular-distance variant because the package default method=1 can exceed 60 virupa
GANN_JHORA_KAALA_WITNESS_COMPARATOR_V1,case_127_sr_touch_start,VENUS,paksha,7.260000000,7.256099554,7.250000000,0.003900446,0.010000000,0.003900446,0.010000000,pass,pass,local,0.500000000,Jagannatha Hora 8.0 locked visible Kaala Bala table; accessibility_sha256=CCEEDC44B38F4027ED781E902AFDE62C490C434253C41A2E742ADCC49B57D169; screenshot_sha256=00C966E54553EB61334634958AA0AC5A67E42055CFFA4F0FBADC56A1C39E060A,PyJHora 4.8.7 Tier B isolated export; Raman ayanamsa; wheel sha256 D8D8014573A38DDEFEDCAE57D3B8D84687CAC2AD31BB5B1DD70D945906A4D54D; event civil timezone; Tokyo reference coordinates; Dig uses _dig_bala(method=2) canonical bounded circular-distance variant because the package default method=1 can exceed 60 virupa
GANN_JHORA_KAALA_WITNESS_COMPARATOR_V1,case_127_sr_touch_start,VENUS,total,57.500000000,54.842933087,175.700000000,2.657066913,-118.200000000,2.657066913,118.200000000,fail,fail,local,0.500000000,Jagannatha Hora 8.0 locked visible Kaala Bala table; accessibility_sha256=CCEEDC44B38F4027ED781E902AFDE62C490C434253C41A2E742ADCC49B57D169; screenshot_sha256=00C966E54553EB61334634958AA0AC5A67E42055CFFA4F0FBADC56A1C39E060A,PyJHora 4.8.7 Tier B isolated export; Raman ayanamsa; wheel sha256 D8D8014573A38DDEFEDCAE57D3B8D84687CAC2AD31BB5B1DD70D945906A4D54D; event civil timezone; Tokyo reference coordinates; Dig uses _dig_bala(method=2) canonical bounded circular-distance variant because the package default method=1 can exceed 60 virupa
GANN_JHORA_KAALA_WITNESS_COMPARATOR_V1,case_127_sr_touch_start,VENUS,tribhaga,0.000000000,0.000000000,60.000000000,0.000000000,-60.000000000,0.000000000,60.000000000,pass,fail,local,0.500000000,Jagannatha Hora 8.0 locked visible Kaala Bala table; accessibility_sha256=CCEEDC44B38F4027ED781E902AFDE62C490C434253C41A2E742ADCC49B57D169; screenshot_sha256=00C966E54553EB61334634958AA0AC5A67E42055CFFA4F0FBADC56A1C39E060A,PyJHora 4.8.7 Tier B isolated export; Raman ayanamsa; wheel sha256 D8D8014573A38DDEFEDCAE57D3B8D84687CAC2AD31BB5B1DD70D945906A4D54D; event civil timezone; Tokyo reference coordinates; Dig uses _dig_bala(method=2) canonical bounded circular-distance variant because the package default method=1 can exceed 60 virupa
GANN_JHORA_KAALA_WITNESS_COMPARATOR_V1,case_127_sr_touch_start,VENUS,vara,0.000000000,0.000000000,0.000000000,0.000000000,0.000000000,0.000000000,0.000000000,pass,pass,tie,0.500000000,Jagannatha Hora 8.0 locked visible Kaala Bala table; accessibility_sha256=CCEEDC44B38F4027ED781E902AFDE62C490C434253C41A2E742ADCC49B57D169; screenshot_sha256=00C966E54553EB61334634958AA0AC5A67E42055CFFA4F0FBADC56A1C39E060A,PyJHora 4.8.7 Tier B isolated export; Raman ayanamsa; wheel sha256 D8D8014573A38DDEFEDCAE57D3B8D84687CAC2AD31BB5B1DD70D945906A4D54D; event civil timezone; Tokyo reference coordinates; Dig uses _dig_bala(method=2) canonical bounded circular-distance variant because the package default method=1 can exceed 60 virupa
GANN_JHORA_KAALA_WITNESS_COMPARATOR_V1,case_127_sr_touch_start,VENUS,yuddha,0.000000000,0.000000000,0.000000000,0.000000000,0.000000000,0.000000000,0.000000000,pass,pass,tie,0.500000000,Jagannatha Hora 8.0 locked visible Kaala Bala table; accessibility_sha256=CCEEDC44B38F4027ED781E902AFDE62C490C434253C41A2E742ADCC49B57D169; screenshot_sha256=00C966E54553EB61334634958AA0AC5A67E42055CFFA4F0FBADC56A1C39E060A,PyJHora 4.8.7 Tier B isolated export; Raman ayanamsa; wheel sha256 D8D8014573A38DDEFEDCAE57D3B8D84687CAC2AD31BB5B1DD70D945906A4D54D; event civil timezone; Tokyo reference coordinates; Dig uses _dig_bala(method=2) canonical bounded circular-distance variant because the package default method=1 can exceed 60 virupa
GANN_JHORA_KAALA_WITNESS_COMPARATOR_V1,case_43_event_start,JUPITER,abda,0.000000000,0.000000000,0.000000000,0.000000000,0.000000000,0.000000000,0.000000000,pass,pass,tie,0.500000000,Jagannatha Hora 8.0 locked visible Kaala Bala table; accessibility_sha256=5605E634B7CE9982B02292F1A32F327F9E1DF1F5042A3AC0928717AE838E0D90; screenshot_sha256=06A67499DEB4F6ABD92152EAEDFE8944A34E4791DACC3461FB501F4073313B47,PyJHora 4.8.7 Tier B isolated export; Raman ayanamsa; wheel sha256 D8D8014573A38DDEFEDCAE57D3B8D84687CAC2AD31BB5B1DD70D945906A4D54D; event civil timezone; Tokyo reference coordinates; Dig uses _dig_bala(method=2) canonical bounded circular-distance variant because the package default method=1 can exceed 60 virupa
GANN_JHORA_KAALA_WITNESS_COMPARATOR_V1,case_43_event_start,JUPITER,ayana,59.040000000,58.719114190,59.110000000,0.320885810,-0.070000000,0.320885810,0.070000000,pass,pass,pyjhora,0.500000000,Jagannatha Hora 8.0 locked visible Kaala Bala table; accessibility_sha256=5605E634B7CE9982B02292F1A32F327F9E1DF1F5042A3AC0928717AE838E0D90; screenshot_sha256=06A67499DEB4F6ABD92152EAEDFE8944A34E4791DACC3461FB501F4073313B47,PyJHora 4.8.7 Tier B isolated export; Raman ayanamsa; wheel sha256 D8D8014573A38DDEFEDCAE57D3B8D84687CAC2AD31BB5B1DD70D945906A4D54D; event civil timezone; Tokyo reference coordinates; Dig uses _dig_bala(method=2) canonical bounded circular-distance variant because the package default method=1 can exceed 60 virupa
GANN_JHORA_KAALA_WITNESS_COMPARATOR_V1,case_43_event_start,JUPITER,hora,0.000000000,0.000000000,0.000000000,0.000000000,0.000000000,0.000000000,0.000000000,pass,pass,tie,0.500000000,Jagannatha Hora 8.0 locked visible Kaala Bala table; accessibility_sha256=5605E634B7CE9982B02292F1A32F327F9E1DF1F5042A3AC0928717AE838E0D90; screenshot_sha256=06A67499DEB4F6ABD92152EAEDFE8944A34E4791DACC3461FB501F4073313B47,PyJHora 4.8.7 Tier B isolated export; Raman ayanamsa; wheel sha256 D8D8014573A38DDEFEDCAE57D3B8D84687CAC2AD31BB5B1DD70D945906A4D54D; event civil timezone; Tokyo reference coordinates; Dig uses _dig_bala(method=2) canonical bounded circular-distance variant because the package default method=1 can exceed 60 virupa
GANN_JHORA_KAALA_WITNESS_COMPARATOR_V1,case_43_event_start,JUPITER,masa,0.000000000,0.000000000,0.000000000,0.000000000,0.000000000,0.000000000,0.000000000,pass,pass,tie,0.500000000,Jagannatha Hora 8.0 locked visible Kaala Bala table; accessibility_sha256=5605E634B7CE9982B02292F1A32F327F9E1DF1F5042A3AC0928717AE838E0D90; screenshot_sha256=06A67499DEB4F6ABD92152EAEDFE8944A34E4791DACC3461FB501F4073313B47,PyJHora 4.8.7 Tier B isolated export; Raman ayanamsa; wheel sha256 D8D8014573A38DDEFEDCAE57D3B8D84687CAC2AD31BB5B1DD70D945906A4D54D; event civil timezone; Tokyo reference coordinates; Dig uses _dig_bala(method=2) canonical bounded circular-distance variant because the package default method=1 can exceed 60 virupa
GANN_JHORA_KAALA_WITNESS_COMPARATOR_V1,case_43_event_start,JUPITER,nathonnatha,36.440000000,31.550100000,-6.310000000,4.889900000,42.750000000,4.889900000,42.750000000,fail,fail,local,0.500000000,Jagannatha Hora 8.0 locked visible Kaala Bala table; accessibility_sha256=5605E634B7CE9982B02292F1A32F327F9E1DF1F5042A3AC0928717AE838E0D90; screenshot_sha256=06A67499DEB4F6ABD92152EAEDFE8944A34E4791DACC3461FB501F4073313B47,PyJHora 4.8.7 Tier B isolated export; Raman ayanamsa; wheel sha256 D8D8014573A38DDEFEDCAE57D3B8D84687CAC2AD31BB5B1DD70D945906A4D54D; event civil timezone; Tokyo reference coordinates; Dig uses _dig_bala(method=2) canonical bounded circular-distance variant because the package default method=1 can exceed 60 virupa
GANN_JHORA_KAALA_WITNESS_COMPARATOR_V1,case_43_event_start,JUPITER,paksha,24.920000000,24.863161397,95.140000000,0.056838603,-70.220000000,0.056838603,70.220000000,pass,fail,local,0.500000000,Jagannatha Hora 8.0 locked visible Kaala Bala table; accessibility_sha256=5605E634B7CE9982B02292F1A32F327F9E1DF1F5042A3AC0928717AE838E0D90; screenshot_sha256=06A67499DEB4F6ABD92152EAEDFE8944A34E4791DACC3461FB501F4073313B47,PyJHora 4.8.7 Tier B isolated export; Raman ayanamsa; wheel sha256 D8D8014573A38DDEFEDCAE57D3B8D84687CAC2AD31BB5B1DD70D945906A4D54D; event civil timezone; Tokyo reference coordinates; Dig uses _dig_bala(method=2) canonical bounded circular-distance variant because the package default method=1 can exceed 60 virupa
GANN_JHORA_KAALA_WITNESS_COMPARATOR_V1,case_43_event_start,JUPITER,total,180.400000000,175.132375587,207.940000000,5.267624413,-27.540000000,5.267624413,27.540000000,fail,fail,local,0.500000000,Jagannatha Hora 8.0 locked visible Kaala Bala table; accessibility_sha256=5605E634B7CE9982B02292F1A32F327F9E1DF1F5042A3AC0928717AE838E0D90; screenshot_sha256=06A67499DEB4F6ABD92152EAEDFE8944A34E4791DACC3461FB501F4073313B47,PyJHora 4.8.7 Tier B isolated export; Raman ayanamsa; wheel sha256 D8D8014573A38DDEFEDCAE57D3B8D84687CAC2AD31BB5B1DD70D945906A4D54D; event civil timezone; Tokyo reference coordinates; Dig uses _dig_bala(method=2) canonical bounded circular-distance variant because the package default method=1 can exceed 60 virupa
GANN_JHORA_KAALA_WITNESS_COMPARATOR_V1,case_43_event_start,JUPITER,tribhaga,60.000000000,60.000000000,60.000000000,0.000000000,0.000000000,0.000000000,0.000000000,pass,pass,tie,0.500000000,Jagannatha Hora 8.0 locked visible Kaala Bala table; accessibility_sha256=5605E634B7CE9982B02292F1A32F327F9E1DF1F5042A3AC0928717AE838E0D90; screenshot_sha256=06A67499DEB4F6ABD92152EAEDFE8944A34E4791DACC3461FB501F4073313B47,PyJHora 4.8.7 Tier B isolated export; Raman ayanamsa; wheel sha256 D8D8014573A38DDEFEDCAE57D3B8D84687CAC2AD31BB5B1DD70D945906A4D54D; event civil timezone; Tokyo reference coordinates; Dig uses _dig_bala(method=2) canonical bounded circular-distance variant because the package default method=1 can exceed 60 virupa
GANN_JHORA_KAALA_WITNESS_COMPARATOR_V1,case_43_event_start,JUPITER,vara,0.000000000,0.000000000,0.000000000,0.000000000,0.000000000,0.000000000,0.000000000,pass,pass,tie,0.500000000,Jagannatha Hora 8.0 locked visible Kaala Bala table; accessibility_sha256=5605E634B7CE9982B02292F1A32F327F9E1DF1F5042A3AC0928717AE838E0D90; screenshot_sha256=06A67499DEB4F6ABD92152EAEDFE8944A34E4791DACC3461FB501F4073313B47,PyJHora 4.8.7 Tier B isolated export; Raman ayanamsa; wheel sha256 D8D8014573A38DDEFEDCAE57D3B8D84687CAC2AD31BB5B1DD70D945906A4D54D; event civil timezone; Tokyo reference coordinates; Dig uses _dig_bala(method=2) canonical bounded circular-distance variant because the package default method=1 can exceed 60 virupa
GANN_JHORA_KAALA_WITNESS_COMPARATOR_V1,case_43_event_start,JUPITER,yuddha,0.000000000,0.000000000,0.000000000,0.000000000,0.000000000,0.000000000,0.000000000,pass,pass,tie,0.500000000,Jagannatha Hora 8.0 locked visible Kaala Bala table; accessibility_sha256=5605E634B7CE9982B02292F1A32F327F9E1DF1F5042A3AC0928717AE838E0D90; screenshot_sha256=06A67499DEB4F6ABD92152EAEDFE8944A34E4791DACC3461FB501F4073313B47,PyJHora 4.8.7 Tier B isolated export; Raman ayanamsa; wheel sha256 D8D8014573A38DDEFEDCAE57D3B8D84687CAC2AD31BB5B1DD70D945906A4D54D; event civil timezone; Tokyo reference coordinates; Dig uses _dig_bala(method=2) canonical bounded circular-distance variant because the package default method=1 can exceed 60 virupa
GANN_JHORA_KAALA_WITNESS_COMPARATOR_V1,case_43_event_start,MARS,abda,0.000000000,0.000000000,0.000000000,0.000000000,0.000000000,0.000000000,0.000000000,pass,pass,tie,0.500000000,Jagannatha Hora 8.0 locked visible Kaala Bala table; accessibility_sha256=5605E634B7CE9982B02292F1A32F327F9E1DF1F5042A3AC0928717AE838E0D90; screenshot_sha256=06A67499DEB4F6ABD92152EAEDFE8944A34E4791DACC3461FB501F4073313B47,PyJHora 4.8.7 Tier B isolated export; Raman ayanamsa; wheel sha256 D8D8014573A38DDEFEDCAE57D3B8D84687CAC2AD31BB5B1DD70D945906A4D54D; event civil timezone; Tokyo reference coordinates; Dig uses _dig_bala(method=2) canonical bounded circular-distance variant because the package default method=1 can exceed 60 virupa
GANN_JHORA_KAALA_WITNESS_COMPARATOR_V1,case_43_event_start,MARS,ayana,56.870000000,60.395773822,57.150000000,-3.525773822,-0.280000000,3.525773822,0.280000000,fail,pass,pyjhora,0.500000000,Jagannatha Hora 8.0 locked visible Kaala Bala table; accessibility_sha256=5605E634B7CE9982B02292F1A32F327F9E1DF1F5042A3AC0928717AE838E0D90; screenshot_sha256=06A67499DEB4F6ABD92152EAEDFE8944A34E4791DACC3461FB501F4073313B47,PyJHora 4.8.7 Tier B isolated export; Raman ayanamsa; wheel sha256 D8D8014573A38DDEFEDCAE57D3B8D84687CAC2AD31BB5B1DD70D945906A4D54D; event civil timezone; Tokyo reference coordinates; Dig uses _dig_bala(method=2) canonical bounded circular-distance variant because the package default method=1 can exceed 60 virupa
GANN_JHORA_KAALA_WITNESS_COMPARATOR_V1,case_43_event_start,MARS,hora,0.000000000,0.000000000,0.000000000,0.000000000,0.000000000,0.000000000,0.000000000,pass,pass,tie,0.500000000,Jagannatha Hora 8.0 locked visible Kaala Bala table; accessibility_sha256=5605E634B7CE9982B02292F1A32F327F9E1DF1F5042A3AC0928717AE838E0D90; screenshot_sha256=06A67499DEB4F6ABD92152EAEDFE8944A34E4791DACC3461FB501F4073313B47,PyJHora 4.8.7 Tier B isolated export; Raman ayanamsa; wheel sha256 D8D8014573A38DDEFEDCAE57D3B8D84687CAC2AD31BB5B1DD70D945906A4D54D; event civil timezone; Tokyo reference coordinates; Dig uses _dig_bala(method=2) canonical bounded circular-distance variant because the package default method=1 can exceed 60 virupa
GANN_JHORA_KAALA_WITNESS_COMPARATOR_V1,case_43_event_start,MARS,masa,0.000000000,0.000000000,0.000000000,0.000000000,0.000000000,0.000000000,0.000000000,pass,pass,tie,0.500000000,Jagannatha Hora 8.0 locked visible Kaala Bala table; accessibility_sha256=5605E634B7CE9982B02292F1A32F327F9E1DF1F5042A3AC0928717AE838E0D90; screenshot_sha256=06A67499DEB4F6ABD92152EAEDFE8944A34E4791DACC3461FB501F4073313B47,PyJHora 4.8.7 Tier B isolated export; Raman ayanamsa; wheel sha256 D8D8014573A38DDEFEDCAE57D3B8D84687CAC2AD31BB5B1DD70D945906A4D54D; event civil timezone; Tokyo reference coordinates; Dig uses _dig_bala(method=2) canonical bounded circular-distance variant because the package default method=1 can exceed 60 virupa
GANN_JHORA_KAALA_WITNESS_COMPARATOR_V1,case_43_event_start,MARS,nathonnatha,23.560000000,28.449900000,66.310000000,-4.889900000,-42.750000000,4.889900000,42.750000000,fail,fail,local,0.500000000,Jagannatha Hora 8.0 locked visible Kaala Bala table; accessibility_sha256=5605E634B7CE9982B02292F1A32F327F9E1DF1F5042A3AC0928717AE838E0D90; screenshot_sha256=06A67499DEB4F6ABD92152EAEDFE8944A34E4791DACC3461FB501F4073313B47,PyJHora 4.8.7 Tier B isolated export; Raman ayanamsa; wheel sha256 D8D8014573A38DDEFEDCAE57D3B8D84687CAC2AD31BB5B1DD70D945906A4D54D; event civil timezone; Tokyo reference coordinates; Dig uses _dig_bala(method=2) canonical bounded circular-distance variant because the package default method=1 can exceed 60 virupa
GANN_JHORA_KAALA_WITNESS_COMPARATOR_V1,case_43_event_start,MARS,paksha,35.080000000,35.136838603,-35.140000000,-0.056838603,70.220000000,0.056838603,70.220000000,pass,fail,local,0.500000000,Jagannatha Hora 8.0 locked visible Kaala Bala table; accessibility_sha256=5605E634B7CE9982B02292F1A32F327F9E1DF1F5042A3AC0928717AE838E0D90; screenshot_sha256=06A67499DEB4F6ABD92152EAEDFE8944A34E4791DACC3461FB501F4073313B47,PyJHora 4.8.7 Tier B isolated export; Raman ayanamsa; wheel sha256 D8D8014573A38DDEFEDCAE57D3B8D84687CAC2AD31BB5B1DD70D945906A4D54D; event civil timezone; Tokyo reference coordinates; Dig uses _dig_bala(method=2) canonical bounded circular-distance variant because the package default method=1 can exceed 60 virupa
GANN_JHORA_KAALA_WITNESS_COMPARATOR_V1,case_43_event_start,MARS,total,115.510000000,123.982512426,88.320000000,-8.472512426,27.190000000,8.472512426,27.190000000,fail,fail,local,0.500000000,Jagannatha Hora 8.0 locked visible Kaala Bala table; accessibility_sha256=5605E634B7CE9982B02292F1A32F327F9E1DF1F5042A3AC0928717AE838E0D90; screenshot_sha256=06A67499DEB4F6ABD92152EAEDFE8944A34E4791DACC3461FB501F4073313B47,PyJHora 4.8.7 Tier B isolated export; Raman ayanamsa; wheel sha256 D8D8014573A38DDEFEDCAE57D3B8D84687CAC2AD31BB5B1DD70D945906A4D54D; event civil timezone; Tokyo reference coordinates; Dig uses _dig_bala(method=2) canonical bounded circular-distance variant because the package default method=1 can exceed 60 virupa
GANN_JHORA_KAALA_WITNESS_COMPARATOR_V1,case_43_event_start,MARS,tribhaga,0.000000000,0.000000000,0.000000000,0.000000000,0.000000000,0.000000000,0.000000000,pass,pass,tie,0.500000000,Jagannatha Hora 8.0 locked visible Kaala Bala table; accessibility_sha256=5605E634B7CE9982B02292F1A32F327F9E1DF1F5042A3AC0928717AE838E0D90; screenshot_sha256=06A67499DEB4F6ABD92152EAEDFE8944A34E4791DACC3461FB501F4073313B47,PyJHora 4.8.7 Tier B isolated export; Raman ayanamsa; wheel sha256 D8D8014573A38DDEFEDCAE57D3B8D84687CAC2AD31BB5B1DD70D945906A4D54D; event civil timezone; Tokyo reference coordinates; Dig uses _dig_bala(method=2) canonical bounded circular-distance variant because the package default method=1 can exceed 60 virupa
GANN_JHORA_KAALA_WITNESS_COMPARATOR_V1,case_43_event_start,MARS,vara,0.000000000,0.000000000,0.000000000,0.000000000,0.000000000,0.000000000,0.000000000,pass,pass,tie,0.500000000,Jagannatha Hora 8.0 locked visible Kaala Bala table; accessibility_sha256=5605E634B7CE9982B02292F1A32F327F9E1DF1F5042A3AC0928717AE838E0D90; screenshot_sha256=06A67499DEB4F6ABD92152EAEDFE8944A34E4791DACC3461FB501F4073313B47,PyJHora 4.8.7 Tier B isolated export; Raman ayanamsa; wheel sha256 D8D8014573A38DDEFEDCAE57D3B8D84687CAC2AD31BB5B1DD70D945906A4D54D; event civil timezone; Tokyo reference coordinates; Dig uses _dig_bala(method=2) canonical bounded circular-distance variant because the package default method=1 can exceed 60 virupa
GANN_JHORA_KAALA_WITNESS_COMPARATOR_V1,case_43_event_start,MARS,yuddha,0.000000000,0.000000000,0.000000000,0.000000000,0.000000000,0.000000000,0.000000000,pass,pass,tie,0.500000000,Jagannatha Hora 8.0 locked visible Kaala Bala table; accessibility_sha256=5605E634B7CE9982B02292F1A32F327F9E1DF1F5042A3AC0928717AE838E0D90; screenshot_sha256=06A67499DEB4F6ABD92152EAEDFE8944A34E4791DACC3461FB501F4073313B47,PyJHora 4.8.7 Tier B isolated export; Raman ayanamsa; wheel sha256 D8D8014573A38DDEFEDCAE57D3B8D84687CAC2AD31BB5B1DD70D945906A4D54D; event civil timezone; Tokyo reference coordinates; Dig uses _dig_bala(method=2) canonical bounded circular-distance variant because the package default method=1 can exceed 60 virupa
GANN_JHORA_KAALA_WITNESS_COMPARATOR_V1,case_43_event_start,MERCURY,abda,0.000000000,0.000000000,0.000000000,0.000000000,0.000000000,0.000000000,0.000000000,pass,pass,tie,0.500000000,Jagannatha Hora 8.0 locked visible Kaala Bala table; accessibility_sha256=5605E634B7CE9982B02292F1A32F327F9E1DF1F5042A3AC0928717AE838E0D90; screenshot_sha256=06A67499DEB4F6ABD92152EAEDFE8944A34E4791DACC3461FB501F4073313B47,PyJHora 4.8.7 Tier B isolated export; Raman ayanamsa; wheel sha256 D8D8014573A38DDEFEDCAE57D3B8D84687CAC2AD31BB5B1DD70D945906A4D54D; event civil timezone; Tokyo reference coordinates; Dig uses _dig_bala(method=2) canonical bounded circular-distance variant because the package default method=1 can exceed 60 virupa
GANN_JHORA_KAALA_WITNESS_COMPARATOR_V1,case_43_event_start,MERCURY,ayana,31.180000000,30.313975570,31.300000000,0.866024430,-0.120000000,0.866024430,0.120000000,fail,pass,pyjhora,0.500000000,Jagannatha Hora 8.0 locked visible Kaala Bala table; accessibility_sha256=5605E634B7CE9982B02292F1A32F327F9E1DF1F5042A3AC0928717AE838E0D90; screenshot_sha256=06A67499DEB4F6ABD92152EAEDFE8944A34E4791DACC3461FB501F4073313B47,PyJHora 4.8.7 Tier B isolated export; Raman ayanamsa; wheel sha256 D8D8014573A38DDEFEDCAE57D3B8D84687CAC2AD31BB5B1DD70D945906A4D54D; event civil timezone; Tokyo reference coordinates; Dig uses _dig_bala(method=2) canonical bounded circular-distance variant because the package default method=1 can exceed 60 virupa
GANN_JHORA_KAALA_WITNESS_COMPARATOR_V1,case_43_event_start,MERCURY,hora,0.000000000,0.000000000,0.000000000,0.000000000,0.000000000,0.000000000,0.000000000,pass,pass,tie,0.500000000,Jagannatha Hora 8.0 locked visible Kaala Bala table; accessibility_sha256=5605E634B7CE9982B02292F1A32F327F9E1DF1F5042A3AC0928717AE838E0D90; screenshot_sha256=06A67499DEB4F6ABD92152EAEDFE8944A34E4791DACC3461FB501F4073313B47,PyJHora 4.8.7 Tier B isolated export; Raman ayanamsa; wheel sha256 D8D8014573A38DDEFEDCAE57D3B8D84687CAC2AD31BB5B1DD70D945906A4D54D; event civil timezone; Tokyo reference coordinates; Dig uses _dig_bala(method=2) canonical bounded circular-distance variant because the package default method=1 can exceed 60 virupa
GANN_JHORA_KAALA_WITNESS_COMPARATOR_V1,case_43_event_start,MERCURY,masa,0.000000000,0.000000000,0.000000000,0.000000000,0.000000000,0.000000000,0.000000000,pass,pass,tie,0.500000000,Jagannatha Hora 8.0 locked visible Kaala Bala table; accessibility_sha256=5605E634B7CE9982B02292F1A32F327F9E1DF1F5042A3AC0928717AE838E0D90; screenshot_sha256=06A67499DEB4F6ABD92152EAEDFE8944A34E4791DACC3461FB501F4073313B47,PyJHora 4.8.7 Tier B isolated export; Raman ayanamsa; wheel sha256 D8D8014573A38DDEFEDCAE57D3B8D84687CAC2AD31BB5B1DD70D945906A4D54D; event civil timezone; Tokyo reference coordinates; Dig uses _dig_bala(method=2) canonical bounded circular-distance variant because the package default method=1 can exceed 60 virupa
GANN_JHORA_KAALA_WITNESS_COMPARATOR_V1,case_43_event_start,MERCURY,nathonnatha,60.000000000,60.000000000,60.000000000,0.000000000,0.000000000,0.000000000,0.000000000,pass,pass,tie,0.500000000,Jagannatha Hora 8.0 locked visible Kaala Bala table; accessibility_sha256=5605E634B7CE9982B02292F1A32F327F9E1DF1F5042A3AC0928717AE838E0D90; screenshot_sha256=06A67499DEB4F6ABD92152EAEDFE8944A34E4791DACC3461FB501F4073313B47,PyJHora 4.8.7 Tier B isolated export; Raman ayanamsa; wheel sha256 D8D8014573A38DDEFEDCAE57D3B8D84687CAC2AD31BB5B1DD70D945906A4D54D; event civil timezone; Tokyo reference coordinates; Dig uses _dig_bala(method=2) canonical bounded circular-distance variant because the package default method=1 can exceed 60 virupa
GANN_JHORA_KAALA_WITNESS_COMPARATOR_V1,case_43_event_start,MERCURY,paksha,35.080000000,35.136838603,-35.140000000,-0.056838603,70.220000000,0.056838603,70.220000000,pass,fail,local,0.500000000,Jagannatha Hora 8.0 locked visible Kaala Bala table; accessibility_sha256=5605E634B7CE9982B02292F1A32F327F9E1DF1F5042A3AC0928717AE838E0D90; screenshot_sha256=06A67499DEB4F6ABD92152EAEDFE8944A34E4791DACC3461FB501F4073313B47,PyJHora 4.8.7 Tier B isolated export; Raman ayanamsa; wheel sha256 D8D8014573A38DDEFEDCAE57D3B8D84687CAC2AD31BB5B1DD70D945906A4D54D; event civil timezone; Tokyo reference coordinates; Dig uses _dig_bala(method=2) canonical bounded circular-distance variant because the package default method=1 can exceed 60 virupa
GANN_JHORA_KAALA_WITNESS_COMPARATOR_V1,case_43_event_start,MERCURY,total,186.260000000,185.450814173,111.880000000,0.809185827,74.380000000,0.809185827,74.380000000,fail,fail,local,0.500000000,Jagannatha Hora 8.0 locked visible Kaala Bala table; accessibility_sha256=5605E634B7CE9982B02292F1A32F327F9E1DF1F5042A3AC0928717AE838E0D90; screenshot_sha256=06A67499DEB4F6ABD92152EAEDFE8944A34E4791DACC3461FB501F4073313B47,PyJHora 4.8.7 Tier B isolated export; Raman ayanamsa; wheel sha256 D8D8014573A38DDEFEDCAE57D3B8D84687CAC2AD31BB5B1DD70D945906A4D54D; event civil timezone; Tokyo reference coordinates; Dig uses _dig_bala(method=2) canonical bounded circular-distance variant because the package default method=1 can exceed 60 virupa
GANN_JHORA_KAALA_WITNESS_COMPARATOR_V1,case_43_event_start,MERCURY,tribhaga,60.000000000,60.000000000,60.000000000,0.000000000,0.000000000,0.000000000,0.000000000,pass,pass,tie,0.500000000,Jagannatha Hora 8.0 locked visible Kaala Bala table; accessibility_sha256=5605E634B7CE9982B02292F1A32F327F9E1DF1F5042A3AC0928717AE838E0D90; screenshot_sha256=06A67499DEB4F6ABD92152EAEDFE8944A34E4791DACC3461FB501F4073313B47,PyJHora 4.8.7 Tier B isolated export; Raman ayanamsa; wheel sha256 D8D8014573A38DDEFEDCAE57D3B8D84687CAC2AD31BB5B1DD70D945906A4D54D; event civil timezone; Tokyo reference coordinates; Dig uses _dig_bala(method=2) canonical bounded circular-distance variant because the package default method=1 can exceed 60 virupa
GANN_JHORA_KAALA_WITNESS_COMPARATOR_V1,case_43_event_start,MERCURY,vara,0.000000000,0.000000000,0.000000000,0.000000000,0.000000000,0.000000000,0.000000000,pass,pass,tie,0.500000000,Jagannatha Hora 8.0 locked visible Kaala Bala table; accessibility_sha256=5605E634B7CE9982B02292F1A32F327F9E1DF1F5042A3AC0928717AE838E0D90; screenshot_sha256=06A67499DEB4F6ABD92152EAEDFE8944A34E4791DACC3461FB501F4073313B47,PyJHora 4.8.7 Tier B isolated export; Raman ayanamsa; wheel sha256 D8D8014573A38DDEFEDCAE57D3B8D84687CAC2AD31BB5B1DD70D945906A4D54D; event civil timezone; Tokyo reference coordinates; Dig uses _dig_bala(method=2) canonical bounded circular-distance variant because the package default method=1 can exceed 60 virupa
GANN_JHORA_KAALA_WITNESS_COMPARATOR_V1,case_43_event_start,MERCURY,yuddha,0.000000000,0.000000000,-4.280000000,0.000000000,4.280000000,0.000000000,4.280000000,pass,fail,local,0.500000000,Jagannatha Hora 8.0 locked visible Kaala Bala table; accessibility_sha256=5605E634B7CE9982B02292F1A32F327F9E1DF1F5042A3AC0928717AE838E0D90; screenshot_sha256=06A67499DEB4F6ABD92152EAEDFE8944A34E4791DACC3461FB501F4073313B47,PyJHora 4.8.7 Tier B isolated export; Raman ayanamsa; wheel sha256 D8D8014573A38DDEFEDCAE57D3B8D84687CAC2AD31BB5B1DD70D945906A4D54D; event civil timezone; Tokyo reference coordinates; Dig uses _dig_bala(method=2) canonical bounded circular-distance variant because the package default method=1 can exceed 60 virupa
GANN_JHORA_KAALA_WITNESS_COMPARATOR_V1,case_43_event_start,MOON,abda,15.000000000,15.000000000,15.000000000,0.000000000,0.000000000,0.000000000,0.000000000,pass,pass,tie,0.500000000,Jagannatha Hora 8.0 locked visible Kaala Bala table; accessibility_sha256=5605E634B7CE9982B02292F1A32F327F9E1DF1F5042A3AC0928717AE838E0D90; screenshot_sha256=06A67499DEB4F6ABD92152EAEDFE8944A34E4791DACC3461FB501F4073313B47,PyJHora 4.8.7 Tier B isolated export; Raman ayanamsa; wheel sha256 D8D8014573A38DDEFEDCAE57D3B8D84687CAC2AD31BB5B1DD70D945906A4D54D; event civil timezone; Tokyo reference coordinates; Dig uses _dig_bala(method=2) canonical bounded circular-distance variant because the package default method=1 can exceed 60 virupa
GANN_JHORA_KAALA_WITNESS_COMPARATOR_V1,case_43_event_start,MOON,ayana,0.050000000,0.000000000,0.010000000,0.050000000,0.040000000,0.050000000,0.040000000,pass,pass,pyjhora,0.500000000,Jagannatha Hora 8.0 locked visible Kaala Bala table; accessibility_sha256=5605E634B7CE9982B02292F1A32F327F9E1DF1F5042A3AC0928717AE838E0D90; screenshot_sha256=06A67499DEB4F6ABD92152EAEDFE8944A34E4791DACC3461FB501F4073313B47,PyJHora 4.8.7 Tier B isolated export; Raman ayanamsa; wheel sha256 D8D8014573A38DDEFEDCAE57D3B8D84687CAC2AD31BB5B1DD70D945906A4D54D; event civil timezone; Tokyo reference coordinates; Dig uses _dig_bala(method=2) canonical bounded circular-distance variant because the package default method=1 can exceed 60 virupa
GANN_JHORA_KAALA_WITNESS_COMPARATOR_V1,case_43_event_start,MOON,hora,0.000000000,0.000000000,60.000000000,0.000000000,-60.000000000,0.000000000,60.000000000,pass,fail,local,0.500000000,Jagannatha Hora 8.0 locked visible Kaala Bala table; accessibility_sha256=5605E634B7CE9982B02292F1A32F327F9E1DF1F5042A3AC0928717AE838E0D90; screenshot_sha256=06A67499DEB4F6ABD92152EAEDFE8944A34E4791DACC3461FB501F4073313B47,PyJHora 4.8.7 Tier B isolated export; Raman ayanamsa; wheel sha256 D8D8014573A38DDEFEDCAE57D3B8D84687CAC2AD31BB5B1DD70D945906A4D54D; event civil timezone; Tokyo reference coordinates; Dig uses _dig_bala(method=2) canonical bounded circular-distance variant because the package default method=1 can exceed 60 virupa
GANN_JHORA_KAALA_WITNESS_COMPARATOR_V1,case_43_event_start,MOON,masa,0.000000000,0.000000000,0.000000000,0.000000000,0.000000000,0.000000000,0.000000000,pass,pass,tie,0.500000000,Jagannatha Hora 8.0 locked visible Kaala Bala table; accessibility_sha256=5605E634B7CE9982B02292F1A32F327F9E1DF1F5042A3AC0928717AE838E0D90; screenshot_sha256=06A67499DEB4F6ABD92152EAEDFE8944A34E4791DACC3461FB501F4073313B47,PyJHora 4.8.7 Tier B isolated export; Raman ayanamsa; wheel sha256 D8D8014573A38DDEFEDCAE57D3B8D84687CAC2AD31BB5B1DD70D945906A4D54D; event civil timezone; Tokyo reference coordinates; Dig uses _dig_bala(method=2) canonical bounded circular-distance variant because the package default method=1 can exceed 60 virupa
GANN_JHORA_KAALA_WITNESS_COMPARATOR_V1,case_43_event_start,MOON,nathonnatha,23.560000000,28.449900000,66.310000000,-4.889900000,-42.750000000,4.889900000,42.750000000,fail,fail,local,0.500000000,Jagannatha Hora 8.0 locked visible Kaala Bala table; accessibility_sha256=5605E634B7CE9982B02292F1A32F327F9E1DF1F5042A3AC0928717AE838E0D90; screenshot_sha256=06A67499DEB4F6ABD92152EAEDFE8944A34E4791DACC3461FB501F4073313B47,PyJHora 4.8.7 Tier B isolated export; Raman ayanamsa; wheel sha256 D8D8014573A38DDEFEDCAE57D3B8D84687CAC2AD31BB5B1DD70D945906A4D54D; event civil timezone; Tokyo reference coordinates; Dig uses _dig_bala(method=2) canonical bounded circular-distance variant because the package default method=1 can exceed 60 virupa
GANN_JHORA_KAALA_WITNESS_COMPARATOR_V1,case_43_event_start,MOON,paksha,70.150000000,70.273677207,190.280000000,-0.123677207,-120.130000000,0.123677207,120.130000000,pass,fail,local,0.500000000,Jagannatha Hora 8.0 locked visible Kaala Bala table; accessibility_sha256=5605E634B7CE9982B02292F1A32F327F9E1DF1F5042A3AC0928717AE838E0D90; screenshot_sha256=06A67499DEB4F6ABD92152EAEDFE8944A34E4791DACC3461FB501F4073313B47,PyJHora 4.8.7 Tier B isolated export; Raman ayanamsa; wheel sha256 D8D8014573A38DDEFEDCAE57D3B8D84687CAC2AD31BB5B1DD70D945906A4D54D; event civil timezone; Tokyo reference coordinates; Dig uses _dig_bala(method=2) canonical bounded circular-distance variant because the package default method=1 can exceed 60 virupa
GANN_JHORA_KAALA_WITNESS_COMPARATOR_V1,case_43_event_start,MOON,total,108.760000000,113.723577207,331.600000000,-4.963577207,-222.840000000,4.963577207,222.840000000,fail,fail,local,0.500000000,Jagannatha Hora 8.0 locked visible Kaala Bala table; accessibility_sha256=5605E634B7CE9982B02292F1A32F327F9E1DF1F5042A3AC0928717AE838E0D90; screenshot_sha256=06A67499DEB4F6ABD92152EAEDFE8944A34E4791DACC3461FB501F4073313B47,PyJHora 4.8.7 Tier B isolated export; Raman ayanamsa; wheel sha256 D8D8014573A38DDEFEDCAE57D3B8D84687CAC2AD31BB5B1DD70D945906A4D54D; event civil timezone; Tokyo reference coordinates; Dig uses _dig_bala(method=2) canonical bounded circular-distance variant because the package default method=1 can exceed 60 virupa
GANN_JHORA_KAALA_WITNESS_COMPARATOR_V1,case_43_event_start,MOON,tribhaga,0.000000000,0.000000000,0.000000000,0.000000000,0.000000000,0.000000000,0.000000000,pass,pass,tie,0.500000000,Jagannatha Hora 8.0 locked visible Kaala Bala table; accessibility_sha256=5605E634B7CE9982B02292F1A32F327F9E1DF1F5042A3AC0928717AE838E0D90; screenshot_sha256=06A67499DEB4F6ABD92152EAEDFE8944A34E4791DACC3461FB501F4073313B47,PyJHora 4.8.7 Tier B isolated export; Raman ayanamsa; wheel sha256 D8D8014573A38DDEFEDCAE57D3B8D84687CAC2AD31BB5B1DD70D945906A4D54D; event civil timezone; Tokyo reference coordinates; Dig uses _dig_bala(method=2) canonical bounded circular-distance variant because the package default method=1 can exceed 60 virupa
GANN_JHORA_KAALA_WITNESS_COMPARATOR_V1,case_43_event_start,MOON,vara,0.000000000,0.000000000,0.000000000,0.000000000,0.000000000,0.000000000,0.000000000,pass,pass,tie,0.500000000,Jagannatha Hora 8.0 locked visible Kaala Bala table; accessibility_sha256=5605E634B7CE9982B02292F1A32F327F9E1DF1F5042A3AC0928717AE838E0D90; screenshot_sha256=06A67499DEB4F6ABD92152EAEDFE8944A34E4791DACC3461FB501F4073313B47,PyJHora 4.8.7 Tier B isolated export; Raman ayanamsa; wheel sha256 D8D8014573A38DDEFEDCAE57D3B8D84687CAC2AD31BB5B1DD70D945906A4D54D; event civil timezone; Tokyo reference coordinates; Dig uses _dig_bala(method=2) canonical bounded circular-distance variant because the package default method=1 can exceed 60 virupa
GANN_JHORA_KAALA_WITNESS_COMPARATOR_V1,case_43_event_start,MOON,yuddha,0.000000000,0.000000000,0.000000000,0.000000000,0.000000000,0.000000000,0.000000000,pass,pass,tie,0.500000000,Jagannatha Hora 8.0 locked visible Kaala Bala table; accessibility_sha256=5605E634B7CE9982B02292F1A32F327F9E1DF1F5042A3AC0928717AE838E0D90; screenshot_sha256=06A67499DEB4F6ABD92152EAEDFE8944A34E4791DACC3461FB501F4073313B47,PyJHora 4.8.7 Tier B isolated export; Raman ayanamsa; wheel sha256 D8D8014573A38DDEFEDCAE57D3B8D84687CAC2AD31BB5B1DD70D945906A4D54D; event civil timezone; Tokyo reference coordinates; Dig uses _dig_bala(method=2) canonical bounded circular-distance variant because the package default method=1 can exceed 60 virupa
GANN_JHORA_KAALA_WITNESS_COMPARATOR_V1,case_43_event_start,SATURN,abda,0.000000000,0.000000000,0.000000000,0.000000000,0.000000000,0.000000000,0.000000000,pass,pass,tie,0.500000000,Jagannatha Hora 8.0 locked visible Kaala Bala table; accessibility_sha256=5605E634B7CE9982B02292F1A32F327F9E1DF1F5042A3AC0928717AE838E0D90; screenshot_sha256=06A67499DEB4F6ABD92152EAEDFE8944A34E4791DACC3461FB501F4073313B47,PyJHora 4.8.7 Tier B isolated export; Raman ayanamsa; wheel sha256 D8D8014573A38DDEFEDCAE57D3B8D84687CAC2AD31BB5B1DD70D945906A4D54D; event civil timezone; Tokyo reference coordinates; Dig uses _dig_bala(method=2) canonical bounded circular-distance variant because the package default method=1 can exceed 60 virupa
GANN_JHORA_KAALA_WITNESS_COMPARATOR_V1,case_43_event_start,SATURN,ayana,32.480000000,34.905135843,32.610000000,-2.425135843,-0.130000000,2.425135843,0.130000000,fail,pass,pyjhora,0.500000000,Jagannatha Hora 8.0 locked visible Kaala Bala table; accessibility_sha256=5605E634B7CE9982B02292F1A32F327F9E1DF1F5042A3AC0928717AE838E0D90; screenshot_sha256=06A67499DEB4F6ABD92152EAEDFE8944A34E4791DACC3461FB501F4073313B47,PyJHora 4.8.7 Tier B isolated export; Raman ayanamsa; wheel sha256 D8D8014573A38DDEFEDCAE57D3B8D84687CAC2AD31BB5B1DD70D945906A4D54D; event civil timezone; Tokyo reference coordinates; Dig uses _dig_bala(method=2) canonical bounded circular-distance variant because the package default method=1 can exceed 60 virupa
GANN_JHORA_KAALA_WITNESS_COMPARATOR_V1,case_43_event_start,SATURN,hora,0.000000000,0.000000000,0.000000000,0.000000000,0.000000000,0.000000000,0.000000000,pass,pass,tie,0.500000000,Jagannatha Hora 8.0 locked visible Kaala Bala table; accessibility_sha256=5605E634B7CE9982B02292F1A32F327F9E1DF1F5042A3AC0928717AE838E0D90; screenshot_sha256=06A67499DEB4F6ABD92152EAEDFE8944A34E4791DACC3461FB501F4073313B47,PyJHora 4.8.7 Tier B isolated export; Raman ayanamsa; wheel sha256 D8D8014573A38DDEFEDCAE57D3B8D84687CAC2AD31BB5B1DD70D945906A4D54D; event civil timezone; Tokyo reference coordinates; Dig uses _dig_bala(method=2) canonical bounded circular-distance variant because the package default method=1 can exceed 60 virupa
GANN_JHORA_KAALA_WITNESS_COMPARATOR_V1,case_43_event_start,SATURN,masa,0.000000000,0.000000000,0.000000000,0.000000000,0.000000000,0.000000000,0.000000000,pass,pass,tie,0.500000000,Jagannatha Hora 8.0 locked visible Kaala Bala table; accessibility_sha256=5605E634B7CE9982B02292F1A32F327F9E1DF1F5042A3AC0928717AE838E0D90; screenshot_sha256=06A67499DEB4F6ABD92152EAEDFE8944A34E4791DACC3461FB501F4073313B47,PyJHora 4.8.7 Tier B isolated export; Raman ayanamsa; wheel sha256 D8D8014573A38DDEFEDCAE57D3B8D84687CAC2AD31BB5B1DD70D945906A4D54D; event civil timezone; Tokyo reference coordinates; Dig uses _dig_bala(method=2) canonical bounded circular-distance variant because the package default method=1 can exceed 60 virupa
GANN_JHORA_KAALA_WITNESS_COMPARATOR_V1,case_43_event_start,SATURN,nathonnatha,23.560000000,28.449900000,66.310000000,-4.889900000,-42.750000000,4.889900000,42.750000000,fail,fail,local,0.500000000,Jagannatha Hora 8.0 locked visible Kaala Bala table; accessibility_sha256=5605E634B7CE9982B02292F1A32F327F9E1DF1F5042A3AC0928717AE838E0D90; screenshot_sha256=06A67499DEB4F6ABD92152EAEDFE8944A34E4791DACC3461FB501F4073313B47,PyJHora 4.8.7 Tier B isolated export; Raman ayanamsa; wheel sha256 D8D8014573A38DDEFEDCAE57D3B8D84687CAC2AD31BB5B1DD70D945906A4D54D; event civil timezone; Tokyo reference coordinates; Dig uses _dig_bala(method=2) canonical bounded circular-distance variant because the package default method=1 can exceed 60 virupa
GANN_JHORA_KAALA_WITNESS_COMPARATOR_V1,case_43_event_start,SATURN,paksha,35.080000000,35.136838603,-35.140000000,-0.056838603,70.220000000,0.056838603,70.220000000,pass,fail,local,0.500000000,Jagannatha Hora 8.0 locked visible Kaala Bala table; accessibility_sha256=5605E634B7CE9982B02292F1A32F327F9E1DF1F5042A3AC0928717AE838E0D90; screenshot_sha256=06A67499DEB4F6ABD92152EAEDFE8944A34E4791DACC3461FB501F4073313B47,PyJHora 4.8.7 Tier B isolated export; Raman ayanamsa; wheel sha256 D8D8014573A38DDEFEDCAE57D3B8D84687CAC2AD31BB5B1DD70D945906A4D54D; event civil timezone; Tokyo reference coordinates; Dig uses _dig_bala(method=2) canonical bounded circular-distance variant because the package default method=1 can exceed 60 virupa
GANN_JHORA_KAALA_WITNESS_COMPARATOR_V1,case_43_event_start,SATURN,total,91.110000000,98.491874446,63.780000000,-7.381874446,27.330000000,7.381874446,27.330000000,fail,fail,local,0.500000000,Jagannatha Hora 8.0 locked visible Kaala Bala table; accessibility_sha256=5605E634B7CE9982B02292F1A32F327F9E1DF1F5042A3AC0928717AE838E0D90; screenshot_sha256=06A67499DEB4F6ABD92152EAEDFE8944A34E4791DACC3461FB501F4073313B47,PyJHora 4.8.7 Tier B isolated export; Raman ayanamsa; wheel sha256 D8D8014573A38DDEFEDCAE57D3B8D84687CAC2AD31BB5B1DD70D945906A4D54D; event civil timezone; Tokyo reference coordinates; Dig uses _dig_bala(method=2) canonical bounded circular-distance variant because the package default method=1 can exceed 60 virupa
GANN_JHORA_KAALA_WITNESS_COMPARATOR_V1,case_43_event_start,SATURN,tribhaga,0.000000000,0.000000000,0.000000000,0.000000000,0.000000000,0.000000000,0.000000000,pass,pass,tie,0.500000000,Jagannatha Hora 8.0 locked visible Kaala Bala table; accessibility_sha256=5605E634B7CE9982B02292F1A32F327F9E1DF1F5042A3AC0928717AE838E0D90; screenshot_sha256=06A67499DEB4F6ABD92152EAEDFE8944A34E4791DACC3461FB501F4073313B47,PyJHora 4.8.7 Tier B isolated export; Raman ayanamsa; wheel sha256 D8D8014573A38DDEFEDCAE57D3B8D84687CAC2AD31BB5B1DD70D945906A4D54D; event civil timezone; Tokyo reference coordinates; Dig uses _dig_bala(method=2) canonical bounded circular-distance variant because the package default method=1 can exceed 60 virupa
GANN_JHORA_KAALA_WITNESS_COMPARATOR_V1,case_43_event_start,SATURN,vara,0.000000000,0.000000000,0.000000000,0.000000000,0.000000000,0.000000000,0.000000000,pass,pass,tie,0.500000000,Jagannatha Hora 8.0 locked visible Kaala Bala table; accessibility_sha256=5605E634B7CE9982B02292F1A32F327F9E1DF1F5042A3AC0928717AE838E0D90; screenshot_sha256=06A67499DEB4F6ABD92152EAEDFE8944A34E4791DACC3461FB501F4073313B47,PyJHora 4.8.7 Tier B isolated export; Raman ayanamsa; wheel sha256 D8D8014573A38DDEFEDCAE57D3B8D84687CAC2AD31BB5B1DD70D945906A4D54D; event civil timezone; Tokyo reference coordinates; Dig uses _dig_bala(method=2) canonical bounded circular-distance variant because the package default method=1 can exceed 60 virupa
GANN_JHORA_KAALA_WITNESS_COMPARATOR_V1,case_43_event_start,SATURN,yuddha,0.000000000,0.000000000,0.000000000,0.000000000,0.000000000,0.000000000,0.000000000,pass,pass,tie,0.500000000,Jagannatha Hora 8.0 locked visible Kaala Bala table; accessibility_sha256=5605E634B7CE9982B02292F1A32F327F9E1DF1F5042A3AC0928717AE838E0D90; screenshot_sha256=06A67499DEB4F6ABD92152EAEDFE8944A34E4791DACC3461FB501F4073313B47,PyJHora 4.8.7 Tier B isolated export; Raman ayanamsa; wheel sha256 D8D8014573A38DDEFEDCAE57D3B8D84687CAC2AD31BB5B1DD70D945906A4D54D; event civil timezone; Tokyo reference coordinates; Dig uses _dig_bala(method=2) canonical bounded circular-distance variant because the package default method=1 can exceed 60 virupa
GANN_JHORA_KAALA_WITNESS_COMPARATOR_V1,case_43_event_start,SUN,abda,0.000000000,0.000000000,0.000000000,0.000000000,0.000000000,0.000000000,0.000000000,pass,pass,tie,0.500000000,Jagannatha Hora 8.0 locked visible Kaala Bala table; accessibility_sha256=5605E634B7CE9982B02292F1A32F327F9E1DF1F5042A3AC0928717AE838E0D90; screenshot_sha256=06A67499DEB4F6ABD92152EAEDFE8944A34E4791DACC3461FB501F4073313B47,PyJHora 4.8.7 Tier B isolated export; Raman ayanamsa; wheel sha256 D8D8014573A38DDEFEDCAE57D3B8D84687CAC2AD31BB5B1DD70D945906A4D54D; event civil timezone; Tokyo reference coordinates; Dig uses _dig_bala(method=2) canonical bounded circular-distance variant because the package default method=1 can exceed 60 virupa
GANN_JHORA_KAALA_WITNESS_COMPARATOR_V1,case_43_event_start,SUN,ayana,74.680000000,74.476986336,45.540000000,0.203013664,29.140000000,0.203013664,29.140000000,pass,fail,local,0.500000000,Jagannatha Hora 8.0 locked visible Kaala Bala table; accessibility_sha256=5605E634B7CE9982B02292F1A32F327F9E1DF1F5042A3AC0928717AE838E0D90; screenshot_sha256=06A67499DEB4F6ABD92152EAEDFE8944A34E4791DACC3461FB501F4073313B47,PyJHora 4.8.7 Tier B isolated export; Raman ayanamsa; wheel sha256 D8D8014573A38DDEFEDCAE57D3B8D84687CAC2AD31BB5B1DD70D945906A4D54D; event civil timezone; Tokyo reference coordinates; Dig uses _dig_bala(method=2) canonical bounded circular-distance variant because the package default method=1 can exceed 60 virupa
GANN_JHORA_KAALA_WITNESS_COMPARATOR_V1,case_43_event_start,SUN,hora,0.000000000,0.000000000,0.000000000,0.000000000,0.000000000,0.000000000,0.000000000,pass,pass,tie,0.500000000,Jagannatha Hora 8.0 locked visible Kaala Bala table; accessibility_sha256=5605E634B7CE9982B02292F1A32F327F9E1DF1F5042A3AC0928717AE838E0D90; screenshot_sha256=06A67499DEB4F6ABD92152EAEDFE8944A34E4791DACC3461FB501F4073313B47,PyJHora 4.8.7 Tier B isolated export; Raman ayanamsa; wheel sha256 D8D8014573A38DDEFEDCAE57D3B8D84687CAC2AD31BB5B1DD70D945906A4D54D; event civil timezone; Tokyo reference coordinates; Dig uses _dig_bala(method=2) canonical bounded circular-distance variant because the package default method=1 can exceed 60 virupa
GANN_JHORA_KAALA_WITNESS_COMPARATOR_V1,case_43_event_start,SUN,masa,0.000000000,0.000000000,0.000000000,0.000000000,0.000000000,0.000000000,0.000000000,pass,pass,tie,0.500000000,Jagannatha Hora 8.0 locked visible Kaala Bala table; accessibility_sha256=5605E634B7CE9982B02292F1A32F327F9E1DF1F5042A3AC0928717AE838E0D90; screenshot_sha256=06A67499DEB4F6ABD92152EAEDFE8944A34E4791DACC3461FB501F4073313B47,PyJHora 4.8.7 Tier B isolated export; Raman ayanamsa; wheel sha256 D8D8014573A38DDEFEDCAE57D3B8D84687CAC2AD31BB5B1DD70D945906A4D54D; event civil timezone; Tokyo reference coordinates; Dig uses _dig_bala(method=2) canonical bounded circular-distance variant because the package default method=1 can exceed 60 virupa
GANN_JHORA_KAALA_WITNESS_COMPARATOR_V1,case_43_event_start,SUN,nathonnatha,36.440000000,31.550100000,-6.310000000,4.889900000,42.750000000,4.889900000,42.750000000,fail,fail,local,0.500000000,Jagannatha Hora 8.0 locked visible Kaala Bala table; accessibility_sha256=5605E634B7CE9982B02292F1A32F327F9E1DF1F5042A3AC0928717AE838E0D90; screenshot_sha256=06A67499DEB4F6ABD92152EAEDFE8944A34E4791DACC3461FB501F4073313B47,PyJHora 4.8.7 Tier B isolated export; Raman ayanamsa; wheel sha256 D8D8014573A38DDEFEDCAE57D3B8D84687CAC2AD31BB5B1DD70D945906A4D54D; event civil timezone; Tokyo reference coordinates; Dig uses _dig_bala(method=2) canonical bounded circular-distance variant because the package default method=1 can exceed 60 virupa
GANN_JHORA_KAALA_WITNESS_COMPARATOR_V1,case_43_event_start,SUN,paksha,35.080000000,35.136838603,-35.140000000,-0.056838603,70.220000000,0.056838603,70.220000000,pass,fail,local,0.500000000,Jagannatha Hora 8.0 locked visible Kaala Bala table; accessibility_sha256=5605E634B7CE9982B02292F1A32F327F9E1DF1F5042A3AC0928717AE838E0D90; screenshot_sha256=06A67499DEB4F6ABD92152EAEDFE8944A34E4791DACC3461FB501F4073313B47,PyJHora 4.8.7 Tier B isolated export; Raman ayanamsa; wheel sha256 D8D8014573A38DDEFEDCAE57D3B8D84687CAC2AD31BB5B1DD70D945906A4D54D; event civil timezone; Tokyo reference coordinates; Dig uses _dig_bala(method=2) canonical bounded circular-distance variant because the package default method=1 can exceed 60 virupa
GANN_JHORA_KAALA_WITNESS_COMPARATOR_V1,case_43_event_start,SUN,total,146.200000000,141.163924939,4.090000000,5.036075061,142.110000000,5.036075061,142.110000000,fail,fail,local,0.500000000,Jagannatha Hora 8.0 locked visible Kaala Bala table; accessibility_sha256=5605E634B7CE9982B02292F1A32F327F9E1DF1F5042A3AC0928717AE838E0D90; screenshot_sha256=06A67499DEB4F6ABD92152EAEDFE8944A34E4791DACC3461FB501F4073313B47,PyJHora 4.8.7 Tier B isolated export; Raman ayanamsa; wheel sha256 D8D8014573A38DDEFEDCAE57D3B8D84687CAC2AD31BB5B1DD70D945906A4D54D; event civil timezone; Tokyo reference coordinates; Dig uses _dig_bala(method=2) canonical bounded circular-distance variant because the package default method=1 can exceed 60 virupa
GANN_JHORA_KAALA_WITNESS_COMPARATOR_V1,case_43_event_start,SUN,tribhaga,0.000000000,0.000000000,0.000000000,0.000000000,0.000000000,0.000000000,0.000000000,pass,pass,tie,0.500000000,Jagannatha Hora 8.0 locked visible Kaala Bala table; accessibility_sha256=5605E634B7CE9982B02292F1A32F327F9E1DF1F5042A3AC0928717AE838E0D90; screenshot_sha256=06A67499DEB4F6ABD92152EAEDFE8944A34E4791DACC3461FB501F4073313B47,PyJHora 4.8.7 Tier B isolated export; Raman ayanamsa; wheel sha256 D8D8014573A38DDEFEDCAE57D3B8D84687CAC2AD31BB5B1DD70D945906A4D54D; event civil timezone; Tokyo reference coordinates; Dig uses _dig_bala(method=2) canonical bounded circular-distance variant because the package default method=1 can exceed 60 virupa
GANN_JHORA_KAALA_WITNESS_COMPARATOR_V1,case_43_event_start,SUN,vara,0.000000000,0.000000000,0.000000000,0.000000000,0.000000000,0.000000000,0.000000000,pass,pass,tie,0.500000000,Jagannatha Hora 8.0 locked visible Kaala Bala table; accessibility_sha256=5605E634B7CE9982B02292F1A32F327F9E1DF1F5042A3AC0928717AE838E0D90; screenshot_sha256=06A67499DEB4F6ABD92152EAEDFE8944A34E4791DACC3461FB501F4073313B47,PyJHora 4.8.7 Tier B isolated export; Raman ayanamsa; wheel sha256 D8D8014573A38DDEFEDCAE57D3B8D84687CAC2AD31BB5B1DD70D945906A4D54D; event civil timezone; Tokyo reference coordinates; Dig uses _dig_bala(method=2) canonical bounded circular-distance variant because the package default method=1 can exceed 60 virupa
GANN_JHORA_KAALA_WITNESS_COMPARATOR_V1,case_43_event_start,SUN,yuddha,0.000000000,0.000000000,0.000000000,0.000000000,0.000000000,0.000000000,0.000000000,pass,pass,tie,0.500000000,Jagannatha Hora 8.0 locked visible Kaala Bala table; accessibility_sha256=5605E634B7CE9982B02292F1A32F327F9E1DF1F5042A3AC0928717AE838E0D90; screenshot_sha256=06A67499DEB4F6ABD92152EAEDFE8944A34E4791DACC3461FB501F4073313B47,PyJHora 4.8.7 Tier B isolated export; Raman ayanamsa; wheel sha256 D8D8014573A38DDEFEDCAE57D3B8D84687CAC2AD31BB5B1DD70D945906A4D54D; event civil timezone; Tokyo reference coordinates; Dig uses _dig_bala(method=2) canonical bounded circular-distance variant because the package default method=1 can exceed 60 virupa
GANN_JHORA_KAALA_WITNESS_COMPARATOR_V1,case_43_event_start,VENUS,abda,0.000000000,0.000000000,0.000000000,0.000000000,0.000000000,0.000000000,0.000000000,pass,pass,tie,0.500000000,Jagannatha Hora 8.0 locked visible Kaala Bala table; accessibility_sha256=5605E634B7CE9982B02292F1A32F327F9E1DF1F5042A3AC0928717AE838E0D90; screenshot_sha256=06A67499DEB4F6ABD92152EAEDFE8944A34E4791DACC3461FB501F4073313B47,PyJHora 4.8.7 Tier B isolated export; Raman ayanamsa; wheel sha256 D8D8014573A38DDEFEDCAE57D3B8D84687CAC2AD31BB5B1DD70D945906A4D54D; event civil timezone; Tokyo reference coordinates; Dig uses _dig_bala(method=2) canonical bounded circular-distance variant because the package default method=1 can exceed 60 virupa
GANN_JHORA_KAALA_WITNESS_COMPARATOR_V1,case_43_event_start,VENUS,ayana,28.270000000,35.963082845,28.140000000,-7.693082845,0.130000000,7.693082845,0.130000000,fail,pass,pyjhora,0.500000000,Jagannatha Hora 8.0 locked visible Kaala Bala table; accessibility_sha256=5605E634B7CE9982B02292F1A32F327F9E1DF1F5042A3AC0928717AE838E0D90; screenshot_sha256=06A67499DEB4F6ABD92152EAEDFE8944A34E4791DACC3461FB501F4073313B47,PyJHora 4.8.7 Tier B isolated export; Raman ayanamsa; wheel sha256 D8D8014573A38DDEFEDCAE57D3B8D84687CAC2AD31BB5B1DD70D945906A4D54D; event civil timezone; Tokyo reference coordinates; Dig uses _dig_bala(method=2) canonical bounded circular-distance variant because the package default method=1 can exceed 60 virupa
GANN_JHORA_KAALA_WITNESS_COMPARATOR_V1,case_43_event_start,VENUS,hora,60.000000000,60.000000000,0.000000000,0.000000000,60.000000000,0.000000000,60.000000000,pass,fail,local,0.500000000,Jagannatha Hora 8.0 locked visible Kaala Bala table; accessibility_sha256=5605E634B7CE9982B02292F1A32F327F9E1DF1F5042A3AC0928717AE838E0D90; screenshot_sha256=06A67499DEB4F6ABD92152EAEDFE8944A34E4791DACC3461FB501F4073313B47,PyJHora 4.8.7 Tier B isolated export; Raman ayanamsa; wheel sha256 D8D8014573A38DDEFEDCAE57D3B8D84687CAC2AD31BB5B1DD70D945906A4D54D; event civil timezone; Tokyo reference coordinates; Dig uses _dig_bala(method=2) canonical bounded circular-distance variant because the package default method=1 can exceed 60 virupa
GANN_JHORA_KAALA_WITNESS_COMPARATOR_V1,case_43_event_start,VENUS,masa,30.000000000,30.000000000,30.000000000,0.000000000,0.000000000,0.000000000,0.000000000,pass,pass,tie,0.500000000,Jagannatha Hora 8.0 locked visible Kaala Bala table; accessibility_sha256=5605E634B7CE9982B02292F1A32F327F9E1DF1F5042A3AC0928717AE838E0D90; screenshot_sha256=06A67499DEB4F6ABD92152EAEDFE8944A34E4791DACC3461FB501F4073313B47,PyJHora 4.8.7 Tier B isolated export; Raman ayanamsa; wheel sha256 D8D8014573A38DDEFEDCAE57D3B8D84687CAC2AD31BB5B1DD70D945906A4D54D; event civil timezone; Tokyo reference coordinates; Dig uses _dig_bala(method=2) canonical bounded circular-distance variant because the package default method=1 can exceed 60 virupa
GANN_JHORA_KAALA_WITNESS_COMPARATOR_V1,case_43_event_start,VENUS,nathonnatha,36.440000000,31.550100000,-6.310000000,4.889900000,42.750000000,4.889900000,42.750000000,fail,fail,local,0.500000000,Jagannatha Hora 8.0 locked visible Kaala Bala table; accessibility_sha256=5605E634B7CE9982B02292F1A32F327F9E1DF1F5042A3AC0928717AE838E0D90; screenshot_sha256=06A67499DEB4F6ABD92152EAEDFE8944A34E4791DACC3461FB501F4073313B47,PyJHora 4.8.7 Tier B isolated export; Raman ayanamsa; wheel sha256 D8D8014573A38DDEFEDCAE57D3B8D84687CAC2AD31BB5B1DD70D945906A4D54D; event civil timezone; Tokyo reference coordinates; Dig uses _dig_bala(method=2) canonical bounded circular-distance variant because the package default method=1 can exceed 60 virupa
GANN_JHORA_KAALA_WITNESS_COMPARATOR_V1,case_43_event_start,VENUS,paksha,24.920000000,24.863161397,95.140000000,0.056838603,-70.220000000,0.056838603,70.220000000,pass,fail,local,0.500000000,Jagannatha Hora 8.0 locked visible Kaala Bala table; accessibility_sha256=5605E634B7CE9982B02292F1A32F327F9E1DF1F5042A3AC0928717AE838E0D90; screenshot_sha256=06A67499DEB4F6ABD92152EAEDFE8944A34E4791DACC3461FB501F4073313B47,PyJHora 4.8.7 Tier B isolated export; Raman ayanamsa; wheel sha256 D8D8014573A38DDEFEDCAE57D3B8D84687CAC2AD31BB5B1DD70D945906A4D54D; event civil timezone; Tokyo reference coordinates; Dig uses _dig_bala(method=2) canonical bounded circular-distance variant because the package default method=1 can exceed 60 virupa
GANN_JHORA_KAALA_WITNESS_COMPARATOR_V1,case_43_event_start,VENUS,total,224.630000000,227.376344241,196.250000000,-2.746344241,28.380000000,2.746344241,28.380000000,fail,fail,local,0.500000000,Jagannatha Hora 8.0 locked visible Kaala Bala table; accessibility_sha256=5605E634B7CE9982B02292F1A32F327F9E1DF1F5042A3AC0928717AE838E0D90; screenshot_sha256=06A67499DEB4F6ABD92152EAEDFE8944A34E4791DACC3461FB501F4073313B47,PyJHora 4.8.7 Tier B isolated export; Raman ayanamsa; wheel sha256 D8D8014573A38DDEFEDCAE57D3B8D84687CAC2AD31BB5B1DD70D945906A4D54D; event civil timezone; Tokyo reference coordinates; Dig uses _dig_bala(method=2) canonical bounded circular-distance variant because the package default method=1 can exceed 60 virupa
GANN_JHORA_KAALA_WITNESS_COMPARATOR_V1,case_43_event_start,VENUS,tribhaga,0.000000000,0.000000000,0.000000000,0.000000000,0.000000000,0.000000000,0.000000000,pass,pass,tie,0.500000000,Jagannatha Hora 8.0 locked visible Kaala Bala table; accessibility_sha256=5605E634B7CE9982B02292F1A32F327F9E1DF1F5042A3AC0928717AE838E0D90; screenshot_sha256=06A67499DEB4F6ABD92152EAEDFE8944A34E4791DACC3461FB501F4073313B47,PyJHora 4.8.7 Tier B isolated export; Raman ayanamsa; wheel sha256 D8D8014573A38DDEFEDCAE57D3B8D84687CAC2AD31BB5B1DD70D945906A4D54D; event civil timezone; Tokyo reference coordinates; Dig uses _dig_bala(method=2) canonical bounded circular-distance variant because the package default method=1 can exceed 60 virupa
GANN_JHORA_KAALA_WITNESS_COMPARATOR_V1,case_43_event_start,VENUS,vara,45.000000000,45.000000000,45.000000000,0.000000000,0.000000000,0.000000000,0.000000000,pass,pass,tie,0.500000000,Jagannatha Hora 8.0 locked visible Kaala Bala table; accessibility_sha256=5605E634B7CE9982B02292F1A32F327F9E1DF1F5042A3AC0928717AE838E0D90; screenshot_sha256=06A67499DEB4F6ABD92152EAEDFE8944A34E4791DACC3461FB501F4073313B47,PyJHora 4.8.7 Tier B isolated export; Raman ayanamsa; wheel sha256 D8D8014573A38DDEFEDCAE57D3B8D84687CAC2AD31BB5B1DD70D945906A4D54D; event civil timezone; Tokyo reference coordinates; Dig uses _dig_bala(method=2) canonical bounded circular-distance variant because the package default method=1 can exceed 60 virupa
GANN_JHORA_KAALA_WITNESS_COMPARATOR_V1,case_43_event_start,VENUS,yuddha,0.000000000,0.000000000,4.280000000,0.000000000,-4.280000000,0.000000000,4.280000000,pass,fail,local,0.500000000,Jagannatha Hora 8.0 locked visible Kaala Bala table; accessibility_sha256=5605E634B7CE9982B02292F1A32F327F9E1DF1F5042A3AC0928717AE838E0D90; screenshot_sha256=06A67499DEB4F6ABD92152EAEDFE8944A34E4791DACC3461FB501F4073313B47,PyJHora 4.8.7 Tier B isolated export; Raman ayanamsa; wheel sha256 D8D8014573A38DDEFEDCAE57D3B8D84687CAC2AD31BB5B1DD70D945906A4D54D; event civil timezone; Tokyo reference coordinates; Dig uses _dig_bala(method=2) canonical bounded circular-distance variant because the package default method=1 can exceed 60 virupa
GANN_JHORA_KAALA_WITNESS_COMPARATOR_V1,case_8_event_start,JUPITER,abda,0.000000000,0.000000000,0.000000000,0.000000000,0.000000000,0.000000000,0.000000000,pass,pass,tie,0.500000000,Jagannatha Hora 8.0 locked visible Kaala Bala table; accessibility_sha256=C4829A82A1E46862FA44C5AF94A67602B1827ADA9259B581A1CBA5626D30F236; screenshot_sha256=260E42ADF714ECF0078FFBD72B66D97A34AA950A41B08E05B4FB836568F14146,PyJHora 4.8.7 Tier B isolated export; Raman ayanamsa; wheel sha256 D8D8014573A38DDEFEDCAE57D3B8D84687CAC2AD31BB5B1DD70D945906A4D54D; event civil timezone; Tokyo reference coordinates; Dig uses _dig_bala(method=2) canonical bounded circular-distance variant because the package default method=1 can exceed 60 virupa
GANN_JHORA_KAALA_WITNESS_COMPARATOR_V1,case_8_event_start,JUPITER,ayana,58.520000000,58.102432599,58.600000000,0.417567401,-0.080000000,0.417567401,0.080000000,pass,pass,pyjhora,0.500000000,Jagannatha Hora 8.0 locked visible Kaala Bala table; accessibility_sha256=C4829A82A1E46862FA44C5AF94A67602B1827ADA9259B581A1CBA5626D30F236; screenshot_sha256=260E42ADF714ECF0078FFBD72B66D97A34AA950A41B08E05B4FB836568F14146,PyJHora 4.8.7 Tier B isolated export; Raman ayanamsa; wheel sha256 D8D8014573A38DDEFEDCAE57D3B8D84687CAC2AD31BB5B1DD70D945906A4D54D; event civil timezone; Tokyo reference coordinates; Dig uses _dig_bala(method=2) canonical bounded circular-distance variant because the package default method=1 can exceed 60 virupa
GANN_JHORA_KAALA_WITNESS_COMPARATOR_V1,case_8_event_start,JUPITER,hora,0.000000000,0.000000000,0.000000000,0.000000000,0.000000000,0.000000000,0.000000000,pass,pass,tie,0.500000000,Jagannatha Hora 8.0 locked visible Kaala Bala table; accessibility_sha256=C4829A82A1E46862FA44C5AF94A67602B1827ADA9259B581A1CBA5626D30F236; screenshot_sha256=260E42ADF714ECF0078FFBD72B66D97A34AA950A41B08E05B4FB836568F14146,PyJHora 4.8.7 Tier B isolated export; Raman ayanamsa; wheel sha256 D8D8014573A38DDEFEDCAE57D3B8D84687CAC2AD31BB5B1DD70D945906A4D54D; event civil timezone; Tokyo reference coordinates; Dig uses _dig_bala(method=2) canonical bounded circular-distance variant because the package default method=1 can exceed 60 virupa
GANN_JHORA_KAALA_WITNESS_COMPARATOR_V1,case_8_event_start,JUPITER,masa,0.000000000,0.000000000,0.000000000,0.000000000,0.000000000,0.000000000,0.000000000,pass,pass,tie,0.500000000,Jagannatha Hora 8.0 locked visible Kaala Bala table; accessibility_sha256=C4829A82A1E46862FA44C5AF94A67602B1827ADA9259B581A1CBA5626D30F236; screenshot_sha256=260E42ADF714ECF0078FFBD72B66D97A34AA950A41B08E05B4FB836568F14146,PyJHora 4.8.7 Tier B isolated export; Raman ayanamsa; wheel sha256 D8D8014573A38DDEFEDCAE57D3B8D84687CAC2AD31BB5B1DD70D945906A4D54D; event civil timezone; Tokyo reference coordinates; Dig uses _dig_bala(method=2) canonical bounded circular-distance variant because the package default method=1 can exceed 60 virupa
GANN_JHORA_KAALA_WITNESS_COMPARATOR_V1,case_8_event_start,JUPITER,nathonnatha,6.540000000,3.449900000,40.650000000,3.090100000,-34.110000000,3.090100000,34.110000000,fail,fail,local,0.500000000,Jagannatha Hora 8.0 locked visible Kaala Bala table; accessibility_sha256=C4829A82A1E46862FA44C5AF94A67602B1827ADA9259B581A1CBA5626D30F236; screenshot_sha256=260E42ADF714ECF0078FFBD72B66D97A34AA950A41B08E05B4FB836568F14146,PyJHora 4.8.7 Tier B isolated export; Raman ayanamsa; wheel sha256 D8D8014573A38DDEFEDCAE57D3B8D84687CAC2AD31BB5B1DD70D945906A4D54D; event civil timezone; Tokyo reference coordinates; Dig uses _dig_bala(method=2) canonical bounded circular-distance variant because the package default method=1 can exceed 60 virupa
GANN_JHORA_KAALA_WITNESS_COMPARATOR_V1,case_8_event_start,JUPITER,paksha,33.840000000,33.784402542,86.220000000,0.055597458,-52.380000000,0.055597458,52.380000000,pass,fail,local,0.500000000,Jagannatha Hora 8.0 locked visible Kaala Bala table; accessibility_sha256=C4829A82A1E46862FA44C5AF94A67602B1827ADA9259B581A1CBA5626D30F236; screenshot_sha256=260E42ADF714ECF0078FFBD72B66D97A34AA950A41B08E05B4FB836568F14146,PyJHora 4.8.7 Tier B isolated export; Raman ayanamsa; wheel sha256 D8D8014573A38DDEFEDCAE57D3B8D84687CAC2AD31BB5B1DD70D945906A4D54D; event civil timezone; Tokyo reference coordinates; Dig uses _dig_bala(method=2) canonical bounded circular-distance variant because the package default method=1 can exceed 60 virupa
GANN_JHORA_KAALA_WITNESS_COMPARATOR_V1,case_8_event_start,JUPITER,total,158.900000000,155.336735140,245.470000000,3.563264860,-86.570000000,3.563264860,86.570000000,fail,fail,local,0.500000000,Jagannatha Hora 8.0 locked visible Kaala Bala table; accessibility_sha256=C4829A82A1E46862FA44C5AF94A67602B1827ADA9259B581A1CBA5626D30F236; screenshot_sha256=260E42ADF714ECF0078FFBD72B66D97A34AA950A41B08E05B4FB836568F14146,PyJHora 4.8.7 Tier B isolated export; Raman ayanamsa; wheel sha256 D8D8014573A38DDEFEDCAE57D3B8D84687CAC2AD31BB5B1DD70D945906A4D54D; event civil timezone; Tokyo reference coordinates; Dig uses _dig_bala(method=2) canonical bounded circular-distance variant because the package default method=1 can exceed 60 virupa
GANN_JHORA_KAALA_WITNESS_COMPARATOR_V1,case_8_event_start,JUPITER,tribhaga,60.000000000,60.000000000,60.000000000,0.000000000,0.000000000,0.000000000,0.000000000,pass,pass,tie,0.500000000,Jagannatha Hora 8.0 locked visible Kaala Bala table; accessibility_sha256=C4829A82A1E46862FA44C5AF94A67602B1827ADA9259B581A1CBA5626D30F236; screenshot_sha256=260E42ADF714ECF0078FFBD72B66D97A34AA950A41B08E05B4FB836568F14146,PyJHora 4.8.7 Tier B isolated export; Raman ayanamsa; wheel sha256 D8D8014573A38DDEFEDCAE57D3B8D84687CAC2AD31BB5B1DD70D945906A4D54D; event civil timezone; Tokyo reference coordinates; Dig uses _dig_bala(method=2) canonical bounded circular-distance variant because the package default method=1 can exceed 60 virupa
GANN_JHORA_KAALA_WITNESS_COMPARATOR_V1,case_8_event_start,JUPITER,vara,0.000000000,0.000000000,0.000000000,0.000000000,0.000000000,0.000000000,0.000000000,pass,pass,tie,0.500000000,Jagannatha Hora 8.0 locked visible Kaala Bala table; accessibility_sha256=C4829A82A1E46862FA44C5AF94A67602B1827ADA9259B581A1CBA5626D30F236; screenshot_sha256=260E42ADF714ECF0078FFBD72B66D97A34AA950A41B08E05B4FB836568F14146,PyJHora 4.8.7 Tier B isolated export; Raman ayanamsa; wheel sha256 D8D8014573A38DDEFEDCAE57D3B8D84687CAC2AD31BB5B1DD70D945906A4D54D; event civil timezone; Tokyo reference coordinates; Dig uses _dig_bala(method=2) canonical bounded circular-distance variant because the package default method=1 can exceed 60 virupa
GANN_JHORA_KAALA_WITNESS_COMPARATOR_V1,case_8_event_start,JUPITER,yuddha,0.000000000,0.000000000,0.000000000,0.000000000,0.000000000,0.000000000,0.000000000,pass,pass,tie,0.500000000,Jagannatha Hora 8.0 locked visible Kaala Bala table; accessibility_sha256=C4829A82A1E46862FA44C5AF94A67602B1827ADA9259B581A1CBA5626D30F236; screenshot_sha256=260E42ADF714ECF0078FFBD72B66D97A34AA950A41B08E05B4FB836568F14146,PyJHora 4.8.7 Tier B isolated export; Raman ayanamsa; wheel sha256 D8D8014573A38DDEFEDCAE57D3B8D84687CAC2AD31BB5B1DD70D945906A4D54D; event civil timezone; Tokyo reference coordinates; Dig uses _dig_bala(method=2) canonical bounded circular-distance variant because the package default method=1 can exceed 60 virupa
GANN_JHORA_KAALA_WITNESS_COMPARATOR_V1,case_8_event_start,MARS,abda,0.000000000,0.000000000,0.000000000,0.000000000,0.000000000,0.000000000,0.000000000,pass,pass,tie,0.500000000,Jagannatha Hora 8.0 locked visible Kaala Bala table; accessibility_sha256=C4829A82A1E46862FA44C5AF94A67602B1827ADA9259B581A1CBA5626D30F236; screenshot_sha256=260E42ADF714ECF0078FFBD72B66D97A34AA950A41B08E05B4FB836568F14146,PyJHora 4.8.7 Tier B isolated export; Raman ayanamsa; wheel sha256 D8D8014573A38DDEFEDCAE57D3B8D84687CAC2AD31BB5B1DD70D945906A4D54D; event civil timezone; Tokyo reference coordinates; Dig uses _dig_bala(method=2) canonical bounded circular-distance variant because the package default method=1 can exceed 60 virupa
GANN_JHORA_KAALA_WITNESS_COMPARATOR_V1,case_8_event_start,MARS,ayana,58.280000000,62.713470560,58.490000000,-4.433470560,-0.210000000,4.433470560,0.210000000,fail,pass,pyjhora,0.500000000,Jagannatha Hora 8.0 locked visible Kaala Bala table; accessibility_sha256=C4829A82A1E46862FA44C5AF94A67602B1827ADA9259B581A1CBA5626D30F236; screenshot_sha256=260E42ADF714ECF0078FFBD72B66D97A34AA950A41B08E05B4FB836568F14146,PyJHora 4.8.7 Tier B isolated export; Raman ayanamsa; wheel sha256 D8D8014573A38DDEFEDCAE57D3B8D84687CAC2AD31BB5B1DD70D945906A4D54D; event civil timezone; Tokyo reference coordinates; Dig uses _dig_bala(method=2) canonical bounded circular-distance variant because the package default method=1 can exceed 60 virupa
GANN_JHORA_KAALA_WITNESS_COMPARATOR_V1,case_8_event_start,MARS,hora,0.000000000,0.000000000,60.000000000,0.000000000,-60.000000000,0.000000000,60.000000000,pass,fail,local,0.500000000,Jagannatha Hora 8.0 locked visible Kaala Bala table; accessibility_sha256=C4829A82A1E46862FA44C5AF94A67602B1827ADA9259B581A1CBA5626D30F236; screenshot_sha256=260E42ADF714ECF0078FFBD72B66D97A34AA950A41B08E05B4FB836568F14146,PyJHora 4.8.7 Tier B isolated export; Raman ayanamsa; wheel sha256 D8D8014573A38DDEFEDCAE57D3B8D84687CAC2AD31BB5B1DD70D945906A4D54D; event civil timezone; Tokyo reference coordinates; Dig uses _dig_bala(method=2) canonical bounded circular-distance variant because the package default method=1 can exceed 60 virupa
GANN_JHORA_KAALA_WITNESS_COMPARATOR_V1,case_8_event_start,MARS,masa,0.000000000,0.000000000,0.000000000,0.000000000,0.000000000,0.000000000,0.000000000,pass,pass,tie,0.500000000,Jagannatha Hora 8.0 locked visible Kaala Bala table; accessibility_sha256=C4829A82A1E46862FA44C5AF94A67602B1827ADA9259B581A1CBA5626D30F236; screenshot_sha256=260E42ADF714ECF0078FFBD72B66D97A34AA950A41B08E05B4FB836568F14146,PyJHora 4.8.7 Tier B isolated export; Raman ayanamsa; wheel sha256 D8D8014573A38DDEFEDCAE57D3B8D84687CAC2AD31BB5B1DD70D945906A4D54D; event civil timezone; Tokyo reference coordinates; Dig uses _dig_bala(method=2) canonical bounded circular-distance variant because the package default method=1 can exceed 60 virupa
GANN_JHORA_KAALA_WITNESS_COMPARATOR_V1,case_8_event_start,MARS,nathonnatha,53.460000000,56.550100000,19.350000000,-3.090100000,34.110000000,3.090100000,34.110000000,fail,fail,local,0.500000000,Jagannatha Hora 8.0 locked visible Kaala Bala table; accessibility_sha256=C4829A82A1E46862FA44C5AF94A67602B1827ADA9259B581A1CBA5626D30F236; screenshot_sha256=260E42ADF714ECF0078FFBD72B66D97A34AA950A41B08E05B4FB836568F14146,PyJHora 4.8.7 Tier B isolated export; Raman ayanamsa; wheel sha256 D8D8014573A38DDEFEDCAE57D3B8D84687CAC2AD31BB5B1DD70D945906A4D54D; event civil timezone; Tokyo reference coordinates; Dig uses _dig_bala(method=2) canonical bounded circular-distance variant because the package default method=1 can exceed 60 virupa
GANN_JHORA_KAALA_WITNESS_COMPARATOR_V1,case_8_event_start,MARS,paksha,26.160000000,26.215597458,-26.220000000,-0.055597458,52.380000000,0.055597458,52.380000000,pass,fail,local,0.500000000,Jagannatha Hora 8.0 locked visible Kaala Bala table; accessibility_sha256=C4829A82A1E46862FA44C5AF94A67602B1827ADA9259B581A1CBA5626D30F236; screenshot_sha256=260E42ADF714ECF0078FFBD72B66D97A34AA950A41B08E05B4FB836568F14146,PyJHora 4.8.7 Tier B isolated export; Raman ayanamsa; wheel sha256 D8D8014573A38DDEFEDCAE57D3B8D84687CAC2AD31BB5B1DD70D945906A4D54D; event civil timezone; Tokyo reference coordinates; Dig uses _dig_bala(method=2) canonical bounded circular-distance variant because the package default method=1 can exceed 60 virupa
GANN_JHORA_KAALA_WITNESS_COMPARATOR_V1,case_8_event_start,MARS,total,137.900000000,145.479168018,111.620000000,-7.579168018,26.280000000,7.579168018,26.280000000,fail,fail,local,0.500000000,Jagannatha Hora 8.0 locked visible Kaala Bala table; accessibility_sha256=C4829A82A1E46862FA44C5AF94A67602B1827ADA9259B581A1CBA5626D30F236; screenshot_sha256=260E42ADF714ECF0078FFBD72B66D97A34AA950A41B08E05B4FB836568F14146,PyJHora 4.8.7 Tier B isolated export; Raman ayanamsa; wheel sha256 D8D8014573A38DDEFEDCAE57D3B8D84687CAC2AD31BB5B1DD70D945906A4D54D; event civil timezone; Tokyo reference coordinates; Dig uses _dig_bala(method=2) canonical bounded circular-distance variant because the package default method=1 can exceed 60 virupa
GANN_JHORA_KAALA_WITNESS_COMPARATOR_V1,case_8_event_start,MARS,tribhaga,0.000000000,0.000000000,0.000000000,0.000000000,0.000000000,0.000000000,0.000000000,pass,pass,tie,0.500000000,Jagannatha Hora 8.0 locked visible Kaala Bala table; accessibility_sha256=C4829A82A1E46862FA44C5AF94A67602B1827ADA9259B581A1CBA5626D30F236; screenshot_sha256=260E42ADF714ECF0078FFBD72B66D97A34AA950A41B08E05B4FB836568F14146,PyJHora 4.8.7 Tier B isolated export; Raman ayanamsa; wheel sha256 D8D8014573A38DDEFEDCAE57D3B8D84687CAC2AD31BB5B1DD70D945906A4D54D; event civil timezone; Tokyo reference coordinates; Dig uses _dig_bala(method=2) canonical bounded circular-distance variant because the package default method=1 can exceed 60 virupa
GANN_JHORA_KAALA_WITNESS_COMPARATOR_V1,case_8_event_start,MARS,vara,0.000000000,0.000000000,0.000000000,0.000000000,0.000000000,0.000000000,0.000000000,pass,pass,tie,0.500000000,Jagannatha Hora 8.0 locked visible Kaala Bala table; accessibility_sha256=C4829A82A1E46862FA44C5AF94A67602B1827ADA9259B581A1CBA5626D30F236; screenshot_sha256=260E42ADF714ECF0078FFBD72B66D97A34AA950A41B08E05B4FB836568F14146,PyJHora 4.8.7 Tier B isolated export; Raman ayanamsa; wheel sha256 D8D8014573A38DDEFEDCAE57D3B8D84687CAC2AD31BB5B1DD70D945906A4D54D; event civil timezone; Tokyo reference coordinates; Dig uses _dig_bala(method=2) canonical bounded circular-distance variant because the package default method=1 can exceed 60 virupa
GANN_JHORA_KAALA_WITNESS_COMPARATOR_V1,case_8_event_start,MARS,yuddha,0.000000000,0.000000000,0.000000000,0.000000000,0.000000000,0.000000000,0.000000000,pass,pass,tie,0.500000000,Jagannatha Hora 8.0 locked visible Kaala Bala table; accessibility_sha256=C4829A82A1E46862FA44C5AF94A67602B1827ADA9259B581A1CBA5626D30F236; screenshot_sha256=260E42ADF714ECF0078FFBD72B66D97A34AA950A41B08E05B4FB836568F14146,PyJHora 4.8.7 Tier B isolated export; Raman ayanamsa; wheel sha256 D8D8014573A38DDEFEDCAE57D3B8D84687CAC2AD31BB5B1DD70D945906A4D54D; event civil timezone; Tokyo reference coordinates; Dig uses _dig_bala(method=2) canonical bounded circular-distance variant because the package default method=1 can exceed 60 virupa
GANN_JHORA_KAALA_WITNESS_COMPARATOR_V1,case_8_event_start,MERCURY,abda,0.000000000,0.000000000,0.000000000,0.000000000,0.000000000,0.000000000,0.000000000,pass,pass,tie,0.500000000,Jagannatha Hora 8.0 locked visible Kaala Bala table; accessibility_sha256=C4829A82A1E46862FA44C5AF94A67602B1827ADA9259B581A1CBA5626D30F236; screenshot_sha256=260E42ADF714ECF0078FFBD72B66D97A34AA950A41B08E05B4FB836568F14146,PyJHora 4.8.7 Tier B isolated export; Raman ayanamsa; wheel sha256 D8D8014573A38DDEFEDCAE57D3B8D84687CAC2AD31BB5B1DD70D945906A4D54D; event civil timezone; Tokyo reference coordinates; Dig uses _dig_bala(method=2) canonical bounded circular-distance variant because the package default method=1 can exceed 60 virupa
GANN_JHORA_KAALA_WITNESS_COMPARATOR_V1,case_8_event_start,MERCURY,ayana,32.840000000,34.766467639,32.730000000,-1.926467639,0.110000000,1.926467639,0.110000000,fail,pass,pyjhora,0.500000000,Jagannatha Hora 8.0 locked visible Kaala Bala table; accessibility_sha256=C4829A82A1E46862FA44C5AF94A67602B1827ADA9259B581A1CBA5626D30F236; screenshot_sha256=260E42ADF714ECF0078FFBD72B66D97A34AA950A41B08E05B4FB836568F14146,PyJHora 4.8.7 Tier B isolated export; Raman ayanamsa; wheel sha256 D8D8014573A38DDEFEDCAE57D3B8D84687CAC2AD31BB5B1DD70D945906A4D54D; event civil timezone; Tokyo reference coordinates; Dig uses _dig_bala(method=2) canonical bounded circular-distance variant because the package default method=1 can exceed 60 virupa
GANN_JHORA_KAALA_WITNESS_COMPARATOR_V1,case_8_event_start,MERCURY,hora,0.000000000,0.000000000,0.000000000,0.000000000,0.000000000,0.000000000,0.000000000,pass,pass,tie,0.500000000,Jagannatha Hora 8.0 locked visible Kaala Bala table; accessibility_sha256=C4829A82A1E46862FA44C5AF94A67602B1827ADA9259B581A1CBA5626D30F236; screenshot_sha256=260E42ADF714ECF0078FFBD72B66D97A34AA950A41B08E05B4FB836568F14146,PyJHora 4.8.7 Tier B isolated export; Raman ayanamsa; wheel sha256 D8D8014573A38DDEFEDCAE57D3B8D84687CAC2AD31BB5B1DD70D945906A4D54D; event civil timezone; Tokyo reference coordinates; Dig uses _dig_bala(method=2) canonical bounded circular-distance variant because the package default method=1 can exceed 60 virupa
GANN_JHORA_KAALA_WITNESS_COMPARATOR_V1,case_8_event_start,MERCURY,masa,30.000000000,30.000000000,30.000000000,0.000000000,0.000000000,0.000000000,0.000000000,pass,pass,tie,0.500000000,Jagannatha Hora 8.0 locked visible Kaala Bala table; accessibility_sha256=C4829A82A1E46862FA44C5AF94A67602B1827ADA9259B581A1CBA5626D30F236; screenshot_sha256=260E42ADF714ECF0078FFBD72B66D97A34AA950A41B08E05B4FB836568F14146,PyJHora 4.8.7 Tier B isolated export; Raman ayanamsa; wheel sha256 D8D8014573A38DDEFEDCAE57D3B8D84687CAC2AD31BB5B1DD70D945906A4D54D; event civil timezone; Tokyo reference coordinates; Dig uses _dig_bala(method=2) canonical bounded circular-distance variant because the package default method=1 can exceed 60 virupa
GANN_JHORA_KAALA_WITNESS_COMPARATOR_V1,case_8_event_start,MERCURY,nathonnatha,60.000000000,60.000000000,60.000000000,0.000000000,0.000000000,0.000000000,0.000000000,pass,pass,tie,0.500000000,Jagannatha Hora 8.0 locked visible Kaala Bala table; accessibility_sha256=C4829A82A1E46862FA44C5AF94A67602B1827ADA9259B581A1CBA5626D30F236; screenshot_sha256=260E42ADF714ECF0078FFBD72B66D97A34AA950A41B08E05B4FB836568F14146,PyJHora 4.8.7 Tier B isolated export; Raman ayanamsa; wheel sha256 D8D8014573A38DDEFEDCAE57D3B8D84687CAC2AD31BB5B1DD70D945906A4D54D; event civil timezone; Tokyo reference coordinates; Dig uses _dig_bala(method=2) canonical bounded circular-distance variant because the package default method=1 can exceed 60 virupa
GANN_JHORA_KAALA_WITNESS_COMPARATOR_V1,case_8_event_start,MERCURY,paksha,26.160000000,26.215597458,86.220000000,-0.055597458,-60.060000000,0.055597458,60.060000000,pass,fail,local,0.500000000,Jagannatha Hora 8.0 locked visible Kaala Bala table; accessibility_sha256=C4829A82A1E46862FA44C5AF94A67602B1827ADA9259B581A1CBA5626D30F236; screenshot_sha256=260E42ADF714ECF0078FFBD72B66D97A34AA950A41B08E05B4FB836568F14146,PyJHora 4.8.7 Tier B isolated export; Raman ayanamsa; wheel sha256 D8D8014573A38DDEFEDCAE57D3B8D84687CAC2AD31BB5B1DD70D945906A4D54D; event civil timezone; Tokyo reference coordinates; Dig uses _dig_bala(method=2) canonical bounded circular-distance variant because the package default method=1 can exceed 60 virupa
GANN_JHORA_KAALA_WITNESS_COMPARATOR_V1,case_8_event_start,MERCURY,total,148.990000000,150.982065097,208.950000000,-1.992065097,-59.960000000,1.992065097,59.960000000,fail,fail,local,0.500000000,Jagannatha Hora 8.0 locked visible Kaala Bala table; accessibility_sha256=C4829A82A1E46862FA44C5AF94A67602B1827ADA9259B581A1CBA5626D30F236; screenshot_sha256=260E42ADF714ECF0078FFBD72B66D97A34AA950A41B08E05B4FB836568F14146,PyJHora 4.8.7 Tier B isolated export; Raman ayanamsa; wheel sha256 D8D8014573A38DDEFEDCAE57D3B8D84687CAC2AD31BB5B1DD70D945906A4D54D; event civil timezone; Tokyo reference coordinates; Dig uses _dig_bala(method=2) canonical bounded circular-distance variant because the package default method=1 can exceed 60 virupa
GANN_JHORA_KAALA_WITNESS_COMPARATOR_V1,case_8_event_start,MERCURY,tribhaga,0.000000000,0.000000000,0.000000000,0.000000000,0.000000000,0.000000000,0.000000000,pass,pass,tie,0.500000000,Jagannatha Hora 8.0 locked visible Kaala Bala table; accessibility_sha256=C4829A82A1E46862FA44C5AF94A67602B1827ADA9259B581A1CBA5626D30F236; screenshot_sha256=260E42ADF714ECF0078FFBD72B66D97A34AA950A41B08E05B4FB836568F14146,PyJHora 4.8.7 Tier B isolated export; Raman ayanamsa; wheel sha256 D8D8014573A38DDEFEDCAE57D3B8D84687CAC2AD31BB5B1DD70D945906A4D54D; event civil timezone; Tokyo reference coordinates; Dig uses _dig_bala(method=2) canonical bounded circular-distance variant because the package default method=1 can exceed 60 virupa
GANN_JHORA_KAALA_WITNESS_COMPARATOR_V1,case_8_event_start,MERCURY,vara,0.000000000,0.000000000,0.000000000,0.000000000,0.000000000,0.000000000,0.000000000,pass,pass,tie,0.500000000,Jagannatha Hora 8.0 locked visible Kaala Bala table; accessibility_sha256=C4829A82A1E46862FA44C5AF94A67602B1827ADA9259B581A1CBA5626D30F236; screenshot_sha256=260E42ADF714ECF0078FFBD72B66D97A34AA950A41B08E05B4FB836568F14146,PyJHora 4.8.7 Tier B isolated export; Raman ayanamsa; wheel sha256 D8D8014573A38DDEFEDCAE57D3B8D84687CAC2AD31BB5B1DD70D945906A4D54D; event civil timezone; Tokyo reference coordinates; Dig uses _dig_bala(method=2) canonical bounded circular-distance variant because the package default method=1 can exceed 60 virupa
GANN_JHORA_KAALA_WITNESS_COMPARATOR_V1,case_8_event_start,MERCURY,yuddha,0.000000000,0.000000000,0.000000000,0.000000000,0.000000000,0.000000000,0.000000000,pass,pass,tie,0.500000000,Jagannatha Hora 8.0 locked visible Kaala Bala table; accessibility_sha256=C4829A82A1E46862FA44C5AF94A67602B1827ADA9259B581A1CBA5626D30F236; screenshot_sha256=260E42ADF714ECF0078FFBD72B66D97A34AA950A41B08E05B4FB836568F14146,PyJHora 4.8.7 Tier B isolated export; Raman ayanamsa; wheel sha256 D8D8014573A38DDEFEDCAE57D3B8D84687CAC2AD31BB5B1DD70D945906A4D54D; event civil timezone; Tokyo reference coordinates; Dig uses _dig_bala(method=2) canonical bounded circular-distance variant because the package default method=1 can exceed 60 virupa
GANN_JHORA_KAALA_WITNESS_COMPARATOR_V1,case_8_event_start,MOON,abda,15.000000000,15.000000000,15.000000000,0.000000000,0.000000000,0.000000000,0.000000000,pass,pass,tie,0.500000000,Jagannatha Hora 8.0 locked visible Kaala Bala table; accessibility_sha256=C4829A82A1E46862FA44C5AF94A67602B1827ADA9259B581A1CBA5626D30F236; screenshot_sha256=260E42ADF714ECF0078FFBD72B66D97A34AA950A41B08E05B4FB836568F14146,PyJHora 4.8.7 Tier B isolated export; Raman ayanamsa; wheel sha256 D8D8014573A38DDEFEDCAE57D3B8D84687CAC2AD31BB5B1DD70D945906A4D54D; event civil timezone; Tokyo reference coordinates; Dig uses _dig_bala(method=2) canonical bounded circular-distance variant because the package default method=1 can exceed 60 virupa
GANN_JHORA_KAALA_WITNESS_COMPARATOR_V1,case_8_event_start,MOON,ayana,0.070000000,0.000000000,0.020000000,0.070000000,0.050000000,0.070000000,0.050000000,pass,pass,pyjhora,0.500000000,Jagannatha Hora 8.0 locked visible Kaala Bala table; accessibility_sha256=C4829A82A1E46862FA44C5AF94A67602B1827ADA9259B581A1CBA5626D30F236; screenshot_sha256=260E42ADF714ECF0078FFBD72B66D97A34AA950A41B08E05B4FB836568F14146,PyJHora 4.8.7 Tier B isolated export; Raman ayanamsa; wheel sha256 D8D8014573A38DDEFEDCAE57D3B8D84687CAC2AD31BB5B1DD70D945906A4D54D; event civil timezone; Tokyo reference coordinates; Dig uses _dig_bala(method=2) canonical bounded circular-distance variant because the package default method=1 can exceed 60 virupa
GANN_JHORA_KAALA_WITNESS_COMPARATOR_V1,case_8_event_start,MOON,hora,0.000000000,60.000000000,0.000000000,-60.000000000,0.000000000,60.000000000,0.000000000,fail,pass,pyjhora,0.500000000,Jagannatha Hora 8.0 locked visible Kaala Bala table; accessibility_sha256=C4829A82A1E46862FA44C5AF94A67602B1827ADA9259B581A1CBA5626D30F236; screenshot_sha256=260E42ADF714ECF0078FFBD72B66D97A34AA950A41B08E05B4FB836568F14146,PyJHora 4.8.7 Tier B isolated export; Raman ayanamsa; wheel sha256 D8D8014573A38DDEFEDCAE57D3B8D84687CAC2AD31BB5B1DD70D945906A4D54D; event civil timezone; Tokyo reference coordinates; Dig uses _dig_bala(method=2) canonical bounded circular-distance variant because the package default method=1 can exceed 60 virupa
GANN_JHORA_KAALA_WITNESS_COMPARATOR_V1,case_8_event_start,MOON,masa,0.000000000,0.000000000,0.000000000,0.000000000,0.000000000,0.000000000,0.000000000,pass,pass,tie,0.500000000,Jagannatha Hora 8.0 locked visible Kaala Bala table; accessibility_sha256=C4829A82A1E46862FA44C5AF94A67602B1827ADA9259B581A1CBA5626D30F236; screenshot_sha256=260E42ADF714ECF0078FFBD72B66D97A34AA950A41B08E05B4FB836568F14146,PyJHora 4.8.7 Tier B isolated export; Raman ayanamsa; wheel sha256 D8D8014573A38DDEFEDCAE57D3B8D84687CAC2AD31BB5B1DD70D945906A4D54D; event civil timezone; Tokyo reference coordinates; Dig uses _dig_bala(method=2) canonical bounded circular-distance variant because the package default method=1 can exceed 60 virupa
GANN_JHORA_KAALA_WITNESS_COMPARATOR_V1,case_8_event_start,MOON,nathonnatha,53.460000000,56.550100000,19.350000000,-3.090100000,34.110000000,3.090100000,34.110000000,fail,fail,local,0.500000000,Jagannatha Hora 8.0 locked visible Kaala Bala table; accessibility_sha256=C4829A82A1E46862FA44C5AF94A67602B1827ADA9259B581A1CBA5626D30F236; screenshot_sha256=260E42ADF714ECF0078FFBD72B66D97A34AA950A41B08E05B4FB836568F14146,PyJHora 4.8.7 Tier B isolated export; Raman ayanamsa; wheel sha256 D8D8014573A38DDEFEDCAE57D3B8D84687CAC2AD31BB5B1DD70D945906A4D54D; event civil timezone; Tokyo reference coordinates; Dig uses _dig_bala(method=2) canonical bounded circular-distance variant because the package default method=1 can exceed 60 virupa
GANN_JHORA_KAALA_WITNESS_COMPARATOR_V1,case_8_event_start,MOON,paksha,67.690000000,67.568805083,172.440000000,0.121194917,-104.750000000,0.121194917,104.750000000,pass,fail,local,0.500000000,Jagannatha Hora 8.0 locked visible Kaala Bala table; accessibility_sha256=C4829A82A1E46862FA44C5AF94A67602B1827ADA9259B581A1CBA5626D30F236; screenshot_sha256=260E42ADF714ECF0078FFBD72B66D97A34AA950A41B08E05B4FB836568F14146,PyJHora 4.8.7 Tier B isolated export; Raman ayanamsa; wheel sha256 D8D8014573A38DDEFEDCAE57D3B8D84687CAC2AD31BB5B1DD70D945906A4D54D; event civil timezone; Tokyo reference coordinates; Dig uses _dig_bala(method=2) canonical bounded circular-distance variant because the package default method=1 can exceed 60 virupa
GANN_JHORA_KAALA_WITNESS_COMPARATOR_V1,case_8_event_start,MOON,total,136.210000000,199.118905083,206.810000000,-62.908905083,-70.600000000,62.908905083,70.600000000,fail,fail,local,0.500000000,Jagannatha Hora 8.0 locked visible Kaala Bala table; accessibility_sha256=C4829A82A1E46862FA44C5AF94A67602B1827ADA9259B581A1CBA5626D30F236; screenshot_sha256=260E42ADF714ECF0078FFBD72B66D97A34AA950A41B08E05B4FB836568F14146,PyJHora 4.8.7 Tier B isolated export; Raman ayanamsa; wheel sha256 D8D8014573A38DDEFEDCAE57D3B8D84687CAC2AD31BB5B1DD70D945906A4D54D; event civil timezone; Tokyo reference coordinates; Dig uses _dig_bala(method=2) canonical bounded circular-distance variant because the package default method=1 can exceed 60 virupa
GANN_JHORA_KAALA_WITNESS_COMPARATOR_V1,case_8_event_start,MOON,tribhaga,0.000000000,0.000000000,0.000000000,0.000000000,0.000000000,0.000000000,0.000000000,pass,pass,tie,0.500000000,Jagannatha Hora 8.0 locked visible Kaala Bala table; accessibility_sha256=C4829A82A1E46862FA44C5AF94A67602B1827ADA9259B581A1CBA5626D30F236; screenshot_sha256=260E42ADF714ECF0078FFBD72B66D97A34AA950A41B08E05B4FB836568F14146,PyJHora 4.8.7 Tier B isolated export; Raman ayanamsa; wheel sha256 D8D8014573A38DDEFEDCAE57D3B8D84687CAC2AD31BB5B1DD70D945906A4D54D; event civil timezone; Tokyo reference coordinates; Dig uses _dig_bala(method=2) canonical bounded circular-distance variant because the package default method=1 can exceed 60 virupa
GANN_JHORA_KAALA_WITNESS_COMPARATOR_V1,case_8_event_start,MOON,vara,0.000000000,0.000000000,0.000000000,0.000000000,0.000000000,0.000000000,0.000000000,pass,pass,tie,0.500000000,Jagannatha Hora 8.0 locked visible Kaala Bala table; accessibility_sha256=C4829A82A1E46862FA44C5AF94A67602B1827ADA9259B581A1CBA5626D30F236; screenshot_sha256=260E42ADF714ECF0078FFBD72B66D97A34AA950A41B08E05B4FB836568F14146,PyJHora 4.8.7 Tier B isolated export; Raman ayanamsa; wheel sha256 D8D8014573A38DDEFEDCAE57D3B8D84687CAC2AD31BB5B1DD70D945906A4D54D; event civil timezone; Tokyo reference coordinates; Dig uses _dig_bala(method=2) canonical bounded circular-distance variant because the package default method=1 can exceed 60 virupa
GANN_JHORA_KAALA_WITNESS_COMPARATOR_V1,case_8_event_start,MOON,yuddha,0.000000000,0.000000000,0.000000000,0.000000000,0.000000000,0.000000000,0.000000000,pass,pass,tie,0.500000000,Jagannatha Hora 8.0 locked visible Kaala Bala table; accessibility_sha256=C4829A82A1E46862FA44C5AF94A67602B1827ADA9259B581A1CBA5626D30F236; screenshot_sha256=260E42ADF714ECF0078FFBD72B66D97A34AA950A41B08E05B4FB836568F14146,PyJHora 4.8.7 Tier B isolated export; Raman ayanamsa; wheel sha256 D8D8014573A38DDEFEDCAE57D3B8D84687CAC2AD31BB5B1DD70D945906A4D54D; event civil timezone; Tokyo reference coordinates; Dig uses _dig_bala(method=2) canonical bounded circular-distance variant because the package default method=1 can exceed 60 virupa
GANN_JHORA_KAALA_WITNESS_COMPARATOR_V1,case_8_event_start,SATURN,abda,0.000000000,0.000000000,0.000000000,0.000000000,0.000000000,0.000000000,0.000000000,pass,pass,tie,0.500000000,Jagannatha Hora 8.0 locked visible Kaala Bala table; accessibility_sha256=C4829A82A1E46862FA44C5AF94A67602B1827ADA9259B581A1CBA5626D30F236; screenshot_sha256=260E42ADF714ECF0078FFBD72B66D97A34AA950A41B08E05B4FB836568F14146,PyJHora 4.8.7 Tier B isolated export; Raman ayanamsa; wheel sha256 D8D8014573A38DDEFEDCAE57D3B8D84687CAC2AD31BB5B1DD70D945906A4D54D; event civil timezone; Tokyo reference coordinates; Dig uses _dig_bala(method=2) canonical bounded circular-distance variant because the package default method=1 can exceed 60 virupa
GANN_JHORA_KAALA_WITNESS_COMPARATOR_V1,case_8_event_start,SATURN,ayana,34.150000000,36.561622450,34.290000000,-2.411622450,-0.140000000,2.411622450,0.140000000,fail,pass,pyjhora,0.500000000,Jagannatha Hora 8.0 locked visible Kaala Bala table; accessibility_sha256=C4829A82A1E46862FA44C5AF94A67602B1827ADA9259B581A1CBA5626D30F236; screenshot_sha256=260E42ADF714ECF0078FFBD72B66D97A34AA950A41B08E05B4FB836568F14146,PyJHora 4.8.7 Tier B isolated export; Raman ayanamsa; wheel sha256 D8D8014573A38DDEFEDCAE57D3B8D84687CAC2AD31BB5B1DD70D945906A4D54D; event civil timezone; Tokyo reference coordinates; Dig uses _dig_bala(method=2) canonical bounded circular-distance variant because the package default method=1 can exceed 60 virupa
GANN_JHORA_KAALA_WITNESS_COMPARATOR_V1,case_8_event_start,SATURN,hora,60.000000000,0.000000000,0.000000000,60.000000000,60.000000000,60.000000000,60.000000000,fail,fail,tie,0.500000000,Jagannatha Hora 8.0 locked visible Kaala Bala table; accessibility_sha256=C4829A82A1E46862FA44C5AF94A67602B1827ADA9259B581A1CBA5626D30F236; screenshot_sha256=260E42ADF714ECF0078FFBD72B66D97A34AA950A41B08E05B4FB836568F14146,PyJHora 4.8.7 Tier B isolated export; Raman ayanamsa; wheel sha256 D8D8014573A38DDEFEDCAE57D3B8D84687CAC2AD31BB5B1DD70D945906A4D54D; event civil timezone; Tokyo reference coordinates; Dig uses _dig_bala(method=2) canonical bounded circular-distance variant because the package default method=1 can exceed 60 virupa
GANN_JHORA_KAALA_WITNESS_COMPARATOR_V1,case_8_event_start,SATURN,masa,0.000000000,0.000000000,0.000000000,0.000000000,0.000000000,0.000000000,0.000000000,pass,pass,tie,0.500000000,Jagannatha Hora 8.0 locked visible Kaala Bala table; accessibility_sha256=C4829A82A1E46862FA44C5AF94A67602B1827ADA9259B581A1CBA5626D30F236; screenshot_sha256=260E42ADF714ECF0078FFBD72B66D97A34AA950A41B08E05B4FB836568F14146,PyJHora 4.8.7 Tier B isolated export; Raman ayanamsa; wheel sha256 D8D8014573A38DDEFEDCAE57D3B8D84687CAC2AD31BB5B1DD70D945906A4D54D; event civil timezone; Tokyo reference coordinates; Dig uses _dig_bala(method=2) canonical bounded circular-distance variant because the package default method=1 can exceed 60 virupa
GANN_JHORA_KAALA_WITNESS_COMPARATOR_V1,case_8_event_start,SATURN,nathonnatha,53.460000000,56.550100000,19.350000000,-3.090100000,34.110000000,3.090100000,34.110000000,fail,fail,local,0.500000000,Jagannatha Hora 8.0 locked visible Kaala Bala table; accessibility_sha256=C4829A82A1E46862FA44C5AF94A67602B1827ADA9259B581A1CBA5626D30F236; screenshot_sha256=260E42ADF714ECF0078FFBD72B66D97A34AA950A41B08E05B4FB836568F14146,PyJHora 4.8.7 Tier B isolated export; Raman ayanamsa; wheel sha256 D8D8014573A38DDEFEDCAE57D3B8D84687CAC2AD31BB5B1DD70D945906A4D54D; event civil timezone; Tokyo reference coordinates; Dig uses _dig_bala(method=2) canonical bounded circular-distance variant because the package default method=1 can exceed 60 virupa
GANN_JHORA_KAALA_WITNESS_COMPARATOR_V1,case_8_event_start,SATURN,paksha,26.160000000,26.215597458,-26.220000000,-0.055597458,52.380000000,0.055597458,52.380000000,pass,fail,local,0.500000000,Jagannatha Hora 8.0 locked visible Kaala Bala table; accessibility_sha256=C4829A82A1E46862FA44C5AF94A67602B1827ADA9259B581A1CBA5626D30F236; screenshot_sha256=260E42ADF714ECF0078FFBD72B66D97A34AA950A41B08E05B4FB836568F14146,PyJHora 4.8.7 Tier B isolated export; Raman ayanamsa; wheel sha256 D8D8014573A38DDEFEDCAE57D3B8D84687CAC2AD31BB5B1DD70D945906A4D54D; event civil timezone; Tokyo reference coordinates; Dig uses _dig_bala(method=2) canonical bounded circular-distance variant because the package default method=1 can exceed 60 virupa
GANN_JHORA_KAALA_WITNESS_COMPARATOR_V1,case_8_event_start,SATURN,total,173.770000000,119.327319908,27.420000000,54.442680092,146.350000000,54.442680092,146.350000000,fail,fail,local,0.500000000,Jagannatha Hora 8.0 locked visible Kaala Bala table; accessibility_sha256=C4829A82A1E46862FA44C5AF94A67602B1827ADA9259B581A1CBA5626D30F236; screenshot_sha256=260E42ADF714ECF0078FFBD72B66D97A34AA950A41B08E05B4FB836568F14146,PyJHora 4.8.7 Tier B isolated export; Raman ayanamsa; wheel sha256 D8D8014573A38DDEFEDCAE57D3B8D84687CAC2AD31BB5B1DD70D945906A4D54D; event civil timezone; Tokyo reference coordinates; Dig uses _dig_bala(method=2) canonical bounded circular-distance variant because the package default method=1 can exceed 60 virupa
GANN_JHORA_KAALA_WITNESS_COMPARATOR_V1,case_8_event_start,SATURN,tribhaga,0.000000000,0.000000000,0.000000000,0.000000000,0.000000000,0.000000000,0.000000000,pass,pass,tie,0.500000000,Jagannatha Hora 8.0 locked visible Kaala Bala table; accessibility_sha256=C4829A82A1E46862FA44C5AF94A67602B1827ADA9259B581A1CBA5626D30F236; screenshot_sha256=260E42ADF714ECF0078FFBD72B66D97A34AA950A41B08E05B4FB836568F14146,PyJHora 4.8.7 Tier B isolated export; Raman ayanamsa; wheel sha256 D8D8014573A38DDEFEDCAE57D3B8D84687CAC2AD31BB5B1DD70D945906A4D54D; event civil timezone; Tokyo reference coordinates; Dig uses _dig_bala(method=2) canonical bounded circular-distance variant because the package default method=1 can exceed 60 virupa
GANN_JHORA_KAALA_WITNESS_COMPARATOR_V1,case_8_event_start,SATURN,vara,0.000000000,0.000000000,0.000000000,0.000000000,0.000000000,0.000000000,0.000000000,pass,pass,tie,0.500000000,Jagannatha Hora 8.0 locked visible Kaala Bala table; accessibility_sha256=C4829A82A1E46862FA44C5AF94A67602B1827ADA9259B581A1CBA5626D30F236; screenshot_sha256=260E42ADF714ECF0078FFBD72B66D97A34AA950A41B08E05B4FB836568F14146,PyJHora 4.8.7 Tier B isolated export; Raman ayanamsa; wheel sha256 D8D8014573A38DDEFEDCAE57D3B8D84687CAC2AD31BB5B1DD70D945906A4D54D; event civil timezone; Tokyo reference coordinates; Dig uses _dig_bala(method=2) canonical bounded circular-distance variant because the package default method=1 can exceed 60 virupa
GANN_JHORA_KAALA_WITNESS_COMPARATOR_V1,case_8_event_start,SATURN,yuddha,0.000000000,0.000000000,0.000000000,0.000000000,0.000000000,0.000000000,0.000000000,pass,pass,tie,0.500000000,Jagannatha Hora 8.0 locked visible Kaala Bala table; accessibility_sha256=C4829A82A1E46862FA44C5AF94A67602B1827ADA9259B581A1CBA5626D30F236; screenshot_sha256=260E42ADF714ECF0078FFBD72B66D97A34AA950A41B08E05B4FB836568F14146,PyJHora 4.8.7 Tier B isolated export; Raman ayanamsa; wheel sha256 D8D8014573A38DDEFEDCAE57D3B8D84687CAC2AD31BB5B1DD70D945906A4D54D; event civil timezone; Tokyo reference coordinates; Dig uses _dig_bala(method=2) canonical bounded circular-distance variant because the package default method=1 can exceed 60 virupa
GANN_JHORA_KAALA_WITNESS_COMPARATOR_V1,case_8_event_start,SUN,abda,0.000000000,0.000000000,0.000000000,0.000000000,0.000000000,0.000000000,0.000000000,pass,pass,tie,0.500000000,Jagannatha Hora 8.0 locked visible Kaala Bala table; accessibility_sha256=C4829A82A1E46862FA44C5AF94A67602B1827ADA9259B581A1CBA5626D30F236; screenshot_sha256=260E42ADF714ECF0078FFBD72B66D97A34AA950A41B08E05B4FB836568F14146,PyJHora 4.8.7 Tier B isolated export; Raman ayanamsa; wheel sha256 D8D8014573A38DDEFEDCAE57D3B8D84687CAC2AD31BB5B1DD70D945906A4D54D; event civil timezone; Tokyo reference coordinates; Dig uses _dig_bala(method=2) canonical bounded circular-distance variant because the package default method=1 can exceed 60 virupa
GANN_JHORA_KAALA_WITNESS_COMPARATOR_V1,case_8_event_start,SUN,ayana,47.430000000,47.111970695,47.140000000,0.318029305,0.290000000,0.318029305,0.290000000,pass,pass,pyjhora,0.500000000,Jagannatha Hora 8.0 locked visible Kaala Bala table; accessibility_sha256=C4829A82A1E46862FA44C5AF94A67602B1827ADA9259B581A1CBA5626D30F236; screenshot_sha256=260E42ADF714ECF0078FFBD72B66D97A34AA950A41B08E05B4FB836568F14146,PyJHora 4.8.7 Tier B isolated export; Raman ayanamsa; wheel sha256 D8D8014573A38DDEFEDCAE57D3B8D84687CAC2AD31BB5B1DD70D945906A4D54D; event civil timezone; Tokyo reference coordinates; Dig uses _dig_bala(method=2) canonical bounded circular-distance variant because the package default method=1 can exceed 60 virupa
GANN_JHORA_KAALA_WITNESS_COMPARATOR_V1,case_8_event_start,SUN,hora,0.000000000,0.000000000,0.000000000,0.000000000,0.000000000,0.000000000,0.000000000,pass,pass,tie,0.500000000,Jagannatha Hora 8.0 locked visible Kaala Bala table; accessibility_sha256=C4829A82A1E46862FA44C5AF94A67602B1827ADA9259B581A1CBA5626D30F236; screenshot_sha256=260E42ADF714ECF0078FFBD72B66D97A34AA950A41B08E05B4FB836568F14146,PyJHora 4.8.7 Tier B isolated export; Raman ayanamsa; wheel sha256 D8D8014573A38DDEFEDCAE57D3B8D84687CAC2AD31BB5B1DD70D945906A4D54D; event civil timezone; Tokyo reference coordinates; Dig uses _dig_bala(method=2) canonical bounded circular-distance variant because the package default method=1 can exceed 60 virupa
GANN_JHORA_KAALA_WITNESS_COMPARATOR_V1,case_8_event_start,SUN,masa,0.000000000,0.000000000,0.000000000,0.000000000,0.000000000,0.000000000,0.000000000,pass,pass,tie,0.500000000,Jagannatha Hora 8.0 locked visible Kaala Bala table; accessibility_sha256=C4829A82A1E46862FA44C5AF94A67602B1827ADA9259B581A1CBA5626D30F236; screenshot_sha256=260E42ADF714ECF0078FFBD72B66D97A34AA950A41B08E05B4FB836568F14146,PyJHora 4.8.7 Tier B isolated export; Raman ayanamsa; wheel sha256 D8D8014573A38DDEFEDCAE57D3B8D84687CAC2AD31BB5B1DD70D945906A4D54D; event civil timezone; Tokyo reference coordinates; Dig uses _dig_bala(method=2) canonical bounded circular-distance variant because the package default method=1 can exceed 60 virupa
GANN_JHORA_KAALA_WITNESS_COMPARATOR_V1,case_8_event_start,SUN,nathonnatha,6.540000000,3.449900000,40.650000000,3.090100000,-34.110000000,3.090100000,34.110000000,fail,fail,local,0.500000000,Jagannatha Hora 8.0 locked visible Kaala Bala table; accessibility_sha256=C4829A82A1E46862FA44C5AF94A67602B1827ADA9259B581A1CBA5626D30F236; screenshot_sha256=260E42ADF714ECF0078FFBD72B66D97A34AA950A41B08E05B4FB836568F14146,PyJHora 4.8.7 Tier B isolated export; Raman ayanamsa; wheel sha256 D8D8014573A38DDEFEDCAE57D3B8D84687CAC2AD31BB5B1DD70D945906A4D54D; event civil timezone; Tokyo reference coordinates; Dig uses _dig_bala(method=2) canonical bounded circular-distance variant because the package default method=1 can exceed 60 virupa
GANN_JHORA_KAALA_WITNESS_COMPARATOR_V1,case_8_event_start,SUN,paksha,26.160000000,26.215597458,-26.220000000,-0.055597458,52.380000000,0.055597458,52.380000000,pass,fail,local,0.500000000,Jagannatha Hora 8.0 locked visible Kaala Bala table; accessibility_sha256=C4829A82A1E46862FA44C5AF94A67602B1827ADA9259B581A1CBA5626D30F236; screenshot_sha256=260E42ADF714ECF0078FFBD72B66D97A34AA950A41B08E05B4FB836568F14146,PyJHora 4.8.7 Tier B isolated export; Raman ayanamsa; wheel sha256 D8D8014573A38DDEFEDCAE57D3B8D84687CAC2AD31BB5B1DD70D945906A4D54D; event civil timezone; Tokyo reference coordinates; Dig uses _dig_bala(method=2) canonical bounded circular-distance variant because the package default method=1 can exceed 60 virupa
GANN_JHORA_KAALA_WITNESS_COMPARATOR_V1,case_8_event_start,SUN,total,80.130000000,76.777468154,61.570000000,3.352531846,18.560000000,3.352531846,18.560000000,fail,fail,local,0.500000000,Jagannatha Hora 8.0 locked visible Kaala Bala table; accessibility_sha256=C4829A82A1E46862FA44C5AF94A67602B1827ADA9259B581A1CBA5626D30F236; screenshot_sha256=260E42ADF714ECF0078FFBD72B66D97A34AA950A41B08E05B4FB836568F14146,PyJHora 4.8.7 Tier B isolated export; Raman ayanamsa; wheel sha256 D8D8014573A38DDEFEDCAE57D3B8D84687CAC2AD31BB5B1DD70D945906A4D54D; event civil timezone; Tokyo reference coordinates; Dig uses _dig_bala(method=2) canonical bounded circular-distance variant because the package default method=1 can exceed 60 virupa
GANN_JHORA_KAALA_WITNESS_COMPARATOR_V1,case_8_event_start,SUN,tribhaga,0.000000000,0.000000000,0.000000000,0.000000000,0.000000000,0.000000000,0.000000000,pass,pass,tie,0.500000000,Jagannatha Hora 8.0 locked visible Kaala Bala table; accessibility_sha256=C4829A82A1E46862FA44C5AF94A67602B1827ADA9259B581A1CBA5626D30F236; screenshot_sha256=260E42ADF714ECF0078FFBD72B66D97A34AA950A41B08E05B4FB836568F14146,PyJHora 4.8.7 Tier B isolated export; Raman ayanamsa; wheel sha256 D8D8014573A38DDEFEDCAE57D3B8D84687CAC2AD31BB5B1DD70D945906A4D54D; event civil timezone; Tokyo reference coordinates; Dig uses _dig_bala(method=2) canonical bounded circular-distance variant because the package default method=1 can exceed 60 virupa
GANN_JHORA_KAALA_WITNESS_COMPARATOR_V1,case_8_event_start,SUN,vara,0.000000000,0.000000000,0.000000000,0.000000000,0.000000000,0.000000000,0.000000000,pass,pass,tie,0.500000000,Jagannatha Hora 8.0 locked visible Kaala Bala table; accessibility_sha256=C4829A82A1E46862FA44C5AF94A67602B1827ADA9259B581A1CBA5626D30F236; screenshot_sha256=260E42ADF714ECF0078FFBD72B66D97A34AA950A41B08E05B4FB836568F14146,PyJHora 4.8.7 Tier B isolated export; Raman ayanamsa; wheel sha256 D8D8014573A38DDEFEDCAE57D3B8D84687CAC2AD31BB5B1DD70D945906A4D54D; event civil timezone; Tokyo reference coordinates; Dig uses _dig_bala(method=2) canonical bounded circular-distance variant because the package default method=1 can exceed 60 virupa
GANN_JHORA_KAALA_WITNESS_COMPARATOR_V1,case_8_event_start,SUN,yuddha,0.000000000,0.000000000,0.000000000,0.000000000,0.000000000,0.000000000,0.000000000,pass,pass,tie,0.500000000,Jagannatha Hora 8.0 locked visible Kaala Bala table; accessibility_sha256=C4829A82A1E46862FA44C5AF94A67602B1827ADA9259B581A1CBA5626D30F236; screenshot_sha256=260E42ADF714ECF0078FFBD72B66D97A34AA950A41B08E05B4FB836568F14146,PyJHora 4.8.7 Tier B isolated export; Raman ayanamsa; wheel sha256 D8D8014573A38DDEFEDCAE57D3B8D84687CAC2AD31BB5B1DD70D945906A4D54D; event civil timezone; Tokyo reference coordinates; Dig uses _dig_bala(method=2) canonical bounded circular-distance variant because the package default method=1 can exceed 60 virupa
GANN_JHORA_KAALA_WITNESS_COMPARATOR_V1,case_8_event_start,VENUS,abda,0.000000000,0.000000000,0.000000000,0.000000000,0.000000000,0.000000000,0.000000000,pass,pass,tie,0.500000000,Jagannatha Hora 8.0 locked visible Kaala Bala table; accessibility_sha256=C4829A82A1E46862FA44C5AF94A67602B1827ADA9259B581A1CBA5626D30F236; screenshot_sha256=260E42ADF714ECF0078FFBD72B66D97A34AA950A41B08E05B4FB836568F14146,PyJHora 4.8.7 Tier B isolated export; Raman ayanamsa; wheel sha256 D8D8014573A38DDEFEDCAE57D3B8D84687CAC2AD31BB5B1DD70D945906A4D54D; event civil timezone; Tokyo reference coordinates; Dig uses _dig_bala(method=2) canonical bounded circular-distance variant because the package default method=1 can exceed 60 virupa
GANN_JHORA_KAALA_WITNESS_COMPARATOR_V1,case_8_event_start,VENUS,ayana,35.240000000,44.250454001,24.850000000,-9.010454001,10.390000000,9.010454001,10.390000000,fail,fail,local,0.500000000,Jagannatha Hora 8.0 locked visible Kaala Bala table; accessibility_sha256=C4829A82A1E46862FA44C5AF94A67602B1827ADA9259B581A1CBA5626D30F236; screenshot_sha256=260E42ADF714ECF0078FFBD72B66D97A34AA950A41B08E05B4FB836568F14146,PyJHora 4.8.7 Tier B isolated export; Raman ayanamsa; wheel sha256 D8D8014573A38DDEFEDCAE57D3B8D84687CAC2AD31BB5B1DD70D945906A4D54D; event civil timezone; Tokyo reference coordinates; Dig uses _dig_bala(method=2) canonical bounded circular-distance variant because the package default method=1 can exceed 60 virupa
GANN_JHORA_KAALA_WITNESS_COMPARATOR_V1,case_8_event_start,VENUS,hora,0.000000000,0.000000000,0.000000000,0.000000000,0.000000000,0.000000000,0.000000000,pass,pass,tie,0.500000000,Jagannatha Hora 8.0 locked visible Kaala Bala table; accessibility_sha256=C4829A82A1E46862FA44C5AF94A67602B1827ADA9259B581A1CBA5626D30F236; screenshot_sha256=260E42ADF714ECF0078FFBD72B66D97A34AA950A41B08E05B4FB836568F14146,PyJHora 4.8.7 Tier B isolated export; Raman ayanamsa; wheel sha256 D8D8014573A38DDEFEDCAE57D3B8D84687CAC2AD31BB5B1DD70D945906A4D54D; event civil timezone; Tokyo reference coordinates; Dig uses _dig_bala(method=2) canonical bounded circular-distance variant because the package default method=1 can exceed 60 virupa
GANN_JHORA_KAALA_WITNESS_COMPARATOR_V1,case_8_event_start,VENUS,masa,0.000000000,0.000000000,0.000000000,0.000000000,0.000000000,0.000000000,0.000000000,pass,pass,tie,0.500000000,Jagannatha Hora 8.0 locked visible Kaala Bala table; accessibility_sha256=C4829A82A1E46862FA44C5AF94A67602B1827ADA9259B581A1CBA5626D30F236; screenshot_sha256=260E42ADF714ECF0078FFBD72B66D97A34AA950A41B08E05B4FB836568F14146,PyJHora 4.8.7 Tier B isolated export; Raman ayanamsa; wheel sha256 D8D8014573A38DDEFEDCAE57D3B8D84687CAC2AD31BB5B1DD70D945906A4D54D; event civil timezone; Tokyo reference coordinates; Dig uses _dig_bala(method=2) canonical bounded circular-distance variant because the package default method=1 can exceed 60 virupa
GANN_JHORA_KAALA_WITNESS_COMPARATOR_V1,case_8_event_start,VENUS,nathonnatha,6.540000000,3.449900000,40.650000000,3.090100000,-34.110000000,3.090100000,34.110000000,fail,fail,local,0.500000000,Jagannatha Hora 8.0 locked visible Kaala Bala table; accessibility_sha256=C4829A82A1E46862FA44C5AF94A67602B1827ADA9259B581A1CBA5626D30F236; screenshot_sha256=260E42ADF714ECF0078FFBD72B66D97A34AA950A41B08E05B4FB836568F14146,PyJHora 4.8.7 Tier B isolated export; Raman ayanamsa; wheel sha256 D8D8014573A38DDEFEDCAE57D3B8D84687CAC2AD31BB5B1DD70D945906A4D54D; event civil timezone; Tokyo reference coordinates; Dig uses _dig_bala(method=2) canonical bounded circular-distance variant because the package default method=1 can exceed 60 virupa
GANN_JHORA_KAALA_WITNESS_COMPARATOR_V1,case_8_event_start,VENUS,paksha,33.840000000,33.784402542,86.220000000,0.055597458,-52.380000000,0.055597458,52.380000000,pass,fail,local,0.500000000,Jagannatha Hora 8.0 locked visible Kaala Bala table; accessibility_sha256=C4829A82A1E46862FA44C5AF94A67602B1827ADA9259B581A1CBA5626D30F236; screenshot_sha256=260E42ADF714ECF0078FFBD72B66D97A34AA950A41B08E05B4FB836568F14146,PyJHora 4.8.7 Tier B isolated export; Raman ayanamsa; wheel sha256 D8D8014573A38DDEFEDCAE57D3B8D84687CAC2AD31BB5B1DD70D945906A4D54D; event civil timezone; Tokyo reference coordinates; Dig uses _dig_bala(method=2) canonical bounded circular-distance variant because the package default method=1 can exceed 60 virupa
GANN_JHORA_KAALA_WITNESS_COMPARATOR_V1,case_8_event_start,VENUS,total,180.630000000,186.484756543,256.720000000,-5.854756543,-76.090000000,5.854756543,76.090000000,fail,fail,local,0.500000000,Jagannatha Hora 8.0 locked visible Kaala Bala table; accessibility_sha256=C4829A82A1E46862FA44C5AF94A67602B1827ADA9259B581A1CBA5626D30F236; screenshot_sha256=260E42ADF714ECF0078FFBD72B66D97A34AA950A41B08E05B4FB836568F14146,PyJHora 4.8.7 Tier B isolated export; Raman ayanamsa; wheel sha256 D8D8014573A38DDEFEDCAE57D3B8D84687CAC2AD31BB5B1DD70D945906A4D54D; event civil timezone; Tokyo reference coordinates; Dig uses _dig_bala(method=2) canonical bounded circular-distance variant because the package default method=1 can exceed 60 virupa
GANN_JHORA_KAALA_WITNESS_COMPARATOR_V1,case_8_event_start,VENUS,tribhaga,60.000000000,60.000000000,60.000000000,0.000000000,0.000000000,0.000000000,0.000000000,pass,pass,tie,0.500000000,Jagannatha Hora 8.0 locked visible Kaala Bala table; accessibility_sha256=C4829A82A1E46862FA44C5AF94A67602B1827ADA9259B581A1CBA5626D30F236; screenshot_sha256=260E42ADF714ECF0078FFBD72B66D97A34AA950A41B08E05B4FB836568F14146,PyJHora 4.8.7 Tier B isolated export; Raman ayanamsa; wheel sha256 D8D8014573A38DDEFEDCAE57D3B8D84687CAC2AD31BB5B1DD70D945906A4D54D; event civil timezone; Tokyo reference coordinates; Dig uses _dig_bala(method=2) canonical bounded circular-distance variant because the package default method=1 can exceed 60 virupa
GANN_JHORA_KAALA_WITNESS_COMPARATOR_V1,case_8_event_start,VENUS,vara,45.000000000,45.000000000,45.000000000,0.000000000,0.000000000,0.000000000,0.000000000,pass,pass,tie,0.500000000,Jagannatha Hora 8.0 locked visible Kaala Bala table; accessibility_sha256=C4829A82A1E46862FA44C5AF94A67602B1827ADA9259B581A1CBA5626D30F236; screenshot_sha256=260E42ADF714ECF0078FFBD72B66D97A34AA950A41B08E05B4FB836568F14146,PyJHora 4.8.7 Tier B isolated export; Raman ayanamsa; wheel sha256 D8D8014573A38DDEFEDCAE57D3B8D84687CAC2AD31BB5B1DD70D945906A4D54D; event civil timezone; Tokyo reference coordinates; Dig uses _dig_bala(method=2) canonical bounded circular-distance variant because the package default method=1 can exceed 60 virupa
GANN_JHORA_KAALA_WITNESS_COMPARATOR_V1,case_8_event_start,VENUS,yuddha,0.000000000,0.000000000,0.000000000,0.000000000,0.000000000,0.000000000,0.000000000,pass,pass,tie,0.500000000,Jagannatha Hora 8.0 locked visible Kaala Bala table; accessibility_sha256=C4829A82A1E46862FA44C5AF94A67602B1827ADA9259B581A1CBA5626D30F236; screenshot_sha256=260E42ADF714ECF0078FFBD72B66D97A34AA950A41B08E05B4FB836568F14146,PyJHora 4.8.7 Tier B isolated export; Raman ayanamsa; wheel sha256 D8D8014573A38DDEFEDCAE57D3B8D84687CAC2AD31BB5B1DD70D945906A4D54D; event civil timezone; Tokyo reference coordinates; Dig uses _dig_bala(method=2) canonical bounded circular-distance variant because the package default method=1 can exceed 60 virupa
GANN_JHORA_KAALA_WITNESS_COMPARATOR_V1,gann_reference_tokyo,JUPITER,abda,0.000000000,0.000000000,0.000000000,0.000000000,0.000000000,0.000000000,0.000000000,pass,pass,tie,0.500000000,Jagannatha Hora 8.0 locked visible Kaala Bala table; accessibility_sha256=6C2A814D51037C8FD174B08E846A7FF9F4A064716307D0226135535AFE6B17CB; screenshot_sha256=6D1F6121DC2EB0D1A18A46C297E6BDCE98A1CFEBAD1CA974AEA46A3D700D4A63,PyJHora 4.8.7 Tier B isolated export; Raman ayanamsa; wheel sha256 D8D8014573A38DDEFEDCAE57D3B8D84687CAC2AD31BB5B1DD70D945906A4D54D; event civil timezone; Tokyo reference coordinates; Dig uses _dig_bala(method=2) canonical bounded circular-distance variant because the package default method=1 can exceed 60 virupa
GANN_JHORA_KAALA_WITNESS_COMPARATOR_V1,gann_reference_tokyo,JUPITER,ayana,0.220000000,0.439155784,0.010000000,-0.219155784,0.210000000,0.219155784,0.210000000,pass,pass,pyjhora,0.500000000,Jagannatha Hora 8.0 locked visible Kaala Bala table; accessibility_sha256=6C2A814D51037C8FD174B08E846A7FF9F4A064716307D0226135535AFE6B17CB; screenshot_sha256=6D1F6121DC2EB0D1A18A46C297E6BDCE98A1CFEBAD1CA974AEA46A3D700D4A63,PyJHora 4.8.7 Tier B isolated export; Raman ayanamsa; wheel sha256 D8D8014573A38DDEFEDCAE57D3B8D84687CAC2AD31BB5B1DD70D945906A4D54D; event civil timezone; Tokyo reference coordinates; Dig uses _dig_bala(method=2) canonical bounded circular-distance variant because the package default method=1 can exceed 60 virupa
GANN_JHORA_KAALA_WITNESS_COMPARATOR_V1,gann_reference_tokyo,JUPITER,hora,0.000000000,0.000000000,0.000000000,0.000000000,0.000000000,0.000000000,0.000000000,pass,pass,tie,0.500000000,Jagannatha Hora 8.0 locked visible Kaala Bala table; accessibility_sha256=6C2A814D51037C8FD174B08E846A7FF9F4A064716307D0226135535AFE6B17CB; screenshot_sha256=6D1F6121DC2EB0D1A18A46C297E6BDCE98A1CFEBAD1CA974AEA46A3D700D4A63,PyJHora 4.8.7 Tier B isolated export; Raman ayanamsa; wheel sha256 D8D8014573A38DDEFEDCAE57D3B8D84687CAC2AD31BB5B1DD70D945906A4D54D; event civil timezone; Tokyo reference coordinates; Dig uses _dig_bala(method=2) canonical bounded circular-distance variant because the package default method=1 can exceed 60 virupa
GANN_JHORA_KAALA_WITNESS_COMPARATOR_V1,gann_reference_tokyo,JUPITER,masa,0.000000000,0.000000000,0.000000000,0.000000000,0.000000000,0.000000000,0.000000000,pass,pass,tie,0.500000000,Jagannatha Hora 8.0 locked visible Kaala Bala table; accessibility_sha256=6C2A814D51037C8FD174B08E846A7FF9F4A064716307D0226135535AFE6B17CB; screenshot_sha256=6D1F6121DC2EB0D1A18A46C297E6BDCE98A1CFEBAD1CA974AEA46A3D700D4A63,PyJHora 4.8.7 Tier B isolated export; Raman ayanamsa; wheel sha256 D8D8014573A38DDEFEDCAE57D3B8D84687CAC2AD31BB5B1DD70D945906A4D54D; event civil timezone; Tokyo reference coordinates; Dig uses _dig_bala(method=2) canonical bounded circular-distance variant because the package default method=1 can exceed 60 virupa
GANN_JHORA_KAALA_WITNESS_COMPARATOR_V1,gann_reference_tokyo,JUPITER,nathonnatha,2.150000000,1.550100000,-0.370000000,0.599900000,2.520000000,0.599900000,2.520000000,fail,fail,local,0.500000000,Jagannatha Hora 8.0 locked visible Kaala Bala table; accessibility_sha256=6C2A814D51037C8FD174B08E846A7FF9F4A064716307D0226135535AFE6B17CB; screenshot_sha256=6D1F6121DC2EB0D1A18A46C297E6BDCE98A1CFEBAD1CA974AEA46A3D700D4A63,PyJHora 4.8.7 Tier B isolated export; Raman ayanamsa; wheel sha256 D8D8014573A38DDEFEDCAE57D3B8D84687CAC2AD31BB5B1DD70D945906A4D54D; event civil timezone; Tokyo reference coordinates; Dig uses _dig_bala(method=2) canonical bounded circular-distance variant because the package default method=1 can exceed 60 virupa
GANN_JHORA_KAALA_WITNESS_COMPARATOR_V1,gann_reference_tokyo,JUPITER,paksha,39.940000000,39.938229049,80.060000000,0.001770951,-40.120000000,0.001770951,40.120000000,pass,fail,local,0.500000000,Jagannatha Hora 8.0 locked visible Kaala Bala table; accessibility_sha256=6C2A814D51037C8FD174B08E846A7FF9F4A064716307D0226135535AFE6B17CB; screenshot_sha256=6D1F6121DC2EB0D1A18A46C297E6BDCE98A1CFEBAD1CA974AEA46A3D700D4A63,PyJHora 4.8.7 Tier B isolated export; Raman ayanamsa; wheel sha256 D8D8014573A38DDEFEDCAE57D3B8D84687CAC2AD31BB5B1DD70D945906A4D54D; event civil timezone; Tokyo reference coordinates; Dig uses _dig_bala(method=2) canonical bounded circular-distance variant because the package default method=1 can exceed 60 virupa
GANN_JHORA_KAALA_WITNESS_COMPARATOR_V1,gann_reference_tokyo,JUPITER,total,102.310000000,101.927484834,139.700000000,0.382515166,-37.390000000,0.382515166,37.390000000,pass,fail,local,0.500000000,Jagannatha Hora 8.0 locked visible Kaala Bala table; accessibility_sha256=6C2A814D51037C8FD174B08E846A7FF9F4A064716307D0226135535AFE6B17CB; screenshot_sha256=6D1F6121DC2EB0D1A18A46C297E6BDCE98A1CFEBAD1CA974AEA46A3D700D4A63,PyJHora 4.8.7 Tier B isolated export; Raman ayanamsa; wheel sha256 D8D8014573A38DDEFEDCAE57D3B8D84687CAC2AD31BB5B1DD70D945906A4D54D; event civil timezone; Tokyo reference coordinates; Dig uses _dig_bala(method=2) canonical bounded circular-distance variant because the package default method=1 can exceed 60 virupa
GANN_JHORA_KAALA_WITNESS_COMPARATOR_V1,gann_reference_tokyo,JUPITER,tribhaga,60.000000000,60.000000000,60.000000000,0.000000000,0.000000000,0.000000000,0.000000000,pass,pass,tie,0.500000000,Jagannatha Hora 8.0 locked visible Kaala Bala table; accessibility_sha256=6C2A814D51037C8FD174B08E846A7FF9F4A064716307D0226135535AFE6B17CB; screenshot_sha256=6D1F6121DC2EB0D1A18A46C297E6BDCE98A1CFEBAD1CA974AEA46A3D700D4A63,PyJHora 4.8.7 Tier B isolated export; Raman ayanamsa; wheel sha256 D8D8014573A38DDEFEDCAE57D3B8D84687CAC2AD31BB5B1DD70D945906A4D54D; event civil timezone; Tokyo reference coordinates; Dig uses _dig_bala(method=2) canonical bounded circular-distance variant because the package default method=1 can exceed 60 virupa
GANN_JHORA_KAALA_WITNESS_COMPARATOR_V1,gann_reference_tokyo,JUPITER,vara,0.000000000,0.000000000,0.000000000,0.000000000,0.000000000,0.000000000,0.000000000,pass,pass,tie,0.500000000,Jagannatha Hora 8.0 locked visible Kaala Bala table; accessibility_sha256=6C2A814D51037C8FD174B08E846A7FF9F4A064716307D0226135535AFE6B17CB; screenshot_sha256=6D1F6121DC2EB0D1A18A46C297E6BDCE98A1CFEBAD1CA974AEA46A3D700D4A63,PyJHora 4.8.7 Tier B isolated export; Raman ayanamsa; wheel sha256 D8D8014573A38DDEFEDCAE57D3B8D84687CAC2AD31BB5B1DD70D945906A4D54D; event civil timezone; Tokyo reference coordinates; Dig uses _dig_bala(method=2) canonical bounded circular-distance variant because the package default method=1 can exceed 60 virupa
GANN_JHORA_KAALA_WITNESS_COMPARATOR_V1,gann_reference_tokyo,JUPITER,yuddha,0.000000000,0.000000000,0.000000000,0.000000000,0.000000000,0.000000000,0.000000000,pass,pass,tie,0.500000000,Jagannatha Hora 8.0 locked visible Kaala Bala table; accessibility_sha256=6C2A814D51037C8FD174B08E846A7FF9F4A064716307D0226135535AFE6B17CB; screenshot_sha256=6D1F6121DC2EB0D1A18A46C297E6BDCE98A1CFEBAD1CA974AEA46A3D700D4A63,PyJHora 4.8.7 Tier B isolated export; Raman ayanamsa; wheel sha256 D8D8014573A38DDEFEDCAE57D3B8D84687CAC2AD31BB5B1DD70D945906A4D54D; event civil timezone; Tokyo reference coordinates; Dig uses _dig_bala(method=2) canonical bounded circular-distance variant because the package default method=1 can exceed 60 virupa
GANN_JHORA_KAALA_WITNESS_COMPARATOR_V1,gann_reference_tokyo,MARS,abda,0.000000000,0.000000000,0.000000000,0.000000000,0.000000000,0.000000000,0.000000000,pass,pass,tie,0.500000000,Jagannatha Hora 8.0 locked visible Kaala Bala table; accessibility_sha256=6C2A814D51037C8FD174B08E846A7FF9F4A064716307D0226135535AFE6B17CB; screenshot_sha256=6D1F6121DC2EB0D1A18A46C297E6BDCE98A1CFEBAD1CA974AEA46A3D700D4A63,PyJHora 4.8.7 Tier B isolated export; Raman ayanamsa; wheel sha256 D8D8014573A38DDEFEDCAE57D3B8D84687CAC2AD31BB5B1DD70D945906A4D54D; event civil timezone; Tokyo reference coordinates; Dig uses _dig_bala(method=2) canonical bounded circular-distance variant because the package default method=1 can exceed 60 virupa
GANN_JHORA_KAALA_WITNESS_COMPARATOR_V1,gann_reference_tokyo,MARS,ayana,28.490000000,26.629756842,27.410000000,1.860243158,1.080000000,1.860243158,1.080000000,fail,fail,pyjhora,0.500000000,Jagannatha Hora 8.0 locked visible Kaala Bala table; accessibility_sha256=6C2A814D51037C8FD174B08E846A7FF9F4A064716307D0226135535AFE6B17CB; screenshot_sha256=6D1F6121DC2EB0D1A18A46C297E6BDCE98A1CFEBAD1CA974AEA46A3D700D4A63,PyJHora 4.8.7 Tier B isolated export; Raman ayanamsa; wheel sha256 D8D8014573A38DDEFEDCAE57D3B8D84687CAC2AD31BB5B1DD70D945906A4D54D; event civil timezone; Tokyo reference coordinates; Dig uses _dig_bala(method=2) canonical bounded circular-distance variant because the package default method=1 can exceed 60 virupa
GANN_JHORA_KAALA_WITNESS_COMPARATOR_V1,gann_reference_tokyo,MARS,hora,0.000000000,0.000000000,0.000000000,0.000000000,0.000000000,0.000000000,0.000000000,pass,pass,tie,0.500000000,Jagannatha Hora 8.0 locked visible Kaala Bala table; accessibility_sha256=6C2A814D51037C8FD174B08E846A7FF9F4A064716307D0226135535AFE6B17CB; screenshot_sha256=6D1F6121DC2EB0D1A18A46C297E6BDCE98A1CFEBAD1CA974AEA46A3D700D4A63,PyJHora 4.8.7 Tier B isolated export; Raman ayanamsa; wheel sha256 D8D8014573A38DDEFEDCAE57D3B8D84687CAC2AD31BB5B1DD70D945906A4D54D; event civil timezone; Tokyo reference coordinates; Dig uses _dig_bala(method=2) canonical bounded circular-distance variant because the package default method=1 can exceed 60 virupa
GANN_JHORA_KAALA_WITNESS_COMPARATOR_V1,gann_reference_tokyo,MARS,masa,30.000000000,30.000000000,30.000000000,0.000000000,0.000000000,0.000000000,0.000000000,pass,pass,tie,0.500000000,Jagannatha Hora 8.0 locked visible Kaala Bala table; accessibility_sha256=6C2A814D51037C8FD174B08E846A7FF9F4A064716307D0226135535AFE6B17CB; screenshot_sha256=6D1F6121DC2EB0D1A18A46C297E6BDCE98A1CFEBAD1CA974AEA46A3D700D4A63,PyJHora 4.8.7 Tier B isolated export; Raman ayanamsa; wheel sha256 D8D8014573A38DDEFEDCAE57D3B8D84687CAC2AD31BB5B1DD70D945906A4D54D; event civil timezone; Tokyo reference coordinates; Dig uses _dig_bala(method=2) canonical bounded circular-distance variant because the package default method=1 can exceed 60 virupa
GANN_JHORA_KAALA_WITNESS_COMPARATOR_V1,gann_reference_tokyo,MARS,nathonnatha,57.850000000,58.449900000,60.370000000,-0.599900000,-2.520000000,0.599900000,2.520000000,fail,fail,local,0.500000000,Jagannatha Hora 8.0 locked visible Kaala Bala table; accessibility_sha256=6C2A814D51037C8FD174B08E846A7FF9F4A064716307D0226135535AFE6B17CB; screenshot_sha256=6D1F6121DC2EB0D1A18A46C297E6BDCE98A1CFEBAD1CA974AEA46A3D700D4A63,PyJHora 4.8.7 Tier B isolated export; Raman ayanamsa; wheel sha256 D8D8014573A38DDEFEDCAE57D3B8D84687CAC2AD31BB5B1DD70D945906A4D54D; event civil timezone; Tokyo reference coordinates; Dig uses _dig_bala(method=2) canonical bounded circular-distance variant because the package default method=1 can exceed 60 virupa
GANN_JHORA_KAALA_WITNESS_COMPARATOR_V1,gann_reference_tokyo,MARS,paksha,20.060000000,20.061770951,-20.060000000,-0.001770951,40.120000000,0.001770951,40.120000000,pass,fail,local,0.500000000,Jagannatha Hora 8.0 locked visible Kaala Bala table; accessibility_sha256=6C2A814D51037C8FD174B08E846A7FF9F4A064716307D0226135535AFE6B17CB; screenshot_sha256=6D1F6121DC2EB0D1A18A46C297E6BDCE98A1CFEBAD1CA974AEA46A3D700D4A63,PyJHora 4.8.7 Tier B isolated export; Raman ayanamsa; wheel sha256 D8D8014573A38DDEFEDCAE57D3B8D84687CAC2AD31BB5B1DD70D945906A4D54D; event civil timezone; Tokyo reference coordinates; Dig uses _dig_bala(method=2) canonical bounded circular-distance variant because the package default method=1 can exceed 60 virupa
GANN_JHORA_KAALA_WITNESS_COMPARATOR_V1,gann_reference_tokyo,MARS,total,136.400000000,135.141427793,97.720000000,1.258572207,38.680000000,1.258572207,38.680000000,fail,fail,local,0.500000000,Jagannatha Hora 8.0 locked visible Kaala Bala table; accessibility_sha256=6C2A814D51037C8FD174B08E846A7FF9F4A064716307D0226135535AFE6B17CB; screenshot_sha256=6D1F6121DC2EB0D1A18A46C297E6BDCE98A1CFEBAD1CA974AEA46A3D700D4A63,PyJHora 4.8.7 Tier B isolated export; Raman ayanamsa; wheel sha256 D8D8014573A38DDEFEDCAE57D3B8D84687CAC2AD31BB5B1DD70D945906A4D54D; event civil timezone; Tokyo reference coordinates; Dig uses _dig_bala(method=2) canonical bounded circular-distance variant because the package default method=1 can exceed 60 virupa
GANN_JHORA_KAALA_WITNESS_COMPARATOR_V1,gann_reference_tokyo,MARS,tribhaga,0.000000000,0.000000000,0.000000000,0.000000000,0.000000000,0.000000000,0.000000000,pass,pass,tie,0.500000000,Jagannatha Hora 8.0 locked visible Kaala Bala table; accessibility_sha256=6C2A814D51037C8FD174B08E846A7FF9F4A064716307D0226135535AFE6B17CB; screenshot_sha256=6D1F6121DC2EB0D1A18A46C297E6BDCE98A1CFEBAD1CA974AEA46A3D700D4A63,PyJHora 4.8.7 Tier B isolated export; Raman ayanamsa; wheel sha256 D8D8014573A38DDEFEDCAE57D3B8D84687CAC2AD31BB5B1DD70D945906A4D54D; event civil timezone; Tokyo reference coordinates; Dig uses _dig_bala(method=2) canonical bounded circular-distance variant because the package default method=1 can exceed 60 virupa
GANN_JHORA_KAALA_WITNESS_COMPARATOR_V1,gann_reference_tokyo,MARS,vara,0.000000000,0.000000000,0.000000000,0.000000000,0.000000000,0.000000000,0.000000000,pass,pass,tie,0.500000000,Jagannatha Hora 8.0 locked visible Kaala Bala table; accessibility_sha256=6C2A814D51037C8FD174B08E846A7FF9F4A064716307D0226135535AFE6B17CB; screenshot_sha256=6D1F6121DC2EB0D1A18A46C297E6BDCE98A1CFEBAD1CA974AEA46A3D700D4A63,PyJHora 4.8.7 Tier B isolated export; Raman ayanamsa; wheel sha256 D8D8014573A38DDEFEDCAE57D3B8D84687CAC2AD31BB5B1DD70D945906A4D54D; event civil timezone; Tokyo reference coordinates; Dig uses _dig_bala(method=2) canonical bounded circular-distance variant because the package default method=1 can exceed 60 virupa
GANN_JHORA_KAALA_WITNESS_COMPARATOR_V1,gann_reference_tokyo,MARS,yuddha,0.000000000,0.000000000,0.000000000,0.000000000,0.000000000,0.000000000,0.000000000,pass,pass,tie,0.500000000,Jagannatha Hora 8.0 locked visible Kaala Bala table; accessibility_sha256=6C2A814D51037C8FD174B08E846A7FF9F4A064716307D0226135535AFE6B17CB; screenshot_sha256=6D1F6121DC2EB0D1A18A46C297E6BDCE98A1CFEBAD1CA974AEA46A3D700D4A63,PyJHora 4.8.7 Tier B isolated export; Raman ayanamsa; wheel sha256 D8D8014573A38DDEFEDCAE57D3B8D84687CAC2AD31BB5B1DD70D945906A4D54D; event civil timezone; Tokyo reference coordinates; Dig uses _dig_bala(method=2) canonical bounded circular-distance variant because the package default method=1 can exceed 60 virupa
GANN_JHORA_KAALA_WITNESS_COMPARATOR_V1,gann_reference_tokyo,MERCURY,abda,0.000000000,0.000000000,0.000000000,0.000000000,0.000000000,0.000000000,0.000000000,pass,pass,tie,0.500000000,Jagannatha Hora 8.0 locked visible Kaala Bala table; accessibility_sha256=6C2A814D51037C8FD174B08E846A7FF9F4A064716307D0226135535AFE6B17CB; screenshot_sha256=6D1F6121DC2EB0D1A18A46C297E6BDCE98A1CFEBAD1CA974AEA46A3D700D4A63,PyJHora 4.8.7 Tier B isolated export; Raman ayanamsa; wheel sha256 D8D8014573A38DDEFEDCAE57D3B8D84687CAC2AD31BB5B1DD70D945906A4D54D; event civil timezone; Tokyo reference coordinates; Dig uses _dig_bala(method=2) canonical bounded circular-distance variant because the package default method=1 can exceed 60 virupa
GANN_JHORA_KAALA_WITNESS_COMPARATOR_V1,gann_reference_tokyo,MERCURY,ayana,43.150000000,40.408751124,44.190000000,2.741248876,-1.040000000,2.741248876,1.040000000,fail,fail,pyjhora,0.500000000,Jagannatha Hora 8.0 locked visible Kaala Bala table; accessibility_sha256=6C2A814D51037C8FD174B08E846A7FF9F4A064716307D0226135535AFE6B17CB; screenshot_sha256=6D1F6121DC2EB0D1A18A46C297E6BDCE98A1CFEBAD1CA974AEA46A3D700D4A63,PyJHora 4.8.7 Tier B isolated export; Raman ayanamsa; wheel sha256 D8D8014573A38DDEFEDCAE57D3B8D84687CAC2AD31BB5B1DD70D945906A4D54D; event civil timezone; Tokyo reference coordinates; Dig uses _dig_bala(method=2) canonical bounded circular-distance variant because the package default method=1 can exceed 60 virupa
GANN_JHORA_KAALA_WITNESS_COMPARATOR_V1,gann_reference_tokyo,MERCURY,hora,0.000000000,0.000000000,0.000000000,0.000000000,0.000000000,0.000000000,0.000000000,pass,pass,tie,0.500000000,Jagannatha Hora 8.0 locked visible Kaala Bala table; accessibility_sha256=6C2A814D51037C8FD174B08E846A7FF9F4A064716307D0226135535AFE6B17CB; screenshot_sha256=6D1F6121DC2EB0D1A18A46C297E6BDCE98A1CFEBAD1CA974AEA46A3D700D4A63,PyJHora 4.8.7 Tier B isolated export; Raman ayanamsa; wheel sha256 D8D8014573A38DDEFEDCAE57D3B8D84687CAC2AD31BB5B1DD70D945906A4D54D; event civil timezone; Tokyo reference coordinates; Dig uses _dig_bala(method=2) canonical bounded circular-distance variant because the package default method=1 can exceed 60 virupa
GANN_JHORA_KAALA_WITNESS_COMPARATOR_V1,gann_reference_tokyo,MERCURY,masa,0.000000000,0.000000000,0.000000000,0.000000000,0.000000000,0.000000000,0.000000000,pass,pass,tie,0.500000000,Jagannatha Hora 8.0 locked visible Kaala Bala table; accessibility_sha256=6C2A814D51037C8FD174B08E846A7FF9F4A064716307D0226135535AFE6B17CB; screenshot_sha256=6D1F6121DC2EB0D1A18A46C297E6BDCE98A1CFEBAD1CA974AEA46A3D700D4A63,PyJHora 4.8.7 Tier B isolated export; Raman ayanamsa; wheel sha256 D8D8014573A38DDEFEDCAE57D3B8D84687CAC2AD31BB5B1DD70D945906A4D54D; event civil timezone; Tokyo reference coordinates; Dig uses _dig_bala(method=2) canonical bounded circular-distance variant because the package default method=1 can exceed 60 virupa
GANN_JHORA_KAALA_WITNESS_COMPARATOR_V1,gann_reference_tokyo,MERCURY,nathonnatha,60.000000000,60.000000000,60.000000000,0.000000000,0.000000000,0.000000000,0.000000000,pass,pass,tie,0.500000000,Jagannatha Hora 8.0 locked visible Kaala Bala table; accessibility_sha256=6C2A814D51037C8FD174B08E846A7FF9F4A064716307D0226135535AFE6B17CB; screenshot_sha256=6D1F6121DC2EB0D1A18A46C297E6BDCE98A1CFEBAD1CA974AEA46A3D700D4A63,PyJHora 4.8.7 Tier B isolated export; Raman ayanamsa; wheel sha256 D8D8014573A38DDEFEDCAE57D3B8D84687CAC2AD31BB5B1DD70D945906A4D54D; event civil timezone; Tokyo reference coordinates; Dig uses _dig_bala(method=2) canonical bounded circular-distance variant because the package default method=1 can exceed 60 virupa
GANN_JHORA_KAALA_WITNESS_COMPARATOR_V1,gann_reference_tokyo,MERCURY,paksha,20.060000000,20.061770951,-20.060000000,-0.001770951,40.120000000,0.001770951,40.120000000,pass,fail,local,0.500000000,Jagannatha Hora 8.0 locked visible Kaala Bala table; accessibility_sha256=6C2A814D51037C8FD174B08E846A7FF9F4A064716307D0226135535AFE6B17CB; screenshot_sha256=6D1F6121DC2EB0D1A18A46C297E6BDCE98A1CFEBAD1CA974AEA46A3D700D4A63,PyJHora 4.8.7 Tier B isolated export; Raman ayanamsa; wheel sha256 D8D8014573A38DDEFEDCAE57D3B8D84687CAC2AD31BB5B1DD70D945906A4D54D; event civil timezone; Tokyo reference coordinates; Dig uses _dig_bala(method=2) canonical bounded circular-distance variant because the package default method=1 can exceed 60 virupa
GANN_JHORA_KAALA_WITNESS_COMPARATOR_V1,gann_reference_tokyo,MERCURY,total,123.210000000,120.470522074,84.130000000,2.739477926,39.080000000,2.739477926,39.080000000,fail,fail,local,0.500000000,Jagannatha Hora 8.0 locked visible Kaala Bala table; accessibility_sha256=6C2A814D51037C8FD174B08E846A7FF9F4A064716307D0226135535AFE6B17CB; screenshot_sha256=6D1F6121DC2EB0D1A18A46C297E6BDCE98A1CFEBAD1CA974AEA46A3D700D4A63,PyJHora 4.8.7 Tier B isolated export; Raman ayanamsa; wheel sha256 D8D8014573A38DDEFEDCAE57D3B8D84687CAC2AD31BB5B1DD70D945906A4D54D; event civil timezone; Tokyo reference coordinates; Dig uses _dig_bala(method=2) canonical bounded circular-distance variant because the package default method=1 can exceed 60 virupa
GANN_JHORA_KAALA_WITNESS_COMPARATOR_V1,gann_reference_tokyo,MERCURY,tribhaga,0.000000000,0.000000000,0.000000000,0.000000000,0.000000000,0.000000000,0.000000000,pass,pass,tie,0.500000000,Jagannatha Hora 8.0 locked visible Kaala Bala table; accessibility_sha256=6C2A814D51037C8FD174B08E846A7FF9F4A064716307D0226135535AFE6B17CB; screenshot_sha256=6D1F6121DC2EB0D1A18A46C297E6BDCE98A1CFEBAD1CA974AEA46A3D700D4A63,PyJHora 4.8.7 Tier B isolated export; Raman ayanamsa; wheel sha256 D8D8014573A38DDEFEDCAE57D3B8D84687CAC2AD31BB5B1DD70D945906A4D54D; event civil timezone; Tokyo reference coordinates; Dig uses _dig_bala(method=2) canonical bounded circular-distance variant because the package default method=1 can exceed 60 virupa
GANN_JHORA_KAALA_WITNESS_COMPARATOR_V1,gann_reference_tokyo,MERCURY,vara,0.000000000,0.000000000,0.000000000,0.000000000,0.000000000,0.000000000,0.000000000,pass,pass,tie,0.500000000,Jagannatha Hora 8.0 locked visible Kaala Bala table; accessibility_sha256=6C2A814D51037C8FD174B08E846A7FF9F4A064716307D0226135535AFE6B17CB; screenshot_sha256=6D1F6121DC2EB0D1A18A46C297E6BDCE98A1CFEBAD1CA974AEA46A3D700D4A63,PyJHora 4.8.7 Tier B isolated export; Raman ayanamsa; wheel sha256 D8D8014573A38DDEFEDCAE57D3B8D84687CAC2AD31BB5B1DD70D945906A4D54D; event civil timezone; Tokyo reference coordinates; Dig uses _dig_bala(method=2) canonical bounded circular-distance variant because the package default method=1 can exceed 60 virupa
GANN_JHORA_KAALA_WITNESS_COMPARATOR_V1,gann_reference_tokyo,MERCURY,yuddha,0.000000000,0.000000000,0.000000000,0.000000000,0.000000000,0.000000000,0.000000000,pass,pass,tie,0.500000000,Jagannatha Hora 8.0 locked visible Kaala Bala table; accessibility_sha256=6C2A814D51037C8FD174B08E846A7FF9F4A064716307D0226135535AFE6B17CB; screenshot_sha256=6D1F6121DC2EB0D1A18A46C297E6BDCE98A1CFEBAD1CA974AEA46A3D700D4A63,PyJHora 4.8.7 Tier B isolated export; Raman ayanamsa; wheel sha256 D8D8014573A38DDEFEDCAE57D3B8D84687CAC2AD31BB5B1DD70D945906A4D54D; event civil timezone; Tokyo reference coordinates; Dig uses _dig_bala(method=2) canonical bounded circular-distance variant because the package default method=1 can exceed 60 virupa
GANN_JHORA_KAALA_WITNESS_COMPARATOR_V1,gann_reference_tokyo,MOON,abda,0.000000000,0.000000000,0.000000000,0.000000000,0.000000000,0.000000000,0.000000000,pass,pass,tie,0.500000000,Jagannatha Hora 8.0 locked visible Kaala Bala table; accessibility_sha256=6C2A814D51037C8FD174B08E846A7FF9F4A064716307D0226135535AFE6B17CB; screenshot_sha256=6D1F6121DC2EB0D1A18A46C297E6BDCE98A1CFEBAD1CA974AEA46A3D700D4A63,PyJHora 4.8.7 Tier B isolated export; Raman ayanamsa; wheel sha256 D8D8014573A38DDEFEDCAE57D3B8D84687CAC2AD31BB5B1DD70D945906A4D54D; event civil timezone; Tokyo reference coordinates; Dig uses _dig_bala(method=2) canonical bounded circular-distance variant because the package default method=1 can exceed 60 virupa
GANN_JHORA_KAALA_WITNESS_COMPARATOR_V1,gann_reference_tokyo,MOON,ayana,0.430000000,3.554003319,0.330000000,-3.124003319,0.100000000,3.124003319,0.100000000,fail,pass,pyjhora,0.500000000,Jagannatha Hora 8.0 locked visible Kaala Bala table; accessibility_sha256=6C2A814D51037C8FD174B08E846A7FF9F4A064716307D0226135535AFE6B17CB; screenshot_sha256=6D1F6121DC2EB0D1A18A46C297E6BDCE98A1CFEBAD1CA974AEA46A3D700D4A63,PyJHora 4.8.7 Tier B isolated export; Raman ayanamsa; wheel sha256 D8D8014573A38DDEFEDCAE57D3B8D84687CAC2AD31BB5B1DD70D945906A4D54D; event civil timezone; Tokyo reference coordinates; Dig uses _dig_bala(method=2) canonical bounded circular-distance variant because the package default method=1 can exceed 60 virupa
GANN_JHORA_KAALA_WITNESS_COMPARATOR_V1,gann_reference_tokyo,MOON,hora,60.000000000,60.000000000,0.000000000,0.000000000,60.000000000,0.000000000,60.000000000,pass,fail,local,0.500000000,Jagannatha Hora 8.0 locked visible Kaala Bala table; accessibility_sha256=6C2A814D51037C8FD174B08E846A7FF9F4A064716307D0226135535AFE6B17CB; screenshot_sha256=6D1F6121DC2EB0D1A18A46C297E6BDCE98A1CFEBAD1CA974AEA46A3D700D4A63,PyJHora 4.8.7 Tier B isolated export; Raman ayanamsa; wheel sha256 D8D8014573A38DDEFEDCAE57D3B8D84687CAC2AD31BB5B1DD70D945906A4D54D; event civil timezone; Tokyo reference coordinates; Dig uses _dig_bala(method=2) canonical bounded circular-distance variant because the package default method=1 can exceed 60 virupa
GANN_JHORA_KAALA_WITNESS_COMPARATOR_V1,gann_reference_tokyo,MOON,masa,0.000000000,0.000000000,0.000000000,0.000000000,0.000000000,0.000000000,0.000000000,pass,pass,tie,0.500000000,Jagannatha Hora 8.0 locked visible Kaala Bala table; accessibility_sha256=6C2A814D51037C8FD174B08E846A7FF9F4A064716307D0226135535AFE6B17CB; screenshot_sha256=6D1F6121DC2EB0D1A18A46C297E6BDCE98A1CFEBAD1CA974AEA46A3D700D4A63,PyJHora 4.8.7 Tier B isolated export; Raman ayanamsa; wheel sha256 D8D8014573A38DDEFEDCAE57D3B8D84687CAC2AD31BB5B1DD70D945906A4D54D; event civil timezone; Tokyo reference coordinates; Dig uses _dig_bala(method=2) canonical bounded circular-distance variant because the package default method=1 can exceed 60 virupa
GANN_JHORA_KAALA_WITNESS_COMPARATOR_V1,gann_reference_tokyo,MOON,nathonnatha,57.850000000,58.449900000,60.370000000,-0.599900000,-2.520000000,0.599900000,2.520000000,fail,fail,local,0.500000000,Jagannatha Hora 8.0 locked visible Kaala Bala table; accessibility_sha256=6C2A814D51037C8FD174B08E846A7FF9F4A064716307D0226135535AFE6B17CB; screenshot_sha256=6D1F6121DC2EB0D1A18A46C297E6BDCE98A1CFEBAD1CA974AEA46A3D700D4A63,PyJHora 4.8.7 Tier B isolated export; Raman ayanamsa; wheel sha256 D8D8014573A38DDEFEDCAE57D3B8D84687CAC2AD31BB5B1DD70D945906A4D54D; event civil timezone; Tokyo reference coordinates; Dig uses _dig_bala(method=2) canonical bounded circular-distance variant because the package default method=1 can exceed 60 virupa
GANN_JHORA_KAALA_WITNESS_COMPARATOR_V1,gann_reference_tokyo,MOON,paksha,79.880000000,79.876458099,160.120000000,0.003541901,-80.240000000,0.003541901,80.240000000,pass,fail,local,0.500000000,Jagannatha Hora 8.0 locked visible Kaala Bala table; accessibility_sha256=6C2A814D51037C8FD174B08E846A7FF9F4A064716307D0226135535AFE6B17CB; screenshot_sha256=6D1F6121DC2EB0D1A18A46C297E6BDCE98A1CFEBAD1CA974AEA46A3D700D4A63,PyJHora 4.8.7 Tier B isolated export; Raman ayanamsa; wheel sha256 D8D8014573A38DDEFEDCAE57D3B8D84687CAC2AD31BB5B1DD70D945906A4D54D; event civil timezone; Tokyo reference coordinates; Dig uses _dig_bala(method=2) canonical bounded circular-distance variant because the package default method=1 can exceed 60 virupa
GANN_JHORA_KAALA_WITNESS_COMPARATOR_V1,gann_reference_tokyo,MOON,total,198.150000000,201.880361417,220.820000000,-3.730361417,-22.670000000,3.730361417,22.670000000,fail,fail,local,0.500000000,Jagannatha Hora 8.0 locked visible Kaala Bala table; accessibility_sha256=6C2A814D51037C8FD174B08E846A7FF9F4A064716307D0226135535AFE6B17CB; screenshot_sha256=6D1F6121DC2EB0D1A18A46C297E6BDCE98A1CFEBAD1CA974AEA46A3D700D4A63,PyJHora 4.8.7 Tier B isolated export; Raman ayanamsa; wheel sha256 D8D8014573A38DDEFEDCAE57D3B8D84687CAC2AD31BB5B1DD70D945906A4D54D; event civil timezone; Tokyo reference coordinates; Dig uses _dig_bala(method=2) canonical bounded circular-distance variant because the package default method=1 can exceed 60 virupa
GANN_JHORA_KAALA_WITNESS_COMPARATOR_V1,gann_reference_tokyo,MOON,tribhaga,0.000000000,0.000000000,0.000000000,0.000000000,0.000000000,0.000000000,0.000000000,pass,pass,tie,0.500000000,Jagannatha Hora 8.0 locked visible Kaala Bala table; accessibility_sha256=6C2A814D51037C8FD174B08E846A7FF9F4A064716307D0226135535AFE6B17CB; screenshot_sha256=6D1F6121DC2EB0D1A18A46C297E6BDCE98A1CFEBAD1CA974AEA46A3D700D4A63,PyJHora 4.8.7 Tier B isolated export; Raman ayanamsa; wheel sha256 D8D8014573A38DDEFEDCAE57D3B8D84687CAC2AD31BB5B1DD70D945906A4D54D; event civil timezone; Tokyo reference coordinates; Dig uses _dig_bala(method=2) canonical bounded circular-distance variant because the package default method=1 can exceed 60 virupa
GANN_JHORA_KAALA_WITNESS_COMPARATOR_V1,gann_reference_tokyo,MOON,vara,0.000000000,0.000000000,0.000000000,0.000000000,0.000000000,0.000000000,0.000000000,pass,pass,tie,0.500000000,Jagannatha Hora 8.0 locked visible Kaala Bala table; accessibility_sha256=6C2A814D51037C8FD174B08E846A7FF9F4A064716307D0226135535AFE6B17CB; screenshot_sha256=6D1F6121DC2EB0D1A18A46C297E6BDCE98A1CFEBAD1CA974AEA46A3D700D4A63,PyJHora 4.8.7 Tier B isolated export; Raman ayanamsa; wheel sha256 D8D8014573A38DDEFEDCAE57D3B8D84687CAC2AD31BB5B1DD70D945906A4D54D; event civil timezone; Tokyo reference coordinates; Dig uses _dig_bala(method=2) canonical bounded circular-distance variant because the package default method=1 can exceed 60 virupa
GANN_JHORA_KAALA_WITNESS_COMPARATOR_V1,gann_reference_tokyo,MOON,yuddha,0.000000000,0.000000000,0.000000000,0.000000000,0.000000000,0.000000000,0.000000000,pass,pass,tie,0.500000000,Jagannatha Hora 8.0 locked visible Kaala Bala table; accessibility_sha256=6C2A814D51037C8FD174B08E846A7FF9F4A064716307D0226135535AFE6B17CB; screenshot_sha256=6D1F6121DC2EB0D1A18A46C297E6BDCE98A1CFEBAD1CA974AEA46A3D700D4A63,PyJHora 4.8.7 Tier B isolated export; Raman ayanamsa; wheel sha256 D8D8014573A38DDEFEDCAE57D3B8D84687CAC2AD31BB5B1DD70D945906A4D54D; event civil timezone; Tokyo reference coordinates; Dig uses _dig_bala(method=2) canonical bounded circular-distance variant because the package default method=1 can exceed 60 virupa
GANN_JHORA_KAALA_WITNESS_COMPARATOR_V1,gann_reference_tokyo,SATURN,abda,0.000000000,0.000000000,0.000000000,0.000000000,0.000000000,0.000000000,0.000000000,pass,pass,tie,0.500000000,Jagannatha Hora 8.0 locked visible Kaala Bala table; accessibility_sha256=6C2A814D51037C8FD174B08E846A7FF9F4A064716307D0226135535AFE6B17CB; screenshot_sha256=6D1F6121DC2EB0D1A18A46C297E6BDCE98A1CFEBAD1CA974AEA46A3D700D4A63,PyJHora 4.8.7 Tier B isolated export; Raman ayanamsa; wheel sha256 D8D8014573A38DDEFEDCAE57D3B8D84687CAC2AD31BB5B1DD70D945906A4D54D; event civil timezone; Tokyo reference coordinates; Dig uses _dig_bala(method=2) canonical bounded circular-distance variant because the package default method=1 can exceed 60 virupa
GANN_JHORA_KAALA_WITNESS_COMPARATOR_V1,gann_reference_tokyo,SATURN,ayana,10.640000000,8.250954767,9.700000000,2.389045233,0.940000000,2.389045233,0.940000000,fail,fail,pyjhora,0.500000000,Jagannatha Hora 8.0 locked visible Kaala Bala table; accessibility_sha256=6C2A814D51037C8FD174B08E846A7FF9F4A064716307D0226135535AFE6B17CB; screenshot_sha256=6D1F6121DC2EB0D1A18A46C297E6BDCE98A1CFEBAD1CA974AEA46A3D700D4A63,PyJHora 4.8.7 Tier B isolated export; Raman ayanamsa; wheel sha256 D8D8014573A38DDEFEDCAE57D3B8D84687CAC2AD31BB5B1DD70D945906A4D54D; event civil timezone; Tokyo reference coordinates; Dig uses _dig_bala(method=2) canonical bounded circular-distance variant because the package default method=1 can exceed 60 virupa
GANN_JHORA_KAALA_WITNESS_COMPARATOR_V1,gann_reference_tokyo,SATURN,hora,0.000000000,0.000000000,0.000000000,0.000000000,0.000000000,0.000000000,0.000000000,pass,pass,tie,0.500000000,Jagannatha Hora 8.0 locked visible Kaala Bala table; accessibility_sha256=6C2A814D51037C8FD174B08E846A7FF9F4A064716307D0226135535AFE6B17CB; screenshot_sha256=6D1F6121DC2EB0D1A18A46C297E6BDCE98A1CFEBAD1CA974AEA46A3D700D4A63,PyJHora 4.8.7 Tier B isolated export; Raman ayanamsa; wheel sha256 D8D8014573A38DDEFEDCAE57D3B8D84687CAC2AD31BB5B1DD70D945906A4D54D; event civil timezone; Tokyo reference coordinates; Dig uses _dig_bala(method=2) canonical bounded circular-distance variant because the package default method=1 can exceed 60 virupa
GANN_JHORA_KAALA_WITNESS_COMPARATOR_V1,gann_reference_tokyo,SATURN,masa,0.000000000,0.000000000,0.000000000,0.000000000,0.000000000,0.000000000,0.000000000,pass,pass,tie,0.500000000,Jagannatha Hora 8.0 locked visible Kaala Bala table; accessibility_sha256=6C2A814D51037C8FD174B08E846A7FF9F4A064716307D0226135535AFE6B17CB; screenshot_sha256=6D1F6121DC2EB0D1A18A46C297E6BDCE98A1CFEBAD1CA974AEA46A3D700D4A63,PyJHora 4.8.7 Tier B isolated export; Raman ayanamsa; wheel sha256 D8D8014573A38DDEFEDCAE57D3B8D84687CAC2AD31BB5B1DD70D945906A4D54D; event civil timezone; Tokyo reference coordinates; Dig uses _dig_bala(method=2) canonical bounded circular-distance variant because the package default method=1 can exceed 60 virupa
GANN_JHORA_KAALA_WITNESS_COMPARATOR_V1,gann_reference_tokyo,SATURN,nathonnatha,57.850000000,58.449900000,60.370000000,-0.599900000,-2.520000000,0.599900000,2.520000000,fail,fail,local,0.500000000,Jagannatha Hora 8.0 locked visible Kaala Bala table; accessibility_sha256=6C2A814D51037C8FD174B08E846A7FF9F4A064716307D0226135535AFE6B17CB; screenshot_sha256=6D1F6121DC2EB0D1A18A46C297E6BDCE98A1CFEBAD1CA974AEA46A3D700D4A63,PyJHora 4.8.7 Tier B isolated export; Raman ayanamsa; wheel sha256 D8D8014573A38DDEFEDCAE57D3B8D84687CAC2AD31BB5B1DD70D945906A4D54D; event civil timezone; Tokyo reference coordinates; Dig uses _dig_bala(method=2) canonical bounded circular-distance variant because the package default method=1 can exceed 60 virupa
GANN_JHORA_KAALA_WITNESS_COMPARATOR_V1,gann_reference_tokyo,SATURN,paksha,20.060000000,20.061770951,-20.060000000,-0.001770951,40.120000000,0.001770951,40.120000000,pass,fail,local,0.500000000,Jagannatha Hora 8.0 locked visible Kaala Bala table; accessibility_sha256=6C2A814D51037C8FD174B08E846A7FF9F4A064716307D0226135535AFE6B17CB; screenshot_sha256=6D1F6121DC2EB0D1A18A46C297E6BDCE98A1CFEBAD1CA974AEA46A3D700D4A63,PyJHora 4.8.7 Tier B isolated export; Raman ayanamsa; wheel sha256 D8D8014573A38DDEFEDCAE57D3B8D84687CAC2AD31BB5B1DD70D945906A4D54D; event civil timezone; Tokyo reference coordinates; Dig uses _dig_bala(method=2) canonical bounded circular-distance variant because the package default method=1 can exceed 60 virupa
GANN_JHORA_KAALA_WITNESS_COMPARATOR_V1,gann_reference_tokyo,SATURN,total,88.550000000,86.762625718,50.010000000,1.787374282,38.540000000,1.787374282,38.540000000,fail,fail,local,0.500000000,Jagannatha Hora 8.0 locked visible Kaala Bala table; accessibility_sha256=6C2A814D51037C8FD174B08E846A7FF9F4A064716307D0226135535AFE6B17CB; screenshot_sha256=6D1F6121DC2EB0D1A18A46C297E6BDCE98A1CFEBAD1CA974AEA46A3D700D4A63,PyJHora 4.8.7 Tier B isolated export; Raman ayanamsa; wheel sha256 D8D8014573A38DDEFEDCAE57D3B8D84687CAC2AD31BB5B1DD70D945906A4D54D; event civil timezone; Tokyo reference coordinates; Dig uses _dig_bala(method=2) canonical bounded circular-distance variant because the package default method=1 can exceed 60 virupa
GANN_JHORA_KAALA_WITNESS_COMPARATOR_V1,gann_reference_tokyo,SATURN,tribhaga,0.000000000,0.000000000,0.000000000,0.000000000,0.000000000,0.000000000,0.000000000,pass,pass,tie,0.500000000,Jagannatha Hora 8.0 locked visible Kaala Bala table; accessibility_sha256=6C2A814D51037C8FD174B08E846A7FF9F4A064716307D0226135535AFE6B17CB; screenshot_sha256=6D1F6121DC2EB0D1A18A46C297E6BDCE98A1CFEBAD1CA974AEA46A3D700D4A63,PyJHora 4.8.7 Tier B isolated export; Raman ayanamsa; wheel sha256 D8D8014573A38DDEFEDCAE57D3B8D84687CAC2AD31BB5B1DD70D945906A4D54D; event civil timezone; Tokyo reference coordinates; Dig uses _dig_bala(method=2) canonical bounded circular-distance variant because the package default method=1 can exceed 60 virupa
GANN_JHORA_KAALA_WITNESS_COMPARATOR_V1,gann_reference_tokyo,SATURN,vara,0.000000000,0.000000000,0.000000000,0.000000000,0.000000000,0.000000000,0.000000000,pass,pass,tie,0.500000000,Jagannatha Hora 8.0 locked visible Kaala Bala table; accessibility_sha256=6C2A814D51037C8FD174B08E846A7FF9F4A064716307D0226135535AFE6B17CB; screenshot_sha256=6D1F6121DC2EB0D1A18A46C297E6BDCE98A1CFEBAD1CA974AEA46A3D700D4A63,PyJHora 4.8.7 Tier B isolated export; Raman ayanamsa; wheel sha256 D8D8014573A38DDEFEDCAE57D3B8D84687CAC2AD31BB5B1DD70D945906A4D54D; event civil timezone; Tokyo reference coordinates; Dig uses _dig_bala(method=2) canonical bounded circular-distance variant because the package default method=1 can exceed 60 virupa
GANN_JHORA_KAALA_WITNESS_COMPARATOR_V1,gann_reference_tokyo,SATURN,yuddha,0.000000000,0.000000000,0.000000000,0.000000000,0.000000000,0.000000000,0.000000000,pass,pass,tie,0.500000000,Jagannatha Hora 8.0 locked visible Kaala Bala table; accessibility_sha256=6C2A814D51037C8FD174B08E846A7FF9F4A064716307D0226135535AFE6B17CB; screenshot_sha256=6D1F6121DC2EB0D1A18A46C297E6BDCE98A1CFEBAD1CA974AEA46A3D700D4A63,PyJHora 4.8.7 Tier B isolated export; Raman ayanamsa; wheel sha256 D8D8014573A38DDEFEDCAE57D3B8D84687CAC2AD31BB5B1DD70D945906A4D54D; event civil timezone; Tokyo reference coordinates; Dig uses _dig_bala(method=2) canonical bounded circular-distance variant because the package default method=1 can exceed 60 virupa
GANN_JHORA_KAALA_WITNESS_COMPARATOR_V1,gann_reference_tokyo,SUN,abda,15.000000000,15.000000000,15.000000000,0.000000000,0.000000000,0.000000000,0.000000000,pass,pass,tie,0.500000000,Jagannatha Hora 8.0 locked visible Kaala Bala table; accessibility_sha256=6C2A814D51037C8FD174B08E846A7FF9F4A064716307D0226135535AFE6B17CB; screenshot_sha256=6D1F6121DC2EB0D1A18A46C297E6BDCE98A1CFEBAD1CA974AEA46A3D700D4A63,PyJHora 4.8.7 Tier B isolated export; Raman ayanamsa; wheel sha256 D8D8014573A38DDEFEDCAE57D3B8D84687CAC2AD31BB5B1DD70D945906A4D54D; event civil timezone; Tokyo reference coordinates; Dig uses _dig_bala(method=2) canonical bounded circular-distance variant because the package default method=1 can exceed 60 virupa
GANN_JHORA_KAALA_WITNESS_COMPARATOR_V1,gann_reference_tokyo,SUN,ayana,25.950000000,23.817796467,23.920000000,2.132203533,2.030000000,2.132203533,2.030000000,fail,fail,pyjhora,0.500000000,Jagannatha Hora 8.0 locked visible Kaala Bala table; accessibility_sha256=6C2A814D51037C8FD174B08E846A7FF9F4A064716307D0226135535AFE6B17CB; screenshot_sha256=6D1F6121DC2EB0D1A18A46C297E6BDCE98A1CFEBAD1CA974AEA46A3D700D4A63,PyJHora 4.8.7 Tier B isolated export; Raman ayanamsa; wheel sha256 D8D8014573A38DDEFEDCAE57D3B8D84687CAC2AD31BB5B1DD70D945906A4D54D; event civil timezone; Tokyo reference coordinates; Dig uses _dig_bala(method=2) canonical bounded circular-distance variant because the package default method=1 can exceed 60 virupa
GANN_JHORA_KAALA_WITNESS_COMPARATOR_V1,gann_reference_tokyo,SUN,hora,0.000000000,0.000000000,0.000000000,0.000000000,0.000000000,0.000000000,0.000000000,pass,pass,tie,0.500000000,Jagannatha Hora 8.0 locked visible Kaala Bala table; accessibility_sha256=6C2A814D51037C8FD174B08E846A7FF9F4A064716307D0226135535AFE6B17CB; screenshot_sha256=6D1F6121DC2EB0D1A18A46C297E6BDCE98A1CFEBAD1CA974AEA46A3D700D4A63,PyJHora 4.8.7 Tier B isolated export; Raman ayanamsa; wheel sha256 D8D8014573A38DDEFEDCAE57D3B8D84687CAC2AD31BB5B1DD70D945906A4D54D; event civil timezone; Tokyo reference coordinates; Dig uses _dig_bala(method=2) canonical bounded circular-distance variant because the package default method=1 can exceed 60 virupa
GANN_JHORA_KAALA_WITNESS_COMPARATOR_V1,gann_reference_tokyo,SUN,masa,0.000000000,0.000000000,0.000000000,0.000000000,0.000000000,0.000000000,0.000000000,pass,pass,tie,0.500000000,Jagannatha Hora 8.0 locked visible Kaala Bala table; accessibility_sha256=6C2A814D51037C8FD174B08E846A7FF9F4A064716307D0226135535AFE6B17CB; screenshot_sha256=6D1F6121DC2EB0D1A18A46C297E6BDCE98A1CFEBAD1CA974AEA46A3D700D4A63,PyJHora 4.8.7 Tier B isolated export; Raman ayanamsa; wheel sha256 D8D8014573A38DDEFEDCAE57D3B8D84687CAC2AD31BB5B1DD70D945906A4D54D; event civil timezone; Tokyo reference coordinates; Dig uses _dig_bala(method=2) canonical bounded circular-distance variant because the package default method=1 can exceed 60 virupa
GANN_JHORA_KAALA_WITNESS_COMPARATOR_V1,gann_reference_tokyo,SUN,nathonnatha,2.150000000,1.550100000,-0.370000000,0.599900000,2.520000000,0.599900000,2.520000000,fail,fail,local,0.500000000,Jagannatha Hora 8.0 locked visible Kaala Bala table; accessibility_sha256=6C2A814D51037C8FD174B08E846A7FF9F4A064716307D0226135535AFE6B17CB; screenshot_sha256=6D1F6121DC2EB0D1A18A46C297E6BDCE98A1CFEBAD1CA974AEA46A3D700D4A63,PyJHora 4.8.7 Tier B isolated export; Raman ayanamsa; wheel sha256 D8D8014573A38DDEFEDCAE57D3B8D84687CAC2AD31BB5B1DD70D945906A4D54D; event civil timezone; Tokyo reference coordinates; Dig uses _dig_bala(method=2) canonical bounded circular-distance variant because the package default method=1 can exceed 60 virupa
GANN_JHORA_KAALA_WITNESS_COMPARATOR_V1,gann_reference_tokyo,SUN,paksha,20.060000000,20.061770951,-20.060000000,-0.001770951,40.120000000,0.001770951,40.120000000,pass,fail,local,0.500000000,Jagannatha Hora 8.0 locked visible Kaala Bala table; accessibility_sha256=6C2A814D51037C8FD174B08E846A7FF9F4A064716307D0226135535AFE6B17CB; screenshot_sha256=6D1F6121DC2EB0D1A18A46C297E6BDCE98A1CFEBAD1CA974AEA46A3D700D4A63,PyJHora 4.8.7 Tier B isolated export; Raman ayanamsa; wheel sha256 D8D8014573A38DDEFEDCAE57D3B8D84687CAC2AD31BB5B1DD70D945906A4D54D; event civil timezone; Tokyo reference coordinates; Dig uses _dig_bala(method=2) canonical bounded circular-distance variant because the package default method=1 can exceed 60 virupa
GANN_JHORA_KAALA_WITNESS_COMPARATOR_V1,gann_reference_tokyo,SUN,total,108.160000000,105.429667418,63.490000000,2.730332582,44.670000000,2.730332582,44.670000000,fail,fail,local,0.500000000,Jagannatha Hora 8.0 locked visible Kaala Bala table; accessibility_sha256=6C2A814D51037C8FD174B08E846A7FF9F4A064716307D0226135535AFE6B17CB; screenshot_sha256=6D1F6121DC2EB0D1A18A46C297E6BDCE98A1CFEBAD1CA974AEA46A3D700D4A63,PyJHora 4.8.7 Tier B isolated export; Raman ayanamsa; wheel sha256 D8D8014573A38DDEFEDCAE57D3B8D84687CAC2AD31BB5B1DD70D945906A4D54D; event civil timezone; Tokyo reference coordinates; Dig uses _dig_bala(method=2) canonical bounded circular-distance variant because the package default method=1 can exceed 60 virupa
GANN_JHORA_KAALA_WITNESS_COMPARATOR_V1,gann_reference_tokyo,SUN,tribhaga,0.000000000,0.000000000,0.000000000,0.000000000,0.000000000,0.000000000,0.000000000,pass,pass,tie,0.500000000,Jagannatha Hora 8.0 locked visible Kaala Bala table; accessibility_sha256=6C2A814D51037C8FD174B08E846A7FF9F4A064716307D0226135535AFE6B17CB; screenshot_sha256=6D1F6121DC2EB0D1A18A46C297E6BDCE98A1CFEBAD1CA974AEA46A3D700D4A63,PyJHora 4.8.7 Tier B isolated export; Raman ayanamsa; wheel sha256 D8D8014573A38DDEFEDCAE57D3B8D84687CAC2AD31BB5B1DD70D945906A4D54D; event civil timezone; Tokyo reference coordinates; Dig uses _dig_bala(method=2) canonical bounded circular-distance variant because the package default method=1 can exceed 60 virupa
GANN_JHORA_KAALA_WITNESS_COMPARATOR_V1,gann_reference_tokyo,SUN,vara,45.000000000,45.000000000,45.000000000,0.000000000,0.000000000,0.000000000,0.000000000,pass,pass,tie,0.500000000,Jagannatha Hora 8.0 locked visible Kaala Bala table; accessibility_sha256=6C2A814D51037C8FD174B08E846A7FF9F4A064716307D0226135535AFE6B17CB; screenshot_sha256=6D1F6121DC2EB0D1A18A46C297E6BDCE98A1CFEBAD1CA974AEA46A3D700D4A63,PyJHora 4.8.7 Tier B isolated export; Raman ayanamsa; wheel sha256 D8D8014573A38DDEFEDCAE57D3B8D84687CAC2AD31BB5B1DD70D945906A4D54D; event civil timezone; Tokyo reference coordinates; Dig uses _dig_bala(method=2) canonical bounded circular-distance variant because the package default method=1 can exceed 60 virupa
GANN_JHORA_KAALA_WITNESS_COMPARATOR_V1,gann_reference_tokyo,SUN,yuddha,0.000000000,0.000000000,0.000000000,0.000000000,0.000000000,0.000000000,0.000000000,pass,pass,tie,0.500000000,Jagannatha Hora 8.0 locked visible Kaala Bala table; accessibility_sha256=6C2A814D51037C8FD174B08E846A7FF9F4A064716307D0226135535AFE6B17CB; screenshot_sha256=6D1F6121DC2EB0D1A18A46C297E6BDCE98A1CFEBAD1CA974AEA46A3D700D4A63,PyJHora 4.8.7 Tier B isolated export; Raman ayanamsa; wheel sha256 D8D8014573A38DDEFEDCAE57D3B8D84687CAC2AD31BB5B1DD70D945906A4D54D; event civil timezone; Tokyo reference coordinates; Dig uses _dig_bala(method=2) canonical bounded circular-distance variant because the package default method=1 can exceed 60 virupa
GANN_JHORA_KAALA_WITNESS_COMPARATOR_V1,gann_reference_tokyo,VENUS,abda,0.000000000,0.000000000,0.000000000,0.000000000,0.000000000,0.000000000,0.000000000,pass,pass,tie,0.500000000,Jagannatha Hora 8.0 locked visible Kaala Bala table; accessibility_sha256=6C2A814D51037C8FD174B08E846A7FF9F4A064716307D0226135535AFE6B17CB; screenshot_sha256=6D1F6121DC2EB0D1A18A46C297E6BDCE98A1CFEBAD1CA974AEA46A3D700D4A63,PyJHora 4.8.7 Tier B isolated export; Raman ayanamsa; wheel sha256 D8D8014573A38DDEFEDCAE57D3B8D84687CAC2AD31BB5B1DD70D945906A4D54D; event civil timezone; Tokyo reference coordinates; Dig uses _dig_bala(method=2) canonical bounded circular-distance variant because the package default method=1 can exceed 60 virupa
GANN_JHORA_KAALA_WITNESS_COMPARATOR_V1,gann_reference_tokyo,VENUS,ayana,35.370000000,35.410052031,25.680000000,-0.040052031,9.690000000,0.040052031,9.690000000,pass,fail,local,0.500000000,Jagannatha Hora 8.0 locked visible Kaala Bala table; accessibility_sha256=6C2A814D51037C8FD174B08E846A7FF9F4A064716307D0226135535AFE6B17CB; screenshot_sha256=6D1F6121DC2EB0D1A18A46C297E6BDCE98A1CFEBAD1CA974AEA46A3D700D4A63,PyJHora 4.8.7 Tier B isolated export; Raman ayanamsa; wheel sha256 D8D8014573A38DDEFEDCAE57D3B8D84687CAC2AD31BB5B1DD70D945906A4D54D; event civil timezone; Tokyo reference coordinates; Dig uses _dig_bala(method=2) canonical bounded circular-distance variant because the package default method=1 can exceed 60 virupa
GANN_JHORA_KAALA_WITNESS_COMPARATOR_V1,gann_reference_tokyo,VENUS,hora,0.000000000,0.000000000,60.000000000,0.000000000,-60.000000000,0.000000000,60.000000000,pass,fail,local,0.500000000,Jagannatha Hora 8.0 locked visible Kaala Bala table; accessibility_sha256=6C2A814D51037C8FD174B08E846A7FF9F4A064716307D0226135535AFE6B17CB; screenshot_sha256=6D1F6121DC2EB0D1A18A46C297E6BDCE98A1CFEBAD1CA974AEA46A3D700D4A63,PyJHora 4.8.7 Tier B isolated export; Raman ayanamsa; wheel sha256 D8D8014573A38DDEFEDCAE57D3B8D84687CAC2AD31BB5B1DD70D945906A4D54D; event civil timezone; Tokyo reference coordinates; Dig uses _dig_bala(method=2) canonical bounded circular-distance variant because the package default method=1 can exceed 60 virupa
GANN_JHORA_KAALA_WITNESS_COMPARATOR_V1,gann_reference_tokyo,VENUS,masa,0.000000000,0.000000000,0.000000000,0.000000000,0.000000000,0.000000000,0.000000000,pass,pass,tie,0.500000000,Jagannatha Hora 8.0 locked visible Kaala Bala table; accessibility_sha256=6C2A814D51037C8FD174B08E846A7FF9F4A064716307D0226135535AFE6B17CB; screenshot_sha256=6D1F6121DC2EB0D1A18A46C297E6BDCE98A1CFEBAD1CA974AEA46A3D700D4A63,PyJHora 4.8.7 Tier B isolated export; Raman ayanamsa; wheel sha256 D8D8014573A38DDEFEDCAE57D3B8D84687CAC2AD31BB5B1DD70D945906A4D54D; event civil timezone; Tokyo reference coordinates; Dig uses _dig_bala(method=2) canonical bounded circular-distance variant because the package default method=1 can exceed 60 virupa
GANN_JHORA_KAALA_WITNESS_COMPARATOR_V1,gann_reference_tokyo,VENUS,nathonnatha,2.150000000,1.550100000,-0.370000000,0.599900000,2.520000000,0.599900000,2.520000000,fail,fail,local,0.500000000,Jagannatha Hora 8.0 locked visible Kaala Bala table; accessibility_sha256=6C2A814D51037C8FD174B08E846A7FF9F4A064716307D0226135535AFE6B17CB; screenshot_sha256=6D1F6121DC2EB0D1A18A46C297E6BDCE98A1CFEBAD1CA974AEA46A3D700D4A63,PyJHora 4.8.7 Tier B isolated export; Raman ayanamsa; wheel sha256 D8D8014573A38DDEFEDCAE57D3B8D84687CAC2AD31BB5B1DD70D945906A4D54D; event civil timezone; Tokyo reference coordinates; Dig uses _dig_bala(method=2) canonical bounded circular-distance variant because the package default method=1 can exceed 60 virupa
GANN_JHORA_KAALA_WITNESS_COMPARATOR_V1,gann_reference_tokyo,VENUS,paksha,39.940000000,39.938229049,80.060000000,0.001770951,-40.120000000,0.001770951,40.120000000,pass,fail,local,0.500000000,Jagannatha Hora 8.0 locked visible Kaala Bala table; accessibility_sha256=6C2A814D51037C8FD174B08E846A7FF9F4A064716307D0226135535AFE6B17CB; screenshot_sha256=6D1F6121DC2EB0D1A18A46C297E6BDCE98A1CFEBAD1CA974AEA46A3D700D4A63,PyJHora 4.8.7 Tier B isolated export; Raman ayanamsa; wheel sha256 D8D8014573A38DDEFEDCAE57D3B8D84687CAC2AD31BB5B1DD70D945906A4D54D; event civil timezone; Tokyo reference coordinates; Dig uses _dig_bala(method=2) canonical bounded circular-distance variant because the package default method=1 can exceed 60 virupa
GANN_JHORA_KAALA_WITNESS_COMPARATOR_V1,gann_reference_tokyo,VENUS,total,137.460000000,136.898381081,225.370000000,0.561618919,-87.910000000,0.561618919,87.910000000,fail,fail,local,0.500000000,Jagannatha Hora 8.0 locked visible Kaala Bala table; accessibility_sha256=6C2A814D51037C8FD174B08E846A7FF9F4A064716307D0226135535AFE6B17CB; screenshot_sha256=6D1F6121DC2EB0D1A18A46C297E6BDCE98A1CFEBAD1CA974AEA46A3D700D4A63,PyJHora 4.8.7 Tier B isolated export; Raman ayanamsa; wheel sha256 D8D8014573A38DDEFEDCAE57D3B8D84687CAC2AD31BB5B1DD70D945906A4D54D; event civil timezone; Tokyo reference coordinates; Dig uses _dig_bala(method=2) canonical bounded circular-distance variant because the package default method=1 can exceed 60 virupa
GANN_JHORA_KAALA_WITNESS_COMPARATOR_V1,gann_reference_tokyo,VENUS,tribhaga,60.000000000,60.000000000,60.000000000,0.000000000,0.000000000,0.000000000,0.000000000,pass,pass,tie,0.500000000,Jagannatha Hora 8.0 locked visible Kaala Bala table; accessibility_sha256=6C2A814D51037C8FD174B08E846A7FF9F4A064716307D0226135535AFE6B17CB; screenshot_sha256=6D1F6121DC2EB0D1A18A46C297E6BDCE98A1CFEBAD1CA974AEA46A3D700D4A63,PyJHora 4.8.7 Tier B isolated export; Raman ayanamsa; wheel sha256 D8D8014573A38DDEFEDCAE57D3B8D84687CAC2AD31BB5B1DD70D945906A4D54D; event civil timezone; Tokyo reference coordinates; Dig uses _dig_bala(method=2) canonical bounded circular-distance variant because the package default method=1 can exceed 60 virupa
GANN_JHORA_KAALA_WITNESS_COMPARATOR_V1,gann_reference_tokyo,VENUS,vara,0.000000000,0.000000000,0.000000000,0.000000000,0.000000000,0.000000000,0.000000000,pass,pass,tie,0.500000000,Jagannatha Hora 8.0 locked visible Kaala Bala table; accessibility_sha256=6C2A814D51037C8FD174B08E846A7FF9F4A064716307D0226135535AFE6B17CB; screenshot_sha256=6D1F6121DC2EB0D1A18A46C297E6BDCE98A1CFEBAD1CA974AEA46A3D700D4A63,PyJHora 4.8.7 Tier B isolated export; Raman ayanamsa; wheel sha256 D8D8014573A38DDEFEDCAE57D3B8D84687CAC2AD31BB5B1DD70D945906A4D54D; event civil timezone; Tokyo reference coordinates; Dig uses _dig_bala(method=2) canonical bounded circular-distance variant because the package default method=1 can exceed 60 virupa
GANN_JHORA_KAALA_WITNESS_COMPARATOR_V1,gann_reference_tokyo,VENUS,yuddha,0.000000000,0.000000000,0.000000000,0.000000000,0.000000000,0.000000000,0.000000000,pass,pass,tie,0.500000000,Jagannatha Hora 8.0 locked visible Kaala Bala table; accessibility_sha256=6C2A814D51037C8FD174B08E846A7FF9F4A064716307D0226135535AFE6B17CB; screenshot_sha256=6D1F6121DC2EB0D1A18A46C297E6BDCE98A1CFEBAD1CA974AEA46A3D700D4A63,PyJHora 4.8.7 Tier B isolated export; Raman ayanamsa; wheel sha256 D8D8014573A38DDEFEDCAE57D3B8D84687CAC2AD31BB5B1DD70D945906A4D54D; event civil timezone; Tokyo reference coordinates; Dig uses _dig_bala(method=2) canonical bounded circular-distance variant because the package default method=1 can exceed 60 virupa
