sample_id,planet,measure,external_value_virupa,source
case_8_event_start,SUN,nathonnatha,40.650000000,PyJHora 4.8.7 Tier B isolated export; Raman ayanamsa; wheel sha256 D8D8014573A38DDEFEDCAE57D3B8D84687CAC2AD31BB5B1DD70D945906A4D54D; event civil timezone; Tokyo reference coordinates; Dig uses _dig_bala(method=2) canonical bounded circular-distance variant because the package default method=1 can exceed 60 virupa
case_8_event_start,MOON,nathonnatha,19.350000000,PyJHora 4.8.7 Tier B isolated export; Raman ayanamsa; wheel sha256 D8D8014573A38DDEFEDCAE57D3B8D84687CAC2AD31BB5B1DD70D945906A4D54D; event civil timezone; Tokyo reference coordinates; Dig uses _dig_bala(method=2) canonical bounded circular-distance variant because the package default method=1 can exceed 60 virupa
case_8_event_start,MARS,nathonnatha,19.350000000,PyJHora 4.8.7 Tier B isolated export; Raman ayanamsa; wheel sha256 D8D8014573A38DDEFEDCAE57D3B8D84687CAC2AD31BB5B1DD70D945906A4D54D; event civil timezone; Tokyo reference coordinates; Dig uses _dig_bala(method=2) canonical bounded circular-distance variant because the package default method=1 can exceed 60 virupa
case_8_event_start,MERCURY,nathonnatha,60.000000000,PyJHora 4.8.7 Tier B isolated export; Raman ayanamsa; wheel sha256 D8D8014573A38DDEFEDCAE57D3B8D84687CAC2AD31BB5B1DD70D945906A4D54D; event civil timezone; Tokyo reference coordinates; Dig uses _dig_bala(method=2) canonical bounded circular-distance variant because the package default method=1 can exceed 60 virupa
case_8_event_start,JUPITER,nathonnatha,40.650000000,PyJHora 4.8.7 Tier B isolated export; Raman ayanamsa; wheel sha256 D8D8014573A38DDEFEDCAE57D3B8D84687CAC2AD31BB5B1DD70D945906A4D54D; event civil timezone; Tokyo reference coordinates; Dig uses _dig_bala(method=2) canonical bounded circular-distance variant because the package default method=1 can exceed 60 virupa
case_8_event_start,VENUS,nathonnatha,40.650000000,PyJHora 4.8.7 Tier B isolated export; Raman ayanamsa; wheel sha256 D8D8014573A38DDEFEDCAE57D3B8D84687CAC2AD31BB5B1DD70D945906A4D54D; event civil timezone; Tokyo reference coordinates; Dig uses _dig_bala(method=2) canonical bounded circular-distance variant because the package default method=1 can exceed 60 virupa
case_8_event_start,SATURN,nathonnatha,19.350000000,PyJHora 4.8.7 Tier B isolated export; Raman ayanamsa; wheel sha256 D8D8014573A38DDEFEDCAE57D3B8D84687CAC2AD31BB5B1DD70D945906A4D54D; event civil timezone; Tokyo reference coordinates; Dig uses _dig_bala(method=2) canonical bounded circular-distance variant because the package default method=1 can exceed 60 virupa
case_8_event_start,SUN,paksha,-26.220000000,PyJHora 4.8.7 Tier B isolated export; Raman ayanamsa; wheel sha256 D8D8014573A38DDEFEDCAE57D3B8D84687CAC2AD31BB5B1DD70D945906A4D54D; event civil timezone; Tokyo reference coordinates; Dig uses _dig_bala(method=2) canonical bounded circular-distance variant because the package default method=1 can exceed 60 virupa
case_8_event_start,MOON,paksha,172.440000000,PyJHora 4.8.7 Tier B isolated export; Raman ayanamsa; wheel sha256 D8D8014573A38DDEFEDCAE57D3B8D84687CAC2AD31BB5B1DD70D945906A4D54D; event civil timezone; Tokyo reference coordinates; Dig uses _dig_bala(method=2) canonical bounded circular-distance variant because the package default method=1 can exceed 60 virupa
case_8_event_start,MARS,paksha,-26.220000000,PyJHora 4.8.7 Tier B isolated export; Raman ayanamsa; wheel sha256 D8D8014573A38DDEFEDCAE57D3B8D84687CAC2AD31BB5B1DD70D945906A4D54D; event civil timezone; Tokyo reference coordinates; Dig uses _dig_bala(method=2) canonical bounded circular-distance variant because the package default method=1 can exceed 60 virupa
case_8_event_start,MERCURY,paksha,86.220000000,PyJHora 4.8.7 Tier B isolated export; Raman ayanamsa; wheel sha256 D8D8014573A38DDEFEDCAE57D3B8D84687CAC2AD31BB5B1DD70D945906A4D54D; event civil timezone; Tokyo reference coordinates; Dig uses _dig_bala(method=2) canonical bounded circular-distance variant because the package default method=1 can exceed 60 virupa
case_8_event_start,JUPITER,paksha,86.220000000,PyJHora 4.8.7 Tier B isolated export; Raman ayanamsa; wheel sha256 D8D8014573A38DDEFEDCAE57D3B8D84687CAC2AD31BB5B1DD70D945906A4D54D; event civil timezone; Tokyo reference coordinates; Dig uses _dig_bala(method=2) canonical bounded circular-distance variant because the package default method=1 can exceed 60 virupa
case_8_event_start,VENUS,paksha,86.220000000,PyJHora 4.8.7 Tier B isolated export; Raman ayanamsa; wheel sha256 D8D8014573A38DDEFEDCAE57D3B8D84687CAC2AD31BB5B1DD70D945906A4D54D; event civil timezone; Tokyo reference coordinates; Dig uses _dig_bala(method=2) canonical bounded circular-distance variant because the package default method=1 can exceed 60 virupa
case_8_event_start,SATURN,paksha,-26.220000000,PyJHora 4.8.7 Tier B isolated export; Raman ayanamsa; wheel sha256 D8D8014573A38DDEFEDCAE57D3B8D84687CAC2AD31BB5B1DD70D945906A4D54D; event civil timezone; Tokyo reference coordinates; Dig uses _dig_bala(method=2) canonical bounded circular-distance variant because the package default method=1 can exceed 60 virupa
case_8_event_start,SUN,tribhaga,0.000000000,PyJHora 4.8.7 Tier B isolated export; Raman ayanamsa; wheel sha256 D8D8014573A38DDEFEDCAE57D3B8D84687CAC2AD31BB5B1DD70D945906A4D54D; event civil timezone; Tokyo reference coordinates; Dig uses _dig_bala(method=2) canonical bounded circular-distance variant because the package default method=1 can exceed 60 virupa
case_8_event_start,MOON,tribhaga,0.000000000,PyJHora 4.8.7 Tier B isolated export; Raman ayanamsa; wheel sha256 D8D8014573A38DDEFEDCAE57D3B8D84687CAC2AD31BB5B1DD70D945906A4D54D; event civil timezone; Tokyo reference coordinates; Dig uses _dig_bala(method=2) canonical bounded circular-distance variant because the package default method=1 can exceed 60 virupa
case_8_event_start,MARS,tribhaga,0.000000000,PyJHora 4.8.7 Tier B isolated export; Raman ayanamsa; wheel sha256 D8D8014573A38DDEFEDCAE57D3B8D84687CAC2AD31BB5B1DD70D945906A4D54D; event civil timezone; Tokyo reference coordinates; Dig uses _dig_bala(method=2) canonical bounded circular-distance variant because the package default method=1 can exceed 60 virupa
case_8_event_start,MERCURY,tribhaga,0.000000000,PyJHora 4.8.7 Tier B isolated export; Raman ayanamsa; wheel sha256 D8D8014573A38DDEFEDCAE57D3B8D84687CAC2AD31BB5B1DD70D945906A4D54D; event civil timezone; Tokyo reference coordinates; Dig uses _dig_bala(method=2) canonical bounded circular-distance variant because the package default method=1 can exceed 60 virupa
case_8_event_start,JUPITER,tribhaga,60.000000000,PyJHora 4.8.7 Tier B isolated export; Raman ayanamsa; wheel sha256 D8D8014573A38DDEFEDCAE57D3B8D84687CAC2AD31BB5B1DD70D945906A4D54D; event civil timezone; Tokyo reference coordinates; Dig uses _dig_bala(method=2) canonical bounded circular-distance variant because the package default method=1 can exceed 60 virupa
case_8_event_start,VENUS,tribhaga,60.000000000,PyJHora 4.8.7 Tier B isolated export; Raman ayanamsa; wheel sha256 D8D8014573A38DDEFEDCAE57D3B8D84687CAC2AD31BB5B1DD70D945906A4D54D; event civil timezone; Tokyo reference coordinates; Dig uses _dig_bala(method=2) canonical bounded circular-distance variant because the package default method=1 can exceed 60 virupa
case_8_event_start,SATURN,tribhaga,0.000000000,PyJHora 4.8.7 Tier B isolated export; Raman ayanamsa; wheel sha256 D8D8014573A38DDEFEDCAE57D3B8D84687CAC2AD31BB5B1DD70D945906A4D54D; event civil timezone; Tokyo reference coordinates; Dig uses _dig_bala(method=2) canonical bounded circular-distance variant because the package default method=1 can exceed 60 virupa
case_8_event_start,SUN,abda,0.000000000,PyJHora 4.8.7 Tier B isolated export; Raman ayanamsa; wheel sha256 D8D8014573A38DDEFEDCAE57D3B8D84687CAC2AD31BB5B1DD70D945906A4D54D; event civil timezone; Tokyo reference coordinates; Dig uses _dig_bala(method=2) canonical bounded circular-distance variant because the package default method=1 can exceed 60 virupa
case_8_event_start,MOON,abda,15.000000000,PyJHora 4.8.7 Tier B isolated export; Raman ayanamsa; wheel sha256 D8D8014573A38DDEFEDCAE57D3B8D84687CAC2AD31BB5B1DD70D945906A4D54D; event civil timezone; Tokyo reference coordinates; Dig uses _dig_bala(method=2) canonical bounded circular-distance variant because the package default method=1 can exceed 60 virupa
case_8_event_start,MARS,abda,0.000000000,PyJHora 4.8.7 Tier B isolated export; Raman ayanamsa; wheel sha256 D8D8014573A38DDEFEDCAE57D3B8D84687CAC2AD31BB5B1DD70D945906A4D54D; event civil timezone; Tokyo reference coordinates; Dig uses _dig_bala(method=2) canonical bounded circular-distance variant because the package default method=1 can exceed 60 virupa
case_8_event_start,MERCURY,abda,0.000000000,PyJHora 4.8.7 Tier B isolated export; Raman ayanamsa; wheel sha256 D8D8014573A38DDEFEDCAE57D3B8D84687CAC2AD31BB5B1DD70D945906A4D54D; event civil timezone; Tokyo reference coordinates; Dig uses _dig_bala(method=2) canonical bounded circular-distance variant because the package default method=1 can exceed 60 virupa
case_8_event_start,JUPITER,abda,0.000000000,PyJHora 4.8.7 Tier B isolated export; Raman ayanamsa; wheel sha256 D8D8014573A38DDEFEDCAE57D3B8D84687CAC2AD31BB5B1DD70D945906A4D54D; event civil timezone; Tokyo reference coordinates; Dig uses _dig_bala(method=2) canonical bounded circular-distance variant because the package default method=1 can exceed 60 virupa
case_8_event_start,VENUS,abda,0.000000000,PyJHora 4.8.7 Tier B isolated export; Raman ayanamsa; wheel sha256 D8D8014573A38DDEFEDCAE57D3B8D84687CAC2AD31BB5B1DD70D945906A4D54D; event civil timezone; Tokyo reference coordinates; Dig uses _dig_bala(method=2) canonical bounded circular-distance variant because the package default method=1 can exceed 60 virupa
case_8_event_start,SATURN,abda,0.000000000,PyJHora 4.8.7 Tier B isolated export; Raman ayanamsa; wheel sha256 D8D8014573A38DDEFEDCAE57D3B8D84687CAC2AD31BB5B1DD70D945906A4D54D; event civil timezone; Tokyo reference coordinates; Dig uses _dig_bala(method=2) canonical bounded circular-distance variant because the package default method=1 can exceed 60 virupa
case_8_event_start,SUN,masa,0.000000000,PyJHora 4.8.7 Tier B isolated export; Raman ayanamsa; wheel sha256 D8D8014573A38DDEFEDCAE57D3B8D84687CAC2AD31BB5B1DD70D945906A4D54D; event civil timezone; Tokyo reference coordinates; Dig uses _dig_bala(method=2) canonical bounded circular-distance variant because the package default method=1 can exceed 60 virupa
case_8_event_start,MOON,masa,0.000000000,PyJHora 4.8.7 Tier B isolated export; Raman ayanamsa; wheel sha256 D8D8014573A38DDEFEDCAE57D3B8D84687CAC2AD31BB5B1DD70D945906A4D54D; event civil timezone; Tokyo reference coordinates; Dig uses _dig_bala(method=2) canonical bounded circular-distance variant because the package default method=1 can exceed 60 virupa
case_8_event_start,MARS,masa,0.000000000,PyJHora 4.8.7 Tier B isolated export; Raman ayanamsa; wheel sha256 D8D8014573A38DDEFEDCAE57D3B8D84687CAC2AD31BB5B1DD70D945906A4D54D; event civil timezone; Tokyo reference coordinates; Dig uses _dig_bala(method=2) canonical bounded circular-distance variant because the package default method=1 can exceed 60 virupa
case_8_event_start,MERCURY,masa,30.000000000,PyJHora 4.8.7 Tier B isolated export; Raman ayanamsa; wheel sha256 D8D8014573A38DDEFEDCAE57D3B8D84687CAC2AD31BB5B1DD70D945906A4D54D; event civil timezone; Tokyo reference coordinates; Dig uses _dig_bala(method=2) canonical bounded circular-distance variant because the package default method=1 can exceed 60 virupa
case_8_event_start,JUPITER,masa,0.000000000,PyJHora 4.8.7 Tier B isolated export; Raman ayanamsa; wheel sha256 D8D8014573A38DDEFEDCAE57D3B8D84687CAC2AD31BB5B1DD70D945906A4D54D; event civil timezone; Tokyo reference coordinates; Dig uses _dig_bala(method=2) canonical bounded circular-distance variant because the package default method=1 can exceed 60 virupa
case_8_event_start,VENUS,masa,0.000000000,PyJHora 4.8.7 Tier B isolated export; Raman ayanamsa; wheel sha256 D8D8014573A38DDEFEDCAE57D3B8D84687CAC2AD31BB5B1DD70D945906A4D54D; event civil timezone; Tokyo reference coordinates; Dig uses _dig_bala(method=2) canonical bounded circular-distance variant because the package default method=1 can exceed 60 virupa
case_8_event_start,SATURN,masa,0.000000000,PyJHora 4.8.7 Tier B isolated export; Raman ayanamsa; wheel sha256 D8D8014573A38DDEFEDCAE57D3B8D84687CAC2AD31BB5B1DD70D945906A4D54D; event civil timezone; Tokyo reference coordinates; Dig uses _dig_bala(method=2) canonical bounded circular-distance variant because the package default method=1 can exceed 60 virupa
case_8_event_start,SUN,vara,0.000000000,PyJHora 4.8.7 Tier B isolated export; Raman ayanamsa; wheel sha256 D8D8014573A38DDEFEDCAE57D3B8D84687CAC2AD31BB5B1DD70D945906A4D54D; event civil timezone; Tokyo reference coordinates; Dig uses _dig_bala(method=2) canonical bounded circular-distance variant because the package default method=1 can exceed 60 virupa
case_8_event_start,MOON,vara,0.000000000,PyJHora 4.8.7 Tier B isolated export; Raman ayanamsa; wheel sha256 D8D8014573A38DDEFEDCAE57D3B8D84687CAC2AD31BB5B1DD70D945906A4D54D; event civil timezone; Tokyo reference coordinates; Dig uses _dig_bala(method=2) canonical bounded circular-distance variant because the package default method=1 can exceed 60 virupa
case_8_event_start,MARS,vara,0.000000000,PyJHora 4.8.7 Tier B isolated export; Raman ayanamsa; wheel sha256 D8D8014573A38DDEFEDCAE57D3B8D84687CAC2AD31BB5B1DD70D945906A4D54D; event civil timezone; Tokyo reference coordinates; Dig uses _dig_bala(method=2) canonical bounded circular-distance variant because the package default method=1 can exceed 60 virupa
case_8_event_start,MERCURY,vara,0.000000000,PyJHora 4.8.7 Tier B isolated export; Raman ayanamsa; wheel sha256 D8D8014573A38DDEFEDCAE57D3B8D84687CAC2AD31BB5B1DD70D945906A4D54D; event civil timezone; Tokyo reference coordinates; Dig uses _dig_bala(method=2) canonical bounded circular-distance variant because the package default method=1 can exceed 60 virupa
case_8_event_start,JUPITER,vara,0.000000000,PyJHora 4.8.7 Tier B isolated export; Raman ayanamsa; wheel sha256 D8D8014573A38DDEFEDCAE57D3B8D84687CAC2AD31BB5B1DD70D945906A4D54D; event civil timezone; Tokyo reference coordinates; Dig uses _dig_bala(method=2) canonical bounded circular-distance variant because the package default method=1 can exceed 60 virupa
case_8_event_start,VENUS,vara,45.000000000,PyJHora 4.8.7 Tier B isolated export; Raman ayanamsa; wheel sha256 D8D8014573A38DDEFEDCAE57D3B8D84687CAC2AD31BB5B1DD70D945906A4D54D; event civil timezone; Tokyo reference coordinates; Dig uses _dig_bala(method=2) canonical bounded circular-distance variant because the package default method=1 can exceed 60 virupa
case_8_event_start,SATURN,vara,0.000000000,PyJHora 4.8.7 Tier B isolated export; Raman ayanamsa; wheel sha256 D8D8014573A38DDEFEDCAE57D3B8D84687CAC2AD31BB5B1DD70D945906A4D54D; event civil timezone; Tokyo reference coordinates; Dig uses _dig_bala(method=2) canonical bounded circular-distance variant because the package default method=1 can exceed 60 virupa
case_8_event_start,SUN,hora,0.000000000,PyJHora 4.8.7 Tier B isolated export; Raman ayanamsa; wheel sha256 D8D8014573A38DDEFEDCAE57D3B8D84687CAC2AD31BB5B1DD70D945906A4D54D; event civil timezone; Tokyo reference coordinates; Dig uses _dig_bala(method=2) canonical bounded circular-distance variant because the package default method=1 can exceed 60 virupa
case_8_event_start,MOON,hora,0.000000000,PyJHora 4.8.7 Tier B isolated export; Raman ayanamsa; wheel sha256 D8D8014573A38DDEFEDCAE57D3B8D84687CAC2AD31BB5B1DD70D945906A4D54D; event civil timezone; Tokyo reference coordinates; Dig uses _dig_bala(method=2) canonical bounded circular-distance variant because the package default method=1 can exceed 60 virupa
case_8_event_start,MARS,hora,60.000000000,PyJHora 4.8.7 Tier B isolated export; Raman ayanamsa; wheel sha256 D8D8014573A38DDEFEDCAE57D3B8D84687CAC2AD31BB5B1DD70D945906A4D54D; event civil timezone; Tokyo reference coordinates; Dig uses _dig_bala(method=2) canonical bounded circular-distance variant because the package default method=1 can exceed 60 virupa
case_8_event_start,MERCURY,hora,0.000000000,PyJHora 4.8.7 Tier B isolated export; Raman ayanamsa; wheel sha256 D8D8014573A38DDEFEDCAE57D3B8D84687CAC2AD31BB5B1DD70D945906A4D54D; event civil timezone; Tokyo reference coordinates; Dig uses _dig_bala(method=2) canonical bounded circular-distance variant because the package default method=1 can exceed 60 virupa
case_8_event_start,JUPITER,hora,0.000000000,PyJHora 4.8.7 Tier B isolated export; Raman ayanamsa; wheel sha256 D8D8014573A38DDEFEDCAE57D3B8D84687CAC2AD31BB5B1DD70D945906A4D54D; event civil timezone; Tokyo reference coordinates; Dig uses _dig_bala(method=2) canonical bounded circular-distance variant because the package default method=1 can exceed 60 virupa
case_8_event_start,VENUS,hora,0.000000000,PyJHora 4.8.7 Tier B isolated export; Raman ayanamsa; wheel sha256 D8D8014573A38DDEFEDCAE57D3B8D84687CAC2AD31BB5B1DD70D945906A4D54D; event civil timezone; Tokyo reference coordinates; Dig uses _dig_bala(method=2) canonical bounded circular-distance variant because the package default method=1 can exceed 60 virupa
case_8_event_start,SATURN,hora,0.000000000,PyJHora 4.8.7 Tier B isolated export; Raman ayanamsa; wheel sha256 D8D8014573A38DDEFEDCAE57D3B8D84687CAC2AD31BB5B1DD70D945906A4D54D; event civil timezone; Tokyo reference coordinates; Dig uses _dig_bala(method=2) canonical bounded circular-distance variant because the package default method=1 can exceed 60 virupa
case_8_event_start,SUN,ayana,47.140000000,PyJHora 4.8.7 Tier B isolated export; Raman ayanamsa; wheel sha256 D8D8014573A38DDEFEDCAE57D3B8D84687CAC2AD31BB5B1DD70D945906A4D54D; event civil timezone; Tokyo reference coordinates; Dig uses _dig_bala(method=2) canonical bounded circular-distance variant because the package default method=1 can exceed 60 virupa
case_8_event_start,MOON,ayana,0.020000000,PyJHora 4.8.7 Tier B isolated export; Raman ayanamsa; wheel sha256 D8D8014573A38DDEFEDCAE57D3B8D84687CAC2AD31BB5B1DD70D945906A4D54D; event civil timezone; Tokyo reference coordinates; Dig uses _dig_bala(method=2) canonical bounded circular-distance variant because the package default method=1 can exceed 60 virupa
case_8_event_start,MARS,ayana,58.490000000,PyJHora 4.8.7 Tier B isolated export; Raman ayanamsa; wheel sha256 D8D8014573A38DDEFEDCAE57D3B8D84687CAC2AD31BB5B1DD70D945906A4D54D; event civil timezone; Tokyo reference coordinates; Dig uses _dig_bala(method=2) canonical bounded circular-distance variant because the package default method=1 can exceed 60 virupa
case_8_event_start,MERCURY,ayana,32.730000000,PyJHora 4.8.7 Tier B isolated export; Raman ayanamsa; wheel sha256 D8D8014573A38DDEFEDCAE57D3B8D84687CAC2AD31BB5B1DD70D945906A4D54D; event civil timezone; Tokyo reference coordinates; Dig uses _dig_bala(method=2) canonical bounded circular-distance variant because the package default method=1 can exceed 60 virupa
case_8_event_start,JUPITER,ayana,58.600000000,PyJHora 4.8.7 Tier B isolated export; Raman ayanamsa; wheel sha256 D8D8014573A38DDEFEDCAE57D3B8D84687CAC2AD31BB5B1DD70D945906A4D54D; event civil timezone; Tokyo reference coordinates; Dig uses _dig_bala(method=2) canonical bounded circular-distance variant because the package default method=1 can exceed 60 virupa
case_8_event_start,VENUS,ayana,24.850000000,PyJHora 4.8.7 Tier B isolated export; Raman ayanamsa; wheel sha256 D8D8014573A38DDEFEDCAE57D3B8D84687CAC2AD31BB5B1DD70D945906A4D54D; event civil timezone; Tokyo reference coordinates; Dig uses _dig_bala(method=2) canonical bounded circular-distance variant because the package default method=1 can exceed 60 virupa
case_8_event_start,SATURN,ayana,34.290000000,PyJHora 4.8.7 Tier B isolated export; Raman ayanamsa; wheel sha256 D8D8014573A38DDEFEDCAE57D3B8D84687CAC2AD31BB5B1DD70D945906A4D54D; event civil timezone; Tokyo reference coordinates; Dig uses _dig_bala(method=2) canonical bounded circular-distance variant because the package default method=1 can exceed 60 virupa
case_8_event_start,SUN,yuddha,0.000000000,PyJHora 4.8.7 Tier B isolated export; Raman ayanamsa; wheel sha256 D8D8014573A38DDEFEDCAE57D3B8D84687CAC2AD31BB5B1DD70D945906A4D54D; event civil timezone; Tokyo reference coordinates; Dig uses _dig_bala(method=2) canonical bounded circular-distance variant because the package default method=1 can exceed 60 virupa
case_8_event_start,MOON,yuddha,0.000000000,PyJHora 4.8.7 Tier B isolated export; Raman ayanamsa; wheel sha256 D8D8014573A38DDEFEDCAE57D3B8D84687CAC2AD31BB5B1DD70D945906A4D54D; event civil timezone; Tokyo reference coordinates; Dig uses _dig_bala(method=2) canonical bounded circular-distance variant because the package default method=1 can exceed 60 virupa
case_8_event_start,MARS,yuddha,0.000000000,PyJHora 4.8.7 Tier B isolated export; Raman ayanamsa; wheel sha256 D8D8014573A38DDEFEDCAE57D3B8D84687CAC2AD31BB5B1DD70D945906A4D54D; event civil timezone; Tokyo reference coordinates; Dig uses _dig_bala(method=2) canonical bounded circular-distance variant because the package default method=1 can exceed 60 virupa
case_8_event_start,MERCURY,yuddha,0.000000000,PyJHora 4.8.7 Tier B isolated export; Raman ayanamsa; wheel sha256 D8D8014573A38DDEFEDCAE57D3B8D84687CAC2AD31BB5B1DD70D945906A4D54D; event civil timezone; Tokyo reference coordinates; Dig uses _dig_bala(method=2) canonical bounded circular-distance variant because the package default method=1 can exceed 60 virupa
case_8_event_start,JUPITER,yuddha,0.000000000,PyJHora 4.8.7 Tier B isolated export; Raman ayanamsa; wheel sha256 D8D8014573A38DDEFEDCAE57D3B8D84687CAC2AD31BB5B1DD70D945906A4D54D; event civil timezone; Tokyo reference coordinates; Dig uses _dig_bala(method=2) canonical bounded circular-distance variant because the package default method=1 can exceed 60 virupa
case_8_event_start,VENUS,yuddha,0.000000000,PyJHora 4.8.7 Tier B isolated export; Raman ayanamsa; wheel sha256 D8D8014573A38DDEFEDCAE57D3B8D84687CAC2AD31BB5B1DD70D945906A4D54D; event civil timezone; Tokyo reference coordinates; Dig uses _dig_bala(method=2) canonical bounded circular-distance variant because the package default method=1 can exceed 60 virupa
case_8_event_start,SATURN,yuddha,0.000000000,PyJHora 4.8.7 Tier B isolated export; Raman ayanamsa; wheel sha256 D8D8014573A38DDEFEDCAE57D3B8D84687CAC2AD31BB5B1DD70D945906A4D54D; event civil timezone; Tokyo reference coordinates; Dig uses _dig_bala(method=2) canonical bounded circular-distance variant because the package default method=1 can exceed 60 virupa
case_8_event_start,SUN,total,61.570000000,PyJHora 4.8.7 Tier B isolated export; Raman ayanamsa; wheel sha256 D8D8014573A38DDEFEDCAE57D3B8D84687CAC2AD31BB5B1DD70D945906A4D54D; event civil timezone; Tokyo reference coordinates; Dig uses _dig_bala(method=2) canonical bounded circular-distance variant because the package default method=1 can exceed 60 virupa
case_8_event_start,MOON,total,206.810000000,PyJHora 4.8.7 Tier B isolated export; Raman ayanamsa; wheel sha256 D8D8014573A38DDEFEDCAE57D3B8D84687CAC2AD31BB5B1DD70D945906A4D54D; event civil timezone; Tokyo reference coordinates; Dig uses _dig_bala(method=2) canonical bounded circular-distance variant because the package default method=1 can exceed 60 virupa
case_8_event_start,MARS,total,111.620000000,PyJHora 4.8.7 Tier B isolated export; Raman ayanamsa; wheel sha256 D8D8014573A38DDEFEDCAE57D3B8D84687CAC2AD31BB5B1DD70D945906A4D54D; event civil timezone; Tokyo reference coordinates; Dig uses _dig_bala(method=2) canonical bounded circular-distance variant because the package default method=1 can exceed 60 virupa
case_8_event_start,MERCURY,total,208.950000000,PyJHora 4.8.7 Tier B isolated export; Raman ayanamsa; wheel sha256 D8D8014573A38DDEFEDCAE57D3B8D84687CAC2AD31BB5B1DD70D945906A4D54D; event civil timezone; Tokyo reference coordinates; Dig uses _dig_bala(method=2) canonical bounded circular-distance variant because the package default method=1 can exceed 60 virupa
case_8_event_start,JUPITER,total,245.470000000,PyJHora 4.8.7 Tier B isolated export; Raman ayanamsa; wheel sha256 D8D8014573A38DDEFEDCAE57D3B8D84687CAC2AD31BB5B1DD70D945906A4D54D; event civil timezone; Tokyo reference coordinates; Dig uses _dig_bala(method=2) canonical bounded circular-distance variant because the package default method=1 can exceed 60 virupa
case_8_event_start,VENUS,total,256.720000000,PyJHora 4.8.7 Tier B isolated export; Raman ayanamsa; wheel sha256 D8D8014573A38DDEFEDCAE57D3B8D84687CAC2AD31BB5B1DD70D945906A4D54D; event civil timezone; Tokyo reference coordinates; Dig uses _dig_bala(method=2) canonical bounded circular-distance variant because the package default method=1 can exceed 60 virupa
case_8_event_start,SATURN,total,27.420000000,PyJHora 4.8.7 Tier B isolated export; Raman ayanamsa; wheel sha256 D8D8014573A38DDEFEDCAE57D3B8D84687CAC2AD31BB5B1DD70D945906A4D54D; event civil timezone; Tokyo reference coordinates; Dig uses _dig_bala(method=2) canonical bounded circular-distance variant because the package default method=1 can exceed 60 virupa
case_43_event_start,SUN,nathonnatha,-6.310000000,PyJHora 4.8.7 Tier B isolated export; Raman ayanamsa; wheel sha256 D8D8014573A38DDEFEDCAE57D3B8D84687CAC2AD31BB5B1DD70D945906A4D54D; event civil timezone; Tokyo reference coordinates; Dig uses _dig_bala(method=2) canonical bounded circular-distance variant because the package default method=1 can exceed 60 virupa
case_43_event_start,MOON,nathonnatha,66.310000000,PyJHora 4.8.7 Tier B isolated export; Raman ayanamsa; wheel sha256 D8D8014573A38DDEFEDCAE57D3B8D84687CAC2AD31BB5B1DD70D945906A4D54D; event civil timezone; Tokyo reference coordinates; Dig uses _dig_bala(method=2) canonical bounded circular-distance variant because the package default method=1 can exceed 60 virupa
case_43_event_start,MARS,nathonnatha,66.310000000,PyJHora 4.8.7 Tier B isolated export; Raman ayanamsa; wheel sha256 D8D8014573A38DDEFEDCAE57D3B8D84687CAC2AD31BB5B1DD70D945906A4D54D; event civil timezone; Tokyo reference coordinates; Dig uses _dig_bala(method=2) canonical bounded circular-distance variant because the package default method=1 can exceed 60 virupa
case_43_event_start,MERCURY,nathonnatha,60.000000000,PyJHora 4.8.7 Tier B isolated export; Raman ayanamsa; wheel sha256 D8D8014573A38DDEFEDCAE57D3B8D84687CAC2AD31BB5B1DD70D945906A4D54D; event civil timezone; Tokyo reference coordinates; Dig uses _dig_bala(method=2) canonical bounded circular-distance variant because the package default method=1 can exceed 60 virupa
case_43_event_start,JUPITER,nathonnatha,-6.310000000,PyJHora 4.8.7 Tier B isolated export; Raman ayanamsa; wheel sha256 D8D8014573A38DDEFEDCAE57D3B8D84687CAC2AD31BB5B1DD70D945906A4D54D; event civil timezone; Tokyo reference coordinates; Dig uses _dig_bala(method=2) canonical bounded circular-distance variant because the package default method=1 can exceed 60 virupa
case_43_event_start,VENUS,nathonnatha,-6.310000000,PyJHora 4.8.7 Tier B isolated export; Raman ayanamsa; wheel sha256 D8D8014573A38DDEFEDCAE57D3B8D84687CAC2AD31BB5B1DD70D945906A4D54D; event civil timezone; Tokyo reference coordinates; Dig uses _dig_bala(method=2) canonical bounded circular-distance variant because the package default method=1 can exceed 60 virupa
case_43_event_start,SATURN,nathonnatha,66.310000000,PyJHora 4.8.7 Tier B isolated export; Raman ayanamsa; wheel sha256 D8D8014573A38DDEFEDCAE57D3B8D84687CAC2AD31BB5B1DD70D945906A4D54D; event civil timezone; Tokyo reference coordinates; Dig uses _dig_bala(method=2) canonical bounded circular-distance variant because the package default method=1 can exceed 60 virupa
case_43_event_start,SUN,paksha,-35.140000000,PyJHora 4.8.7 Tier B isolated export; Raman ayanamsa; wheel sha256 D8D8014573A38DDEFEDCAE57D3B8D84687CAC2AD31BB5B1DD70D945906A4D54D; event civil timezone; Tokyo reference coordinates; Dig uses _dig_bala(method=2) canonical bounded circular-distance variant because the package default method=1 can exceed 60 virupa
case_43_event_start,MOON,paksha,190.280000000,PyJHora 4.8.7 Tier B isolated export; Raman ayanamsa; wheel sha256 D8D8014573A38DDEFEDCAE57D3B8D84687CAC2AD31BB5B1DD70D945906A4D54D; event civil timezone; Tokyo reference coordinates; Dig uses _dig_bala(method=2) canonical bounded circular-distance variant because the package default method=1 can exceed 60 virupa
case_43_event_start,MARS,paksha,-35.140000000,PyJHora 4.8.7 Tier B isolated export; Raman ayanamsa; wheel sha256 D8D8014573A38DDEFEDCAE57D3B8D84687CAC2AD31BB5B1DD70D945906A4D54D; event civil timezone; Tokyo reference coordinates; Dig uses _dig_bala(method=2) canonical bounded circular-distance variant because the package default method=1 can exceed 60 virupa
case_43_event_start,MERCURY,paksha,-35.140000000,PyJHora 4.8.7 Tier B isolated export; Raman ayanamsa; wheel sha256 D8D8014573A38DDEFEDCAE57D3B8D84687CAC2AD31BB5B1DD70D945906A4D54D; event civil timezone; Tokyo reference coordinates; Dig uses _dig_bala(method=2) canonical bounded circular-distance variant because the package default method=1 can exceed 60 virupa
case_43_event_start,JUPITER,paksha,95.140000000,PyJHora 4.8.7 Tier B isolated export; Raman ayanamsa; wheel sha256 D8D8014573A38DDEFEDCAE57D3B8D84687CAC2AD31BB5B1DD70D945906A4D54D; event civil timezone; Tokyo reference coordinates; Dig uses _dig_bala(method=2) canonical bounded circular-distance variant because the package default method=1 can exceed 60 virupa
case_43_event_start,VENUS,paksha,95.140000000,PyJHora 4.8.7 Tier B isolated export; Raman ayanamsa; wheel sha256 D8D8014573A38DDEFEDCAE57D3B8D84687CAC2AD31BB5B1DD70D945906A4D54D; event civil timezone; Tokyo reference coordinates; Dig uses _dig_bala(method=2) canonical bounded circular-distance variant because the package default method=1 can exceed 60 virupa
case_43_event_start,SATURN,paksha,-35.140000000,PyJHora 4.8.7 Tier B isolated export; Raman ayanamsa; wheel sha256 D8D8014573A38DDEFEDCAE57D3B8D84687CAC2AD31BB5B1DD70D945906A4D54D; event civil timezone; Tokyo reference coordinates; Dig uses _dig_bala(method=2) canonical bounded circular-distance variant because the package default method=1 can exceed 60 virupa
case_43_event_start,SUN,tribhaga,0.000000000,PyJHora 4.8.7 Tier B isolated export; Raman ayanamsa; wheel sha256 D8D8014573A38DDEFEDCAE57D3B8D84687CAC2AD31BB5B1DD70D945906A4D54D; event civil timezone; Tokyo reference coordinates; Dig uses _dig_bala(method=2) canonical bounded circular-distance variant because the package default method=1 can exceed 60 virupa
case_43_event_start,MOON,tribhaga,0.000000000,PyJHora 4.8.7 Tier B isolated export; Raman ayanamsa; wheel sha256 D8D8014573A38DDEFEDCAE57D3B8D84687CAC2AD31BB5B1DD70D945906A4D54D; event civil timezone; Tokyo reference coordinates; Dig uses _dig_bala(method=2) canonical bounded circular-distance variant because the package default method=1 can exceed 60 virupa
case_43_event_start,MARS,tribhaga,0.000000000,PyJHora 4.8.7 Tier B isolated export; Raman ayanamsa; wheel sha256 D8D8014573A38DDEFEDCAE57D3B8D84687CAC2AD31BB5B1DD70D945906A4D54D; event civil timezone; Tokyo reference coordinates; Dig uses _dig_bala(method=2) canonical bounded circular-distance variant because the package default method=1 can exceed 60 virupa
case_43_event_start,MERCURY,tribhaga,60.000000000,PyJHora 4.8.7 Tier B isolated export; Raman ayanamsa; wheel sha256 D8D8014573A38DDEFEDCAE57D3B8D84687CAC2AD31BB5B1DD70D945906A4D54D; event civil timezone; Tokyo reference coordinates; Dig uses _dig_bala(method=2) canonical bounded circular-distance variant because the package default method=1 can exceed 60 virupa
case_43_event_start,JUPITER,tribhaga,60.000000000,PyJHora 4.8.7 Tier B isolated export; Raman ayanamsa; wheel sha256 D8D8014573A38DDEFEDCAE57D3B8D84687CAC2AD31BB5B1DD70D945906A4D54D; event civil timezone; Tokyo reference coordinates; Dig uses _dig_bala(method=2) canonical bounded circular-distance variant because the package default method=1 can exceed 60 virupa
case_43_event_start,VENUS,tribhaga,0.000000000,PyJHora 4.8.7 Tier B isolated export; Raman ayanamsa; wheel sha256 D8D8014573A38DDEFEDCAE57D3B8D84687CAC2AD31BB5B1DD70D945906A4D54D; event civil timezone; Tokyo reference coordinates; Dig uses _dig_bala(method=2) canonical bounded circular-distance variant because the package default method=1 can exceed 60 virupa
case_43_event_start,SATURN,tribhaga,0.000000000,PyJHora 4.8.7 Tier B isolated export; Raman ayanamsa; wheel sha256 D8D8014573A38DDEFEDCAE57D3B8D84687CAC2AD31BB5B1DD70D945906A4D54D; event civil timezone; Tokyo reference coordinates; Dig uses _dig_bala(method=2) canonical bounded circular-distance variant because the package default method=1 can exceed 60 virupa
case_43_event_start,SUN,abda,0.000000000,PyJHora 4.8.7 Tier B isolated export; Raman ayanamsa; wheel sha256 D8D8014573A38DDEFEDCAE57D3B8D84687CAC2AD31BB5B1DD70D945906A4D54D; event civil timezone; Tokyo reference coordinates; Dig uses _dig_bala(method=2) canonical bounded circular-distance variant because the package default method=1 can exceed 60 virupa
case_43_event_start,MOON,abda,15.000000000,PyJHora 4.8.7 Tier B isolated export; Raman ayanamsa; wheel sha256 D8D8014573A38DDEFEDCAE57D3B8D84687CAC2AD31BB5B1DD70D945906A4D54D; event civil timezone; Tokyo reference coordinates; Dig uses _dig_bala(method=2) canonical bounded circular-distance variant because the package default method=1 can exceed 60 virupa
case_43_event_start,MARS,abda,0.000000000,PyJHora 4.8.7 Tier B isolated export; Raman ayanamsa; wheel sha256 D8D8014573A38DDEFEDCAE57D3B8D84687CAC2AD31BB5B1DD70D945906A4D54D; event civil timezone; Tokyo reference coordinates; Dig uses _dig_bala(method=2) canonical bounded circular-distance variant because the package default method=1 can exceed 60 virupa
case_43_event_start,MERCURY,abda,0.000000000,PyJHora 4.8.7 Tier B isolated export; Raman ayanamsa; wheel sha256 D8D8014573A38DDEFEDCAE57D3B8D84687CAC2AD31BB5B1DD70D945906A4D54D; event civil timezone; Tokyo reference coordinates; Dig uses _dig_bala(method=2) canonical bounded circular-distance variant because the package default method=1 can exceed 60 virupa
case_43_event_start,JUPITER,abda,0.000000000,PyJHora 4.8.7 Tier B isolated export; Raman ayanamsa; wheel sha256 D8D8014573A38DDEFEDCAE57D3B8D84687CAC2AD31BB5B1DD70D945906A4D54D; event civil timezone; Tokyo reference coordinates; Dig uses _dig_bala(method=2) canonical bounded circular-distance variant because the package default method=1 can exceed 60 virupa
case_43_event_start,VENUS,abda,0.000000000,PyJHora 4.8.7 Tier B isolated export; Raman ayanamsa; wheel sha256 D8D8014573A38DDEFEDCAE57D3B8D84687CAC2AD31BB5B1DD70D945906A4D54D; event civil timezone; Tokyo reference coordinates; Dig uses _dig_bala(method=2) canonical bounded circular-distance variant because the package default method=1 can exceed 60 virupa
case_43_event_start,SATURN,abda,0.000000000,PyJHora 4.8.7 Tier B isolated export; Raman ayanamsa; wheel sha256 D8D8014573A38DDEFEDCAE57D3B8D84687CAC2AD31BB5B1DD70D945906A4D54D; event civil timezone; Tokyo reference coordinates; Dig uses _dig_bala(method=2) canonical bounded circular-distance variant because the package default method=1 can exceed 60 virupa
case_43_event_start,SUN,masa,0.000000000,PyJHora 4.8.7 Tier B isolated export; Raman ayanamsa; wheel sha256 D8D8014573A38DDEFEDCAE57D3B8D84687CAC2AD31BB5B1DD70D945906A4D54D; event civil timezone; Tokyo reference coordinates; Dig uses _dig_bala(method=2) canonical bounded circular-distance variant because the package default method=1 can exceed 60 virupa
case_43_event_start,MOON,masa,0.000000000,PyJHora 4.8.7 Tier B isolated export; Raman ayanamsa; wheel sha256 D8D8014573A38DDEFEDCAE57D3B8D84687CAC2AD31BB5B1DD70D945906A4D54D; event civil timezone; Tokyo reference coordinates; Dig uses _dig_bala(method=2) canonical bounded circular-distance variant because the package default method=1 can exceed 60 virupa
case_43_event_start,MARS,masa,0.000000000,PyJHora 4.8.7 Tier B isolated export; Raman ayanamsa; wheel sha256 D8D8014573A38DDEFEDCAE57D3B8D84687CAC2AD31BB5B1DD70D945906A4D54D; event civil timezone; Tokyo reference coordinates; Dig uses _dig_bala(method=2) canonical bounded circular-distance variant because the package default method=1 can exceed 60 virupa
case_43_event_start,MERCURY,masa,0.000000000,PyJHora 4.8.7 Tier B isolated export; Raman ayanamsa; wheel sha256 D8D8014573A38DDEFEDCAE57D3B8D84687CAC2AD31BB5B1DD70D945906A4D54D; event civil timezone; Tokyo reference coordinates; Dig uses _dig_bala(method=2) canonical bounded circular-distance variant because the package default method=1 can exceed 60 virupa
case_43_event_start,JUPITER,masa,0.000000000,PyJHora 4.8.7 Tier B isolated export; Raman ayanamsa; wheel sha256 D8D8014573A38DDEFEDCAE57D3B8D84687CAC2AD31BB5B1DD70D945906A4D54D; event civil timezone; Tokyo reference coordinates; Dig uses _dig_bala(method=2) canonical bounded circular-distance variant because the package default method=1 can exceed 60 virupa
case_43_event_start,VENUS,masa,30.000000000,PyJHora 4.8.7 Tier B isolated export; Raman ayanamsa; wheel sha256 D8D8014573A38DDEFEDCAE57D3B8D84687CAC2AD31BB5B1DD70D945906A4D54D; event civil timezone; Tokyo reference coordinates; Dig uses _dig_bala(method=2) canonical bounded circular-distance variant because the package default method=1 can exceed 60 virupa
case_43_event_start,SATURN,masa,0.000000000,PyJHora 4.8.7 Tier B isolated export; Raman ayanamsa; wheel sha256 D8D8014573A38DDEFEDCAE57D3B8D84687CAC2AD31BB5B1DD70D945906A4D54D; event civil timezone; Tokyo reference coordinates; Dig uses _dig_bala(method=2) canonical bounded circular-distance variant because the package default method=1 can exceed 60 virupa
case_43_event_start,SUN,vara,0.000000000,PyJHora 4.8.7 Tier B isolated export; Raman ayanamsa; wheel sha256 D8D8014573A38DDEFEDCAE57D3B8D84687CAC2AD31BB5B1DD70D945906A4D54D; event civil timezone; Tokyo reference coordinates; Dig uses _dig_bala(method=2) canonical bounded circular-distance variant because the package default method=1 can exceed 60 virupa
case_43_event_start,MOON,vara,0.000000000,PyJHora 4.8.7 Tier B isolated export; Raman ayanamsa; wheel sha256 D8D8014573A38DDEFEDCAE57D3B8D84687CAC2AD31BB5B1DD70D945906A4D54D; event civil timezone; Tokyo reference coordinates; Dig uses _dig_bala(method=2) canonical bounded circular-distance variant because the package default method=1 can exceed 60 virupa
case_43_event_start,MARS,vara,0.000000000,PyJHora 4.8.7 Tier B isolated export; Raman ayanamsa; wheel sha256 D8D8014573A38DDEFEDCAE57D3B8D84687CAC2AD31BB5B1DD70D945906A4D54D; event civil timezone; Tokyo reference coordinates; Dig uses _dig_bala(method=2) canonical bounded circular-distance variant because the package default method=1 can exceed 60 virupa
case_43_event_start,MERCURY,vara,0.000000000,PyJHora 4.8.7 Tier B isolated export; Raman ayanamsa; wheel sha256 D8D8014573A38DDEFEDCAE57D3B8D84687CAC2AD31BB5B1DD70D945906A4D54D; event civil timezone; Tokyo reference coordinates; Dig uses _dig_bala(method=2) canonical bounded circular-distance variant because the package default method=1 can exceed 60 virupa
case_43_event_start,JUPITER,vara,0.000000000,PyJHora 4.8.7 Tier B isolated export; Raman ayanamsa; wheel sha256 D8D8014573A38DDEFEDCAE57D3B8D84687CAC2AD31BB5B1DD70D945906A4D54D; event civil timezone; Tokyo reference coordinates; Dig uses _dig_bala(method=2) canonical bounded circular-distance variant because the package default method=1 can exceed 60 virupa
case_43_event_start,VENUS,vara,45.000000000,PyJHora 4.8.7 Tier B isolated export; Raman ayanamsa; wheel sha256 D8D8014573A38DDEFEDCAE57D3B8D84687CAC2AD31BB5B1DD70D945906A4D54D; event civil timezone; Tokyo reference coordinates; Dig uses _dig_bala(method=2) canonical bounded circular-distance variant because the package default method=1 can exceed 60 virupa
case_43_event_start,SATURN,vara,0.000000000,PyJHora 4.8.7 Tier B isolated export; Raman ayanamsa; wheel sha256 D8D8014573A38DDEFEDCAE57D3B8D84687CAC2AD31BB5B1DD70D945906A4D54D; event civil timezone; Tokyo reference coordinates; Dig uses _dig_bala(method=2) canonical bounded circular-distance variant because the package default method=1 can exceed 60 virupa
case_43_event_start,SUN,hora,0.000000000,PyJHora 4.8.7 Tier B isolated export; Raman ayanamsa; wheel sha256 D8D8014573A38DDEFEDCAE57D3B8D84687CAC2AD31BB5B1DD70D945906A4D54D; event civil timezone; Tokyo reference coordinates; Dig uses _dig_bala(method=2) canonical bounded circular-distance variant because the package default method=1 can exceed 60 virupa
case_43_event_start,MOON,hora,60.000000000,PyJHora 4.8.7 Tier B isolated export; Raman ayanamsa; wheel sha256 D8D8014573A38DDEFEDCAE57D3B8D84687CAC2AD31BB5B1DD70D945906A4D54D; event civil timezone; Tokyo reference coordinates; Dig uses _dig_bala(method=2) canonical bounded circular-distance variant because the package default method=1 can exceed 60 virupa
case_43_event_start,MARS,hora,0.000000000,PyJHora 4.8.7 Tier B isolated export; Raman ayanamsa; wheel sha256 D8D8014573A38DDEFEDCAE57D3B8D84687CAC2AD31BB5B1DD70D945906A4D54D; event civil timezone; Tokyo reference coordinates; Dig uses _dig_bala(method=2) canonical bounded circular-distance variant because the package default method=1 can exceed 60 virupa
case_43_event_start,MERCURY,hora,0.000000000,PyJHora 4.8.7 Tier B isolated export; Raman ayanamsa; wheel sha256 D8D8014573A38DDEFEDCAE57D3B8D84687CAC2AD31BB5B1DD70D945906A4D54D; event civil timezone; Tokyo reference coordinates; Dig uses _dig_bala(method=2) canonical bounded circular-distance variant because the package default method=1 can exceed 60 virupa
case_43_event_start,JUPITER,hora,0.000000000,PyJHora 4.8.7 Tier B isolated export; Raman ayanamsa; wheel sha256 D8D8014573A38DDEFEDCAE57D3B8D84687CAC2AD31BB5B1DD70D945906A4D54D; event civil timezone; Tokyo reference coordinates; Dig uses _dig_bala(method=2) canonical bounded circular-distance variant because the package default method=1 can exceed 60 virupa
case_43_event_start,VENUS,hora,0.000000000,PyJHora 4.8.7 Tier B isolated export; Raman ayanamsa; wheel sha256 D8D8014573A38DDEFEDCAE57D3B8D84687CAC2AD31BB5B1DD70D945906A4D54D; event civil timezone; Tokyo reference coordinates; Dig uses _dig_bala(method=2) canonical bounded circular-distance variant because the package default method=1 can exceed 60 virupa
case_43_event_start,SATURN,hora,0.000000000,PyJHora 4.8.7 Tier B isolated export; Raman ayanamsa; wheel sha256 D8D8014573A38DDEFEDCAE57D3B8D84687CAC2AD31BB5B1DD70D945906A4D54D; event civil timezone; Tokyo reference coordinates; Dig uses _dig_bala(method=2) canonical bounded circular-distance variant because the package default method=1 can exceed 60 virupa
case_43_event_start,SUN,ayana,45.540000000,PyJHora 4.8.7 Tier B isolated export; Raman ayanamsa; wheel sha256 D8D8014573A38DDEFEDCAE57D3B8D84687CAC2AD31BB5B1DD70D945906A4D54D; event civil timezone; Tokyo reference coordinates; Dig uses _dig_bala(method=2) canonical bounded circular-distance variant because the package default method=1 can exceed 60 virupa
case_43_event_start,MOON,ayana,0.010000000,PyJHora 4.8.7 Tier B isolated export; Raman ayanamsa; wheel sha256 D8D8014573A38DDEFEDCAE57D3B8D84687CAC2AD31BB5B1DD70D945906A4D54D; event civil timezone; Tokyo reference coordinates; Dig uses _dig_bala(method=2) canonical bounded circular-distance variant because the package default method=1 can exceed 60 virupa
case_43_event_start,MARS,ayana,57.150000000,PyJHora 4.8.7 Tier B isolated export; Raman ayanamsa; wheel sha256 D8D8014573A38DDEFEDCAE57D3B8D84687CAC2AD31BB5B1DD70D945906A4D54D; event civil timezone; Tokyo reference coordinates; Dig uses _dig_bala(method=2) canonical bounded circular-distance variant because the package default method=1 can exceed 60 virupa
case_43_event_start,MERCURY,ayana,31.300000000,PyJHora 4.8.7 Tier B isolated export; Raman ayanamsa; wheel sha256 D8D8014573A38DDEFEDCAE57D3B8D84687CAC2AD31BB5B1DD70D945906A4D54D; event civil timezone; Tokyo reference coordinates; Dig uses _dig_bala(method=2) canonical bounded circular-distance variant because the package default method=1 can exceed 60 virupa
case_43_event_start,JUPITER,ayana,59.110000000,PyJHora 4.8.7 Tier B isolated export; Raman ayanamsa; wheel sha256 D8D8014573A38DDEFEDCAE57D3B8D84687CAC2AD31BB5B1DD70D945906A4D54D; event civil timezone; Tokyo reference coordinates; Dig uses _dig_bala(method=2) canonical bounded circular-distance variant because the package default method=1 can exceed 60 virupa
case_43_event_start,VENUS,ayana,28.140000000,PyJHora 4.8.7 Tier B isolated export; Raman ayanamsa; wheel sha256 D8D8014573A38DDEFEDCAE57D3B8D84687CAC2AD31BB5B1DD70D945906A4D54D; event civil timezone; Tokyo reference coordinates; Dig uses _dig_bala(method=2) canonical bounded circular-distance variant because the package default method=1 can exceed 60 virupa
case_43_event_start,SATURN,ayana,32.610000000,PyJHora 4.8.7 Tier B isolated export; Raman ayanamsa; wheel sha256 D8D8014573A38DDEFEDCAE57D3B8D84687CAC2AD31BB5B1DD70D945906A4D54D; event civil timezone; Tokyo reference coordinates; Dig uses _dig_bala(method=2) canonical bounded circular-distance variant because the package default method=1 can exceed 60 virupa
case_43_event_start,SUN,yuddha,0.000000000,PyJHora 4.8.7 Tier B isolated export; Raman ayanamsa; wheel sha256 D8D8014573A38DDEFEDCAE57D3B8D84687CAC2AD31BB5B1DD70D945906A4D54D; event civil timezone; Tokyo reference coordinates; Dig uses _dig_bala(method=2) canonical bounded circular-distance variant because the package default method=1 can exceed 60 virupa
case_43_event_start,MOON,yuddha,0.000000000,PyJHora 4.8.7 Tier B isolated export; Raman ayanamsa; wheel sha256 D8D8014573A38DDEFEDCAE57D3B8D84687CAC2AD31BB5B1DD70D945906A4D54D; event civil timezone; Tokyo reference coordinates; Dig uses _dig_bala(method=2) canonical bounded circular-distance variant because the package default method=1 can exceed 60 virupa
case_43_event_start,MARS,yuddha,0.000000000,PyJHora 4.8.7 Tier B isolated export; Raman ayanamsa; wheel sha256 D8D8014573A38DDEFEDCAE57D3B8D84687CAC2AD31BB5B1DD70D945906A4D54D; event civil timezone; Tokyo reference coordinates; Dig uses _dig_bala(method=2) canonical bounded circular-distance variant because the package default method=1 can exceed 60 virupa
case_43_event_start,MERCURY,yuddha,-4.280000000,PyJHora 4.8.7 Tier B isolated export; Raman ayanamsa; wheel sha256 D8D8014573A38DDEFEDCAE57D3B8D84687CAC2AD31BB5B1DD70D945906A4D54D; event civil timezone; Tokyo reference coordinates; Dig uses _dig_bala(method=2) canonical bounded circular-distance variant because the package default method=1 can exceed 60 virupa
case_43_event_start,JUPITER,yuddha,0.000000000,PyJHora 4.8.7 Tier B isolated export; Raman ayanamsa; wheel sha256 D8D8014573A38DDEFEDCAE57D3B8D84687CAC2AD31BB5B1DD70D945906A4D54D; event civil timezone; Tokyo reference coordinates; Dig uses _dig_bala(method=2) canonical bounded circular-distance variant because the package default method=1 can exceed 60 virupa
case_43_event_start,VENUS,yuddha,4.280000000,PyJHora 4.8.7 Tier B isolated export; Raman ayanamsa; wheel sha256 D8D8014573A38DDEFEDCAE57D3B8D84687CAC2AD31BB5B1DD70D945906A4D54D; event civil timezone; Tokyo reference coordinates; Dig uses _dig_bala(method=2) canonical bounded circular-distance variant because the package default method=1 can exceed 60 virupa
case_43_event_start,SATURN,yuddha,0.000000000,PyJHora 4.8.7 Tier B isolated export; Raman ayanamsa; wheel sha256 D8D8014573A38DDEFEDCAE57D3B8D84687CAC2AD31BB5B1DD70D945906A4D54D; event civil timezone; Tokyo reference coordinates; Dig uses _dig_bala(method=2) canonical bounded circular-distance variant because the package default method=1 can exceed 60 virupa
case_43_event_start,SUN,total,4.090000000,PyJHora 4.8.7 Tier B isolated export; Raman ayanamsa; wheel sha256 D8D8014573A38DDEFEDCAE57D3B8D84687CAC2AD31BB5B1DD70D945906A4D54D; event civil timezone; Tokyo reference coordinates; Dig uses _dig_bala(method=2) canonical bounded circular-distance variant because the package default method=1 can exceed 60 virupa
case_43_event_start,MOON,total,331.600000000,PyJHora 4.8.7 Tier B isolated export; Raman ayanamsa; wheel sha256 D8D8014573A38DDEFEDCAE57D3B8D84687CAC2AD31BB5B1DD70D945906A4D54D; event civil timezone; Tokyo reference coordinates; Dig uses _dig_bala(method=2) canonical bounded circular-distance variant because the package default method=1 can exceed 60 virupa
case_43_event_start,MARS,total,88.320000000,PyJHora 4.8.7 Tier B isolated export; Raman ayanamsa; wheel sha256 D8D8014573A38DDEFEDCAE57D3B8D84687CAC2AD31BB5B1DD70D945906A4D54D; event civil timezone; Tokyo reference coordinates; Dig uses _dig_bala(method=2) canonical bounded circular-distance variant because the package default method=1 can exceed 60 virupa
case_43_event_start,MERCURY,total,111.880000000,PyJHora 4.8.7 Tier B isolated export; Raman ayanamsa; wheel sha256 D8D8014573A38DDEFEDCAE57D3B8D84687CAC2AD31BB5B1DD70D945906A4D54D; event civil timezone; Tokyo reference coordinates; Dig uses _dig_bala(method=2) canonical bounded circular-distance variant because the package default method=1 can exceed 60 virupa
case_43_event_start,JUPITER,total,207.940000000,PyJHora 4.8.7 Tier B isolated export; Raman ayanamsa; wheel sha256 D8D8014573A38DDEFEDCAE57D3B8D84687CAC2AD31BB5B1DD70D945906A4D54D; event civil timezone; Tokyo reference coordinates; Dig uses _dig_bala(method=2) canonical bounded circular-distance variant because the package default method=1 can exceed 60 virupa
case_43_event_start,VENUS,total,196.250000000,PyJHora 4.8.7 Tier B isolated export; Raman ayanamsa; wheel sha256 D8D8014573A38DDEFEDCAE57D3B8D84687CAC2AD31BB5B1DD70D945906A4D54D; event civil timezone; Tokyo reference coordinates; Dig uses _dig_bala(method=2) canonical bounded circular-distance variant because the package default method=1 can exceed 60 virupa
case_43_event_start,SATURN,total,63.780000000,PyJHora 4.8.7 Tier B isolated export; Raman ayanamsa; wheel sha256 D8D8014573A38DDEFEDCAE57D3B8D84687CAC2AD31BB5B1DD70D945906A4D54D; event civil timezone; Tokyo reference coordinates; Dig uses _dig_bala(method=2) canonical bounded circular-distance variant because the package default method=1 can exceed 60 virupa
case_103_event_start,SUN,nathonnatha,26.870000000,PyJHora 4.8.7 Tier B isolated export; Raman ayanamsa; wheel sha256 D8D8014573A38DDEFEDCAE57D3B8D84687CAC2AD31BB5B1DD70D945906A4D54D; event civil timezone; Tokyo reference coordinates; Dig uses _dig_bala(method=2) canonical bounded circular-distance variant because the package default method=1 can exceed 60 virupa
case_103_event_start,MOON,nathonnatha,33.130000000,PyJHora 4.8.7 Tier B isolated export; Raman ayanamsa; wheel sha256 D8D8014573A38DDEFEDCAE57D3B8D84687CAC2AD31BB5B1DD70D945906A4D54D; event civil timezone; Tokyo reference coordinates; Dig uses _dig_bala(method=2) canonical bounded circular-distance variant because the package default method=1 can exceed 60 virupa
case_103_event_start,MARS,nathonnatha,33.130000000,PyJHora 4.8.7 Tier B isolated export; Raman ayanamsa; wheel sha256 D8D8014573A38DDEFEDCAE57D3B8D84687CAC2AD31BB5B1DD70D945906A4D54D; event civil timezone; Tokyo reference coordinates; Dig uses _dig_bala(method=2) canonical bounded circular-distance variant because the package default method=1 can exceed 60 virupa
case_103_event_start,MERCURY,nathonnatha,60.000000000,PyJHora 4.8.7 Tier B isolated export; Raman ayanamsa; wheel sha256 D8D8014573A38DDEFEDCAE57D3B8D84687CAC2AD31BB5B1DD70D945906A4D54D; event civil timezone; Tokyo reference coordinates; Dig uses _dig_bala(method=2) canonical bounded circular-distance variant because the package default method=1 can exceed 60 virupa
case_103_event_start,JUPITER,nathonnatha,26.870000000,PyJHora 4.8.7 Tier B isolated export; Raman ayanamsa; wheel sha256 D8D8014573A38DDEFEDCAE57D3B8D84687CAC2AD31BB5B1DD70D945906A4D54D; event civil timezone; Tokyo reference coordinates; Dig uses _dig_bala(method=2) canonical bounded circular-distance variant because the package default method=1 can exceed 60 virupa
case_103_event_start,VENUS,nathonnatha,26.870000000,PyJHora 4.8.7 Tier B isolated export; Raman ayanamsa; wheel sha256 D8D8014573A38DDEFEDCAE57D3B8D84687CAC2AD31BB5B1DD70D945906A4D54D; event civil timezone; Tokyo reference coordinates; Dig uses _dig_bala(method=2) canonical bounded circular-distance variant because the package default method=1 can exceed 60 virupa
case_103_event_start,SATURN,nathonnatha,33.130000000,PyJHora 4.8.7 Tier B isolated export; Raman ayanamsa; wheel sha256 D8D8014573A38DDEFEDCAE57D3B8D84687CAC2AD31BB5B1DD70D945906A4D54D; event civil timezone; Tokyo reference coordinates; Dig uses _dig_bala(method=2) canonical bounded circular-distance variant because the package default method=1 can exceed 60 virupa
case_103_event_start,SUN,paksha,-11.120000000,PyJHora 4.8.7 Tier B isolated export; Raman ayanamsa; wheel sha256 D8D8014573A38DDEFEDCAE57D3B8D84687CAC2AD31BB5B1DD70D945906A4D54D; event civil timezone; Tokyo reference coordinates; Dig uses _dig_bala(method=2) canonical bounded circular-distance variant because the package default method=1 can exceed 60 virupa
case_103_event_start,MOON,paksha,-22.240000000,PyJHora 4.8.7 Tier B isolated export; Raman ayanamsa; wheel sha256 D8D8014573A38DDEFEDCAE57D3B8D84687CAC2AD31BB5B1DD70D945906A4D54D; event civil timezone; Tokyo reference coordinates; Dig uses _dig_bala(method=2) canonical bounded circular-distance variant because the package default method=1 can exceed 60 virupa
case_103_event_start,MARS,paksha,-11.120000000,PyJHora 4.8.7 Tier B isolated export; Raman ayanamsa; wheel sha256 D8D8014573A38DDEFEDCAE57D3B8D84687CAC2AD31BB5B1DD70D945906A4D54D; event civil timezone; Tokyo reference coordinates; Dig uses _dig_bala(method=2) canonical bounded circular-distance variant because the package default method=1 can exceed 60 virupa
case_103_event_start,MERCURY,paksha,71.120000000,PyJHora 4.8.7 Tier B isolated export; Raman ayanamsa; wheel sha256 D8D8014573A38DDEFEDCAE57D3B8D84687CAC2AD31BB5B1DD70D945906A4D54D; event civil timezone; Tokyo reference coordinates; Dig uses _dig_bala(method=2) canonical bounded circular-distance variant because the package default method=1 can exceed 60 virupa
case_103_event_start,JUPITER,paksha,71.120000000,PyJHora 4.8.7 Tier B isolated export; Raman ayanamsa; wheel sha256 D8D8014573A38DDEFEDCAE57D3B8D84687CAC2AD31BB5B1DD70D945906A4D54D; event civil timezone; Tokyo reference coordinates; Dig uses _dig_bala(method=2) canonical bounded circular-distance variant because the package default method=1 can exceed 60 virupa
case_103_event_start,VENUS,paksha,71.120000000,PyJHora 4.8.7 Tier B isolated export; Raman ayanamsa; wheel sha256 D8D8014573A38DDEFEDCAE57D3B8D84687CAC2AD31BB5B1DD70D945906A4D54D; event civil timezone; Tokyo reference coordinates; Dig uses _dig_bala(method=2) canonical bounded circular-distance variant because the package default method=1 can exceed 60 virupa
case_103_event_start,SATURN,paksha,-11.120000000,PyJHora 4.8.7 Tier B isolated export; Raman ayanamsa; wheel sha256 D8D8014573A38DDEFEDCAE57D3B8D84687CAC2AD31BB5B1DD70D945906A4D54D; event civil timezone; Tokyo reference coordinates; Dig uses _dig_bala(method=2) canonical bounded circular-distance variant because the package default method=1 can exceed 60 virupa
case_103_event_start,SUN,tribhaga,0.000000000,PyJHora 4.8.7 Tier B isolated export; Raman ayanamsa; wheel sha256 D8D8014573A38DDEFEDCAE57D3B8D84687CAC2AD31BB5B1DD70D945906A4D54D; event civil timezone; Tokyo reference coordinates; Dig uses _dig_bala(method=2) canonical bounded circular-distance variant because the package default method=1 can exceed 60 virupa
case_103_event_start,MOON,tribhaga,0.000000000,PyJHora 4.8.7 Tier B isolated export; Raman ayanamsa; wheel sha256 D8D8014573A38DDEFEDCAE57D3B8D84687CAC2AD31BB5B1DD70D945906A4D54D; event civil timezone; Tokyo reference coordinates; Dig uses _dig_bala(method=2) canonical bounded circular-distance variant because the package default method=1 can exceed 60 virupa
case_103_event_start,MARS,tribhaga,0.000000000,PyJHora 4.8.7 Tier B isolated export; Raman ayanamsa; wheel sha256 D8D8014573A38DDEFEDCAE57D3B8D84687CAC2AD31BB5B1DD70D945906A4D54D; event civil timezone; Tokyo reference coordinates; Dig uses _dig_bala(method=2) canonical bounded circular-distance variant because the package default method=1 can exceed 60 virupa
case_103_event_start,MERCURY,tribhaga,0.000000000,PyJHora 4.8.7 Tier B isolated export; Raman ayanamsa; wheel sha256 D8D8014573A38DDEFEDCAE57D3B8D84687CAC2AD31BB5B1DD70D945906A4D54D; event civil timezone; Tokyo reference coordinates; Dig uses _dig_bala(method=2) canonical bounded circular-distance variant because the package default method=1 can exceed 60 virupa
case_103_event_start,JUPITER,tribhaga,60.000000000,PyJHora 4.8.7 Tier B isolated export; Raman ayanamsa; wheel sha256 D8D8014573A38DDEFEDCAE57D3B8D84687CAC2AD31BB5B1DD70D945906A4D54D; event civil timezone; Tokyo reference coordinates; Dig uses _dig_bala(method=2) canonical bounded circular-distance variant because the package default method=1 can exceed 60 virupa
case_103_event_start,VENUS,tribhaga,60.000000000,PyJHora 4.8.7 Tier B isolated export; Raman ayanamsa; wheel sha256 D8D8014573A38DDEFEDCAE57D3B8D84687CAC2AD31BB5B1DD70D945906A4D54D; event civil timezone; Tokyo reference coordinates; Dig uses _dig_bala(method=2) canonical bounded circular-distance variant because the package default method=1 can exceed 60 virupa
case_103_event_start,SATURN,tribhaga,0.000000000,PyJHora 4.8.7 Tier B isolated export; Raman ayanamsa; wheel sha256 D8D8014573A38DDEFEDCAE57D3B8D84687CAC2AD31BB5B1DD70D945906A4D54D; event civil timezone; Tokyo reference coordinates; Dig uses _dig_bala(method=2) canonical bounded circular-distance variant because the package default method=1 can exceed 60 virupa
case_103_event_start,SUN,abda,0.000000000,PyJHora 4.8.7 Tier B isolated export; Raman ayanamsa; wheel sha256 D8D8014573A38DDEFEDCAE57D3B8D84687CAC2AD31BB5B1DD70D945906A4D54D; event civil timezone; Tokyo reference coordinates; Dig uses _dig_bala(method=2) canonical bounded circular-distance variant because the package default method=1 can exceed 60 virupa
case_103_event_start,MOON,abda,15.000000000,PyJHora 4.8.7 Tier B isolated export; Raman ayanamsa; wheel sha256 D8D8014573A38DDEFEDCAE57D3B8D84687CAC2AD31BB5B1DD70D945906A4D54D; event civil timezone; Tokyo reference coordinates; Dig uses _dig_bala(method=2) canonical bounded circular-distance variant because the package default method=1 can exceed 60 virupa
case_103_event_start,MARS,abda,0.000000000,PyJHora 4.8.7 Tier B isolated export; Raman ayanamsa; wheel sha256 D8D8014573A38DDEFEDCAE57D3B8D84687CAC2AD31BB5B1DD70D945906A4D54D; event civil timezone; Tokyo reference coordinates; Dig uses _dig_bala(method=2) canonical bounded circular-distance variant because the package default method=1 can exceed 60 virupa
case_103_event_start,MERCURY,abda,0.000000000,PyJHora 4.8.7 Tier B isolated export; Raman ayanamsa; wheel sha256 D8D8014573A38DDEFEDCAE57D3B8D84687CAC2AD31BB5B1DD70D945906A4D54D; event civil timezone; Tokyo reference coordinates; Dig uses _dig_bala(method=2) canonical bounded circular-distance variant because the package default method=1 can exceed 60 virupa
case_103_event_start,JUPITER,abda,0.000000000,PyJHora 4.8.7 Tier B isolated export; Raman ayanamsa; wheel sha256 D8D8014573A38DDEFEDCAE57D3B8D84687CAC2AD31BB5B1DD70D945906A4D54D; event civil timezone; Tokyo reference coordinates; Dig uses _dig_bala(method=2) canonical bounded circular-distance variant because the package default method=1 can exceed 60 virupa
case_103_event_start,VENUS,abda,0.000000000,PyJHora 4.8.7 Tier B isolated export; Raman ayanamsa; wheel sha256 D8D8014573A38DDEFEDCAE57D3B8D84687CAC2AD31BB5B1DD70D945906A4D54D; event civil timezone; Tokyo reference coordinates; Dig uses _dig_bala(method=2) canonical bounded circular-distance variant because the package default method=1 can exceed 60 virupa
case_103_event_start,SATURN,abda,0.000000000,PyJHora 4.8.7 Tier B isolated export; Raman ayanamsa; wheel sha256 D8D8014573A38DDEFEDCAE57D3B8D84687CAC2AD31BB5B1DD70D945906A4D54D; event civil timezone; Tokyo reference coordinates; Dig uses _dig_bala(method=2) canonical bounded circular-distance variant because the package default method=1 can exceed 60 virupa
case_103_event_start,SUN,masa,0.000000000,PyJHora 4.8.7 Tier B isolated export; Raman ayanamsa; wheel sha256 D8D8014573A38DDEFEDCAE57D3B8D84687CAC2AD31BB5B1DD70D945906A4D54D; event civil timezone; Tokyo reference coordinates; Dig uses _dig_bala(method=2) canonical bounded circular-distance variant because the package default method=1 can exceed 60 virupa
case_103_event_start,MOON,masa,0.000000000,PyJHora 4.8.7 Tier B isolated export; Raman ayanamsa; wheel sha256 D8D8014573A38DDEFEDCAE57D3B8D84687CAC2AD31BB5B1DD70D945906A4D54D; event civil timezone; Tokyo reference coordinates; Dig uses _dig_bala(method=2) canonical bounded circular-distance variant because the package default method=1 can exceed 60 virupa
case_103_event_start,MARS,masa,30.000000000,PyJHora 4.8.7 Tier B isolated export; Raman ayanamsa; wheel sha256 D8D8014573A38DDEFEDCAE57D3B8D84687CAC2AD31BB5B1DD70D945906A4D54D; event civil timezone; Tokyo reference coordinates; Dig uses _dig_bala(method=2) canonical bounded circular-distance variant because the package default method=1 can exceed 60 virupa
case_103_event_start,MERCURY,masa,0.000000000,PyJHora 4.8.7 Tier B isolated export; Raman ayanamsa; wheel sha256 D8D8014573A38DDEFEDCAE57D3B8D84687CAC2AD31BB5B1DD70D945906A4D54D; event civil timezone; Tokyo reference coordinates; Dig uses _dig_bala(method=2) canonical bounded circular-distance variant because the package default method=1 can exceed 60 virupa
case_103_event_start,JUPITER,masa,0.000000000,PyJHora 4.8.7 Tier B isolated export; Raman ayanamsa; wheel sha256 D8D8014573A38DDEFEDCAE57D3B8D84687CAC2AD31BB5B1DD70D945906A4D54D; event civil timezone; Tokyo reference coordinates; Dig uses _dig_bala(method=2) canonical bounded circular-distance variant because the package default method=1 can exceed 60 virupa
case_103_event_start,VENUS,masa,0.000000000,PyJHora 4.8.7 Tier B isolated export; Raman ayanamsa; wheel sha256 D8D8014573A38DDEFEDCAE57D3B8D84687CAC2AD31BB5B1DD70D945906A4D54D; event civil timezone; Tokyo reference coordinates; Dig uses _dig_bala(method=2) canonical bounded circular-distance variant because the package default method=1 can exceed 60 virupa
case_103_event_start,SATURN,masa,0.000000000,PyJHora 4.8.7 Tier B isolated export; Raman ayanamsa; wheel sha256 D8D8014573A38DDEFEDCAE57D3B8D84687CAC2AD31BB5B1DD70D945906A4D54D; event civil timezone; Tokyo reference coordinates; Dig uses _dig_bala(method=2) canonical bounded circular-distance variant because the package default method=1 can exceed 60 virupa
case_103_event_start,SUN,vara,0.000000000,PyJHora 4.8.7 Tier B isolated export; Raman ayanamsa; wheel sha256 D8D8014573A38DDEFEDCAE57D3B8D84687CAC2AD31BB5B1DD70D945906A4D54D; event civil timezone; Tokyo reference coordinates; Dig uses _dig_bala(method=2) canonical bounded circular-distance variant because the package default method=1 can exceed 60 virupa
case_103_event_start,MOON,vara,0.000000000,PyJHora 4.8.7 Tier B isolated export; Raman ayanamsa; wheel sha256 D8D8014573A38DDEFEDCAE57D3B8D84687CAC2AD31BB5B1DD70D945906A4D54D; event civil timezone; Tokyo reference coordinates; Dig uses _dig_bala(method=2) canonical bounded circular-distance variant because the package default method=1 can exceed 60 virupa
case_103_event_start,MARS,vara,0.000000000,PyJHora 4.8.7 Tier B isolated export; Raman ayanamsa; wheel sha256 D8D8014573A38DDEFEDCAE57D3B8D84687CAC2AD31BB5B1DD70D945906A4D54D; event civil timezone; Tokyo reference coordinates; Dig uses _dig_bala(method=2) canonical bounded circular-distance variant because the package default method=1 can exceed 60 virupa
case_103_event_start,MERCURY,vara,0.000000000,PyJHora 4.8.7 Tier B isolated export; Raman ayanamsa; wheel sha256 D8D8014573A38DDEFEDCAE57D3B8D84687CAC2AD31BB5B1DD70D945906A4D54D; event civil timezone; Tokyo reference coordinates; Dig uses _dig_bala(method=2) canonical bounded circular-distance variant because the package default method=1 can exceed 60 virupa
case_103_event_start,JUPITER,vara,45.000000000,PyJHora 4.8.7 Tier B isolated export; Raman ayanamsa; wheel sha256 D8D8014573A38DDEFEDCAE57D3B8D84687CAC2AD31BB5B1DD70D945906A4D54D; event civil timezone; Tokyo reference coordinates; Dig uses _dig_bala(method=2) canonical bounded circular-distance variant because the package default method=1 can exceed 60 virupa
case_103_event_start,VENUS,vara,0.000000000,PyJHora 4.8.7 Tier B isolated export; Raman ayanamsa; wheel sha256 D8D8014573A38DDEFEDCAE57D3B8D84687CAC2AD31BB5B1DD70D945906A4D54D; event civil timezone; Tokyo reference coordinates; Dig uses _dig_bala(method=2) canonical bounded circular-distance variant because the package default method=1 can exceed 60 virupa
case_103_event_start,SATURN,vara,0.000000000,PyJHora 4.8.7 Tier B isolated export; Raman ayanamsa; wheel sha256 D8D8014573A38DDEFEDCAE57D3B8D84687CAC2AD31BB5B1DD70D945906A4D54D; event civil timezone; Tokyo reference coordinates; Dig uses _dig_bala(method=2) canonical bounded circular-distance variant because the package default method=1 can exceed 60 virupa
case_103_event_start,SUN,hora,0.000000000,PyJHora 4.8.7 Tier B isolated export; Raman ayanamsa; wheel sha256 D8D8014573A38DDEFEDCAE57D3B8D84687CAC2AD31BB5B1DD70D945906A4D54D; event civil timezone; Tokyo reference coordinates; Dig uses _dig_bala(method=2) canonical bounded circular-distance variant because the package default method=1 can exceed 60 virupa
case_103_event_start,MOON,hora,60.000000000,PyJHora 4.8.7 Tier B isolated export; Raman ayanamsa; wheel sha256 D8D8014573A38DDEFEDCAE57D3B8D84687CAC2AD31BB5B1DD70D945906A4D54D; event civil timezone; Tokyo reference coordinates; Dig uses _dig_bala(method=2) canonical bounded circular-distance variant because the package default method=1 can exceed 60 virupa
case_103_event_start,MARS,hora,0.000000000,PyJHora 4.8.7 Tier B isolated export; Raman ayanamsa; wheel sha256 D8D8014573A38DDEFEDCAE57D3B8D84687CAC2AD31BB5B1DD70D945906A4D54D; event civil timezone; Tokyo reference coordinates; Dig uses _dig_bala(method=2) canonical bounded circular-distance variant because the package default method=1 can exceed 60 virupa
case_103_event_start,MERCURY,hora,0.000000000,PyJHora 4.8.7 Tier B isolated export; Raman ayanamsa; wheel sha256 D8D8014573A38DDEFEDCAE57D3B8D84687CAC2AD31BB5B1DD70D945906A4D54D; event civil timezone; Tokyo reference coordinates; Dig uses _dig_bala(method=2) canonical bounded circular-distance variant because the package default method=1 can exceed 60 virupa
case_103_event_start,JUPITER,hora,0.000000000,PyJHora 4.8.7 Tier B isolated export; Raman ayanamsa; wheel sha256 D8D8014573A38DDEFEDCAE57D3B8D84687CAC2AD31BB5B1DD70D945906A4D54D; event civil timezone; Tokyo reference coordinates; Dig uses _dig_bala(method=2) canonical bounded circular-distance variant because the package default method=1 can exceed 60 virupa
case_103_event_start,VENUS,hora,0.000000000,PyJHora 4.8.7 Tier B isolated export; Raman ayanamsa; wheel sha256 D8D8014573A38DDEFEDCAE57D3B8D84687CAC2AD31BB5B1DD70D945906A4D54D; event civil timezone; Tokyo reference coordinates; Dig uses _dig_bala(method=2) canonical bounded circular-distance variant because the package default method=1 can exceed 60 virupa
case_103_event_start,SATURN,hora,0.000000000,PyJHora 4.8.7 Tier B isolated export; Raman ayanamsa; wheel sha256 D8D8014573A38DDEFEDCAE57D3B8D84687CAC2AD31BB5B1DD70D945906A4D54D; event civil timezone; Tokyo reference coordinates; Dig uses _dig_bala(method=2) canonical bounded circular-distance variant because the package default method=1 can exceed 60 virupa
case_103_event_start,SUN,ayana,108.720000000,PyJHora 4.8.7 Tier B isolated export; Raman ayanamsa; wheel sha256 D8D8014573A38DDEFEDCAE57D3B8D84687CAC2AD31BB5B1DD70D945906A4D54D; event civil timezone; Tokyo reference coordinates; Dig uses _dig_bala(method=2) canonical bounded circular-distance variant because the package default method=1 can exceed 60 virupa
case_103_event_start,MOON,ayana,59.980000000,PyJHora 4.8.7 Tier B isolated export; Raman ayanamsa; wheel sha256 D8D8014573A38DDEFEDCAE57D3B8D84687CAC2AD31BB5B1DD70D945906A4D54D; event civil timezone; Tokyo reference coordinates; Dig uses _dig_bala(method=2) canonical bounded circular-distance variant because the package default method=1 can exceed 60 virupa
case_103_event_start,MARS,ayana,51.740000000,PyJHora 4.8.7 Tier B isolated export; Raman ayanamsa; wheel sha256 D8D8014573A38DDEFEDCAE57D3B8D84687CAC2AD31BB5B1DD70D945906A4D54D; event civil timezone; Tokyo reference coordinates; Dig uses _dig_bala(method=2) canonical bounded circular-distance variant because the package default method=1 can exceed 60 virupa
case_103_event_start,MERCURY,ayana,48.600000000,PyJHora 4.8.7 Tier B isolated export; Raman ayanamsa; wheel sha256 D8D8014573A38DDEFEDCAE57D3B8D84687CAC2AD31BB5B1DD70D945906A4D54D; event civil timezone; Tokyo reference coordinates; Dig uses _dig_bala(method=2) canonical bounded circular-distance variant because the package default method=1 can exceed 60 virupa
case_103_event_start,JUPITER,ayana,59.830000000,PyJHora 4.8.7 Tier B isolated export; Raman ayanamsa; wheel sha256 D8D8014573A38DDEFEDCAE57D3B8D84687CAC2AD31BB5B1DD70D945906A4D54D; event civil timezone; Tokyo reference coordinates; Dig uses _dig_bala(method=2) canonical bounded circular-distance variant because the package default method=1 can exceed 60 virupa
case_103_event_start,VENUS,ayana,24.750000000,PyJHora 4.8.7 Tier B isolated export; Raman ayanamsa; wheel sha256 D8D8014573A38DDEFEDCAE57D3B8D84687CAC2AD31BB5B1DD70D945906A4D54D; event civil timezone; Tokyo reference coordinates; Dig uses _dig_bala(method=2) canonical bounded circular-distance variant because the package default method=1 can exceed 60 virupa
case_103_event_start,SATURN,ayana,30.380000000,PyJHora 4.8.7 Tier B isolated export; Raman ayanamsa; wheel sha256 D8D8014573A38DDEFEDCAE57D3B8D84687CAC2AD31BB5B1DD70D945906A4D54D; event civil timezone; Tokyo reference coordinates; Dig uses _dig_bala(method=2) canonical bounded circular-distance variant because the package default method=1 can exceed 60 virupa
case_103_event_start,SUN,yuddha,0.000000000,PyJHora 4.8.7 Tier B isolated export; Raman ayanamsa; wheel sha256 D8D8014573A38DDEFEDCAE57D3B8D84687CAC2AD31BB5B1DD70D945906A4D54D; event civil timezone; Tokyo reference coordinates; Dig uses _dig_bala(method=2) canonical bounded circular-distance variant because the package default method=1 can exceed 60 virupa
case_103_event_start,MOON,yuddha,0.000000000,PyJHora 4.8.7 Tier B isolated export; Raman ayanamsa; wheel sha256 D8D8014573A38DDEFEDCAE57D3B8D84687CAC2AD31BB5B1DD70D945906A4D54D; event civil timezone; Tokyo reference coordinates; Dig uses _dig_bala(method=2) canonical bounded circular-distance variant because the package default method=1 can exceed 60 virupa
case_103_event_start,MARS,yuddha,0.000000000,PyJHora 4.8.7 Tier B isolated export; Raman ayanamsa; wheel sha256 D8D8014573A38DDEFEDCAE57D3B8D84687CAC2AD31BB5B1DD70D945906A4D54D; event civil timezone; Tokyo reference coordinates; Dig uses _dig_bala(method=2) canonical bounded circular-distance variant because the package default method=1 can exceed 60 virupa
case_103_event_start,MERCURY,yuddha,0.000000000,PyJHora 4.8.7 Tier B isolated export; Raman ayanamsa; wheel sha256 D8D8014573A38DDEFEDCAE57D3B8D84687CAC2AD31BB5B1DD70D945906A4D54D; event civil timezone; Tokyo reference coordinates; Dig uses _dig_bala(method=2) canonical bounded circular-distance variant because the package default method=1 can exceed 60 virupa
case_103_event_start,JUPITER,yuddha,0.000000000,PyJHora 4.8.7 Tier B isolated export; Raman ayanamsa; wheel sha256 D8D8014573A38DDEFEDCAE57D3B8D84687CAC2AD31BB5B1DD70D945906A4D54D; event civil timezone; Tokyo reference coordinates; Dig uses _dig_bala(method=2) canonical bounded circular-distance variant because the package default method=1 can exceed 60 virupa
case_103_event_start,VENUS,yuddha,-1.600000000,PyJHora 4.8.7 Tier B isolated export; Raman ayanamsa; wheel sha256 D8D8014573A38DDEFEDCAE57D3B8D84687CAC2AD31BB5B1DD70D945906A4D54D; event civil timezone; Tokyo reference coordinates; Dig uses _dig_bala(method=2) canonical bounded circular-distance variant because the package default method=1 can exceed 60 virupa
case_103_event_start,SATURN,yuddha,1.600000000,PyJHora 4.8.7 Tier B isolated export; Raman ayanamsa; wheel sha256 D8D8014573A38DDEFEDCAE57D3B8D84687CAC2AD31BB5B1DD70D945906A4D54D; event civil timezone; Tokyo reference coordinates; Dig uses _dig_bala(method=2) canonical bounded circular-distance variant because the package default method=1 can exceed 60 virupa
case_103_event_start,SUN,total,124.470000000,PyJHora 4.8.7 Tier B isolated export; Raman ayanamsa; wheel sha256 D8D8014573A38DDEFEDCAE57D3B8D84687CAC2AD31BB5B1DD70D945906A4D54D; event civil timezone; Tokyo reference coordinates; Dig uses _dig_bala(method=2) canonical bounded circular-distance variant because the package default method=1 can exceed 60 virupa
case_103_event_start,MOON,total,145.870000000,PyJHora 4.8.7 Tier B isolated export; Raman ayanamsa; wheel sha256 D8D8014573A38DDEFEDCAE57D3B8D84687CAC2AD31BB5B1DD70D945906A4D54D; event civil timezone; Tokyo reference coordinates; Dig uses _dig_bala(method=2) canonical bounded circular-distance variant because the package default method=1 can exceed 60 virupa
case_103_event_start,MARS,total,103.750000000,PyJHora 4.8.7 Tier B isolated export; Raman ayanamsa; wheel sha256 D8D8014573A38DDEFEDCAE57D3B8D84687CAC2AD31BB5B1DD70D945906A4D54D; event civil timezone; Tokyo reference coordinates; Dig uses _dig_bala(method=2) canonical bounded circular-distance variant because the package default method=1 can exceed 60 virupa
case_103_event_start,MERCURY,total,179.720000000,PyJHora 4.8.7 Tier B isolated export; Raman ayanamsa; wheel sha256 D8D8014573A38DDEFEDCAE57D3B8D84687CAC2AD31BB5B1DD70D945906A4D54D; event civil timezone; Tokyo reference coordinates; Dig uses _dig_bala(method=2) canonical bounded circular-distance variant because the package default method=1 can exceed 60 virupa
case_103_event_start,JUPITER,total,262.820000000,PyJHora 4.8.7 Tier B isolated export; Raman ayanamsa; wheel sha256 D8D8014573A38DDEFEDCAE57D3B8D84687CAC2AD31BB5B1DD70D945906A4D54D; event civil timezone; Tokyo reference coordinates; Dig uses _dig_bala(method=2) canonical bounded circular-distance variant because the package default method=1 can exceed 60 virupa
case_103_event_start,VENUS,total,181.140000000,PyJHora 4.8.7 Tier B isolated export; Raman ayanamsa; wheel sha256 D8D8014573A38DDEFEDCAE57D3B8D84687CAC2AD31BB5B1DD70D945906A4D54D; event civil timezone; Tokyo reference coordinates; Dig uses _dig_bala(method=2) canonical bounded circular-distance variant because the package default method=1 can exceed 60 virupa
case_103_event_start,SATURN,total,53.990000000,PyJHora 4.8.7 Tier B isolated export; Raman ayanamsa; wheel sha256 D8D8014573A38DDEFEDCAE57D3B8D84687CAC2AD31BB5B1DD70D945906A4D54D; event civil timezone; Tokyo reference coordinates; Dig uses _dig_bala(method=2) canonical bounded circular-distance variant because the package default method=1 can exceed 60 virupa
case_127_sr_touch_start,SUN,nathonnatha,29.290000000,PyJHora 4.8.7 Tier B isolated export; Raman ayanamsa; wheel sha256 D8D8014573A38DDEFEDCAE57D3B8D84687CAC2AD31BB5B1DD70D945906A4D54D; event civil timezone; Tokyo reference coordinates; Dig uses _dig_bala(method=2) canonical bounded circular-distance variant because the package default method=1 can exceed 60 virupa
case_127_sr_touch_start,MOON,nathonnatha,30.710000000,PyJHora 4.8.7 Tier B isolated export; Raman ayanamsa; wheel sha256 D8D8014573A38DDEFEDCAE57D3B8D84687CAC2AD31BB5B1DD70D945906A4D54D; event civil timezone; Tokyo reference coordinates; Dig uses _dig_bala(method=2) canonical bounded circular-distance variant because the package default method=1 can exceed 60 virupa
case_127_sr_touch_start,MARS,nathonnatha,30.710000000,PyJHora 4.8.7 Tier B isolated export; Raman ayanamsa; wheel sha256 D8D8014573A38DDEFEDCAE57D3B8D84687CAC2AD31BB5B1DD70D945906A4D54D; event civil timezone; Tokyo reference coordinates; Dig uses _dig_bala(method=2) canonical bounded circular-distance variant because the package default method=1 can exceed 60 virupa
case_127_sr_touch_start,MERCURY,nathonnatha,60.000000000,PyJHora 4.8.7 Tier B isolated export; Raman ayanamsa; wheel sha256 D8D8014573A38DDEFEDCAE57D3B8D84687CAC2AD31BB5B1DD70D945906A4D54D; event civil timezone; Tokyo reference coordinates; Dig uses _dig_bala(method=2) canonical bounded circular-distance variant because the package default method=1 can exceed 60 virupa
case_127_sr_touch_start,JUPITER,nathonnatha,29.290000000,PyJHora 4.8.7 Tier B isolated export; Raman ayanamsa; wheel sha256 D8D8014573A38DDEFEDCAE57D3B8D84687CAC2AD31BB5B1DD70D945906A4D54D; event civil timezone; Tokyo reference coordinates; Dig uses _dig_bala(method=2) canonical bounded circular-distance variant because the package default method=1 can exceed 60 virupa
case_127_sr_touch_start,VENUS,nathonnatha,29.290000000,PyJHora 4.8.7 Tier B isolated export; Raman ayanamsa; wheel sha256 D8D8014573A38DDEFEDCAE57D3B8D84687CAC2AD31BB5B1DD70D945906A4D54D; event civil timezone; Tokyo reference coordinates; Dig uses _dig_bala(method=2) canonical bounded circular-distance variant because the package default method=1 can exceed 60 virupa
case_127_sr_touch_start,SATURN,nathonnatha,30.710000000,PyJHora 4.8.7 Tier B isolated export; Raman ayanamsa; wheel sha256 D8D8014573A38DDEFEDCAE57D3B8D84687CAC2AD31BB5B1DD70D945906A4D54D; event civil timezone; Tokyo reference coordinates; Dig uses _dig_bala(method=2) canonical bounded circular-distance variant because the package default method=1 can exceed 60 virupa
case_127_sr_touch_start,SUN,paksha,52.750000000,PyJHora 4.8.7 Tier B isolated export; Raman ayanamsa; wheel sha256 D8D8014573A38DDEFEDCAE57D3B8D84687CAC2AD31BB5B1DD70D945906A4D54D; event civil timezone; Tokyo reference coordinates; Dig uses _dig_bala(method=2) canonical bounded circular-distance variant because the package default method=1 can exceed 60 virupa
case_127_sr_touch_start,MOON,paksha,14.500000000,PyJHora 4.8.7 Tier B isolated export; Raman ayanamsa; wheel sha256 D8D8014573A38DDEFEDCAE57D3B8D84687CAC2AD31BB5B1DD70D945906A4D54D; event civil timezone; Tokyo reference coordinates; Dig uses _dig_bala(method=2) canonical bounded circular-distance variant because the package default method=1 can exceed 60 virupa
case_127_sr_touch_start,MARS,paksha,52.750000000,PyJHora 4.8.7 Tier B isolated export; Raman ayanamsa; wheel sha256 D8D8014573A38DDEFEDCAE57D3B8D84687CAC2AD31BB5B1DD70D945906A4D54D; event civil timezone; Tokyo reference coordinates; Dig uses _dig_bala(method=2) canonical bounded circular-distance variant because the package default method=1 can exceed 60 virupa
case_127_sr_touch_start,MERCURY,paksha,52.750000000,PyJHora 4.8.7 Tier B isolated export; Raman ayanamsa; wheel sha256 D8D8014573A38DDEFEDCAE57D3B8D84687CAC2AD31BB5B1DD70D945906A4D54D; event civil timezone; Tokyo reference coordinates; Dig uses _dig_bala(method=2) canonical bounded circular-distance variant because the package default method=1 can exceed 60 virupa
case_127_sr_touch_start,JUPITER,paksha,7.250000000,PyJHora 4.8.7 Tier B isolated export; Raman ayanamsa; wheel sha256 D8D8014573A38DDEFEDCAE57D3B8D84687CAC2AD31BB5B1DD70D945906A4D54D; event civil timezone; Tokyo reference coordinates; Dig uses _dig_bala(method=2) canonical bounded circular-distance variant because the package default method=1 can exceed 60 virupa
case_127_sr_touch_start,VENUS,paksha,7.250000000,PyJHora 4.8.7 Tier B isolated export; Raman ayanamsa; wheel sha256 D8D8014573A38DDEFEDCAE57D3B8D84687CAC2AD31BB5B1DD70D945906A4D54D; event civil timezone; Tokyo reference coordinates; Dig uses _dig_bala(method=2) canonical bounded circular-distance variant because the package default method=1 can exceed 60 virupa
case_127_sr_touch_start,SATURN,paksha,52.750000000,PyJHora 4.8.7 Tier B isolated export; Raman ayanamsa; wheel sha256 D8D8014573A38DDEFEDCAE57D3B8D84687CAC2AD31BB5B1DD70D945906A4D54D; event civil timezone; Tokyo reference coordinates; Dig uses _dig_bala(method=2) canonical bounded circular-distance variant because the package default method=1 can exceed 60 virupa
case_127_sr_touch_start,SUN,tribhaga,0.000000000,PyJHora 4.8.7 Tier B isolated export; Raman ayanamsa; wheel sha256 D8D8014573A38DDEFEDCAE57D3B8D84687CAC2AD31BB5B1DD70D945906A4D54D; event civil timezone; Tokyo reference coordinates; Dig uses _dig_bala(method=2) canonical bounded circular-distance variant because the package default method=1 can exceed 60 virupa
case_127_sr_touch_start,MOON,tribhaga,0.000000000,PyJHora 4.8.7 Tier B isolated export; Raman ayanamsa; wheel sha256 D8D8014573A38DDEFEDCAE57D3B8D84687CAC2AD31BB5B1DD70D945906A4D54D; event civil timezone; Tokyo reference coordinates; Dig uses _dig_bala(method=2) canonical bounded circular-distance variant because the package default method=1 can exceed 60 virupa
case_127_sr_touch_start,MARS,tribhaga,0.000000000,PyJHora 4.8.7 Tier B isolated export; Raman ayanamsa; wheel sha256 D8D8014573A38DDEFEDCAE57D3B8D84687CAC2AD31BB5B1DD70D945906A4D54D; event civil timezone; Tokyo reference coordinates; Dig uses _dig_bala(method=2) canonical bounded circular-distance variant because the package default method=1 can exceed 60 virupa
case_127_sr_touch_start,MERCURY,tribhaga,0.000000000,PyJHora 4.8.7 Tier B isolated export; Raman ayanamsa; wheel sha256 D8D8014573A38DDEFEDCAE57D3B8D84687CAC2AD31BB5B1DD70D945906A4D54D; event civil timezone; Tokyo reference coordinates; Dig uses _dig_bala(method=2) canonical bounded circular-distance variant because the package default method=1 can exceed 60 virupa
case_127_sr_touch_start,JUPITER,tribhaga,60.000000000,PyJHora 4.8.7 Tier B isolated export; Raman ayanamsa; wheel sha256 D8D8014573A38DDEFEDCAE57D3B8D84687CAC2AD31BB5B1DD70D945906A4D54D; event civil timezone; Tokyo reference coordinates; Dig uses _dig_bala(method=2) canonical bounded circular-distance variant because the package default method=1 can exceed 60 virupa
case_127_sr_touch_start,VENUS,tribhaga,60.000000000,PyJHora 4.8.7 Tier B isolated export; Raman ayanamsa; wheel sha256 D8D8014573A38DDEFEDCAE57D3B8D84687CAC2AD31BB5B1DD70D945906A4D54D; event civil timezone; Tokyo reference coordinates; Dig uses _dig_bala(method=2) canonical bounded circular-distance variant because the package default method=1 can exceed 60 virupa
case_127_sr_touch_start,SATURN,tribhaga,0.000000000,PyJHora 4.8.7 Tier B isolated export; Raman ayanamsa; wheel sha256 D8D8014573A38DDEFEDCAE57D3B8D84687CAC2AD31BB5B1DD70D945906A4D54D; event civil timezone; Tokyo reference coordinates; Dig uses _dig_bala(method=2) canonical bounded circular-distance variant because the package default method=1 can exceed 60 virupa
case_127_sr_touch_start,SUN,abda,0.000000000,PyJHora 4.8.7 Tier B isolated export; Raman ayanamsa; wheel sha256 D8D8014573A38DDEFEDCAE57D3B8D84687CAC2AD31BB5B1DD70D945906A4D54D; event civil timezone; Tokyo reference coordinates; Dig uses _dig_bala(method=2) canonical bounded circular-distance variant because the package default method=1 can exceed 60 virupa
case_127_sr_touch_start,MOON,abda,15.000000000,PyJHora 4.8.7 Tier B isolated export; Raman ayanamsa; wheel sha256 D8D8014573A38DDEFEDCAE57D3B8D84687CAC2AD31BB5B1DD70D945906A4D54D; event civil timezone; Tokyo reference coordinates; Dig uses _dig_bala(method=2) canonical bounded circular-distance variant because the package default method=1 can exceed 60 virupa
case_127_sr_touch_start,MARS,abda,0.000000000,PyJHora 4.8.7 Tier B isolated export; Raman ayanamsa; wheel sha256 D8D8014573A38DDEFEDCAE57D3B8D84687CAC2AD31BB5B1DD70D945906A4D54D; event civil timezone; Tokyo reference coordinates; Dig uses _dig_bala(method=2) canonical bounded circular-distance variant because the package default method=1 can exceed 60 virupa
case_127_sr_touch_start,MERCURY,abda,0.000000000,PyJHora 4.8.7 Tier B isolated export; Raman ayanamsa; wheel sha256 D8D8014573A38DDEFEDCAE57D3B8D84687CAC2AD31BB5B1DD70D945906A4D54D; event civil timezone; Tokyo reference coordinates; Dig uses _dig_bala(method=2) canonical bounded circular-distance variant because the package default method=1 can exceed 60 virupa
case_127_sr_touch_start,JUPITER,abda,0.000000000,PyJHora 4.8.7 Tier B isolated export; Raman ayanamsa; wheel sha256 D8D8014573A38DDEFEDCAE57D3B8D84687CAC2AD31BB5B1DD70D945906A4D54D; event civil timezone; Tokyo reference coordinates; Dig uses _dig_bala(method=2) canonical bounded circular-distance variant because the package default method=1 can exceed 60 virupa
case_127_sr_touch_start,VENUS,abda,0.000000000,PyJHora 4.8.7 Tier B isolated export; Raman ayanamsa; wheel sha256 D8D8014573A38DDEFEDCAE57D3B8D84687CAC2AD31BB5B1DD70D945906A4D54D; event civil timezone; Tokyo reference coordinates; Dig uses _dig_bala(method=2) canonical bounded circular-distance variant because the package default method=1 can exceed 60 virupa
case_127_sr_touch_start,SATURN,abda,0.000000000,PyJHora 4.8.7 Tier B isolated export; Raman ayanamsa; wheel sha256 D8D8014573A38DDEFEDCAE57D3B8D84687CAC2AD31BB5B1DD70D945906A4D54D; event civil timezone; Tokyo reference coordinates; Dig uses _dig_bala(method=2) canonical bounded circular-distance variant because the package default method=1 can exceed 60 virupa
case_127_sr_touch_start,SUN,masa,0.000000000,PyJHora 4.8.7 Tier B isolated export; Raman ayanamsa; wheel sha256 D8D8014573A38DDEFEDCAE57D3B8D84687CAC2AD31BB5B1DD70D945906A4D54D; event civil timezone; Tokyo reference coordinates; Dig uses _dig_bala(method=2) canonical bounded circular-distance variant because the package default method=1 can exceed 60 virupa
case_127_sr_touch_start,MOON,masa,0.000000000,PyJHora 4.8.7 Tier B isolated export; Raman ayanamsa; wheel sha256 D8D8014573A38DDEFEDCAE57D3B8D84687CAC2AD31BB5B1DD70D945906A4D54D; event civil timezone; Tokyo reference coordinates; Dig uses _dig_bala(method=2) canonical bounded circular-distance variant because the package default method=1 can exceed 60 virupa
case_127_sr_touch_start,MARS,masa,30.000000000,PyJHora 4.8.7 Tier B isolated export; Raman ayanamsa; wheel sha256 D8D8014573A38DDEFEDCAE57D3B8D84687CAC2AD31BB5B1DD70D945906A4D54D; event civil timezone; Tokyo reference coordinates; Dig uses _dig_bala(method=2) canonical bounded circular-distance variant because the package default method=1 can exceed 60 virupa
case_127_sr_touch_start,MERCURY,masa,0.000000000,PyJHora 4.8.7 Tier B isolated export; Raman ayanamsa; wheel sha256 D8D8014573A38DDEFEDCAE57D3B8D84687CAC2AD31BB5B1DD70D945906A4D54D; event civil timezone; Tokyo reference coordinates; Dig uses _dig_bala(method=2) canonical bounded circular-distance variant because the package default method=1 can exceed 60 virupa
case_127_sr_touch_start,JUPITER,masa,0.000000000,PyJHora 4.8.7 Tier B isolated export; Raman ayanamsa; wheel sha256 D8D8014573A38DDEFEDCAE57D3B8D84687CAC2AD31BB5B1DD70D945906A4D54D; event civil timezone; Tokyo reference coordinates; Dig uses _dig_bala(method=2) canonical bounded circular-distance variant because the package default method=1 can exceed 60 virupa
case_127_sr_touch_start,VENUS,masa,0.000000000,PyJHora 4.8.7 Tier B isolated export; Raman ayanamsa; wheel sha256 D8D8014573A38DDEFEDCAE57D3B8D84687CAC2AD31BB5B1DD70D945906A4D54D; event civil timezone; Tokyo reference coordinates; Dig uses _dig_bala(method=2) canonical bounded circular-distance variant because the package default method=1 can exceed 60 virupa
case_127_sr_touch_start,SATURN,masa,0.000000000,PyJHora 4.8.7 Tier B isolated export; Raman ayanamsa; wheel sha256 D8D8014573A38DDEFEDCAE57D3B8D84687CAC2AD31BB5B1DD70D945906A4D54D; event civil timezone; Tokyo reference coordinates; Dig uses _dig_bala(method=2) canonical bounded circular-distance variant because the package default method=1 can exceed 60 virupa
case_127_sr_touch_start,SUN,vara,0.000000000,PyJHora 4.8.7 Tier B isolated export; Raman ayanamsa; wheel sha256 D8D8014573A38DDEFEDCAE57D3B8D84687CAC2AD31BB5B1DD70D945906A4D54D; event civil timezone; Tokyo reference coordinates; Dig uses _dig_bala(method=2) canonical bounded circular-distance variant because the package default method=1 can exceed 60 virupa
case_127_sr_touch_start,MOON,vara,0.000000000,PyJHora 4.8.7 Tier B isolated export; Raman ayanamsa; wheel sha256 D8D8014573A38DDEFEDCAE57D3B8D84687CAC2AD31BB5B1DD70D945906A4D54D; event civil timezone; Tokyo reference coordinates; Dig uses _dig_bala(method=2) canonical bounded circular-distance variant because the package default method=1 can exceed 60 virupa
case_127_sr_touch_start,MARS,vara,0.000000000,PyJHora 4.8.7 Tier B isolated export; Raman ayanamsa; wheel sha256 D8D8014573A38DDEFEDCAE57D3B8D84687CAC2AD31BB5B1DD70D945906A4D54D; event civil timezone; Tokyo reference coordinates; Dig uses _dig_bala(method=2) canonical bounded circular-distance variant because the package default method=1 can exceed 60 virupa
case_127_sr_touch_start,MERCURY,vara,45.000000000,PyJHora 4.8.7 Tier B isolated export; Raman ayanamsa; wheel sha256 D8D8014573A38DDEFEDCAE57D3B8D84687CAC2AD31BB5B1DD70D945906A4D54D; event civil timezone; Tokyo reference coordinates; Dig uses _dig_bala(method=2) canonical bounded circular-distance variant because the package default method=1 can exceed 60 virupa
case_127_sr_touch_start,JUPITER,vara,0.000000000,PyJHora 4.8.7 Tier B isolated export; Raman ayanamsa; wheel sha256 D8D8014573A38DDEFEDCAE57D3B8D84687CAC2AD31BB5B1DD70D945906A4D54D; event civil timezone; Tokyo reference coordinates; Dig uses _dig_bala(method=2) canonical bounded circular-distance variant because the package default method=1 can exceed 60 virupa
case_127_sr_touch_start,VENUS,vara,0.000000000,PyJHora 4.8.7 Tier B isolated export; Raman ayanamsa; wheel sha256 D8D8014573A38DDEFEDCAE57D3B8D84687CAC2AD31BB5B1DD70D945906A4D54D; event civil timezone; Tokyo reference coordinates; Dig uses _dig_bala(method=2) canonical bounded circular-distance variant because the package default method=1 can exceed 60 virupa
case_127_sr_touch_start,SATURN,vara,0.000000000,PyJHora 4.8.7 Tier B isolated export; Raman ayanamsa; wheel sha256 D8D8014573A38DDEFEDCAE57D3B8D84687CAC2AD31BB5B1DD70D945906A4D54D; event civil timezone; Tokyo reference coordinates; Dig uses _dig_bala(method=2) canonical bounded circular-distance variant because the package default method=1 can exceed 60 virupa
case_127_sr_touch_start,SUN,hora,0.000000000,PyJHora 4.8.7 Tier B isolated export; Raman ayanamsa; wheel sha256 D8D8014573A38DDEFEDCAE57D3B8D84687CAC2AD31BB5B1DD70D945906A4D54D; event civil timezone; Tokyo reference coordinates; Dig uses _dig_bala(method=2) canonical bounded circular-distance variant because the package default method=1 can exceed 60 virupa
case_127_sr_touch_start,MOON,hora,0.000000000,PyJHora 4.8.7 Tier B isolated export; Raman ayanamsa; wheel sha256 D8D8014573A38DDEFEDCAE57D3B8D84687CAC2AD31BB5B1DD70D945906A4D54D; event civil timezone; Tokyo reference coordinates; Dig uses _dig_bala(method=2) canonical bounded circular-distance variant because the package default method=1 can exceed 60 virupa
case_127_sr_touch_start,MARS,hora,0.000000000,PyJHora 4.8.7 Tier B isolated export; Raman ayanamsa; wheel sha256 D8D8014573A38DDEFEDCAE57D3B8D84687CAC2AD31BB5B1DD70D945906A4D54D; event civil timezone; Tokyo reference coordinates; Dig uses _dig_bala(method=2) canonical bounded circular-distance variant because the package default method=1 can exceed 60 virupa
case_127_sr_touch_start,MERCURY,hora,0.000000000,PyJHora 4.8.7 Tier B isolated export; Raman ayanamsa; wheel sha256 D8D8014573A38DDEFEDCAE57D3B8D84687CAC2AD31BB5B1DD70D945906A4D54D; event civil timezone; Tokyo reference coordinates; Dig uses _dig_bala(method=2) canonical bounded circular-distance variant because the package default method=1 can exceed 60 virupa
case_127_sr_touch_start,JUPITER,hora,0.000000000,PyJHora 4.8.7 Tier B isolated export; Raman ayanamsa; wheel sha256 D8D8014573A38DDEFEDCAE57D3B8D84687CAC2AD31BB5B1DD70D945906A4D54D; event civil timezone; Tokyo reference coordinates; Dig uses _dig_bala(method=2) canonical bounded circular-distance variant because the package default method=1 can exceed 60 virupa
case_127_sr_touch_start,VENUS,hora,60.000000000,PyJHora 4.8.7 Tier B isolated export; Raman ayanamsa; wheel sha256 D8D8014573A38DDEFEDCAE57D3B8D84687CAC2AD31BB5B1DD70D945906A4D54D; event civil timezone; Tokyo reference coordinates; Dig uses _dig_bala(method=2) canonical bounded circular-distance variant because the package default method=1 can exceed 60 virupa
case_127_sr_touch_start,SATURN,hora,0.000000000,PyJHora 4.8.7 Tier B isolated export; Raman ayanamsa; wheel sha256 D8D8014573A38DDEFEDCAE57D3B8D84687CAC2AD31BB5B1DD70D945906A4D54D; event civil timezone; Tokyo reference coordinates; Dig uses _dig_bala(method=2) canonical bounded circular-distance variant because the package default method=1 can exceed 60 virupa
case_127_sr_touch_start,SUN,ayana,115.260000000,PyJHora 4.8.7 Tier B isolated export; Raman ayanamsa; wheel sha256 D8D8014573A38DDEFEDCAE57D3B8D84687CAC2AD31BB5B1DD70D945906A4D54D; event civil timezone; Tokyo reference coordinates; Dig uses _dig_bala(method=2) canonical bounded circular-distance variant because the package default method=1 can exceed 60 virupa
case_127_sr_touch_start,MOON,ayana,0.010000000,PyJHora 4.8.7 Tier B isolated export; Raman ayanamsa; wheel sha256 D8D8014573A38DDEFEDCAE57D3B8D84687CAC2AD31BB5B1DD70D945906A4D54D; event civil timezone; Tokyo reference coordinates; Dig uses _dig_bala(method=2) canonical bounded circular-distance variant because the package default method=1 can exceed 60 virupa
case_127_sr_touch_start,MARS,ayana,49.200000000,PyJHora 4.8.7 Tier B isolated export; Raman ayanamsa; wheel sha256 D8D8014573A38DDEFEDCAE57D3B8D84687CAC2AD31BB5B1DD70D945906A4D54D; event civil timezone; Tokyo reference coordinates; Dig uses _dig_bala(method=2) canonical bounded circular-distance variant because the package default method=1 can exceed 60 virupa
case_127_sr_touch_start,MERCURY,ayana,57.230000000,PyJHora 4.8.7 Tier B isolated export; Raman ayanamsa; wheel sha256 D8D8014573A38DDEFEDCAE57D3B8D84687CAC2AD31BB5B1DD70D945906A4D54D; event civil timezone; Tokyo reference coordinates; Dig uses _dig_bala(method=2) canonical bounded circular-distance variant because the package default method=1 can exceed 60 virupa
case_127_sr_touch_start,JUPITER,ayana,59.950000000,PyJHora 4.8.7 Tier B isolated export; Raman ayanamsa; wheel sha256 D8D8014573A38DDEFEDCAE57D3B8D84687CAC2AD31BB5B1DD70D945906A4D54D; event civil timezone; Tokyo reference coordinates; Dig uses _dig_bala(method=2) canonical bounded circular-distance variant because the package default method=1 can exceed 60 virupa
case_127_sr_touch_start,VENUS,ayana,19.160000000,PyJHora 4.8.7 Tier B isolated export; Raman ayanamsa; wheel sha256 D8D8014573A38DDEFEDCAE57D3B8D84687CAC2AD31BB5B1DD70D945906A4D54D; event civil timezone; Tokyo reference coordinates; Dig uses _dig_bala(method=2) canonical bounded circular-distance variant because the package default method=1 can exceed 60 virupa
case_127_sr_touch_start,SATURN,ayana,30.130000000,PyJHora 4.8.7 Tier B isolated export; Raman ayanamsa; wheel sha256 D8D8014573A38DDEFEDCAE57D3B8D84687CAC2AD31BB5B1DD70D945906A4D54D; event civil timezone; Tokyo reference coordinates; Dig uses _dig_bala(method=2) canonical bounded circular-distance variant because the package default method=1 can exceed 60 virupa
case_127_sr_touch_start,SUN,yuddha,0.000000000,PyJHora 4.8.7 Tier B isolated export; Raman ayanamsa; wheel sha256 D8D8014573A38DDEFEDCAE57D3B8D84687CAC2AD31BB5B1DD70D945906A4D54D; event civil timezone; Tokyo reference coordinates; Dig uses _dig_bala(method=2) canonical bounded circular-distance variant because the package default method=1 can exceed 60 virupa
case_127_sr_touch_start,MOON,yuddha,0.000000000,PyJHora 4.8.7 Tier B isolated export; Raman ayanamsa; wheel sha256 D8D8014573A38DDEFEDCAE57D3B8D84687CAC2AD31BB5B1DD70D945906A4D54D; event civil timezone; Tokyo reference coordinates; Dig uses _dig_bala(method=2) canonical bounded circular-distance variant because the package default method=1 can exceed 60 virupa
case_127_sr_touch_start,MARS,yuddha,0.000000000,PyJHora 4.8.7 Tier B isolated export; Raman ayanamsa; wheel sha256 D8D8014573A38DDEFEDCAE57D3B8D84687CAC2AD31BB5B1DD70D945906A4D54D; event civil timezone; Tokyo reference coordinates; Dig uses _dig_bala(method=2) canonical bounded circular-distance variant because the package default method=1 can exceed 60 virupa
case_127_sr_touch_start,MERCURY,yuddha,0.000000000,PyJHora 4.8.7 Tier B isolated export; Raman ayanamsa; wheel sha256 D8D8014573A38DDEFEDCAE57D3B8D84687CAC2AD31BB5B1DD70D945906A4D54D; event civil timezone; Tokyo reference coordinates; Dig uses _dig_bala(method=2) canonical bounded circular-distance variant because the package default method=1 can exceed 60 virupa
case_127_sr_touch_start,JUPITER,yuddha,0.000000000,PyJHora 4.8.7 Tier B isolated export; Raman ayanamsa; wheel sha256 D8D8014573A38DDEFEDCAE57D3B8D84687CAC2AD31BB5B1DD70D945906A4D54D; event civil timezone; Tokyo reference coordinates; Dig uses _dig_bala(method=2) canonical bounded circular-distance variant because the package default method=1 can exceed 60 virupa
case_127_sr_touch_start,VENUS,yuddha,0.000000000,PyJHora 4.8.7 Tier B isolated export; Raman ayanamsa; wheel sha256 D8D8014573A38DDEFEDCAE57D3B8D84687CAC2AD31BB5B1DD70D945906A4D54D; event civil timezone; Tokyo reference coordinates; Dig uses _dig_bala(method=2) canonical bounded circular-distance variant because the package default method=1 can exceed 60 virupa
case_127_sr_touch_start,SATURN,yuddha,0.000000000,PyJHora 4.8.7 Tier B isolated export; Raman ayanamsa; wheel sha256 D8D8014573A38DDEFEDCAE57D3B8D84687CAC2AD31BB5B1DD70D945906A4D54D; event civil timezone; Tokyo reference coordinates; Dig uses _dig_bala(method=2) canonical bounded circular-distance variant because the package default method=1 can exceed 60 virupa
case_127_sr_touch_start,SUN,total,197.300000000,PyJHora 4.8.7 Tier B isolated export; Raman ayanamsa; wheel sha256 D8D8014573A38DDEFEDCAE57D3B8D84687CAC2AD31BB5B1DD70D945906A4D54D; event civil timezone; Tokyo reference coordinates; Dig uses _dig_bala(method=2) canonical bounded circular-distance variant because the package default method=1 can exceed 60 virupa
case_127_sr_touch_start,MOON,total,60.220000000,PyJHora 4.8.7 Tier B isolated export; Raman ayanamsa; wheel sha256 D8D8014573A38DDEFEDCAE57D3B8D84687CAC2AD31BB5B1DD70D945906A4D54D; event civil timezone; Tokyo reference coordinates; Dig uses _dig_bala(method=2) canonical bounded circular-distance variant because the package default method=1 can exceed 60 virupa
case_127_sr_touch_start,MARS,total,162.660000000,PyJHora 4.8.7 Tier B isolated export; Raman ayanamsa; wheel sha256 D8D8014573A38DDEFEDCAE57D3B8D84687CAC2AD31BB5B1DD70D945906A4D54D; event civil timezone; Tokyo reference coordinates; Dig uses _dig_bala(method=2) canonical bounded circular-distance variant because the package default method=1 can exceed 60 virupa
case_127_sr_touch_start,MERCURY,total,214.980000000,PyJHora 4.8.7 Tier B isolated export; Raman ayanamsa; wheel sha256 D8D8014573A38DDEFEDCAE57D3B8D84687CAC2AD31BB5B1DD70D945906A4D54D; event civil timezone; Tokyo reference coordinates; Dig uses _dig_bala(method=2) canonical bounded circular-distance variant because the package default method=1 can exceed 60 virupa
case_127_sr_touch_start,JUPITER,total,156.490000000,PyJHora 4.8.7 Tier B isolated export; Raman ayanamsa; wheel sha256 D8D8014573A38DDEFEDCAE57D3B8D84687CAC2AD31BB5B1DD70D945906A4D54D; event civil timezone; Tokyo reference coordinates; Dig uses _dig_bala(method=2) canonical bounded circular-distance variant because the package default method=1 can exceed 60 virupa
case_127_sr_touch_start,VENUS,total,175.700000000,PyJHora 4.8.7 Tier B isolated export; Raman ayanamsa; wheel sha256 D8D8014573A38DDEFEDCAE57D3B8D84687CAC2AD31BB5B1DD70D945906A4D54D; event civil timezone; Tokyo reference coordinates; Dig uses _dig_bala(method=2) canonical bounded circular-distance variant because the package default method=1 can exceed 60 virupa
case_127_sr_touch_start,SATURN,total,113.590000000,PyJHora 4.8.7 Tier B isolated export; Raman ayanamsa; wheel sha256 D8D8014573A38DDEFEDCAE57D3B8D84687CAC2AD31BB5B1DD70D945906A4D54D; event civil timezone; Tokyo reference coordinates; Dig uses _dig_bala(method=2) canonical bounded circular-distance variant because the package default method=1 can exceed 60 virupa
gann_reference_tokyo,SUN,nathonnatha,-0.370000000,PyJHora 4.8.7 Tier B isolated export; Raman ayanamsa; wheel sha256 D8D8014573A38DDEFEDCAE57D3B8D84687CAC2AD31BB5B1DD70D945906A4D54D; event civil timezone; Tokyo reference coordinates; Dig uses _dig_bala(method=2) canonical bounded circular-distance variant because the package default method=1 can exceed 60 virupa
gann_reference_tokyo,MOON,nathonnatha,60.370000000,PyJHora 4.8.7 Tier B isolated export; Raman ayanamsa; wheel sha256 D8D8014573A38DDEFEDCAE57D3B8D84687CAC2AD31BB5B1DD70D945906A4D54D; event civil timezone; Tokyo reference coordinates; Dig uses _dig_bala(method=2) canonical bounded circular-distance variant because the package default method=1 can exceed 60 virupa
gann_reference_tokyo,MARS,nathonnatha,60.370000000,PyJHora 4.8.7 Tier B isolated export; Raman ayanamsa; wheel sha256 D8D8014573A38DDEFEDCAE57D3B8D84687CAC2AD31BB5B1DD70D945906A4D54D; event civil timezone; Tokyo reference coordinates; Dig uses _dig_bala(method=2) canonical bounded circular-distance variant because the package default method=1 can exceed 60 virupa
gann_reference_tokyo,MERCURY,nathonnatha,60.000000000,PyJHora 4.8.7 Tier B isolated export; Raman ayanamsa; wheel sha256 D8D8014573A38DDEFEDCAE57D3B8D84687CAC2AD31BB5B1DD70D945906A4D54D; event civil timezone; Tokyo reference coordinates; Dig uses _dig_bala(method=2) canonical bounded circular-distance variant because the package default method=1 can exceed 60 virupa
gann_reference_tokyo,JUPITER,nathonnatha,-0.370000000,PyJHora 4.8.7 Tier B isolated export; Raman ayanamsa; wheel sha256 D8D8014573A38DDEFEDCAE57D3B8D84687CAC2AD31BB5B1DD70D945906A4D54D; event civil timezone; Tokyo reference coordinates; Dig uses _dig_bala(method=2) canonical bounded circular-distance variant because the package default method=1 can exceed 60 virupa
gann_reference_tokyo,VENUS,nathonnatha,-0.370000000,PyJHora 4.8.7 Tier B isolated export; Raman ayanamsa; wheel sha256 D8D8014573A38DDEFEDCAE57D3B8D84687CAC2AD31BB5B1DD70D945906A4D54D; event civil timezone; Tokyo reference coordinates; Dig uses _dig_bala(method=2) canonical bounded circular-distance variant because the package default method=1 can exceed 60 virupa
gann_reference_tokyo,SATURN,nathonnatha,60.370000000,PyJHora 4.8.7 Tier B isolated export; Raman ayanamsa; wheel sha256 D8D8014573A38DDEFEDCAE57D3B8D84687CAC2AD31BB5B1DD70D945906A4D54D; event civil timezone; Tokyo reference coordinates; Dig uses _dig_bala(method=2) canonical bounded circular-distance variant because the package default method=1 can exceed 60 virupa
gann_reference_tokyo,SUN,paksha,-20.060000000,PyJHora 4.8.7 Tier B isolated export; Raman ayanamsa; wheel sha256 D8D8014573A38DDEFEDCAE57D3B8D84687CAC2AD31BB5B1DD70D945906A4D54D; event civil timezone; Tokyo reference coordinates; Dig uses _dig_bala(method=2) canonical bounded circular-distance variant because the package default method=1 can exceed 60 virupa
gann_reference_tokyo,MOON,paksha,160.120000000,PyJHora 4.8.7 Tier B isolated export; Raman ayanamsa; wheel sha256 D8D8014573A38DDEFEDCAE57D3B8D84687CAC2AD31BB5B1DD70D945906A4D54D; event civil timezone; Tokyo reference coordinates; Dig uses _dig_bala(method=2) canonical bounded circular-distance variant because the package default method=1 can exceed 60 virupa
gann_reference_tokyo,MARS,paksha,-20.060000000,PyJHora 4.8.7 Tier B isolated export; Raman ayanamsa; wheel sha256 D8D8014573A38DDEFEDCAE57D3B8D84687CAC2AD31BB5B1DD70D945906A4D54D; event civil timezone; Tokyo reference coordinates; Dig uses _dig_bala(method=2) canonical bounded circular-distance variant because the package default method=1 can exceed 60 virupa
gann_reference_tokyo,MERCURY,paksha,-20.060000000,PyJHora 4.8.7 Tier B isolated export; Raman ayanamsa; wheel sha256 D8D8014573A38DDEFEDCAE57D3B8D84687CAC2AD31BB5B1DD70D945906A4D54D; event civil timezone; Tokyo reference coordinates; Dig uses _dig_bala(method=2) canonical bounded circular-distance variant because the package default method=1 can exceed 60 virupa
gann_reference_tokyo,JUPITER,paksha,80.060000000,PyJHora 4.8.7 Tier B isolated export; Raman ayanamsa; wheel sha256 D8D8014573A38DDEFEDCAE57D3B8D84687CAC2AD31BB5B1DD70D945906A4D54D; event civil timezone; Tokyo reference coordinates; Dig uses _dig_bala(method=2) canonical bounded circular-distance variant because the package default method=1 can exceed 60 virupa
gann_reference_tokyo,VENUS,paksha,80.060000000,PyJHora 4.8.7 Tier B isolated export; Raman ayanamsa; wheel sha256 D8D8014573A38DDEFEDCAE57D3B8D84687CAC2AD31BB5B1DD70D945906A4D54D; event civil timezone; Tokyo reference coordinates; Dig uses _dig_bala(method=2) canonical bounded circular-distance variant because the package default method=1 can exceed 60 virupa
gann_reference_tokyo,SATURN,paksha,-20.060000000,PyJHora 4.8.7 Tier B isolated export; Raman ayanamsa; wheel sha256 D8D8014573A38DDEFEDCAE57D3B8D84687CAC2AD31BB5B1DD70D945906A4D54D; event civil timezone; Tokyo reference coordinates; Dig uses _dig_bala(method=2) canonical bounded circular-distance variant because the package default method=1 can exceed 60 virupa
gann_reference_tokyo,SUN,tribhaga,0.000000000,PyJHora 4.8.7 Tier B isolated export; Raman ayanamsa; wheel sha256 D8D8014573A38DDEFEDCAE57D3B8D84687CAC2AD31BB5B1DD70D945906A4D54D; event civil timezone; Tokyo reference coordinates; Dig uses _dig_bala(method=2) canonical bounded circular-distance variant because the package default method=1 can exceed 60 virupa
gann_reference_tokyo,MOON,tribhaga,0.000000000,PyJHora 4.8.7 Tier B isolated export; Raman ayanamsa; wheel sha256 D8D8014573A38DDEFEDCAE57D3B8D84687CAC2AD31BB5B1DD70D945906A4D54D; event civil timezone; Tokyo reference coordinates; Dig uses _dig_bala(method=2) canonical bounded circular-distance variant because the package default method=1 can exceed 60 virupa
gann_reference_tokyo,MARS,tribhaga,0.000000000,PyJHora 4.8.7 Tier B isolated export; Raman ayanamsa; wheel sha256 D8D8014573A38DDEFEDCAE57D3B8D84687CAC2AD31BB5B1DD70D945906A4D54D; event civil timezone; Tokyo reference coordinates; Dig uses _dig_bala(method=2) canonical bounded circular-distance variant because the package default method=1 can exceed 60 virupa
gann_reference_tokyo,MERCURY,tribhaga,0.000000000,PyJHora 4.8.7 Tier B isolated export; Raman ayanamsa; wheel sha256 D8D8014573A38DDEFEDCAE57D3B8D84687CAC2AD31BB5B1DD70D945906A4D54D; event civil timezone; Tokyo reference coordinates; Dig uses _dig_bala(method=2) canonical bounded circular-distance variant because the package default method=1 can exceed 60 virupa
gann_reference_tokyo,JUPITER,tribhaga,60.000000000,PyJHora 4.8.7 Tier B isolated export; Raman ayanamsa; wheel sha256 D8D8014573A38DDEFEDCAE57D3B8D84687CAC2AD31BB5B1DD70D945906A4D54D; event civil timezone; Tokyo reference coordinates; Dig uses _dig_bala(method=2) canonical bounded circular-distance variant because the package default method=1 can exceed 60 virupa
gann_reference_tokyo,VENUS,tribhaga,60.000000000,PyJHora 4.8.7 Tier B isolated export; Raman ayanamsa; wheel sha256 D8D8014573A38DDEFEDCAE57D3B8D84687CAC2AD31BB5B1DD70D945906A4D54D; event civil timezone; Tokyo reference coordinates; Dig uses _dig_bala(method=2) canonical bounded circular-distance variant because the package default method=1 can exceed 60 virupa
gann_reference_tokyo,SATURN,tribhaga,0.000000000,PyJHora 4.8.7 Tier B isolated export; Raman ayanamsa; wheel sha256 D8D8014573A38DDEFEDCAE57D3B8D84687CAC2AD31BB5B1DD70D945906A4D54D; event civil timezone; Tokyo reference coordinates; Dig uses _dig_bala(method=2) canonical bounded circular-distance variant because the package default method=1 can exceed 60 virupa
gann_reference_tokyo,SUN,abda,15.000000000,PyJHora 4.8.7 Tier B isolated export; Raman ayanamsa; wheel sha256 D8D8014573A38DDEFEDCAE57D3B8D84687CAC2AD31BB5B1DD70D945906A4D54D; event civil timezone; Tokyo reference coordinates; Dig uses _dig_bala(method=2) canonical bounded circular-distance variant because the package default method=1 can exceed 60 virupa
gann_reference_tokyo,MOON,abda,0.000000000,PyJHora 4.8.7 Tier B isolated export; Raman ayanamsa; wheel sha256 D8D8014573A38DDEFEDCAE57D3B8D84687CAC2AD31BB5B1DD70D945906A4D54D; event civil timezone; Tokyo reference coordinates; Dig uses _dig_bala(method=2) canonical bounded circular-distance variant because the package default method=1 can exceed 60 virupa
gann_reference_tokyo,MARS,abda,0.000000000,PyJHora 4.8.7 Tier B isolated export; Raman ayanamsa; wheel sha256 D8D8014573A38DDEFEDCAE57D3B8D84687CAC2AD31BB5B1DD70D945906A4D54D; event civil timezone; Tokyo reference coordinates; Dig uses _dig_bala(method=2) canonical bounded circular-distance variant because the package default method=1 can exceed 60 virupa
gann_reference_tokyo,MERCURY,abda,0.000000000,PyJHora 4.8.7 Tier B isolated export; Raman ayanamsa; wheel sha256 D8D8014573A38DDEFEDCAE57D3B8D84687CAC2AD31BB5B1DD70D945906A4D54D; event civil timezone; Tokyo reference coordinates; Dig uses _dig_bala(method=2) canonical bounded circular-distance variant because the package default method=1 can exceed 60 virupa
gann_reference_tokyo,JUPITER,abda,0.000000000,PyJHora 4.8.7 Tier B isolated export; Raman ayanamsa; wheel sha256 D8D8014573A38DDEFEDCAE57D3B8D84687CAC2AD31BB5B1DD70D945906A4D54D; event civil timezone; Tokyo reference coordinates; Dig uses _dig_bala(method=2) canonical bounded circular-distance variant because the package default method=1 can exceed 60 virupa
gann_reference_tokyo,VENUS,abda,0.000000000,PyJHora 4.8.7 Tier B isolated export; Raman ayanamsa; wheel sha256 D8D8014573A38DDEFEDCAE57D3B8D84687CAC2AD31BB5B1DD70D945906A4D54D; event civil timezone; Tokyo reference coordinates; Dig uses _dig_bala(method=2) canonical bounded circular-distance variant because the package default method=1 can exceed 60 virupa
gann_reference_tokyo,SATURN,abda,0.000000000,PyJHora 4.8.7 Tier B isolated export; Raman ayanamsa; wheel sha256 D8D8014573A38DDEFEDCAE57D3B8D84687CAC2AD31BB5B1DD70D945906A4D54D; event civil timezone; Tokyo reference coordinates; Dig uses _dig_bala(method=2) canonical bounded circular-distance variant because the package default method=1 can exceed 60 virupa
gann_reference_tokyo,SUN,masa,0.000000000,PyJHora 4.8.7 Tier B isolated export; Raman ayanamsa; wheel sha256 D8D8014573A38DDEFEDCAE57D3B8D84687CAC2AD31BB5B1DD70D945906A4D54D; event civil timezone; Tokyo reference coordinates; Dig uses _dig_bala(method=2) canonical bounded circular-distance variant because the package default method=1 can exceed 60 virupa
gann_reference_tokyo,MOON,masa,0.000000000,PyJHora 4.8.7 Tier B isolated export; Raman ayanamsa; wheel sha256 D8D8014573A38DDEFEDCAE57D3B8D84687CAC2AD31BB5B1DD70D945906A4D54D; event civil timezone; Tokyo reference coordinates; Dig uses _dig_bala(method=2) canonical bounded circular-distance variant because the package default method=1 can exceed 60 virupa
gann_reference_tokyo,MARS,masa,30.000000000,PyJHora 4.8.7 Tier B isolated export; Raman ayanamsa; wheel sha256 D8D8014573A38DDEFEDCAE57D3B8D84687CAC2AD31BB5B1DD70D945906A4D54D; event civil timezone; Tokyo reference coordinates; Dig uses _dig_bala(method=2) canonical bounded circular-distance variant because the package default method=1 can exceed 60 virupa
gann_reference_tokyo,MERCURY,masa,0.000000000,PyJHora 4.8.7 Tier B isolated export; Raman ayanamsa; wheel sha256 D8D8014573A38DDEFEDCAE57D3B8D84687CAC2AD31BB5B1DD70D945906A4D54D; event civil timezone; Tokyo reference coordinates; Dig uses _dig_bala(method=2) canonical bounded circular-distance variant because the package default method=1 can exceed 60 virupa
gann_reference_tokyo,JUPITER,masa,0.000000000,PyJHora 4.8.7 Tier B isolated export; Raman ayanamsa; wheel sha256 D8D8014573A38DDEFEDCAE57D3B8D84687CAC2AD31BB5B1DD70D945906A4D54D; event civil timezone; Tokyo reference coordinates; Dig uses _dig_bala(method=2) canonical bounded circular-distance variant because the package default method=1 can exceed 60 virupa
gann_reference_tokyo,VENUS,masa,0.000000000,PyJHora 4.8.7 Tier B isolated export; Raman ayanamsa; wheel sha256 D8D8014573A38DDEFEDCAE57D3B8D84687CAC2AD31BB5B1DD70D945906A4D54D; event civil timezone; Tokyo reference coordinates; Dig uses _dig_bala(method=2) canonical bounded circular-distance variant because the package default method=1 can exceed 60 virupa
gann_reference_tokyo,SATURN,masa,0.000000000,PyJHora 4.8.7 Tier B isolated export; Raman ayanamsa; wheel sha256 D8D8014573A38DDEFEDCAE57D3B8D84687CAC2AD31BB5B1DD70D945906A4D54D; event civil timezone; Tokyo reference coordinates; Dig uses _dig_bala(method=2) canonical bounded circular-distance variant because the package default method=1 can exceed 60 virupa
gann_reference_tokyo,SUN,vara,45.000000000,PyJHora 4.8.7 Tier B isolated export; Raman ayanamsa; wheel sha256 D8D8014573A38DDEFEDCAE57D3B8D84687CAC2AD31BB5B1DD70D945906A4D54D; event civil timezone; Tokyo reference coordinates; Dig uses _dig_bala(method=2) canonical bounded circular-distance variant because the package default method=1 can exceed 60 virupa
gann_reference_tokyo,MOON,vara,0.000000000,PyJHora 4.8.7 Tier B isolated export; Raman ayanamsa; wheel sha256 D8D8014573A38DDEFEDCAE57D3B8D84687CAC2AD31BB5B1DD70D945906A4D54D; event civil timezone; Tokyo reference coordinates; Dig uses _dig_bala(method=2) canonical bounded circular-distance variant because the package default method=1 can exceed 60 virupa
gann_reference_tokyo,MARS,vara,0.000000000,PyJHora 4.8.7 Tier B isolated export; Raman ayanamsa; wheel sha256 D8D8014573A38DDEFEDCAE57D3B8D84687CAC2AD31BB5B1DD70D945906A4D54D; event civil timezone; Tokyo reference coordinates; Dig uses _dig_bala(method=2) canonical bounded circular-distance variant because the package default method=1 can exceed 60 virupa
gann_reference_tokyo,MERCURY,vara,0.000000000,PyJHora 4.8.7 Tier B isolated export; Raman ayanamsa; wheel sha256 D8D8014573A38DDEFEDCAE57D3B8D84687CAC2AD31BB5B1DD70D945906A4D54D; event civil timezone; Tokyo reference coordinates; Dig uses _dig_bala(method=2) canonical bounded circular-distance variant because the package default method=1 can exceed 60 virupa
gann_reference_tokyo,JUPITER,vara,0.000000000,PyJHora 4.8.7 Tier B isolated export; Raman ayanamsa; wheel sha256 D8D8014573A38DDEFEDCAE57D3B8D84687CAC2AD31BB5B1DD70D945906A4D54D; event civil timezone; Tokyo reference coordinates; Dig uses _dig_bala(method=2) canonical bounded circular-distance variant because the package default method=1 can exceed 60 virupa
gann_reference_tokyo,VENUS,vara,0.000000000,PyJHora 4.8.7 Tier B isolated export; Raman ayanamsa; wheel sha256 D8D8014573A38DDEFEDCAE57D3B8D84687CAC2AD31BB5B1DD70D945906A4D54D; event civil timezone; Tokyo reference coordinates; Dig uses _dig_bala(method=2) canonical bounded circular-distance variant because the package default method=1 can exceed 60 virupa
gann_reference_tokyo,SATURN,vara,0.000000000,PyJHora 4.8.7 Tier B isolated export; Raman ayanamsa; wheel sha256 D8D8014573A38DDEFEDCAE57D3B8D84687CAC2AD31BB5B1DD70D945906A4D54D; event civil timezone; Tokyo reference coordinates; Dig uses _dig_bala(method=2) canonical bounded circular-distance variant because the package default method=1 can exceed 60 virupa
gann_reference_tokyo,SUN,hora,0.000000000,PyJHora 4.8.7 Tier B isolated export; Raman ayanamsa; wheel sha256 D8D8014573A38DDEFEDCAE57D3B8D84687CAC2AD31BB5B1DD70D945906A4D54D; event civil timezone; Tokyo reference coordinates; Dig uses _dig_bala(method=2) canonical bounded circular-distance variant because the package default method=1 can exceed 60 virupa
gann_reference_tokyo,MOON,hora,0.000000000,PyJHora 4.8.7 Tier B isolated export; Raman ayanamsa; wheel sha256 D8D8014573A38DDEFEDCAE57D3B8D84687CAC2AD31BB5B1DD70D945906A4D54D; event civil timezone; Tokyo reference coordinates; Dig uses _dig_bala(method=2) canonical bounded circular-distance variant because the package default method=1 can exceed 60 virupa
gann_reference_tokyo,MARS,hora,0.000000000,PyJHora 4.8.7 Tier B isolated export; Raman ayanamsa; wheel sha256 D8D8014573A38DDEFEDCAE57D3B8D84687CAC2AD31BB5B1DD70D945906A4D54D; event civil timezone; Tokyo reference coordinates; Dig uses _dig_bala(method=2) canonical bounded circular-distance variant because the package default method=1 can exceed 60 virupa
gann_reference_tokyo,MERCURY,hora,0.000000000,PyJHora 4.8.7 Tier B isolated export; Raman ayanamsa; wheel sha256 D8D8014573A38DDEFEDCAE57D3B8D84687CAC2AD31BB5B1DD70D945906A4D54D; event civil timezone; Tokyo reference coordinates; Dig uses _dig_bala(method=2) canonical bounded circular-distance variant because the package default method=1 can exceed 60 virupa
gann_reference_tokyo,JUPITER,hora,0.000000000,PyJHora 4.8.7 Tier B isolated export; Raman ayanamsa; wheel sha256 D8D8014573A38DDEFEDCAE57D3B8D84687CAC2AD31BB5B1DD70D945906A4D54D; event civil timezone; Tokyo reference coordinates; Dig uses _dig_bala(method=2) canonical bounded circular-distance variant because the package default method=1 can exceed 60 virupa
gann_reference_tokyo,VENUS,hora,60.000000000,PyJHora 4.8.7 Tier B isolated export; Raman ayanamsa; wheel sha256 D8D8014573A38DDEFEDCAE57D3B8D84687CAC2AD31BB5B1DD70D945906A4D54D; event civil timezone; Tokyo reference coordinates; Dig uses _dig_bala(method=2) canonical bounded circular-distance variant because the package default method=1 can exceed 60 virupa
gann_reference_tokyo,SATURN,hora,0.000000000,PyJHora 4.8.7 Tier B isolated export; Raman ayanamsa; wheel sha256 D8D8014573A38DDEFEDCAE57D3B8D84687CAC2AD31BB5B1DD70D945906A4D54D; event civil timezone; Tokyo reference coordinates; Dig uses _dig_bala(method=2) canonical bounded circular-distance variant because the package default method=1 can exceed 60 virupa
gann_reference_tokyo,SUN,ayana,23.920000000,PyJHora 4.8.7 Tier B isolated export; Raman ayanamsa; wheel sha256 D8D8014573A38DDEFEDCAE57D3B8D84687CAC2AD31BB5B1DD70D945906A4D54D; event civil timezone; Tokyo reference coordinates; Dig uses _dig_bala(method=2) canonical bounded circular-distance variant because the package default method=1 can exceed 60 virupa
gann_reference_tokyo,MOON,ayana,0.330000000,PyJHora 4.8.7 Tier B isolated export; Raman ayanamsa; wheel sha256 D8D8014573A38DDEFEDCAE57D3B8D84687CAC2AD31BB5B1DD70D945906A4D54D; event civil timezone; Tokyo reference coordinates; Dig uses _dig_bala(method=2) canonical bounded circular-distance variant because the package default method=1 can exceed 60 virupa
gann_reference_tokyo,MARS,ayana,27.410000000,PyJHora 4.8.7 Tier B isolated export; Raman ayanamsa; wheel sha256 D8D8014573A38DDEFEDCAE57D3B8D84687CAC2AD31BB5B1DD70D945906A4D54D; event civil timezone; Tokyo reference coordinates; Dig uses _dig_bala(method=2) canonical bounded circular-distance variant because the package default method=1 can exceed 60 virupa
gann_reference_tokyo,MERCURY,ayana,44.190000000,PyJHora 4.8.7 Tier B isolated export; Raman ayanamsa; wheel sha256 D8D8014573A38DDEFEDCAE57D3B8D84687CAC2AD31BB5B1DD70D945906A4D54D; event civil timezone; Tokyo reference coordinates; Dig uses _dig_bala(method=2) canonical bounded circular-distance variant because the package default method=1 can exceed 60 virupa
gann_reference_tokyo,JUPITER,ayana,0.010000000,PyJHora 4.8.7 Tier B isolated export; Raman ayanamsa; wheel sha256 D8D8014573A38DDEFEDCAE57D3B8D84687CAC2AD31BB5B1DD70D945906A4D54D; event civil timezone; Tokyo reference coordinates; Dig uses _dig_bala(method=2) canonical bounded circular-distance variant because the package default method=1 can exceed 60 virupa
gann_reference_tokyo,VENUS,ayana,25.680000000,PyJHora 4.8.7 Tier B isolated export; Raman ayanamsa; wheel sha256 D8D8014573A38DDEFEDCAE57D3B8D84687CAC2AD31BB5B1DD70D945906A4D54D; event civil timezone; Tokyo reference coordinates; Dig uses _dig_bala(method=2) canonical bounded circular-distance variant because the package default method=1 can exceed 60 virupa
gann_reference_tokyo,SATURN,ayana,9.700000000,PyJHora 4.8.7 Tier B isolated export; Raman ayanamsa; wheel sha256 D8D8014573A38DDEFEDCAE57D3B8D84687CAC2AD31BB5B1DD70D945906A4D54D; event civil timezone; Tokyo reference coordinates; Dig uses _dig_bala(method=2) canonical bounded circular-distance variant because the package default method=1 can exceed 60 virupa
gann_reference_tokyo,SUN,yuddha,0.000000000,PyJHora 4.8.7 Tier B isolated export; Raman ayanamsa; wheel sha256 D8D8014573A38DDEFEDCAE57D3B8D84687CAC2AD31BB5B1DD70D945906A4D54D; event civil timezone; Tokyo reference coordinates; Dig uses _dig_bala(method=2) canonical bounded circular-distance variant because the package default method=1 can exceed 60 virupa
gann_reference_tokyo,MOON,yuddha,0.000000000,PyJHora 4.8.7 Tier B isolated export; Raman ayanamsa; wheel sha256 D8D8014573A38DDEFEDCAE57D3B8D84687CAC2AD31BB5B1DD70D945906A4D54D; event civil timezone; Tokyo reference coordinates; Dig uses _dig_bala(method=2) canonical bounded circular-distance variant because the package default method=1 can exceed 60 virupa
gann_reference_tokyo,MARS,yuddha,0.000000000,PyJHora 4.8.7 Tier B isolated export; Raman ayanamsa; wheel sha256 D8D8014573A38DDEFEDCAE57D3B8D84687CAC2AD31BB5B1DD70D945906A4D54D; event civil timezone; Tokyo reference coordinates; Dig uses _dig_bala(method=2) canonical bounded circular-distance variant because the package default method=1 can exceed 60 virupa
gann_reference_tokyo,MERCURY,yuddha,0.000000000,PyJHora 4.8.7 Tier B isolated export; Raman ayanamsa; wheel sha256 D8D8014573A38DDEFEDCAE57D3B8D84687CAC2AD31BB5B1DD70D945906A4D54D; event civil timezone; Tokyo reference coordinates; Dig uses _dig_bala(method=2) canonical bounded circular-distance variant because the package default method=1 can exceed 60 virupa
gann_reference_tokyo,JUPITER,yuddha,0.000000000,PyJHora 4.8.7 Tier B isolated export; Raman ayanamsa; wheel sha256 D8D8014573A38DDEFEDCAE57D3B8D84687CAC2AD31BB5B1DD70D945906A4D54D; event civil timezone; Tokyo reference coordinates; Dig uses _dig_bala(method=2) canonical bounded circular-distance variant because the package default method=1 can exceed 60 virupa
gann_reference_tokyo,VENUS,yuddha,0.000000000,PyJHora 4.8.7 Tier B isolated export; Raman ayanamsa; wheel sha256 D8D8014573A38DDEFEDCAE57D3B8D84687CAC2AD31BB5B1DD70D945906A4D54D; event civil timezone; Tokyo reference coordinates; Dig uses _dig_bala(method=2) canonical bounded circular-distance variant because the package default method=1 can exceed 60 virupa
gann_reference_tokyo,SATURN,yuddha,0.000000000,PyJHora 4.8.7 Tier B isolated export; Raman ayanamsa; wheel sha256 D8D8014573A38DDEFEDCAE57D3B8D84687CAC2AD31BB5B1DD70D945906A4D54D; event civil timezone; Tokyo reference coordinates; Dig uses _dig_bala(method=2) canonical bounded circular-distance variant because the package default method=1 can exceed 60 virupa
gann_reference_tokyo,SUN,total,63.490000000,PyJHora 4.8.7 Tier B isolated export; Raman ayanamsa; wheel sha256 D8D8014573A38DDEFEDCAE57D3B8D84687CAC2AD31BB5B1DD70D945906A4D54D; event civil timezone; Tokyo reference coordinates; Dig uses _dig_bala(method=2) canonical bounded circular-distance variant because the package default method=1 can exceed 60 virupa
gann_reference_tokyo,MOON,total,220.820000000,PyJHora 4.8.7 Tier B isolated export; Raman ayanamsa; wheel sha256 D8D8014573A38DDEFEDCAE57D3B8D84687CAC2AD31BB5B1DD70D945906A4D54D; event civil timezone; Tokyo reference coordinates; Dig uses _dig_bala(method=2) canonical bounded circular-distance variant because the package default method=1 can exceed 60 virupa
gann_reference_tokyo,MARS,total,97.720000000,PyJHora 4.8.7 Tier B isolated export; Raman ayanamsa; wheel sha256 D8D8014573A38DDEFEDCAE57D3B8D84687CAC2AD31BB5B1DD70D945906A4D54D; event civil timezone; Tokyo reference coordinates; Dig uses _dig_bala(method=2) canonical bounded circular-distance variant because the package default method=1 can exceed 60 virupa
gann_reference_tokyo,MERCURY,total,84.130000000,PyJHora 4.8.7 Tier B isolated export; Raman ayanamsa; wheel sha256 D8D8014573A38DDEFEDCAE57D3B8D84687CAC2AD31BB5B1DD70D945906A4D54D; event civil timezone; Tokyo reference coordinates; Dig uses _dig_bala(method=2) canonical bounded circular-distance variant because the package default method=1 can exceed 60 virupa
gann_reference_tokyo,JUPITER,total,139.700000000,PyJHora 4.8.7 Tier B isolated export; Raman ayanamsa; wheel sha256 D8D8014573A38DDEFEDCAE57D3B8D84687CAC2AD31BB5B1DD70D945906A4D54D; event civil timezone; Tokyo reference coordinates; Dig uses _dig_bala(method=2) canonical bounded circular-distance variant because the package default method=1 can exceed 60 virupa
gann_reference_tokyo,VENUS,total,225.370000000,PyJHora 4.8.7 Tier B isolated export; Raman ayanamsa; wheel sha256 D8D8014573A38DDEFEDCAE57D3B8D84687CAC2AD31BB5B1DD70D945906A4D54D; event civil timezone; Tokyo reference coordinates; Dig uses _dig_bala(method=2) canonical bounded circular-distance variant because the package default method=1 can exceed 60 virupa
gann_reference_tokyo,SATURN,total,50.010000000,PyJHora 4.8.7 Tier B isolated export; Raman ayanamsa; wheel sha256 D8D8014573A38DDEFEDCAE57D3B8D84687CAC2AD31BB5B1DD70D945906A4D54D; event civil timezone; Tokyo reference coordinates; Dig uses _dig_bala(method=2) canonical bounded circular-distance variant because the package default method=1 can exceed 60 virupa
