case_id,same_aspect_group_key,same_aspect_group_size,group_script_direction_mode,group_fx_doctrine_directions,group_ml_outcomes,group_avg_return_pct,review_status,manual_direction_label,manual_behavior_label,manual_trade_action,manual_confidence,manual_reason_tags,manual_notes,probable_factor_tags,probable_factor_note,script_observed_return_bias,pair_nature_summary,aspect_family,window_start_ist,window_end_ist,csv_occurrence_count,csv_m30_count,csv_hourly_count,csv_daily_count,ml_outcome_counts,close_action_counts,avg_signed_return_pct,shadbala_avg,shadbala_tag,event_bphs_virupa,aspect_regime_active_count,fx_doctrine_hypothesis_direction,fx_doctrine_pair_net_score,fx_doctrine_pair_conflict_ratio,fx_doctrine_dominant_base_dignity,fx_doctrine_dominant_quote_dignity,quote_dignity_label_counts,base_dignity_label_counts,quote_enemy_component_count,base_enemy_component_count,quote_debilitation_component_count,base_debilitation_component_count,touch_planets,touch_identity_1_text,touch_identity_2_text,source_event_id
3,MOON|SUN :: square,16,BEARISH,BEARISH=7; BULLISH=3; UNKNOWN=4,LOSS=13; WIN=13,0.04999999999999999,,,,,,,,not_in_current_candidate_csv; high_recurrence_group; hard_aspect,shadbala_avg=55.33 | regime_active=1,,benefic + malefic,hard,2025-03-03 12:30:00+05:30,2025-03-03 14:30:00+05:30,0,0,0,0,,,,55.333333333333336,Neutral,0.0,1,,,,,,,,0,0,0,0,URANUS,URANUS|mirror|h0.18|n1.4|d360,,1ff34434a3f1aae9c243fb9e802f2bd0883b3ddede3ded159735aed7094148c5
4,MERCURY|MOON :: square,16,BEARISH,BEARISH=6; BULLISH=3; CONFLICT=4,LOSS=15; WIN=10,-0.007692307692307703,,,,,,,,not_in_current_candidate_csv; high_recurrence_group; quote_debilitation; unknown_outer_or_node_dignity; hard_aspect,shadbala_avg=55.33 | quote_dignity=debilitation=1; neutral=1; unknown=2 | regime_active=1,,benefic + benefic,hard,2025-03-04 03:30:00+05:30,2025-03-04 05:30:00+05:30,0,0,0,0,,,,55.333333333333336,Neutral,0.0,1,,,,,,debilitation=1; neutral=1; unknown=2,,0,0,1,0,SATURN,SATURN|direct|h0.18|n1.4|d360,,745ba54f30a1418f4e21b5db9f72ba297565d11882682297566db744a431ec45
5,MOON|SUN :: trine,16,BULLISH,BEARISH=4; BULLISH=5; CONFLICT=2; UNKNOWN=4,LOSS=20; WIN=10,-0.03333333333333335,,,,,,,,not_in_current_candidate_csv; high_recurrence_group; multiple_active_aspects; base_enemy_sign; soft_aspect,shadbala_avg=54.50 | base_dignity=enemy=1; own=1 | regime_active=2,,benefic + malefic,soft,2025-03-05 14:30:00+05:30,2025-03-05 16:30:00+05:30,0,0,0,0,,,,54.5,Neutral,0.0,2,,,,,,,enemy=1; own=1,0,1,0,0,MOON|SATURN,SATURN|direct|h0.18|n1.4|d360,MOON|mirror|h0.18|n1.4|d360,efec29ee3a39ceee1371cc1110c16c0f6cf6154b9a9244e7acc5c44f7d57e234
6,MARS|MOON :: square,16,BEARISH,BEARISH=9; BULLISH=4; CONFLICT=1; UNKNOWN=1,LOSS=18; WIN=11,-0.010549230209257576,,,,,,,,not_in_current_candidate_csv; high_recurrence_group; quote_enemy_sign; base_enemy_sign; unknown_outer_or_node_dignity; hard_aspect,shadbala_avg=54.50 | quote_dignity=enemy=2; exaltation=4; friend=1; unknown=1 | base_dignity=enemy=2; unknown=2 | regime_active=1,,malefic + benefic,hard,2025-03-05 18:30:00+05:30,2025-03-05 21:30:00+05:30,0,0,0,0,,,,54.5,Neutral,0.0,1,,,,,,enemy=2; exaltation=4; friend=1; unknown=1,enemy=2; unknown=2,2,2,0,0,MOON|SATURN,MOON|mirror|h0.18|n1.4|d360,SATURN|direct|h0.18|n1.4|d360,a0d068dab36fb21b2ab6a7b69db9fa7ed05181b13b5e04ef2ad6be9c208332d2
7,JUPITER|MOON :: opposition_orb,7,BULLISH,BULLISH=5; CONFLICT=1,LOSS=2; WIN=10,0.21666666666666665,,,,,,,,not_in_current_candidate_csv; multiple_active_aspects; hard_aspect,shadbala_avg=54.50 | regime_active=3,,benefic + benefic,hard,2025-03-06 04:30:00+05:30,2025-03-06 08:30:00+05:30,0,0,0,0,,,,54.5,Neutral,0.0,3,,,,,,,,0,0,0,0,SATURN,SATURN|direct|h0.18|n1.4|d360,,3554fa598b25788c52ad7afa597eb0a7de42be4d0a204c2a3e89f8d96f634beb
8,MERCURY|MOON :: trine,17,BULLISH,BEARISH=2; BULLISH=8; CONFLICT=2; UNKNOWN=2,LOSS=10; WIN=16,0.0857142857142857,,,,,,,,not_in_current_candidate_csv; high_recurrence_group; multiple_active_aspects; soft_aspect,shadbala_avg=54.50 | regime_active=3,,benefic + benefic,soft,2025-03-06 05:30:00+05:30,2025-03-06 07:30:00+05:30,0,0,0,0,,,,54.5,Neutral,0.0,3,,,,,,,,0,0,0,0,SATURN,SATURN|direct|h0.18|n1.4|d360,,70a3caefa1fa0fcce5a3a12623d7ec7cc989e6a49ff7f7ffde59e5651d12bd89
9,AVG(ALL)|SATURN :: square,4,BEARISH,BEARISH=1; CONFLICT=1,WIN=2,0.3,,,,,,,,not_in_current_candidate_csv; strong_shadbala; quote_enemy_sign; base_enemy_sign; unknown_outer_or_node_dignity; avg_all_composite; swing_duration_1d_to_5d; hard_aspect,shadbala_avg=57.51 | quote_dignity=enemy=2; exaltation=1; friend=3 | base_dignity=enemy=2; unknown=2 | regime_active=1,,mixed_classical + malefic,hard,2025-03-06 02:30:00+05:30,2025-03-07 08:30:00+05:30,0,0,0,0,,,,57.513888888888886,Neutral,0.0,1,,,,,,enemy=2; exaltation=1; friend=3,enemy=2; unknown=2,2,2,0,0,AVG(ALL)|SUN,SUN|direct|h0.18|n1.4|d360,AVG(ALL)|direct|h0.18|n1.3|d360,b1b8b71afd7036d3f6cb49f28c8ed55142909e9c370b9035273736e429302fbd
10,MOON|VENUS :: square,12,BEARISH,BEARISH=8; BULLISH=1; CONFLICT=1,LOSS=12; WIN=7,-1.1102230246251566e-17,,,,,,,,not_in_current_candidate_csv; high_recurrence_group; multiple_active_aspects; strong_shadbala; unknown_outer_or_node_dignity; hard_aspect,shadbala_avg=58.67 | quote_dignity=exaltation=1; friend=1 | base_dignity=exaltation=1; unknown=1 | regime_active=2,,benefic + benefic,hard,2025-03-06 18:30:00+05:30,2025-03-06 20:30:00+05:30,0,0,0,0,,,,58.66666666666666,Neutral,0.0,2,,,,,,exaltation=1; friend=1,exaltation=1; unknown=1,0,0,0,0,PLUTO,PLUTO|direct|h0.18|n1.5|d360,,db36af06c144951f150bef126c50f8e8388fd3e39d7285320e932beae198bf44
11,AVG(ALL)|MOON :: square,18,BEARISH,BEARISH=13; BULLISH=2,LOSS=7; WIN=21,0.16666666666666666,,,,,,,,not_in_current_candidate_csv; high_recurrence_group; quote_enemy_sign; base_enemy_sign; unknown_outer_or_node_dignity; avg_all_composite; hard_aspect,shadbala_avg=56.17 | quote_dignity=enemy=2; exaltation=1; friend=3 | base_dignity=enemy=2; exaltation=1; unknown=1 | regime_active=1,,mixed_classical + benefic,hard,2025-03-07 11:30:00+05:30,2025-03-07 13:30:00+05:30,0,0,0,0,,,,56.16666666666666,Neutral,0.0,1,,,,,,enemy=2; exaltation=1; friend=3,enemy=2; exaltation=1; unknown=1,2,2,0,0,PLUTO,PLUTO|direct|h0.18|n1.5|d360,,b93acf2d531101f5f48cbbd0bf3651cca75b6e163e603c0798643b354767e2ce
12,KETU|MOON :: opposition_orb,8,BEARISH,BEARISH=5; BULLISH=1,LOSS=5; WIN=6,0.04999999999999999,,,,,,,,not_in_current_candidate_csv; multiple_active_aspects; base_enemy_sign; unknown_outer_or_node_dignity; hard_aspect,shadbala_avg=56.17 | quote_dignity=neutral=1; unknown=1 | base_dignity=enemy=1; friend=3; neutral=1; unknown=1 | regime_active=2,,malefic + benefic,hard,2025-03-07 15:30:00+05:30,2025-03-07 19:30:00+05:30,0,0,0,0,,,,56.16666666666666,Neutral,0.0,2,,,,,,neutral=1; unknown=1,enemy=1; friend=3; neutral=1; unknown=1,0,1,0,0,MARS|PLUTO,MARS|mirror|h0.18|n1.5|d360,PLUTO|direct|h0.18|n1.5|d360,f2144287c0dd23ca70822c8739c2a9d895c339a6b3f52fc0b6d4d3abc9a357e3
13,MOON|RAHU :: conjunction_orb,8,BEARISH,BEARISH=5; BULLISH=1,LOSS=5; WIN=6,0.04999999999999999,,,,,,,,not_in_current_candidate_csv; multiple_active_aspects; base_enemy_sign; unknown_outer_or_node_dignity; hard_aspect,shadbala_avg=56.17 | quote_dignity=neutral=1; unknown=1 | base_dignity=enemy=1; friend=1 | regime_active=2,,benefic + malefic,hard,2025-03-07 15:30:00+05:30,2025-03-07 19:30:00+05:30,0,0,0,0,,,,56.16666666666666,Neutral,18.17629483442488,2,,,,,,neutral=1; unknown=1,enemy=1; friend=1,0,1,0,0,MARS|PLUTO,MARS|mirror|h0.18|n1.5|d360,PLUTO|direct|h0.18|n1.5|d360,5f93c4ad7e7f91f17ba0eddde193324695fa0b7d639b6c626874da298edba29d
14,MARS|MOON :: trine,17,BULLISH,BEARISH=2; BULLISH=7; CONFLICT=6,LOSS=17; WIN=12,-1.1102230246251566e-17,,,,,,,,not_in_current_candidate_csv; high_recurrence_group; strong_shadbala; quote_enemy_sign; base_enemy_sign; unknown_outer_or_node_dignity; soft_aspect,shadbala_avg=57.28 | quote_dignity=enemy=1; friend=1 | base_dignity=enemy=2; unknown=2 | regime_active=1,,malefic + benefic,soft,2025-03-07 22:30:00+05:30,2025-03-08 01:30:00+05:30,0,0,0,0,,,,57.27777777777778,Neutral,0.0,1,,,,,,enemy=1; friend=1,enemy=2; unknown=2,1,2,0,0,MARS|PLUTO,MARS|mirror|h0.18|n1.5|d360,PLUTO|direct|h0.18|n1.5|d360,e5626e321e76f5b9e0286f8e715496720e9132a4f0c7e5337f2a582a66d08887
15,JUPITER|MERCURY :: trine,5,CONFLICT,BEARISH=1; BULLISH=1; CONFLICT=2; UNKNOWN=1,LOSS=2; WIN=7,0.2,,,,,,,,repeated_across_timeframes; soft_aspect,shadbala_avg=55.45 | fx_doctrine=UNKNOWN | fx_doctrine_net=0.0 | fx_conflict=0.0 | regime_active=1 | ml=WIN=2,bullish_return,benefic + benefic,soft,2025-03-10 05:30:00+05:30,2025-03-11 03:30:00+05:30,2,1,1,0,WIN=2,TAKE_PROFIT=2,0.3,55.446969696969695,Neutral,0.0,1,UNKNOWN,0.0,0.0,,,,,0,0,0,0,MARS|PLUTO,MARS|mirror|h0.18|n1.5|d360,PLUTO|direct|h0.18|n1.5|d360,79b0f295986c222212c7a835d5fda58a1ff9e8793a60ecdebd7e05cc95e42089
16,JUPITER|MOON :: trine,16,BULLISH,BEARISH=1; BULLISH=12; CONFLICT=1; UNKNOWN=1,LOSS=20; WIN=8,-0.03333333333333335,,,,,,,,repeated_across_timeframes; high_recurrence_group; multiple_active_aspects; soft_aspect,shadbala_avg=54.92 | base_dignity=neutral=1; own=1 | fx_doctrine=BULLISH | fx_doctrine_net=0.1040420905772394 | fx_conflict=0.0 | regime_active=3 | ml=LOSS=2,bearish_return,benefic + benefic,soft,2025-03-10 16:30:00+05:30,2025-03-10 19:30:00+05:30,2,1,1,0,LOSS=2,STOP_LOSS=2,-0.2,54.91666666666666,Neutral,0.0,3,BULLISH,0.1040420905772394,0.0,natal neutral 10V; transit own 30V,,,neutral=1; own=1,0,0,0,0,MARS|PLUTO,MARS|mirror|h0.18|n1.5|d360,PLUTO|direct|h0.18|n1.5|d360,178f0a91f3a793f4141ed84126db5e620616dc762e30136c7b6320d5fd912a92
17,MERCURY|MOON :: opposition_orb,7,BULLISH,BEARISH=2; BULLISH=4,LOSS=6; WIN=5,0.04999999999999999,,,,,,,,repeated_across_timeframes; multiple_active_aspects; hard_aspect,shadbala_avg=54.92 | base_dignity=neutral=1; own=1 | fx_doctrine=BULLISH | fx_doctrine_net=0.1040420905772394 | fx_conflict=0.0 | regime_active=3 | ml=LOSS=2,bearish_return,benefic + benefic,hard,2025-03-10 16:30:00+05:30,2025-03-10 20:30:00+05:30,2,1,1,0,LOSS=2,STOP_LOSS=2,-0.2,54.91666666666666,Neutral,0.0,3,BULLISH,0.1040420905772394,0.0,natal neutral 10V; transit own 30V,,,neutral=1; own=1,0,0,0,0,MARS|PLUTO,MARS|mirror|h0.18|n1.5|d360,PLUTO|direct|h0.18|n1.5|d360,4dfb6f343f79fd8d685c56fd4551a14fbc57cc69f5b65b9bd2e4dc95cb745d13
18,KETU|SUN :: square,2,BEARISH,BEARISH=1,WIN=1,0.3,,,,,,,,multiple_active_aspects; unknown_outer_or_node_dignity; malefic_pair; swing_duration_1d_to_5d; hard_aspect,shadbala_avg=50.29 | quote_dignity=friend=1; neutral=1; unknown=2 | base_dignity=neutral=1; unknown=1 | fx_doctrine=BEARISH | fx_doctrine_net=-0.1401876278350239 | fx_conflict=0.0 | regime_active=3 | ml=WIN=1,bullish_return,malefic + malefic,hard,2025-03-17 05:30:00+05:30,2025-03-18 21:30:00+05:30,1,0,1,0,WIN=1,TAKE_PROFIT=1,0.3,50.29166666666666,Neutral,0.0,3,BEARISH,-0.1401876278350239,0.0,natal neutral 10V; transit unknown 0V,natal unknown 0V; transit friend 15V,friend=1; neutral=1; unknown=2,neutral=1; unknown=1,0,0,0,0,MOON,MOON|mirror|h0.18|n1.8|d360,,1f31800f24d52360e5dc360630b441fe391cb69c7df16d3fc74d62d12733f34d
19,RAHU|SUN :: square,2,BEARISH,BEARISH=1,WIN=1,0.3,,,,,,,,multiple_active_aspects; unknown_outer_or_node_dignity; malefic_pair; swing_duration_1d_to_5d; hard_aspect,shadbala_avg=50.29 | quote_dignity=friend=1; neutral=1; unknown=2 | base_dignity=neutral=1; unknown=1 | fx_doctrine=BEARISH | fx_doctrine_net=-0.1419805390194428 | fx_conflict=0.0 | regime_active=3 | ml=WIN=1,bullish_return,malefic + malefic,hard,2025-03-17 05:30:00+05:30,2025-03-18 21:30:00+05:30,1,0,1,0,WIN=1,TAKE_PROFIT=1,0.3,50.29166666666666,Neutral,0.0,3,BEARISH,-0.1419805390194428,0.0,natal neutral 10V; transit unknown 0V,natal neutral 10V; transit unknown 0V,friend=1; neutral=1; unknown=2,neutral=1; unknown=1,0,0,0,0,MOON,MOON|mirror|h0.18|n1.8|d360,,ed7374d7e8cb116e89d1ef8b267d768abac4ce191c932851342f60dc0cd49f71
20,MOON|RAHU :: trine,12,UNKNOWN,BEARISH=4; BULLISH=1; CONFLICT=2; UNKNOWN=5,LOSS=8; WIN=16,0.11818858220430173,,,,,,,,repeated_across_timeframes; high_recurrence_group; multiple_active_aspects; crowded_regime; unknown_outer_or_node_dignity; soft_aspect,shadbala_avg=51.17 | quote_dignity=neutral=1; unknown=1 | base_dignity=neutral=1; unknown=1 | fx_doctrine=BEARISH | fx_doctrine_net=-0.1759518602506313 | fx_conflict=0.0 | regime_active=4 | ml=LOSS=2,bearish_return,benefic + malefic,soft,2025-03-17 06:30:00+05:30,2025-03-17 09:30:00+05:30,2,1,1,0,LOSS=2,STOP_LOSS=2,-0.2,51.16666666666666,Neutral,0.0,4,BEARISH,-0.1759518602506313,0.0,natal neutral 10V; transit unknown 0V,natal neutral 10V; transit unknown 0V,neutral=1; unknown=1,neutral=1; unknown=1,0,0,0,0,MOON,MOON|mirror|h0.18|n1.8|d360,,b377b8510d946ffba86480c9794e195b82053d2919afc5668a44b6fe9262e716
21,MOON|VENUS :: trine,17,UNKNOWN,BEARISH=3; BULLISH=1; CONFLICT=5; UNKNOWN=6,LOSS=8; WIN=20,0.16666666666666666,,,,,,,,repeated_across_timeframes; high_recurrence_group; multiple_active_aspects; crowded_regime; low_shadbala; unknown_outer_or_node_dignity; soft_aspect,shadbala_avg=49.50 | quote_dignity=neutral=1; unknown=1 | base_dignity=exaltation=1; own=1 | fx_doctrine=BULLISH | fx_doctrine_net=0.3312236626259719 | fx_conflict=0.0 | regime_active=5 | ml=WIN=2,bullish_return,benefic + benefic,soft,2025-03-18 17:30:00+05:30,2025-03-18 20:30:00+05:30,2,1,1,0,WIN=2,TAKE_PROFIT=2,0.3,49.5,Neutral,0.0,5,BULLISH,0.3312236626259719,0.0,natal own 30V; transit exaltation 60V,natal unknown 0V; transit neutral 10V,neutral=1; unknown=1,exaltation=1; own=1,0,0,0,0,SATURN,SATURN|direct|h0.18|n1.4|d360,,bebac879845251503b86ad0786a8bc14a3a3127119659f5943925ca35c9439a4
22,MOON|SATURN :: trine,14,BULLISH,BEARISH=2; BULLISH=6; CONFLICT=3; UNKNOWN=1,LOSS=14; WIN=9,-0.004417769067450145,,,,,,,,repeated_across_timeframes; high_recurrence_group; multiple_active_aspects; low_shadbala; soft_aspect,shadbala_avg=46.79 | fx_doctrine=UNKNOWN | fx_doctrine_net=0.0 | fx_conflict=0.0 | regime_active=3 | ml=LOSS=2,bearish_return,benefic + malefic,soft,2025-03-19 09:30:00+05:30,2025-03-19 12:30:00+05:30,2,1,1,0,LOSS=2,STOP_LOSS=2,-0.2,46.79166666666666,Neutral,0.0,3,UNKNOWN,0.0,0.0,,,,,0,0,0,0,SATURN,SATURN|direct|h0.18|n1.4|d360,,6a2ad6d9a52bf680da57dc0a73542ad39b68bbef636833d1630ddb103ef754ac
23,AVG(ALL)|MOON :: trine,18,BULLISH,BEARISH=2; BULLISH=10; CONFLICT=2; UNKNOWN=2,LOSS=14; WIN=18,0.08124999999999999,,,,,,,,repeated_across_timeframes; high_recurrence_group; multiple_active_aspects; low_shadbala; base_enemy_sign; base_debilitation; unknown_outer_or_node_dignity; avg_all_composite; soft_aspect,shadbala_avg=46.10 | quote_dignity=friend=2; unknown=2 | base_dignity=debilitation=1; enemy=1; own=1; unknown=1 | fx_doctrine=UNKNOWN | fx_doctrine_net=0.0 | fx_conflict=0.0 | regime_active=3 | ml=LOSS=2,bearish_return,mixed_classical + benefic,soft,2025-03-19 13:30:00+05:30,2025-03-19 16:30:00+05:30,2,1,1,0,LOSS=2,STOP_LOSS=2,-0.2,46.09722222222222,Neutral,0.0,3,UNKNOWN,0.0,0.0,,,friend=2; unknown=2,debilitation=1; enemy=1; own=1; unknown=1,0,1,0,1,SATURN,SATURN|direct|h0.18|n1.4|d360,,da8d7b2487a5d9c2d2ad563e1ca97e324c88262c7188391e3ee0153908bfe486
24,JUPITER|MERCURY :: trine,5,CONFLICT,BEARISH=1; BULLISH=1; CONFLICT=2; UNKNOWN=1,LOSS=2; WIN=7,0.2,,,,,,,,multiple_active_aspects; low_shadbala; base_enemy_sign; swing_duration_1d_to_5d; soft_aspect,shadbala_avg=49.63 | base_dignity=enemy=1; own=1 | fx_doctrine=BEARISH | fx_doctrine_net=-0.3292527811489181 | fx_conflict=0.0 | regime_active=3 | ml=WIN=1,bullish_return,benefic + benefic,soft,2025-03-20 01:30:00+05:30,2025-03-22 03:30:00+05:30,1,0,1,0,WIN=1,TAKE_PROFIT=1,0.3,49.6325,Neutral,0.0,3,BEARISH,-0.3292527811489181,0.0,natal own 30V; transit enemy 4V,,,enemy=1; own=1,0,1,0,0,MOON,MOON|direct|h0.18|n1.7|d360,,d96754fb7a8c91e97b382082205b5501bf140ee9f52fc212f859a47d6b78383d
25,MARS|MOON :: square,16,BEARISH,BEARISH=9; BULLISH=4; CONFLICT=1; UNKNOWN=1,LOSS=18; WIN=11,-0.010549230209257576,,,,,,,,repeated_across_timeframes; high_recurrence_group; multiple_active_aspects; crowded_regime; low_shadbala; quote_debilitation; hard_aspect,shadbala_avg=47.83 | quote_dignity=debilitation=1; exaltation=1 | fx_doctrine=BULLISH | fx_doctrine_net=0.4779893985436048 | fx_conflict=0.0 | regime_active=4 | ml=LOSS=2,bearish_return,malefic + benefic,hard,2025-03-20 02:30:00+05:30,2025-03-20 05:30:00+05:30,2,1,1,0,LOSS=2,STOP_LOSS=2,-0.2,47.833333333333336,Neutral,0.0,4,BULLISH,0.4779893985436048,0.0,,natal exaltation 60V; transit debilitation 0V,debilitation=1; exaltation=1,,0,0,1,0,MOON,MOON|direct|h0.18|n1.7|d360,,6af533eb263777edb4cc83c7c2e9c8b4eed40ca73956beb87383e5d19bde226e
26,MOON|SATURN :: opposition_orb,6,CONFLICT,BULLISH=3; CONFLICT=3,LOSS=6; WIN=5,0.04999999999999999,,,,,,,,repeated_across_timeframes; multiple_active_aspects; low_shadbala; unknown_outer_or_node_dignity; hard_aspect,shadbala_avg=49.50 | base_dignity=neutral=1; unknown=1 | fx_doctrine=CONFLICT | fx_doctrine_net=0.0279911400338434 | fx_conflict=0.0 | regime_active=3 | ml=WIN=2,bullish_return,benefic + malefic,hard,2025-03-24 05:30:00+05:30,2025-03-24 10:30:00+05:30,2,1,1,0,WIN=2,TAKE_PROFIT=2,0.3,49.5,Neutral,21.95681689537196,3,CONFLICT,0.0279911400338434,0.0,natal unknown 0V; transit neutral 10V,,,neutral=1; unknown=1,0,0,0,0,SATURN,SATURN|direct|h0.18|n1.4|d360,,faa2171bb52bac863397246918563d366c8da012915270a096db879ef5da94c2
27,MOON|SUN :: conjunction_orb,9,BULLISH,BEARISH=3; BULLISH=4; UNKNOWN=1,LOSS=5; WIN=10,0.11249999999999999,,,,,,,,repeated_across_timeframes; multiple_active_aspects; crowded_regime; hard_aspect,shadbala_avg=51.06 | base_dignity=friend=1; neutral=1 | fx_doctrine=BULLISH | fx_doctrine_net=0.0615626813232001 | fx_conflict=0.0 | regime_active=4 | ml=WIN=2,bullish_return,benefic + malefic,hard,2025-03-24 16:30:00+05:30,2025-03-24 20:30:00+05:30,2,1,1,0,WIN=2,TAKE_PROFIT=2,0.3,51.0625,Neutral,17.18555534836924,4,BULLISH,0.0615626813232001,0.0,natal friend 15V; transit neutral 10V,,,friend=1; neutral=1,0,0,0,0,SATURN,SATURN|direct|h0.18|n1.4|d360,,fd576461cf82a8b94883c34a63cec7c3d3da565f27bf60078fa0ddfd6b1469de
28,MERCURY|MOON :: conjunction_orb,8,BULLISH,BULLISH=7; CONFLICT=1,LOSS=6; WIN=10,0.11249999999999999,,,,,,,,repeated_across_timeframes; multiple_active_aspects; low_shadbala; hard_aspect,shadbala_avg=49.92 | base_dignity=neutral=2 | fx_doctrine=BULLISH | fx_doctrine_net=0.1279151144768952 | fx_conflict=0.0 | regime_active=3 | ml=LOSS=2,bearish_return,benefic + benefic,hard,2025-03-25 07:30:00+05:30,2025-03-25 12:30:00+05:30,2,1,1,0,LOSS=2,STOP_LOSS=2,-0.2,49.91666666666666,Neutral,0.0,3,BULLISH,0.1279151144768952,0.0,natal neutral 10V; transit neutral 10V,,,neutral=2,0,0,0,0,NEPTUNE,NEPTUNE|direct|h0.18|n1.4|d360,,9ae7d2974fbf80ef3448f314c5cbe6593987658558f418396d786970699b02a8
29,JUPITER|VENUS :: square,3,UNKNOWN,BEARISH=1; UNKNOWN=2,WIN=5,0.3,,,,,,,,multiple_active_aspects; base_enemy_sign; unknown_outer_or_node_dignity; long_duration_gt_5d; hard_aspect,shadbala_avg=50.43 | quote_dignity=exaltation=1; unknown=1 | base_dignity=enemy=1; own=1 | fx_doctrine=BEARISH | fx_doctrine_net=-0.7039577318602128 | fx_conflict=0.0 | regime_active=2 | ml=WIN=1,bullish_return,benefic + benefic,hard,2025-03-17 11:30:00+05:30,2025-03-31 19:30:00+05:30,1,0,1,0,WIN=1,TAKE_PROFIT=1,0.3,50.42768895348837,Neutral,0.0,2,BEARISH,-0.7039577318602128,0.0,natal own 30V; transit enemy 4V,natal unknown 0V; transit exaltation 60V,exaltation=1; unknown=1,enemy=1; own=1,0,1,0,0,MOON|SATURN,MOON|direct|h0.18|n1.5|d360,SATURN|direct|h0.18|n1.4|d360,5428c5e813a1957034638893cb4a10f3b56af7739923324b3f96edc95f2ef639
30,MOON|RAHU :: trine,12,UNKNOWN,BEARISH=4; BULLISH=1; CONFLICT=2; UNKNOWN=5,LOSS=8; WIN=16,0.11818858220430173,,,,,,,,repeated_across_timeframes; high_recurrence_group; multiple_active_aspects; low_shadbala; unknown_outer_or_node_dignity; soft_aspect,shadbala_avg=49.50 | quote_dignity=neutral=1; unknown=1 | base_dignity=neutral=1; unknown=1 | fx_doctrine=BEARISH | fx_doctrine_net=-0.1867613832099351 | fx_conflict=0.0 | regime_active=3 | ml=LOSS=2,bearish_return,benefic + malefic,soft,2025-03-26 19:30:00+05:30,2025-03-26 21:30:00+05:30,2,1,1,0,LOSS=2,STOP_LOSS=2,-0.2,49.5,Neutral,0.0,3,BEARISH,-0.1867613832099351,0.0,natal neutral 10V; transit unknown 0V,natal neutral 10V; transit unknown 0V,neutral=1; unknown=1,neutral=1; unknown=1,0,0,0,0,URANUS,URANUS|mirror|h0.18|n1.4|d360,,0fc954451abe810b5ed91e471d860d4581182edde63e3e60ec526de79d172aa8
31,MARS|MOON :: conjunction_orb,5,BULLISH,BEARISH=1; BULLISH=4,IGNORE=2; LOSS=6; WIN=2,-0.05779368344548831,,,,,,,,repeated_across_timeframes; multiple_active_aspects; low_shadbala; unknown_outer_or_node_dignity; hard_aspect,shadbala_avg=48.94 | quote_dignity=exaltation=1; neutral=2; unknown=1 | fx_doctrine=BULLISH | fx_doctrine_net=0.3975761488378108 | fx_conflict=0.0249989188607811 | regime_active=3 | ml=LOSS=2,bearish_return,malefic + benefic,hard,2025-03-27 01:30:00+05:30,2025-03-27 05:30:00+05:30,2,1,1,0,LOSS=2,STOP_LOSS=2,-0.2,48.9375,Neutral,0.0,3,BULLISH,0.3975761488378108,0.0249989188607811,,natal exaltation 60V; transit neutral 10V,exaltation=1; neutral=2; unknown=1,,0,0,0,0,URANUS,URANUS|mirror|h0.18|n1.4|d360,,1e1f78f62452175e2c7855fcfbf4cae214acd8495b8a7a85d753bc981e91749e
32,JUPITER|MOON :: square,13,BEARISH,BEARISH=5; BULLISH=2; CONFLICT=3; UNKNOWN=2,LOSS=14; WIN=10,0.008333333333333323,,,,,,,,repeated_across_timeframes; high_recurrence_group; multiple_active_aspects; low_shadbala; base_enemy_sign; hard_aspect,shadbala_avg=48.25 | base_dignity=enemy=1; neutral=1; own=2 | fx_doctrine=BULLISH | fx_doctrine_net=0.6126751072724482 | fx_conflict=0.2449465600060959 | regime_active=2 | ml=LOSS=2,bearish_return,benefic + benefic,hard,2025-03-27 11:30:00+05:30,2025-03-27 14:30:00+05:30,2,1,1,0,LOSS=2,STOP_LOSS=2,-0.2,48.25,Neutral,0.0,2,BULLISH,0.6126751072724482,0.2449465600060959,natal own 30V; transit neutral 10V,,,enemy=1; neutral=1; own=2,0,1,0,0,URANUS,URANUS|mirror|h0.18|n1.4|d360,,d068f2504a8869cbb01b2675dffd66f34a8551c54a063dd353e1242e59b7feb7
33,MOON|VENUS :: conjunction_orb,5,CONFLICT,BEARISH=2; CONFLICT=3,IGNORE=2; LOSS=4; WIN=4,0.033601351394587656,,,,,,,,repeated_across_timeframes; multiple_active_aspects; high_fx_doctrine_conflict; high_legacy_fx_conflict; low_shadbala; unknown_outer_or_node_dignity; hard_aspect,shadbala_avg=49.50 | quote_dignity=exaltation=3; unknown=3 | fx_doctrine=CONFLICT | fx_doctrine_net=-0.0340727326123471 | fx_conflict=0.4692501360251718 | regime_active=2 | ml=WIN=2,bullish_return,benefic + benefic,hard,2025-03-27 23:30:00+05:30,2025-03-28 03:30:00+05:30,2,1,1,0,WIN=2,TAKE_PROFIT=2,0.3,49.5,Neutral,10.553162300498116,2,CONFLICT,-0.0340727326123471,0.4692501360251718,,natal unknown 0V; transit exaltation 60V,exaltation=3; unknown=3,,0,0,0,0,NEPTUNE|VENUS,VENUS|direct|h0.18|n1.4|d360,NEPTUNE|direct|h0.18|n1.4|d360,16a4f62acd6e310eb1cd51df413817066fe02173aa99058b6c99d12b1f41d2b1
34,MOON|SATURN :: trine,14,BULLISH,BEARISH=2; BULLISH=6; CONFLICT=3; UNKNOWN=1,LOSS=14; WIN=9,-0.004417769067450145,,,,,,,,repeated_across_timeframes; high_recurrence_group; multiple_active_aspects; base_enemy_sign; unknown_outer_or_node_dignity; soft_aspect,shadbala_avg=50.75 | base_dignity=enemy=1; moolatrikona=2; unknown=1 | fx_doctrine=BEARISH | fx_doctrine_net=-0.2448608983948726 | fx_conflict=0.0 | regime_active=2 | ml=LOSS=2,bearish_return,benefic + malefic,soft,2025-03-28 13:30:00+05:30,2025-03-28 15:30:00+05:30,2,1,1,0,LOSS=2,STOP_LOSS=2,-0.2,50.75,Neutral,0.0,2,BEARISH,-0.2448608983948726,0.0,natal unknown 0V; transit moolatrikona 45V,,,enemy=1; moolatrikona=2; unknown=1,0,1,0,0,NEPTUNE|VENUS,VENUS|direct|h0.18|n1.4|d360,NEPTUNE|direct|h0.18|n1.4|d360,53976c39b5a7ef99e46b6b245328c79a5366ea9e1d2ad66e4f0207a3a3da9cda
35,AVG(ALL)|MOON :: conjunction_orb,9,BULLISH,BEARISH=2; BULLISH=3; CONFLICT=1; UNKNOWN=2,LOSS=6; WIN=8,0.04999999999999999,,,,,,,,repeated_across_timeframes; multiple_active_aspects; quote_enemy_sign; base_enemy_sign; quote_debilitation; unknown_outer_or_node_dignity; avg_all_composite; hard_aspect,shadbala_avg=50.75 | quote_dignity=debilitation=1; enemy=1; exaltation=3; neutral=1; unknown=4 | base_dignity=enemy=1; own=1 | fx_doctrine=BEARISH | fx_doctrine_net=-0.2360235290763974 | fx_conflict=0.0142689262203166 | regime_active=2 | ml=WIN=2,bullish_return,mixed_classical + benefic,hard,2025-03-28 15:30:00+05:30,2025-03-28 19:30:00+05:30,2,1,1,0,WIN=2,TAKE_PROFIT=2,0.3,50.75,Neutral,0.0,2,BEARISH,-0.2360235290763974,0.0142689262203166,natal enemy 4V; transit neutral 10V,natal enemy 4V; transit neutral 10V,debilitation=1; enemy=1; exaltation=3; neutral=1; unknown=4,enemy=1; own=1,1,1,1,0,NEPTUNE|VENUS,VENUS|direct|h0.18|n1.4|d360,NEPTUNE|direct|h0.18|n1.4|d360,b4c61c04b56e94072eefc84e924816bb890dc83f87df15b5167947a933f45b1a
36,KETU|MOON :: square,14,BULLISH,BULLISH=11; CONFLICT=1,LOSS=20; WIN=4,-0.11666666666666668,,,,,,,,not_in_current_candidate_csv; high_recurrence_group; multiple_active_aspects; unknown_outer_or_node_dignity; hard_aspect,shadbala_avg=50.75 | quote_dignity=neutral=2; unknown=2 | base_dignity=neutral=1; unknown=1 | regime_active=3,,malefic + benefic,hard,2025-03-28 20:30:00+05:30,2025-03-28 22:30:00+05:30,0,0,0,0,,,,50.75,Neutral,0.0,3,,,,,,neutral=2; unknown=2,neutral=1; unknown=1,0,0,0,0,MOON|URANUS,URANUS|mirror|h0.18|n1.4|d360,MOON|direct|h0.18|n1.4|d360,1a7684bc1f93b131dd15d68c80714dc46c5bf65da1a54aa69bc1d6abc029812b
37,MOON|RAHU :: square,14,BULLISH,BEARISH=2; BULLISH=9; CONFLICT=1,LOSS=20; WIN=4,-0.11666666666666668,,,,,,,,not_in_current_candidate_csv; high_recurrence_group; multiple_active_aspects; unknown_outer_or_node_dignity; hard_aspect,shadbala_avg=50.75 | quote_dignity=neutral=2; unknown=2 | base_dignity=neutral=1; unknown=1 | regime_active=3,,benefic + malefic,hard,2025-03-28 20:30:00+05:30,2025-03-28 22:30:00+05:30,0,0,0,0,,,,50.75,Neutral,0.0,3,,,,,,neutral=2; unknown=2,neutral=1; unknown=1,0,0,0,0,MOON|URANUS,URANUS|mirror|h0.18|n1.4|d360,MOON|direct|h0.18|n1.4|d360,181c4feb4e4258084e3242dea2e1b615c7f12437fbbc579b2e0d7d257aebd969
38,AVG(ALL)|SATURN :: square,4,BEARISH,BEARISH=1; CONFLICT=1,WIN=2,0.3,,,,,,,,base_enemy_sign; quote_debilitation; unknown_outer_or_node_dignity; avg_all_composite; swing_duration_1d_to_5d; hard_aspect,shadbala_avg=51.63 | quote_dignity=debilitation=2; unknown=2 | base_dignity=enemy=1; moolatrikona=2; unknown=1 | fx_doctrine=BEARISH | fx_doctrine_net=-0.5637057803036214 | fx_conflict=0.0 | regime_active=1 | ml=WIN=1,bullish_return,mixed_classical + malefic,hard,2025-04-01 07:30:00+05:30,2025-04-02 09:30:00+05:30,1,0,0,1,WIN=1,TAKE_PROFIT=1,0.3,51.631410256410255,Neutral,0.0,1,BEARISH,-0.5637057803036214,0.0,natal unknown 0V; transit moolatrikona 45V,,debilitation=2; unknown=2,enemy=1; moolatrikona=2; unknown=1,0,1,2,0,SATURN|URANUS,SATURN|direct|h0.18|n1.4|d360,URANUS|mirror|h0.18|n1.4|d360,31d0344e0b2704e249ac223a36602e9767608d53d5e6a7918a68f46758022c69
39,AVG(ALL)|MARS :: trine,4,UNKNOWN,BEARISH=1; BULLISH=1; CONFLICT=1; UNKNOWN=1,LOSS=2; WIN=5,0.175,,,,,,,,repeated_across_timeframes; multiple_active_aspects; quote_enemy_sign; base_enemy_sign; unknown_outer_or_node_dignity; avg_all_composite; long_duration_gt_5d; soft_aspect,shadbala_avg=53.07 | quote_dignity=enemy=1; moolatrikona=1 | base_dignity=enemy=2; exaltation=1; friend=1; moolatrikona=2; own=1; unknown=1 | fx_doctrine=UNKNOWN | fx_doctrine_net=0.0 | fx_conflict=0.0 | regime_active=2 | ml=WIN=2,bullish_return,mixed_classical + malefic,soft,2025-04-01 15:30:00+05:30,2025-04-07 09:30:00+05:30,2,0,1,1,WIN=2,TAKE_PROFIT=2,0.3,53.07185990338164,Neutral,0.0,2,UNKNOWN,0.0,0.0,,,enemy=1; moolatrikona=1,enemy=2; exaltation=1; friend=1; moolatrikona=2; own=1; unknown=1,1,2,0,0,SATURN|URANUS,SATURN|direct|h0.18|n1.4|d360,URANUS|mirror|h0.18|n1.4|d360,57fe8cb7dc4b28ef28f82267a3b1d0b0bdec6c59127524fa068c417fe28485a6
40,MOON|SUN :: trine,16,BULLISH,BEARISH=4; BULLISH=5; CONFLICT=2; UNKNOWN=4,LOSS=20; WIN=10,-0.03333333333333335,,,,,,,,repeated_across_timeframes; high_recurrence_group; multiple_active_aspects; crowded_regime; soft_aspect,shadbala_avg=51.58 | fx_doctrine=UNKNOWN | fx_doctrine_net=0.0 | fx_conflict=0.0 | regime_active=4 | ml=LOSS=2,bearish_return,benefic + malefic,soft,2025-04-01 22:30:00+05:30,2025-04-02 00:30:00+05:30,2,1,1,0,LOSS=2,STOP_LOSS=2,-0.2,51.583333333333336,Neutral,0.0,4,UNKNOWN,0.0,0.0,,,,,0,0,0,0,MOON,MOON|mirror|h0.18|n1.4|d360,,5d41b3211feb07ab7623eeefd239c2c60067f162b9c8f41314dd4f08cda135e8
41,MARS|MOON :: square,16,BEARISH,BEARISH=9; BULLISH=4; CONFLICT=1; UNKNOWN=1,LOSS=18; WIN=11,-0.010549230209257576,,,,,,,,repeated_across_timeframes; high_recurrence_group; multiple_active_aspects; quote_enemy_sign; unknown_outer_or_node_dignity; hard_aspect,shadbala_avg=54.08 | quote_dignity=enemy=3; exaltation=4; unknown=1 | fx_doctrine=BEARISH | fx_doctrine_net=-0.3898847563616844 | fx_conflict=0.4048074760238548 | regime_active=3 | ml=LOSS=2,bearish_return,malefic + benefic,hard,2025-04-02 02:30:00+05:30,2025-04-02 05:30:00+05:30,2,1,1,0,LOSS=2,STOP_LOSS=2,-0.2,54.083333333333336,Neutral,0.0,3,BEARISH,-0.3898847563616844,0.4048074760238548,,natal exaltation 60V; transit exaltation 60V,enemy=3; exaltation=4; unknown=1,,3,0,0,0,MOON,MOON|mirror|h0.18|n1.4|d360,,ccdfb4a73e42a9c9ab3f2df24de60b2a92854ff4bf3c256e81d0e90c517f64c3
42,JUPITER|MOON :: opposition_orb,7,BULLISH,BULLISH=5; CONFLICT=1,LOSS=2; WIN=10,0.21666666666666665,,,,,,,,repeated_across_timeframes; multiple_active_aspects; base_enemy_sign; hard_aspect,shadbala_avg=53.25 | base_dignity=enemy=1; own=1 | fx_doctrine=CONFLICT | fx_doctrine_net=-0.0016676747881707 | fx_conflict=0.0 | regime_active=3 | ml=WIN=2,bullish_return,benefic + benefic,hard,2025-04-02 11:30:00+05:30,2025-04-02 15:30:00+05:30,2,1,1,0,WIN=2,TAKE_PROFIT=2,0.3,53.25,Neutral,0.0,3,CONFLICT,-0.0016676747881707,0.0,natal own 30V; transit enemy 4V,,,enemy=1; own=1,0,1,0,0,SATURN|URANUS,SATURN|direct|h0.18|n1.4|d360,URANUS|mirror|h0.18|n1.4|d360,775c2bc0c7cc51f62fa9069533e5a5026a67c54b441269dbd9f7571540967dd0
43,MERCURY|MOON :: trine,17,BULLISH,BEARISH=2; BULLISH=8; CONFLICT=2; UNKNOWN=2,LOSS=10; WIN=16,0.0857142857142857,,,,,,,,repeated_across_timeframes; high_recurrence_group; multiple_active_aspects; quote_debilitation; base_debilitation; unknown_outer_or_node_dignity; soft_aspect,shadbala_avg=53.25 | quote_dignity=debilitation=1; unknown=1 | base_dignity=debilitation=1; friend=1 | fx_doctrine=CONFLICT | fx_doctrine_net=0.0185265419471242 | fx_conflict=0.0 | regime_active=3 | ml=WIN=2,bullish_return,benefic + benefic,soft,2025-04-02 12:30:00+05:30,2025-04-02 15:30:00+05:30,2,1,1,0,WIN=2,TAKE_PROFIT=2,0.3,53.25,Neutral,0.0,3,CONFLICT,0.0185265419471242,0.0,natal friend 15V; transit debilitation 0V,natal unknown 0V; transit debilitation 0V,debilitation=1; unknown=1,debilitation=1; friend=1,0,0,1,1,SATURN|URANUS,SATURN|direct|h0.18|n1.4|d360,URANUS|mirror|h0.18|n1.4|d360,b92d07f3da73b239e90ad11748bdd0db0abcbf826c34454441e11a56d51c51d8
44,AVG(ALL)|MOON :: square,18,BEARISH,BEARISH=13; BULLISH=2,LOSS=7; WIN=21,0.16666666666666666,,,,,,,,repeated_across_timeframes; high_recurrence_group; multiple_active_aspects; quote_enemy_sign; base_enemy_sign; unknown_outer_or_node_dignity; avg_all_composite; hard_aspect,shadbala_avg=53.67 | quote_dignity=enemy=1; friend=1 | base_dignity=enemy=1; moolatrikona=2; unknown=1 | fx_doctrine=BEARISH | fx_doctrine_net=-1.0543460224673509 | fx_conflict=0.0 | regime_active=2 | ml=WIN=2,bullish_return,mixed_classical + benefic,hard,2025-04-03 18:30:00+05:30,2025-04-03 20:30:00+05:30,2,1,1,0,WIN=2,TAKE_PROFIT=2,0.3,53.66666666666666,Neutral,0.0,2,BEARISH,-1.0543460224673509,0.0,natal unknown 0V; transit exaltation 60V,natal enemy 4V; transit unknown 0V,enemy=1; friend=1,enemy=1; moolatrikona=2; unknown=1,1,1,0,0,JUPITER|RAHU,RAHU|direct|h0.18|n1.4|d360,JUPITER|mirror|h0.18|n1.4|d360,907d1ff0cbef542c64738c603f990bce3cfba56f736dfc1ceefc852f951bfb2e
45,KETU|MOON :: opposition_orb,8,BEARISH,BEARISH=5; BULLISH=1,LOSS=5; WIN=6,0.04999999999999999,,,,,,,,repeated_across_timeframes; multiple_active_aspects; base_enemy_sign; unknown_outer_or_node_dignity; hard_aspect,shadbala_avg=53.67 | quote_dignity=neutral=1; unknown=1 | base_dignity=enemy=1; friend=4; neutral=1; unknown=2 | fx_doctrine=BEARISH | fx_doctrine_net=-0.3511282305497586 | fx_conflict=0.1844294643652228 | regime_active=3 | ml=LOSS=2,bearish_return,malefic + benefic,hard,2025-04-03 21:30:00+05:30,2025-04-04 01:30:00+05:30,2,1,1,0,LOSS=2,STOP_LOSS=2,-0.2,53.66666666666666,Neutral,0.0,3,BEARISH,-0.3511282305497586,0.1844294643652228,natal enemy 4V; transit friend 15V,natal neutral 10V; transit unknown 0V,neutral=1; unknown=1,enemy=1; friend=4; neutral=1; unknown=2,0,1,0,0,JUPITER|RAHU,RAHU|direct|h0.18|n1.4|d360,JUPITER|mirror|h0.18|n1.4|d360,352387769d3c4f4e6418277d5ebed7a2b487e2e57656308675b21a9bebad6aca
46,MOON|RAHU :: conjunction_orb,8,BEARISH,BEARISH=5; BULLISH=1,LOSS=5; WIN=6,0.04999999999999999,,,,,,,,repeated_across_timeframes; multiple_active_aspects; base_enemy_sign; unknown_outer_or_node_dignity; hard_aspect,shadbala_avg=53.67 | quote_dignity=neutral=1; unknown=1 | base_dignity=enemy=1; friend=2; unknown=1 | fx_doctrine=BEARISH | fx_doctrine_net=-0.3324737323282795 | fx_conflict=0.0 | regime_active=3 | ml=LOSS=2,bearish_return,benefic + malefic,hard,2025-04-03 21:30:00+05:30,2025-04-04 01:30:00+05:30,2,1,1,0,LOSS=2,STOP_LOSS=2,-0.2,53.66666666666666,Neutral,8.67324948922487,3,BEARISH,-0.3324737323282795,0.0,natal enemy 4V; transit friend 15V,natal neutral 10V; transit unknown 0V,neutral=1; unknown=1,enemy=1; friend=2; unknown=1,0,1,0,0,JUPITER|RAHU,RAHU|direct|h0.18|n1.4|d360,JUPITER|mirror|h0.18|n1.4|d360,fea4d822f95230a6a79de909b577fa53acd4a59feb4570cc07c007f5deb0ff8a
47,AVG(ALL)|KETU :: trine,4,BEARISH,BEARISH=2; UNKNOWN=2,LOSS=4; WIN=4,0.04999999999999999,,,,,,,,repeated_across_timeframes; multiple_active_aspects; quote_enemy_sign; base_enemy_sign; base_debilitation; unknown_outer_or_node_dignity; avg_all_composite; swing_duration_1d_to_5d; soft_aspect,shadbala_avg=53.07 | quote_dignity=enemy=1; moolatrikona=1 | base_dignity=debilitation=1; enemy=3; exaltation=1; friend=2; moolatrikona=2; neutral=1; unknown=2 | fx_doctrine=BEARISH | fx_doctrine_net=-0.1094276042483711 | fx_conflict=0.0 | regime_active=3 | ml=LOSS=2,bearish_return,mixed_classical + malefic,soft,2025-04-04 05:30:00+05:30,2025-04-08 20:30:00+05:30,2,0,1,1,LOSS=2,STOP_LOSS=2,-0.2,53.0731981981982,Neutral,0.0,3,BEARISH,-0.1094276042483711,0.0,natal neutral 10V; transit unknown 0V,natal neutral 10V; transit unknown 0V,enemy=1; moolatrikona=1,debilitation=1; enemy=3; exaltation=1; friend=2; moolatrikona=2; neutral=1; unknown=2,1,3,0,1,MARS|RAHU,MARS|mirror|h0.18|n1.5|d360,RAHU|direct|h0.18|n1.4|d360,c10b564663eb36d4441dded873df74f091cbdc7a46bc4e25af504ab152decf37
48,MARS|MOON :: trine,17,BULLISH,BEARISH=2; BULLISH=7; CONFLICT=6,LOSS=17; WIN=12,-1.1102230246251566e-17,,,,,,,,repeated_across_timeframes; high_recurrence_group; multiple_active_aspects; quote_enemy_sign; unknown_outer_or_node_dignity; soft_aspect,shadbala_avg=53.67 | quote_dignity=enemy=2; friend=3; unknown=3 | fx_doctrine=BULLISH | fx_doctrine_net=0.5373793939738873 | fx_conflict=0.1947185053622189 | regime_active=3 | ml=LOSS=2,bearish_return,malefic + benefic,soft,2025-04-04 05:30:00+05:30,2025-04-04 07:30:00+05:30,2,1,1,0,LOSS=2,STOP_LOSS=2,-0.2,53.66666666666666,Neutral,0.0,3,BULLISH,0.5373793939738873,0.1947185053622189,,natal enemy 4V; transit enemy 4V,enemy=2; friend=3; unknown=3,,2,0,0,0,MARS|RAHU,MARS|mirror|h0.18|n1.5|d360,RAHU|direct|h0.18|n1.4|d360,6bfe79f571da5c79ba0f951841f3c1b8faaacdb14e097c52662fd7cb763d6846
49,AVG(ALL)|VENUS :: conjunction_orb,3,BEARISH,BEARISH=2; BULLISH=1,LOSS=3; WIN=1,-0.03333333333333335,,,,,,,,repeated_across_timeframes; multiple_active_aspects; quote_enemy_sign; base_enemy_sign; quote_debilitation; unknown_outer_or_node_dignity; avg_all_composite; long_duration_gt_5d; hard_aspect,shadbala_avg=53.99 | quote_dignity=debilitation=1; enemy=2; exaltation=1; unknown=2 | base_dignity=enemy=2 | fx_doctrine=BULLISH | fx_doctrine_net=0.3747759950775073 | fx_conflict=0.0 | regime_active=3 | ml=LOSS=2,bearish_return,mixed_classical + benefic,hard,2025-04-04 09:30:00+05:30,2025-04-22 12:30:00+05:30,2,0,1,1,LOSS=2,STOP_LOSS=2,-0.2,53.98611111111112,Neutral,0.0,3,BULLISH,0.3747759950775073,0.0,natal friend 15V; transit exaltation 60V,natal unknown 0V; transit exaltation 60V,debilitation=1; enemy=2; exaltation=1; unknown=2,enemy=2,2,2,1,0,MARS|RAHU,MARS|mirror|h0.18|n1.5|d360,RAHU|direct|h0.18|n1.4|d360,b1d65c51efc3c1c5a42c4d92adff3cac4a722b7400bd00412b28a7afa1e98660
50,KETU|MOON :: trine,14,UNKNOWN,BEARISH=1; BULLISH=1; UNKNOWN=10,LOSS=9; WIN=14,0.09166666666666666,,,,,,,,repeated_across_timeframes; high_recurrence_group; multiple_active_aspects; unknown_outer_or_node_dignity; soft_aspect,shadbala_avg=54.92 | quote_dignity=neutral=1; unknown=1 | base_dignity=neutral=1; unknown=1 | fx_doctrine=BEARISH | fx_doctrine_net=-0.132842474888143 | fx_conflict=0.0 | regime_active=3 | ml=WIN=2,bullish_return,malefic + benefic,soft,2025-04-08 12:30:00+05:30,2025-04-08 15:30:00+05:30,2,1,1,0,WIN=2,TAKE_PROFIT=2,0.3,54.91666666666666,Neutral,0.0,3,BEARISH,-0.132842474888143,0.0,natal neutral 10V; transit unknown 0V,natal neutral 10V; transit unknown 0V,neutral=1; unknown=1,neutral=1; unknown=1,0,0,0,0,SUN,SUN|direct|h0.18|n1.3|d360,,fa1a21cfea665a8a747bfc746e3940671ef501a857e892a177b2619e9c2e763a
51,MARS|MOON :: opposition_orb,8,BULLISH,BEARISH=2; BULLISH=4,LOSS=6; WIN=6,0.04999999999999999,,,,,,,,repeated_across_timeframes; multiple_active_aspects; quote_enemy_sign; quote_debilitation; unknown_outer_or_node_dignity; hard_aspect,shadbala_avg=54.17 | quote_dignity=debilitation=2; enemy=1; exaltation=1; friend=1; unknown=1 | fx_doctrine=BULLISH | fx_doctrine_net=0.5626876298663849 | fx_conflict=0.0507171028115993 | regime_active=2 | ml=LOSS=2,bearish_return,malefic + benefic,hard,2025-04-08 19:30:00+05:30,2025-04-09 00:30:00+05:30,2,1,1,0,LOSS=2,STOP_LOSS=2,-0.2,54.16666666666666,Neutral,0.0,2,BULLISH,0.5626876298663849,0.0507171028115993,,natal exaltation 60V; transit friend 15V,debilitation=2; enemy=1; exaltation=1; friend=1; unknown=1,,1,0,2,0,PLUTO,PLUTO|direct|h0.18|n1.5|d360,,dfc7452b09934d0b3385338f3d1702a837a16d2f2790edb9237c1dd845d6380e
52,JUPITER|MOON :: square,13,BEARISH,BEARISH=5; BULLISH=2; CONFLICT=3; UNKNOWN=2,LOSS=14; WIN=10,0.008333333333333323,,,,,,,,repeated_across_timeframes; high_recurrence_group; multiple_active_aspects; quote_enemy_sign; base_enemy_sign; hard_aspect,shadbala_avg=53.67 | quote_dignity=enemy=1; friend=1 | base_dignity=enemy=2 | fx_doctrine=BEARISH | fx_doctrine_net=-0.6433270290186335 | fx_conflict=0.0 | regime_active=2 | ml=WIN=2,bullish_return,benefic + benefic,hard,2025-04-09 07:30:00+05:30,2025-04-09 10:30:00+05:30,2,1,1,0,WIN=2,TAKE_PROFIT=2,0.3,53.66666666666666,Neutral,0.0,2,BEARISH,-0.6433270290186335,0.0,natal enemy 4V; transit enemy 4V,natal friend 15V; transit enemy 4V,enemy=1; friend=1,enemy=2,1,2,0,0,KETU|MARS,MARS|mirror|h0.18|n1.5|d360,KETU|mirror|h0.18|n1.6|d360,5f039ae49c66b24bb7ff70a4d3bd1020c3f3e31a7ac4d86de94e1062a1a2f4d3
53,MOON|VENUS :: opposition_orb,8,BEARISH,BEARISH=7; BULLISH=1,LOSS=6; WIN=9,0.11249999999999999,,,,,,,,repeated_across_timeframes; multiple_active_aspects; quote_enemy_sign; base_enemy_sign; unknown_outer_or_node_dignity; hard_aspect,shadbala_avg=54.88 | quote_dignity=enemy=1; friend=1 | base_dignity=enemy=1; friend=3; own=1; unknown=1 | fx_doctrine=BEARISH | fx_doctrine_net=-0.9767265619938004 | fx_conflict=0.0 | regime_active=2 | ml=LOSS=2,bearish_return,benefic + benefic,hard,2025-04-09 22:30:00+05:30,2025-04-10 03:30:00+05:30,2,1,1,0,LOSS=2,STOP_LOSS=2,-0.2,54.875,Neutral,26.02281571731396,2,BEARISH,-0.9767265619938004,0.0,natal enemy 4V; transit friend 15V,natal enemy 4V; transit friend 15V,enemy=1; friend=1,enemy=1; friend=3; own=1; unknown=1,1,1,0,0,NEPTUNE,NEPTUNE|direct|h0.18|n1.3|d360,,ab7d6b89ebdb4377c6ca22666306f6528954e3d69ae0a009714528550e4f8936
54,AVG(ALL)|SATURN :: square,4,BEARISH,BEARISH=1; CONFLICT=1,WIN=2,0.3,,,,,,,,multiple_active_aspects; quote_enemy_sign; base_enemy_sign; unknown_outer_or_node_dignity; avg_all_composite; swing_duration_1d_to_5d; hard_aspect,shadbala_avg=54.50 | quote_dignity=enemy=1; friend=1 | base_dignity=enemy=2; friend=2; neutral=2; unknown=2 | fx_doctrine=CONFLICT | fx_doctrine_net=-0.0087031486248588 | fx_conflict=0.0 | regime_active=2 | ml=WIN=1,bullish_return,mixed_classical + malefic,hard,2025-04-10 15:30:00+05:30,2025-04-11 17:30:00+05:30,1,0,0,1,WIN=1,TAKE_PROFIT=1,0.3,54.5,Neutral,0.0,2,CONFLICT,-0.0087031486248588,0.0,natal enemy 4V; transit neutral 10V,natal enemy 4V; transit neutral 10V,enemy=1; friend=1,enemy=2; friend=2; neutral=2; unknown=2,1,2,0,0,JUPITER|RAHU,RAHU|direct|h0.18|n1.4|d360,JUPITER|mirror|h0.18|n1.4|d360,4e21d07dd5e6ab60cc79fc332a980b13b04addca81661aac27bf6f4b16cf8e9f
55,KETU|MOON :: square,14,BULLISH,BULLISH=11; CONFLICT=1,LOSS=20; WIN=4,-0.11666666666666668,,,,,,,,not_in_current_candidate_csv; high_recurrence_group; multiple_active_aspects; crowded_regime; unknown_outer_or_node_dignity; hard_aspect,shadbala_avg=54.50 | quote_dignity=friend=1; neutral=1; unknown=2 | base_dignity=neutral=1; unknown=1 | regime_active=4,,malefic + benefic,hard,2025-04-10 23:30:00+05:30,2025-04-11 02:30:00+05:30,0,0,0,0,,,,54.5,Neutral,0.0,4,,,,,,friend=1; neutral=1; unknown=2,neutral=1; unknown=1,0,0,0,0,MERCURY|MOON,MOON|direct|h0.18|n1.8|d360,MERCURY|direct|h0.18|n1.3|d360,bd3658a485db7eb0d3d1bb9ffd42769df635c70ee6d5adbdbe40a32e61c7f622
56,MOON|RAHU :: square,14,BULLISH,BEARISH=2; BULLISH=9; CONFLICT=1,LOSS=20; WIN=4,-0.11666666666666668,,,,,,,,not_in_current_candidate_csv; high_recurrence_group; multiple_active_aspects; crowded_regime; unknown_outer_or_node_dignity; hard_aspect,shadbala_avg=54.50 | quote_dignity=friend=1; neutral=1; unknown=2 | base_dignity=neutral=1; unknown=1 | regime_active=4,,benefic + malefic,hard,2025-04-10 23:30:00+05:30,2025-04-11 02:30:00+05:30,0,0,0,0,,,,54.5,Neutral,0.0,4,,,,,,friend=1; neutral=1; unknown=2,neutral=1; unknown=1,0,0,0,0,MERCURY|MOON,MOON|direct|h0.18|n1.8|d360,MERCURY|direct|h0.18|n1.3|d360,2606019cb8ae2a0e7fd01ab4ca60125910c35df265d5681e574e6a3e50ac794e
57,MOON|SUN :: trine,16,BULLISH,BEARISH=4; BULLISH=5; CONFLICT=2; UNKNOWN=4,LOSS=20; WIN=10,-0.03333333333333335,,,,,,,,repeated_across_timeframes; high_recurrence_group; multiple_active_aspects; crowded_regime; unknown_outer_or_node_dignity; soft_aspect,shadbala_avg=54.50 | quote_dignity=friend=2; unknown=2 | fx_doctrine=BULLISH | fx_doctrine_net=0.0798035293356451 | fx_conflict=0.0 | regime_active=4 | ml=LOSS=2,bearish_return,benefic + malefic,soft,2025-04-11 02:30:00+05:30,2025-04-11 05:30:00+05:30,2,1,1,0,LOSS=2,STOP_LOSS=2,-0.2,54.5,Neutral,0.0,4,BULLISH,0.0798035293356451,0.0,,natal unknown 0V; transit friend 15V,friend=2; unknown=2,,0,0,0,0,MOON|NEPTUNE,MOON|direct|h0.18|n1.8|d360,NEPTUNE|direct|h0.18|n1.3|d360,a22b03e7956a692908ba66811217193979f292c3cf9ac30e621470307b1e82b2
58,MERCURY|MOON :: trine,17,BULLISH,BEARISH=2; BULLISH=8; CONFLICT=2; UNKNOWN=2,LOSS=10; WIN=16,0.0857142857142857,,,,,,,,high_recurrence_group; multiple_active_aspects; quote_debilitation; base_debilitation; unknown_outer_or_node_dignity; soft_aspect,shadbala_avg=54.50 | quote_dignity=debilitation=1; unknown=1 | base_dignity=debilitation=1; friend=1 | fx_doctrine=BULLISH | fx_doctrine_net=0.0908552814214625 | fx_conflict=0.0 | regime_active=3 | ml=LOSS=1,bearish_return,benefic + benefic,soft,2025-04-11 20:30:00+05:30,2025-04-11 23:30:00+05:30,1,1,0,0,LOSS=1,STOP_LOSS=1,-0.2,54.5,Neutral,0.0,3,BULLISH,0.0908552814214625,0.0,natal friend 15V; transit debilitation 0V,natal unknown 0V; transit debilitation 0V,debilitation=1; unknown=1,debilitation=1; friend=1,0,0,1,1,URANUS|VENUS,VENUS|direct|h0.18|n1.3|d360,URANUS|mirror|h0.18|n1.3|d360,2d8f644fbc11aa844a36344cc82f6ed82737538a0a79685e1f0eed150600ce78
59,SATURN|SUN :: square,2,BULLISH,BULLISH=2,LOSS=3,-0.2,,,,,,,,multiple_active_aspects; quote_enemy_sign; base_enemy_sign; unknown_outer_or_node_dignity; malefic_pair; hard_aspect,shadbala_avg=54.83 | quote_dignity=enemy=1; neutral=2; unknown=1 | base_dignity=enemy=1; neutral=2; unknown=1 | fx_doctrine=BULLISH | fx_doctrine_net=0.1109510397682136 | fx_conflict=0.0 | regime_active=3 | ml=LOSS=1,bearish_return,malefic + malefic,hard,2025-04-11 18:30:00+05:30,2025-04-12 04:30:00+05:30,1,1,0,0,LOSS=1,STOP_LOSS=1,-0.2,54.833333333333336,Neutral,0.0,3,BULLISH,0.1109510397682136,0.0,natal enemy 4V; transit neutral 10V,natal enemy 4V; transit neutral 10V,enemy=1; neutral=2; unknown=1,enemy=1; neutral=2; unknown=1,1,1,0,0,URANUS|VENUS,VENUS|direct|h0.18|n1.3|d360,URANUS|mirror|h0.18|n1.3|d360,6d3559a4c27bc3777c5e9dfc0feff8ca4eb58e1dc4b800a5c2369cea0f0389a1
60,MERCURY|MOON :: square,16,BEARISH,BEARISH=6; BULLISH=3; CONFLICT=4,LOSS=15; WIN=10,-0.007692307692307703,,,,,,,,repeated_across_timeframes; high_recurrence_group; multiple_active_aspects; quote_debilitation; unknown_outer_or_node_dignity; hard_aspect,shadbala_avg=54.08 | quote_dignity=debilitation=2; unknown=2 | base_dignity=neutral=2 | fx_doctrine=BULLISH | fx_doctrine_net=0.0679667827249442 | fx_conflict=0.0 | regime_active=2 | ml=LOSS=2,bearish_return,benefic + benefic,hard,2025-04-14 08:30:00+05:30,2025-04-14 11:30:00+05:30,2,1,1,0,LOSS=2,STOP_LOSS=2,-0.2,54.083333333333336,Neutral,0.0,2,BULLISH,0.0679667827249442,0.0,natal neutral 10V; transit neutral 10V,natal unknown 0V; transit debilitation 0V,debilitation=2; unknown=2,neutral=2,0,0,2,0,SATURN|URANUS,URANUS|mirror|h0.18|n1.3|d360,SATURN|direct|h0.18|n1.3|d360,6a175bd690b91f84a22886501f0437cfac1f2f6bd1397132810a7ad961f2a624
61,KETU|SUN :: trine,2,UNKNOWN,UNKNOWN=2,LOSS=1; WIN=1,0.04999999999999999,,,,,,,,multiple_active_aspects; malefic_pair; swing_duration_1d_to_5d; soft_aspect,shadbala_avg=53.39 | fx_doctrine=UNKNOWN | fx_doctrine_net=0.0 | fx_conflict=0.0 | regime_active=3 | ml=WIN=1,bullish_return,malefic + malefic,soft,2025-04-16 07:30:00+05:30,2025-04-18 07:30:00+05:30,1,0,1,0,WIN=1,TAKE_PROFIT=1,0.3,53.38715277777778,Neutral,0.0,3,UNKNOWN,0.0,0.0,,,,,0,0,0,0,MOON,MOON|direct|h0.18|n1.6|d360,MOON|mirror|h0.18|n1.8|d360,bd1ca5de7384003fcc36804b7ecea6732940fd62570be763bd5c404aabec7af2
62,MARS|MOON :: square,16,BEARISH,BEARISH=9; BULLISH=4; CONFLICT=1; UNKNOWN=1,LOSS=18; WIN=11,-0.010549230209257576,,,,,,,,repeated_across_timeframes; high_recurrence_group; multiple_active_aspects; quote_debilitation; hard_aspect,shadbala_avg=50.33 | quote_dignity=debilitation=1; exaltation=1 | fx_doctrine=BULLISH | fx_doctrine_net=0.5915931682478687 | fx_conflict=0.0 | regime_active=3 | ml=WIN=2,bullish_return,malefic + benefic,hard,2025-04-16 09:30:00+05:30,2025-04-16 12:30:00+05:30,2,1,1,0,WIN=2,TAKE_PROFIT=2,0.3,50.333333333333336,Neutral,0.0,3,BULLISH,0.5915931682478687,0.0,,natal exaltation 60V; transit debilitation 0V,debilitation=1; exaltation=1,,0,0,1,0,MOON,MOON|direct|h0.18|n1.6|d360,MOON|mirror|h0.18|n1.8|d360,5a0bcfc0774f6b08e59b3dfe9ec3ec2cd1c673e12133b1bd2052d5d00294e068
63,JUPITER|MOON :: conjunction_orb,5,BULLISH,BULLISH=2; UNKNOWN=1,LOSS=4; WIN=2,-0.03333333333333335,,,,,,,,not_in_current_candidate_csv; multiple_active_aspects; crowded_regime; base_enemy_sign; hard_aspect,shadbala_avg=50.79 | base_dignity=enemy=2 | regime_active=5,,benefic + benefic,hard,2025-04-16 20:30:00+05:30,2025-04-17 01:30:00+05:30,0,0,0,0,,,,50.79166666666666,Neutral,0.0,5,,,,,,,enemy=2,0,2,0,0,SUN,SUN|mirror|h0.18|n1.2|d360,,3a456bc6be034a121a1ef63700667e32f260b7a84c62ef53d39343bb4d827ead
64,KETU|SATURN :: square,1,,,,,,,,,,,,not_in_current_candidate_csv; multiple_active_aspects; unknown_outer_or_node_dignity; malefic_pair; long_duration_gt_5d; hard_aspect,shadbala_avg=55.17 | quote_dignity=neutral=1; unknown=1 | base_dignity=friend=1; neutral=1 | regime_active=3,,malefic + malefic,hard,2025-04-16 21:30:00+05:30,2025-05-05 21:30:00+05:30,0,0,0,0,,,,55.172697368421055,Neutral,0.0,3,,,,,,neutral=1; unknown=1,friend=1; neutral=1,0,0,0,0,MOON|SUN,SUN|mirror|h0.18|n1.2|d360,MOON|direct|h0.18|n1.5|d360,300d808180d7dba20b92185c2cf81efdba690d16186b2a421ff220541f0a13c9
65,RAHU|SATURN :: square,1,,,,,,,,,,,,not_in_current_candidate_csv; multiple_active_aspects; unknown_outer_or_node_dignity; malefic_pair; long_duration_gt_5d; hard_aspect,shadbala_avg=55.17 | quote_dignity=neutral=1; unknown=1 | base_dignity=friend=1; neutral=1 | regime_active=3,,malefic + malefic,hard,2025-04-16 21:30:00+05:30,2025-05-05 21:30:00+05:30,0,0,0,0,,,,55.172697368421055,Neutral,0.0,3,,,,,,neutral=1; unknown=1,friend=1; neutral=1,0,0,0,0,MOON|SUN,SUN|mirror|h0.18|n1.2|d360,MOON|direct|h0.18|n1.5|d360,0bf11182ea69f6d14cb8c1fbdfc21e64ec67ae43be9fcb597d5a31c930a30067
66,MERCURY|MOON :: conjunction_orb,8,BULLISH,BULLISH=7; CONFLICT=1,LOSS=6; WIN=10,0.11249999999999999,,,,,,,,repeated_across_timeframes; multiple_active_aspects; crowded_regime; hard_aspect,shadbala_avg=54.08 | base_dignity=neutral=2 | fx_doctrine=BULLISH | fx_doctrine_net=0.0925526518020534 | fx_conflict=0.0 | regime_active=4 | ml=WIN=2,bullish_return,benefic + benefic,hard,2025-04-21 16:30:00+05:30,2025-04-21 20:30:00+05:30,2,1,1,0,WIN=2,TAKE_PROFIT=2,0.3,54.083333333333336,Neutral,0.0,4,BULLISH,0.0925526518020534,0.0,natal neutral 10V; transit neutral 10V,,,neutral=2,0,0,0,0,AVG(ALL),AVG(ALL)|direct|h0.18|n1.2|d360,,36cb85dca2a23c17e22a77f614d2c75bcd34382cf6a5340e1525933dc48a340c
67,KETU|VENUS :: square,2,BULLISH,BULLISH=2,LOSS=2; WIN=2,0.04999999999999999,,,,,,,,repeated_across_timeframes; multiple_active_aspects; crowded_regime; unknown_outer_or_node_dignity; swing_duration_1d_to_5d; hard_aspect,shadbala_avg=54.53 | quote_dignity=exaltation=1; unknown=1 | base_dignity=exaltation=1; friend=1 | fx_doctrine=BULLISH | fx_doctrine_net=0.4134372898203839 | fx_conflict=0.0 | regime_active=4 | ml=WIN=2,bullish_return,malefic + benefic,hard,2025-04-22 19:30:00+05:30,2025-04-26 04:30:00+05:30,2,0,1,1,WIN=2,TAKE_PROFIT=2,0.3,54.53343621399177,Neutral,0.0,4,BULLISH,0.4134372898203839,0.0,natal friend 15V; transit exaltation 60V,natal unknown 0V; transit exaltation 60V,exaltation=1; unknown=1,exaltation=1; friend=1,0,0,0,0,AVG(ALL)|PLUTO,AVG(ALL)|direct|h0.18|n1.2|d360,PLUTO|direct|h0.18|n1.4|d360,5372544dd9a256d7ef8412d741a9a94dd3a6a96e14920d18d8b3c0f3e72fc60e
68,RAHU|VENUS :: square,2,BULLISH,BULLISH=2,LOSS=2; WIN=2,0.04999999999999999,,,,,,,,repeated_across_timeframes; multiple_active_aspects; crowded_regime; unknown_outer_or_node_dignity; swing_duration_1d_to_5d; hard_aspect,shadbala_avg=54.53 | quote_dignity=exaltation=1; unknown=1 | base_dignity=exaltation=1; friend=1 | fx_doctrine=BULLISH | fx_doctrine_net=0.4134372898203839 | fx_conflict=0.0 | regime_active=4 | ml=WIN=2,bullish_return,malefic + benefic,hard,2025-04-22 19:30:00+05:30,2025-04-26 04:30:00+05:30,2,0,1,1,WIN=2,TAKE_PROFIT=2,0.3,54.53343621399177,Neutral,0.0,4,BULLISH,0.4134372898203839,0.0,natal friend 15V; transit exaltation 60V,natal unknown 0V; transit exaltation 60V,exaltation=1; unknown=1,exaltation=1; friend=1,0,0,0,0,AVG(ALL)|PLUTO,AVG(ALL)|direct|h0.18|n1.2|d360,PLUTO|direct|h0.18|n1.4|d360,c22ac202b4d519a81bd6146ee2b6428b6dbd64b846cd36e4921fd9a72e0f4210
69,JUPITER|MERCURY :: trine,5,CONFLICT,BEARISH=1; BULLISH=1; CONFLICT=2; UNKNOWN=1,LOSS=2; WIN=7,0.2,,,,,,,,repeated_across_timeframes; multiple_active_aspects; crowded_regime; base_debilitation; swing_duration_1d_to_5d; soft_aspect,shadbala_avg=54.35 | base_dignity=debilitation=1; own=1 | fx_doctrine=BULLISH | fx_doctrine_net=0.213921349328508 | fx_conflict=0.0 | regime_active=5 | ml=LOSS=2,bearish_return,benefic + benefic,soft,2025-04-23 14:30:00+05:30,2025-04-25 09:30:00+05:30,2,0,1,1,LOSS=2,STOP_LOSS=2,-0.2,54.35368217054263,Neutral,0.0,5,BULLISH,0.213921349328508,0.0,natal own 30V; transit debilitation 0V,,,debilitation=1; own=1,0,0,0,1,URANUS,URANUS|mirror|h0.18|n1.3|d360,,c1484d74f67cb2f03ea8fdf56499ca30595fee039ce84612129ec6594509f39e
70,JUPITER|MOON :: trine,16,BULLISH,BEARISH=1; BULLISH=12; CONFLICT=1; UNKNOWN=1,LOSS=20; WIN=8,-0.03333333333333335,,,,,,,,high_recurrence_group; multiple_active_aspects; crowded_regime; soft_aspect,shadbala_avg=55.33 | base_dignity=neutral=1; own=1 | fx_doctrine=BULLISH | fx_doctrine_net=0.3758416705916544 | fx_conflict=0.0 | regime_active=5 | ml=WIN=1,bullish_return,benefic + benefic,soft,2025-04-25 23:30:00+05:30,2025-04-26 01:30:00+05:30,1,1,0,0,WIN=1,TAKE_PROFIT=1,0.3,55.333333333333336,Neutral,0.0,5,BULLISH,0.3758416705916544,0.0,natal own 30V; transit neutral 10V,,,neutral=1; own=1,0,0,0,0,SATURN|VENUS,SATURN|direct|h0.18|n1.3|d360,VENUS|direct|h0.18|n1.3|d360,443ed95c7f88c009d52875a96978a6f96fa022e5f6a12728895bfd4f43a3938f
71,AVG(ALL)|SATURN :: square,4,BEARISH,BEARISH=1; CONFLICT=1,WIN=2,0.3,,,,,,,,not_in_current_candidate_csv; multiple_active_aspects; crowded_regime; quote_debilitation; base_debilitation; unknown_outer_or_node_dignity; avg_all_composite; hard_aspect,shadbala_avg=56.44 | quote_dignity=debilitation=1; exaltation=1; friend=1; neutral=1; unknown=2 | base_dignity=debilitation=1; exaltation=1; neutral=1; unknown=1 | regime_active=6,,mixed_classical + malefic,hard,2025-04-26 01:30:00+05:30,2025-04-26 04:30:00+05:30,0,0,0,0,,,,56.44444444444444,Neutral,0.0,6,,,,,,debilitation=1; exaltation=1; friend=1; neutral=1; unknown=2,debilitation=1; exaltation=1; neutral=1; unknown=1,0,0,1,1,URANUS,URANUS|mirror|h0.18|n1.3|d360,,439e5da25eea5985b44efb5b619280a1f6f7c2754c16c5626f97b337000ac203
72,AVG(ALL)|KETU :: trine,4,BEARISH,BEARISH=2; UNKNOWN=2,LOSS=4; WIN=4,0.04999999999999999,,,,,,,,repeated_across_timeframes; multiple_active_aspects; crowded_regime; unknown_outer_or_node_dignity; avg_all_composite; soft_aspect,shadbala_avg=55.75 | quote_dignity=exaltation=1; neutral=3; unknown=2 | base_dignity=friend=1; neutral=1 | fx_doctrine=UNKNOWN | fx_doctrine_net=0.0 | fx_conflict=0.0 | regime_active=4 | ml=LOSS=2,bearish_return,mixed_classical + malefic,soft,2025-04-28 05:30:00+05:30,2025-04-28 13:30:00+05:30,2,1,1,0,LOSS=2,STOP_LOSS=2,-0.2,55.75,Neutral,0.0,4,UNKNOWN,0.0,0.0,,,exaltation=1; neutral=3; unknown=2,friend=1; neutral=1,0,0,0,0,URANUS,URANUS|mirror|h0.18|n1.3|d360,,3c9786df1c1bca6239351c3076f6f657317e0baa963805ec281b6efd2ec793bd
73,MERCURY|SUN :: square,4,BULLISH,BEARISH=1; BULLISH=2; CONFLICT=1,LOSS=6; WIN=2,-0.07500000000000001,,,,,,,,repeated_across_timeframes; multiple_active_aspects; crowded_regime; unknown_outer_or_node_dignity; hard_aspect,shadbala_avg=55.25 | quote_dignity=exaltation=1; unknown=1 | fx_doctrine=BEARISH | fx_doctrine_net=-0.2689520415908987 | fx_conflict=0.0 | regime_active=4 | ml=LOSS=2,bearish_return,benefic + malefic,hard,2025-04-28 05:30:00+05:30,2025-04-28 15:30:00+05:30,2,1,1,0,LOSS=2,STOP_LOSS=2,-0.2,55.25,Neutral,0.0,4,BEARISH,-0.2689520415908987,0.0,,natal unknown 0V; transit exaltation 60V,exaltation=1; unknown=1,,0,0,0,0,URANUS,URANUS|mirror|h0.18|n1.3|d360,,f69ff7612c38afe3e596a72c5a41be337acb07c037fb22189fc7774760270ee9
74,MARS|MOON :: square,16,BEARISH,BEARISH=9; BULLISH=4; CONFLICT=1; UNKNOWN=1,LOSS=18; WIN=11,-0.010549230209257576,,,,,,,,repeated_across_timeframes; high_recurrence_group; multiple_active_aspects; quote_enemy_sign; base_debilitation; unknown_outer_or_node_dignity; hard_aspect,shadbala_avg=54.92 | quote_dignity=enemy=1; exaltation=4; unknown=1 | base_dignity=debilitation=1; neutral=1 | fx_doctrine=BEARISH | fx_doctrine_net=-0.3876285972759656 | fx_conflict=0.3875174043909965 | regime_active=3 | ml=LOSS=2,bearish_return,malefic + benefic,hard,2025-04-29 12:30:00+05:30,2025-04-29 15:30:00+05:30,2,1,1,0,LOSS=2,STOP_LOSS=2,-0.2,54.91666666666666,Neutral,0.0,3,BEARISH,-0.3876285972759656,0.3875174043909965,,natal exaltation 60V; transit exaltation 60V,enemy=1; exaltation=4; unknown=1,debilitation=1; neutral=1,1,0,0,1,MOON,MOON|mirror|h0.18|n1.3|d360,,89be78dd9c19ae065fb924eb9d21536d0e2b232932f63a6cd7e42f6d34509243
75,MARS|MOON :: trine,17,BULLISH,BEARISH=2; BULLISH=7; CONFLICT=6,LOSS=17; WIN=12,-1.1102230246251566e-17,,,,,,,,repeated_across_timeframes; high_recurrence_group; multiple_active_aspects; high_fx_doctrine_conflict; high_legacy_fx_conflict; base_debilitation; unknown_outer_or_node_dignity; soft_aspect,shadbala_avg=55.33 | quote_dignity=friend=3; unknown=3 | base_dignity=debilitation=1; neutral=1 | fx_doctrine=CONFLICT | fx_doctrine_net=0.0132267542821977 | fx_conflict=0.4785403320858031 | regime_active=3 | ml=WIN=2,bullish_return,malefic + benefic,soft,2025-05-01 13:30:00+05:30,2025-05-01 16:30:00+05:30,2,1,1,0,WIN=2,TAKE_PROFIT=2,0.3,55.333333333333336,Neutral,0.0,3,CONFLICT,0.0132267542821977,0.4785403320858031,,natal unknown 0V; transit friend 15V,friend=3; unknown=3,debilitation=1; neutral=1,0,0,0,1,MARS|SATURN,MARS|mirror|h0.18|n1.5|d360,SATURN|direct|h0.18|n1.3|d360,01a6817db8ee7c716aea07081de3ad06eaa5508e872774478d96635b40ea0d54
76,MARS|MERCURY :: opposition_orb,2,CONFLICT,BEARISH=1; CONFLICT=1,LOSS=2,-0.2,,,,,,,,multiple_active_aspects; base_debilitation; long_duration_gt_5d; hard_aspect,shadbala_avg=55.41 | base_dignity=debilitation=1; neutral=1 | fx_doctrine=CONFLICT | fx_doctrine_net=0.0 | fx_conflict=0.0 | regime_active=3 | ml=LOSS=1,bearish_return,malefic + benefic,hard,2025-05-01 22:30:00+05:30,2025-05-08 06:30:00+05:30,1,0,0,1,LOSS=1,STOP_LOSS=1,-0.2,55.40816885964912,Neutral,25.862026798554325,3,CONFLICT,0.0,0.0,,,,debilitation=1; neutral=1,0,0,0,1,NEPTUNE|VENUS,VENUS|direct|h0.18|n1.3|d360,NEPTUNE|direct|h0.18|n1.3|d360,09974a89b939840c6363512e13742cbb953d4a371487ab7af18105a76f8df4be
77,MOON|VENUS :: trine,17,UNKNOWN,BEARISH=3; BULLISH=1; CONFLICT=5; UNKNOWN=6,LOSS=8; WIN=20,0.16666666666666666,,,,,,,,repeated_across_timeframes; high_recurrence_group; multiple_active_aspects; crowded_regime; unknown_outer_or_node_dignity; soft_aspect,shadbala_avg=52.42 | quote_dignity=exaltation=1; unknown=1 | fx_doctrine=BEARISH | fx_doctrine_net=-0.3485572049820746 | fx_conflict=0.0 | regime_active=4 | ml=WIN=2,bullish_return,benefic + benefic,soft,2025-05-02 13:30:00+05:30,2025-05-02 15:30:00+05:30,2,1,1,0,WIN=2,TAKE_PROFIT=2,0.3,52.41666666666666,Neutral,0.0,4,BEARISH,-0.3485572049820746,0.0,,natal unknown 0V; transit exaltation 60V,exaltation=1; unknown=1,,0,0,0,0,JUPITER,JUPITER|mirror|h0.18|n1.4|d360,,03462bf3176dc5c96368903d6eca0a5230aeb9da75e4885fa5e321831fcf1d03
78,JUPITER|MARS :: trine,1,CONFLICT,CONFLICT=1,WIN=1,0.3,,,,,,,,multiple_active_aspects; crowded_regime; base_debilitation; swing_duration_1d_to_5d; soft_aspect,shadbala_avg=55.35 | base_dignity=debilitation=1; neutral=1 | fx_doctrine=CONFLICT | fx_doctrine_net=0.0 | fx_conflict=0.0 | regime_active=4 | ml=WIN=1,bullish_return,benefic + malefic,soft,2025-05-02 15:30:00+05:30,2025-05-06 20:30:00+05:30,1,0,0,1,WIN=1,TAKE_PROFIT=1,0.3,55.351897689768975,Neutral,0.0,4,CONFLICT,0.0,0.0,,,,debilitation=1; neutral=1,0,0,0,1,NEPTUNE|VENUS,VENUS|direct|h0.18|n1.3|d360,NEPTUNE|direct|h0.18|n1.3|d360,3de444660ad0cfb8c783ab3e21870105250740f372718ff7db02d0c598ec9315
79,AVG(ALL)|MERCURY :: square,3,BULLISH,BULLISH=2; CONFLICT=1,LOSS=3; WIN=2,-0.03333333333333335,,,,,,,,multiple_active_aspects; crowded_regime; base_debilitation; unknown_outer_or_node_dignity; avg_all_composite; long_duration_gt_5d; hard_aspect,shadbala_avg=55.77 | quote_dignity=exaltation=2; friend=2; neutral=1; unknown=3 | base_dignity=debilitation=2; unknown=2 | fx_doctrine=BULLISH | fx_doctrine_net=0.0660999479009689 | fx_conflict=0.1411942719662033 | regime_active=5 | ml=LOSS=1,bearish_return,mixed_classical + benefic,hard,2025-05-02 18:30:00+05:30,2025-05-08 07:30:00+05:30,1,0,0,1,LOSS=1,STOP_LOSS=1,-0.2,55.76503759398496,Neutral,0.0,5,BULLISH,0.0660999479009689,0.1411942719662033,natal neutral 10V; transit unknown 0V,,exaltation=2; friend=2; neutral=1; unknown=3,debilitation=2; unknown=2,0,0,0,2,NEPTUNE|VENUS,VENUS|direct|h0.18|n1.3|d360,NEPTUNE|direct|h0.18|n1.3|d360,b09eb2050962a049da823e57d074d6a8629a5ee97ae21273d10faa77e54e6523
80,MOON|SATURN :: conjunction_orb,8,BULLISH,BEARISH=1; BULLISH=4; CONFLICT=3,LOSS=8; WIN=7,0.04999999999999999,,,,,,,,multiple_active_aspects; crowded_regime; unknown_outer_or_node_dignity; hard_aspect,shadbala_avg=54.08 | quote_dignity=neutral=1; unknown=1 | base_dignity=friend=1; neutral=1 | fx_doctrine=BULLISH | fx_doctrine_net=0.070910177492899 | fx_conflict=0.0 | regime_active=6 | ml=WIN=1,bullish_return,benefic + malefic,hard,2025-05-03 02:30:00+05:30,2025-05-03 04:30:00+05:30,1,1,0,0,WIN=1,TAKE_PROFIT=1,0.3,54.083333333333336,Neutral,0.0,6,BULLISH,0.070910177492899,0.0,natal friend 15V; transit neutral 10V,natal unknown 0V; transit neutral 10V,neutral=1; unknown=1,friend=1; neutral=1,0,0,0,0,NEPTUNE|VENUS,NEPTUNE|direct|h0.18|n1.3|d360,VENUS|direct|h0.18|n1.3|d360,a7983e641d54c443b543ff467893646e21428945b145896b225b6890e51c49f7
81,KETU|MOON :: trine,14,UNKNOWN,BEARISH=1; BULLISH=1; UNKNOWN=10,LOSS=9; WIN=14,0.09166666666666666,,,,,,,,repeated_across_timeframes; high_recurrence_group; multiple_active_aspects; crowded_regime; unknown_outer_or_node_dignity; soft_aspect,shadbala_avg=55.17 | quote_dignity=exaltation=1; unknown=1 | fx_doctrine=BULLISH | fx_doctrine_net=0.3521614864780638 | fx_conflict=0.0 | regime_active=8 | ml=WIN=2,bullish_return,malefic + benefic,soft,2025-05-05 18:30:00+05:30,2025-05-05 21:30:00+05:30,2,1,1,0,WIN=2,TAKE_PROFIT=2,0.3,55.16666666666666,Neutral,0.0,8,BULLISH,0.3521614864780638,0.0,,natal exaltation 60V; transit unknown 0V,exaltation=1; unknown=1,,0,0,0,0,MARS|URANUS,URANUS|mirror|h0.18|n1.3|d360,MARS|mirror|h0.18|n1.5|d360,462817b5aaad04416498df66a8037e4b0a2408a141d976cac7d38a800a6dc70d
82,MERCURY|SATURN :: square,2,CONFLICT,BULLISH=1; CONFLICT=1,LOSS=2; WIN=2,0.04999999999999999,,,,,,,,repeated_across_timeframes; multiple_active_aspects; crowded_regime; unknown_outer_or_node_dignity; swing_duration_1d_to_5d; hard_aspect,shadbala_avg=55.20 | quote_dignity=neutral=1; unknown=1 | fx_doctrine=CONFLICT | fx_doctrine_net=0.0288671820724388 | fx_conflict=0.0 | regime_active=8 | ml=WIN=2,bullish_return,benefic + malefic,hard,2025-05-05 16:30:00+05:30,2025-05-06 22:30:00+05:30,2,0,1,1,WIN=2,TAKE_PROFIT=2,0.3,55.2,Neutral,0.0,8,CONFLICT,0.0288671820724388,0.0,,natal unknown 0V; transit neutral 10V,neutral=1; unknown=1,,0,0,0,0,MARS|URANUS,URANUS|mirror|h0.18|n1.3|d360,MARS|mirror|h0.18|n1.5|d360,900ec191dd97b506473ef086813be767fa3935807b0f121d59b2790fcbc80a75
83,MARS|MOON :: opposition_orb,8,BULLISH,BEARISH=2; BULLISH=4,LOSS=6; WIN=6,0.04999999999999999,,,,,,,,repeated_across_timeframes; multiple_active_aspects; crowded_regime; high_legacy_fx_conflict; quote_debilitation; unknown_outer_or_node_dignity; hard_aspect,shadbala_avg=54.48 | quote_dignity=debilitation=1; exaltation=1; friend=2; unknown=2 | fx_doctrine=BULLISH | fx_doctrine_net=0.1508495682513404 | fx_conflict=0.3606224814378808 | regime_active=5 | ml=LOSS=2,bearish_return,malefic + benefic,hard,2025-05-06 01:30:00+05:30,2025-05-06 05:30:00+05:30,2,1,1,0,LOSS=2,STOP_LOSS=2,-0.2,54.47916666666666,Neutral,0.0,5,BULLISH,0.1508495682513404,0.3606224814378808,,natal exaltation 60V; transit friend 15V,debilitation=1; exaltation=1; friend=2; unknown=2,,0,0,1,0,SATURN,SATURN|direct|h0.18|n1.3|d360,,cd47d147a13f670e62ac69537a733660cc212db3f2f8feded41cb4b8ff86e958
84,JUPITER|MOON :: square,13,BEARISH,BEARISH=5; BULLISH=2; CONFLICT=3; UNKNOWN=2,LOSS=14; WIN=10,0.008333333333333323,,,,,,,,repeated_across_timeframes; high_recurrence_group; multiple_active_aspects; crowded_regime; unknown_outer_or_node_dignity; hard_aspect,shadbala_avg=55.75 | quote_dignity=friend=1; unknown=1 | fx_doctrine=BEARISH | fx_doctrine_net=-0.0720046257578328 | fx_conflict=0.0 | regime_active=5 | ml=LOSS=2,bearish_return,benefic + benefic,hard,2025-05-06 13:30:00+05:30,2025-05-06 16:30:00+05:30,2,1,1,0,LOSS=2,STOP_LOSS=2,-0.2,55.75,Neutral,0.0,5,BEARISH,-0.0720046257578328,0.0,,natal unknown 0V; transit friend 15V,friend=1; unknown=1,,0,0,0,0,MARS|URANUS,URANUS|mirror|h0.18|n1.3|d360,MARS|mirror|h0.18|n1.5|d360,c928fd955b8bc175695ce9f03d9acd4a9221eb18fa95223dab7dc56486084e1c
85,MOON|VENUS :: opposition_orb,8,BEARISH,BEARISH=7; BULLISH=1,LOSS=6; WIN=9,0.11249999999999999,,,,,,,,repeated_across_timeframes; multiple_active_aspects; hard_aspect,shadbala_avg=56.96 | base_dignity=friend=1; own=1 | fx_doctrine=BEARISH | fx_doctrine_net=-0.5167328815270109 | fx_conflict=0.0 | regime_active=3 | ml=LOSS=2,bearish_return,benefic + benefic,hard,2025-05-07 03:30:00+05:30,2025-05-07 08:30:00+05:30,2,1,1,0,LOSS=2,STOP_LOSS=2,-0.2,56.958333333333336,Neutral,8.520372623685262,3,BEARISH,-0.5167328815270109,0.0,natal own 30V; transit friend 15V,,,friend=1; own=1,0,0,0,0,MOON|URANUS,MOON|mirror|h0.18|n1.6|d360,URANUS|mirror|h0.18|n1.3|d360,986eb1741f0df54ec4bfb8c37462892eeab65074783c36de8ed63b2eae8421a7
86,AVG(ALL)|MOON :: opposition_orb,10,BEARISH,BEARISH=4; BULLISH=2; CONFLICT=3; UNKNOWN=1,LOSS=10; WIN=10,0.04999999999999999,,,,,,,,repeated_across_timeframes; high_recurrence_group; multiple_active_aspects; quote_debilitation; avg_all_composite; hard_aspect,shadbala_avg=56.42 | quote_dignity=debilitation=1; neutral=1 | fx_doctrine=CONFLICT | fx_doctrine_net=-0.0159434220079359 | fx_conflict=0.0 | regime_active=3 | ml=LOSS=2,bearish_return,mixed_classical + benefic,hard,2025-05-07 23:30:00+05:30,2025-05-08 04:30:00+05:30,2,1,1,0,LOSS=2,STOP_LOSS=2,-0.2,56.41666666666666,Neutral,0.0,3,CONFLICT,-0.0159434220079359,0.0,natal neutral 10V; transit unknown 0V,natal unknown 0V; transit unknown 0V,debilitation=1; neutral=1,,0,0,1,0,MOON|URANUS,MOON|direct|h0.18|n1.8|d360,URANUS|mirror|h0.18|n1.3|d360,07f68f1fbfb970f073584759bc667f81d1d07e31384314b526e03becd44d559e
87,KETU|MOON :: square,14,BULLISH,BULLISH=11; CONFLICT=1,LOSS=20; WIN=4,-0.11666666666666668,,,,,,,,repeated_across_timeframes; high_recurrence_group; multiple_active_aspects; crowded_regime; unknown_outer_or_node_dignity; hard_aspect,shadbala_avg=56.58 | quote_dignity=exaltation=1; unknown=1 | base_dignity=friend=2 | fx_doctrine=BULLISH | fx_doctrine_net=0.5622522606256389 | fx_conflict=0.0 | regime_active=4 | ml=LOSS=2,bearish_return,malefic + benefic,hard,2025-05-08 05:30:00+05:30,2025-05-08 08:30:00+05:30,2,1,1,0,LOSS=2,STOP_LOSS=2,-0.2,56.583333333333336,Neutral,25.06480634981301,4,BULLISH,0.5622522606256389,0.0,natal friend 15V; transit friend 15V,natal exaltation 60V; transit unknown 0V,exaltation=1; unknown=1,friend=2,0,0,0,0,MOON|SATURN,MOON|direct|h0.18|n1.8|d360,SATURN|direct|h0.18|n1.3|d360,11ee845e8c9f2cde57c3a3e5e0a56b1c2cba563dd6f6dc1921a9d59639bfc12e
88,MOON|RAHU :: square,14,BULLISH,BEARISH=2; BULLISH=9; CONFLICT=1,LOSS=20; WIN=4,-0.11666666666666668,,,,,,,,repeated_across_timeframes; high_recurrence_group; multiple_active_aspects; crowded_regime; unknown_outer_or_node_dignity; hard_aspect,shadbala_avg=56.58 | quote_dignity=exaltation=1; unknown=1 | base_dignity=friend=2 | fx_doctrine=BULLISH | fx_doctrine_net=0.5831395992505066 | fx_conflict=0.0 | regime_active=4 | ml=LOSS=2,bearish_return,benefic + malefic,hard,2025-05-08 05:30:00+05:30,2025-05-08 08:30:00+05:30,2,1,1,0,LOSS=2,STOP_LOSS=2,-0.2,56.583333333333336,Neutral,0.0,4,BULLISH,0.5831395992505066,0.0,natal friend 15V; transit friend 15V,natal exaltation 60V; transit unknown 0V,exaltation=1; unknown=1,friend=2,0,0,0,0,MOON|SATURN,MOON|direct|h0.18|n1.8|d360,SATURN|direct|h0.18|n1.3|d360,f86e369c32c1128711b8e6b6df4949ff675c46b52f86e1f9771f407d001df868
89,KETU|MERCURY :: trine,1,BULLISH,BULLISH=1,WIN=1,0.3,,,,,,,,unknown_outer_or_node_dignity; swing_duration_1d_to_5d; soft_aspect,shadbala_avg=56.67 | quote_dignity=exaltation=1; unknown=1 | fx_doctrine=BULLISH | fx_doctrine_net=0.3193005380542324 | fx_conflict=0.0 | regime_active=1 | ml=WIN=1,bullish_return,malefic + benefic,soft,2025-05-08 12:30:00+05:30,2025-05-09 16:30:00+05:30,1,0,1,0,WIN=1,TAKE_PROFIT=1,0.3,56.67261904761905,Neutral,0.0,1,BULLISH,0.3193005380542324,0.0,,natal exaltation 60V; transit unknown 0V,exaltation=1; unknown=1,,0,0,0,0,MOON|NEPTUNE,NEPTUNE|direct|h0.18|n1.3|d360,MOON|direct|h0.18|n1.8|d360,bd6d63c89ce59aa742f02bff0814e13cb0fc2587c9ddf4ba6998a07bd08e1a52
90,MERCURY|MOON :: trine,17,BULLISH,BEARISH=2; BULLISH=8; CONFLICT=2; UNKNOWN=2,LOSS=10; WIN=16,0.0857142857142857,,,,,,,,repeated_across_timeframes; high_recurrence_group; multiple_active_aspects; strong_shadbala; soft_aspect,shadbala_avg=57.21 | base_dignity=friend=1; own=1 | fx_doctrine=BULLISH | fx_doctrine_net=0.1858890904080929 | fx_conflict=0.0 | regime_active=2 | ml=LOSS=2,bearish_return,benefic + benefic,soft,2025-05-09 02:30:00+05:30,2025-05-09 05:30:00+05:30,2,1,1,0,LOSS=2,STOP_LOSS=2,-0.2,57.208333333333336,Neutral,0.0,2,BULLISH,0.1858890904080929,0.0,natal own 30V; transit friend 15V,,,friend=1; own=1,0,0,0,0,MOON|RAHU,RAHU|direct|h0.18|n1.4|d360,MOON|mirror|h0.18|n1.7|d360,84368daad57ec9746a16335ada505bd81a82662721c4fad35f4e60ea95b52753
91,MERCURY|SUN :: square,4,BULLISH,BEARISH=1; BULLISH=2; CONFLICT=1,LOSS=6; WIN=2,-0.07500000000000001,,,,,,,,repeated_across_timeframes; multiple_active_aspects; unknown_outer_or_node_dignity; hard_aspect,shadbala_avg=56.55 | base_dignity=exaltation=1; unknown=1 | fx_doctrine=BULLISH | fx_doctrine_net=0.2127002424469672 | fx_conflict=0.0 | regime_active=2 | ml=LOSS=2,bearish_return,benefic + malefic,hard,2025-05-09 06:30:00+05:30,2025-05-10 04:30:00+05:30,2,1,1,0,LOSS=2,STOP_LOSS=2,-0.2,56.55492424242424,Neutral,0.0,2,BULLISH,0.2127002424469672,0.0,natal unknown 0V; transit exaltation 60V,,,exaltation=1; unknown=1,0,0,0,0,KETU|RAHU,KETU|mirror|h0.18|n1.6|d360,RAHU|direct|h0.18|n1.4|d360,c357444cfcd560881b1fa0429890cbc1d6dcbc22264e30af2da644ebf0207c7c
92,JUPITER|VENUS :: trine,2,UNKNOWN,UNKNOWN=2,LOSS=3,-0.2,,,,,,,,soft_aspect,shadbala_avg=53.91 | fx_doctrine=UNKNOWN | fx_doctrine_net=0.0 | fx_conflict=0.0 | regime_active=1 | ml=LOSS=1,bearish_return,benefic + benefic,soft,2025-05-12 05:30:00+05:30,2025-05-13 04:30:00+05:30,1,1,0,0,LOSS=1,STOP_LOSS=1,-0.2,53.91123188405797,Neutral,0.0,1,UNKNOWN,0.0,0.0,,,,,0,0,0,0,MOON|VENUS,VENUS|direct|h0.18|n1.3|d360,MOON|direct|h0.18|n1.7|d360,ccf0294fc6e1e922e678f72478388ecef64c1974f5a444042e83c8f69d04ef42
93,MOON|VENUS :: trine,17,UNKNOWN,BEARISH=3; BULLISH=1; CONFLICT=5; UNKNOWN=6,LOSS=8; WIN=20,0.16666666666666666,,,,,,,,high_recurrence_group; multiple_active_aspects; soft_aspect,shadbala_avg=55.33 | fx_doctrine=UNKNOWN | fx_doctrine_net=0.0 | fx_conflict=0.0 | regime_active=2 | ml=WIN=1,bullish_return,benefic + benefic,soft,2025-05-12 06:30:00+05:30,2025-05-12 09:30:00+05:30,1,1,0,0,WIN=1,TAKE_PROFIT=1,0.3,55.333333333333336,Neutral,0.0,2,UNKNOWN,0.0,0.0,,,,,0,0,0,0,KETU|VENUS,KETU|mirror|h0.18|n1.6|d360,VENUS|direct|h0.18|n1.3|d360,ce509e5d6d28f939c2317dbe0e3f858e61e06a55b3838d0763e452ab0cb33f81
94,MOON|SATURN :: trine,14,BULLISH,BEARISH=2; BULLISH=6; CONFLICT=3; UNKNOWN=1,LOSS=14; WIN=9,-0.004417769067450145,,,,,,,,repeated_across_timeframes; high_recurrence_group; multiple_active_aspects; unknown_outer_or_node_dignity; soft_aspect,shadbala_avg=52.62 | quote_dignity=neutral=2; unknown=2 | base_dignity=neutral=1; unknown=1 | fx_doctrine=BULLISH | fx_doctrine_net=0.1644995273122037 | fx_conflict=0.0 | regime_active=2 | ml=LOSS=2,bearish_return,benefic + malefic,soft,2025-05-12 22:30:00+05:30,2025-05-13 01:30:00+05:30,2,1,1,0,LOSS=2,STOP_LOSS=2,-0.2,52.625,Neutral,0.0,2,BULLISH,0.1644995273122037,0.0,natal unknown 0V; transit neutral 10V,natal unknown 0V; transit neutral 10V,neutral=2; unknown=2,neutral=1; unknown=1,0,0,0,0,AVG(ALL),AVG(ALL)|mirror|h0.18|n1.3|d360,,b54f3d4ed6283336565cbf854d8ad11e432d205723aca8634cec5ed22061142e
95,AVG(ALL)|MOON :: trine,18,BULLISH,BEARISH=2; BULLISH=10; CONFLICT=2; UNKNOWN=2,LOSS=14; WIN=18,0.08124999999999999,,,,,,,,repeated_across_timeframes; high_recurrence_group; quote_enemy_sign; quote_debilitation; unknown_outer_or_node_dignity; avg_all_composite; soft_aspect,shadbala_avg=54.99 | quote_dignity=debilitation=1; enemy=1 | base_dignity=neutral=1; unknown=1 | fx_doctrine=BULLISH | fx_doctrine_net=0.1752453616755034 | fx_conflict=0.282073770882614 | regime_active=1 | ml=WIN=2,bullish_return,mixed_classical + benefic,soft,2025-05-13 02:30:00+05:30,2025-05-13 05:30:00+05:30,2,1,1,0,WIN=2,TAKE_PROFIT=2,0.3,54.98611111111112,Neutral,0.0,1,BULLISH,0.1752453616755034,0.282073770882614,,natal enemy 4V; transit debilitation 0V,debilitation=1; enemy=1,neutral=1; unknown=1,1,0,1,0,AVG(ALL)|MOON,MOON|direct|h0.18|n1.7|d360,AVG(ALL)|mirror|h0.18|n1.3|d360,75854aa343e742f18581a16db22fa74dd41f7d4f1ab74a62f1e81bd1c908d166
96,MOON|VENUS :: square,12,BEARISH,BEARISH=8; BULLISH=1; CONFLICT=1,LOSS=12; WIN=7,-1.1102230246251566e-17,,,,,,,,repeated_across_timeframes; high_recurrence_group; strong_shadbala; unknown_outer_or_node_dignity; hard_aspect,shadbala_avg=57.00 | quote_dignity=exaltation=1; friend=1 | base_dignity=exaltation=1; unknown=1 | fx_doctrine=BEARISH | fx_doctrine_net=-0.0978841882358714 | fx_conflict=0.0 | regime_active=1 | ml=LOSS=2,bearish_return,benefic + benefic,hard,2025-05-14 18:30:00+05:30,2025-05-14 21:30:00+05:30,2,1,1,0,LOSS=2,STOP_LOSS=2,-0.2,57.0,Neutral,0.0,1,BEARISH,-0.0978841882358714,0.0,natal unknown 0V; transit exaltation 60V,natal friend 15V; transit exaltation 60V,exaltation=1; friend=1,exaltation=1; unknown=1,0,0,0,0,KETU|RAHU,RAHU|direct|h0.18|n1.4|d360,KETU|mirror|h0.18|n1.6|d360,50990d2a34ccd8309d60cf2a2a41cf978249b7f732c998e166dd866142896b6a
97,AVG(ALL)|MOON :: square,18,BEARISH,BEARISH=13; BULLISH=2,LOSS=7; WIN=21,0.16666666666666666,,,,,,,,repeated_across_timeframes; high_recurrence_group; multiple_active_aspects; strong_shadbala; quote_debilitation; unknown_outer_or_node_dignity; avg_all_composite; hard_aspect,shadbala_avg=59.08 | quote_dignity=debilitation=1; neutral=2; unknown=3 | base_dignity=exaltation=1; unknown=1 | fx_doctrine=BEARISH | fx_doctrine_net=-0.4258748230531813 | fx_conflict=0.0 | regime_active=3 | ml=WIN=2,bullish_return,mixed_classical + benefic,hard,2025-05-15 13:30:00+05:30,2025-05-15 16:30:00+05:30,2,1,1,0,WIN=2,TAKE_PROFIT=2,0.3,59.083333333333336,Neutral,0.0,3,BEARISH,-0.4258748230531813,0.0,natal unknown 0V; transit debilitation 0V,,debilitation=1; neutral=2; unknown=3,exaltation=1; unknown=1,0,0,1,0,KETU|RAHU,RAHU|direct|h0.18|n1.4|d360,KETU|mirror|h0.18|n1.6|d360,22abfb5eeff103b50fb20b26926c95bd6ba2b20b6e15ea948dae2e719db210e9
98,KETU|MARS :: opposition_orb,1,BULLISH,BULLISH=1,WIN=2,0.3,,,,,,,,repeated_across_timeframes; multiple_active_aspects; quote_debilitation; unknown_outer_or_node_dignity; malefic_pair; long_duration_gt_5d; hard_aspect,shadbala_avg=54.95 | quote_dignity=debilitation=1; exaltation=1; unknown=2 | fx_doctrine=BULLISH | fx_doctrine_net=0.674274589099457 | fx_conflict=0.0485122621262932 | regime_active=3 | ml=WIN=2,bullish_return,malefic + malefic,hard,2025-05-15 12:30:00+05:30,2025-06-14 04:30:00+05:30,2,0,1,1,WIN=2,TAKE_PROFIT=2,0.3,54.9494382022472,Neutral,0.0,3,BULLISH,0.674274589099457,0.0485122621262932,,natal exaltation 60V; transit unknown 0V,debilitation=1; exaltation=1; unknown=2,,0,0,1,0,KETU|RAHU,RAHU|direct|h0.18|n1.4|d360,KETU|mirror|h0.18|n1.6|d360,02b01a03fc969cc5f9ae498a4ad6bd9c5ac3a8b792c3a9dd848129a48495e5a5
99,MARS|RAHU :: conjunction_orb,1,BULLISH,BULLISH=1,WIN=2,0.3,,,,,,,,repeated_across_timeframes; multiple_active_aspects; quote_debilitation; unknown_outer_or_node_dignity; malefic_pair; long_duration_gt_5d; hard_aspect,shadbala_avg=54.95 | quote_dignity=debilitation=1; exaltation=1; unknown=2 | fx_doctrine=BULLISH | fx_doctrine_net=0.7201132936303857 | fx_conflict=0.0457065084288087 | regime_active=3 | ml=WIN=2,bullish_return,malefic + malefic,hard,2025-05-15 12:30:00+05:30,2025-06-14 04:30:00+05:30,2,0,1,1,WIN=2,TAKE_PROFIT=2,0.3,54.9494382022472,Neutral,0.0,3,BULLISH,0.7201132936303857,0.0457065084288087,,natal exaltation 60V; transit unknown 0V,debilitation=1; exaltation=1; unknown=2,,0,0,1,0,KETU|RAHU,RAHU|direct|h0.18|n1.4|d360,KETU|mirror|h0.18|n1.6|d360,fd68e93718dbb4f2502300d5f4552e0063d9f9e96b49b9dfbb299b139da79436
100,KETU|MOON :: conjunction_orb,6,BULLISH,BEARISH=1; BULLISH=4,LOSS=5; WIN=4,-1.1102230246251566e-17,,,,,,,,repeated_across_timeframes; multiple_active_aspects; crowded_regime; strong_shadbala; base_enemy_sign; unknown_outer_or_node_dignity; hard_aspect,shadbala_avg=59.08 | quote_dignity=exaltation=1; unknown=1 | base_dignity=enemy=1; friend=1; neutral=3; unknown=1 | fx_doctrine=BULLISH | fx_doctrine_net=0.3387119752991296 | fx_conflict=0.0615175663627181 | regime_active=4 | ml=LOSS=2,bearish_return,malefic + benefic,hard,2025-05-15 17:30:00+05:30,2025-05-15 22:30:00+05:30,2,1,1,0,LOSS=2,STOP_LOSS=2,-0.2,59.083333333333336,Neutral,0.0,4,BULLISH,0.3387119752991296,0.0615175663627181,natal enemy 4V; transit neutral 10V,natal exaltation 60V; transit unknown 0V,exaltation=1; unknown=1,enemy=1; friend=1; neutral=3; unknown=1,0,1,0,0,KETU|RAHU,RAHU|direct|h0.18|n1.4|d360,KETU|mirror|h0.18|n1.6|d360,bd710738e7e8942ca98547f7df74e25788230110c3d5237f3a566bcb6e74b732
101,MOON|RAHU :: opposition_orb,6,BULLISH,BEARISH=2; BULLISH=2; CONFLICT=1,LOSS=5; WIN=4,-1.1102230246251566e-17,,,,,,,,repeated_across_timeframes; multiple_active_aspects; crowded_regime; strong_shadbala; base_enemy_sign; unknown_outer_or_node_dignity; hard_aspect,shadbala_avg=59.08 | quote_dignity=exaltation=1; unknown=1 | base_dignity=enemy=1; neutral=2; unknown=1 | fx_doctrine=BULLISH | fx_doctrine_net=0.3086300608256898 | fx_conflict=0.0 | regime_active=4 | ml=LOSS=2,bearish_return,benefic + malefic,hard,2025-05-15 17:30:00+05:30,2025-05-15 22:30:00+05:30,2,1,1,0,LOSS=2,STOP_LOSS=2,-0.2,59.083333333333336,Neutral,13.280151099172596,4,BULLISH,0.3086300608256898,0.0,natal enemy 4V; transit neutral 10V,natal exaltation 60V; transit unknown 0V,exaltation=1; unknown=1,enemy=1; neutral=2; unknown=1,0,1,0,0,KETU|RAHU,RAHU|direct|h0.18|n1.4|d360,KETU|mirror|h0.18|n1.6|d360,e3ee4257333cc467ff1e4761544fbd48df3a8c994caca09004bbf452741fd827
102,AVG(ALL)|KETU :: trine,4,BEARISH,BEARISH=2; UNKNOWN=2,LOSS=4; WIN=4,0.04999999999999999,,,,,,,,repeated_across_timeframes; multiple_active_aspects; crowded_regime; base_enemy_sign; unknown_outer_or_node_dignity; avg_all_composite; soft_aspect,shadbala_avg=51.85 | quote_dignity=unknown=2 | base_dignity=enemy=3; unknown=1 | fx_doctrine=BEARISH | fx_doctrine_net=-0.0680027591754385 | fx_conflict=0.0 | regime_active=5 | ml=WIN=2,bullish_return,mixed_classical + malefic,soft,2025-05-19 05:30:00+05:30,2025-05-19 22:30:00+05:30,2,1,1,0,WIN=2,TAKE_PROFIT=2,0.3,51.85294117647059,Neutral,0.0,5,BEARISH,-0.0680027591754385,0.0,,natal unknown 0V; transit unknown 0V,unknown=2,enemy=3; unknown=1,0,3,0,0,MERCURY|RAHU,MERCURY|mirror|h0.18|n1.3|d360,RAHU|direct|h0.18|n1.4|d360,d5adb2745a39b92b0b7383d56cc320e6b95cd97b56630cd9408a91b120adfb9a
103,MOON|SUN :: conjunction_orb,9,BULLISH,BEARISH=3; BULLISH=4; UNKNOWN=1,LOSS=5; WIN=10,0.11249999999999999,,,,,,,,repeated_across_timeframes; multiple_active_aspects; crowded_regime; swing_duration_1d_to_5d; hard_aspect,shadbala_avg=51.44 | quote_dignity=neutral=2 | fx_doctrine=BEARISH | fx_doctrine_net=-0.4935260893180624 | fx_conflict=0.0 | regime_active=5 | ml=WIN=2,bullish_return,benefic + malefic,hard,2025-05-19 05:30:00+05:30,2025-05-20 19:30:00+05:30,2,0,1,1,WIN=2,TAKE_PROFIT=2,0.3,51.44078947368421,Neutral,0.0,5,BEARISH,-0.4935260893180624,0.0,,natal neutral 10V; transit neutral 10V,neutral=2,,0,0,0,0,MERCURY|RAHU,MERCURY|mirror|h0.18|n1.3|d360,RAHU|direct|h0.18|n1.4|d360,628d762a0a8adad4a133e0c3a98759185d2ab347db46954d11aa6e99b78508c6
104,AVG(ALL)|SUN :: square,2,CONFLICT,CONFLICT=1,WIN=2,0.3,,,,,,,,repeated_across_timeframes; multiple_active_aspects; crowded_regime; base_enemy_sign; quote_debilitation; unknown_outer_or_node_dignity; avg_all_composite; swing_duration_1d_to_5d; hard_aspect,shadbala_avg=51.39 | quote_dignity=debilitation=1; neutral=2; unknown=3 | base_dignity=enemy=3; unknown=1 | fx_doctrine=CONFLICT | fx_doctrine_net=0.028187250517426 | fx_conflict=0.0 | regime_active=6 | ml=WIN=2,bullish_return,mixed_classical + malefic,hard,2025-05-19 07:30:00+05:30,2025-05-20 16:30:00+05:30,2,0,1,1,WIN=2,TAKE_PROFIT=2,0.3,51.39393939393939,Neutral,0.0,6,CONFLICT,0.028187250517426,0.0,,natal enemy 4V; transit unknown 0V,debilitation=1; neutral=2; unknown=3,enemy=3; unknown=1,0,3,1,0,MERCURY|RAHU,MERCURY|mirror|h0.18|n1.3|d360,RAHU|direct|h0.18|n1.4|d360,9cc31f95f743793b1f233f34e8731f49b736cbe1371cb104cc52882d2d505f67
105,MOON|RAHU :: trine,12,UNKNOWN,BEARISH=4; BULLISH=1; CONFLICT=2; UNKNOWN=5,LOSS=8; WIN=16,0.11818858220430173,,,,,,,,repeated_across_timeframes; high_recurrence_group; multiple_active_aspects; crowded_regime; unknown_outer_or_node_dignity; soft_aspect,shadbala_avg=51.17 | quote_dignity=unknown=2 | fx_doctrine=BULLISH | fx_doctrine_net=0.0606435687637926 | fx_conflict=0.0 | regime_active=6 | ml=WIN=2,bullish_return,benefic + malefic,soft,2025-05-20 11:30:00+05:30,2025-05-20 14:30:00+05:30,2,1,1,0,WIN=2,TAKE_PROFIT=2,0.3,51.16666666666666,Neutral,0.0,6,BULLISH,0.0606435687637926,0.0,,natal unknown 0V; transit unknown 0V,unknown=2,,0,0,0,0,JUPITER|MERCURY,JUPITER|mirror|h0.18|n1.4|d360,MERCURY|mirror|h0.18|n1.3|d360,54cc77676e59b2e05ae06797544488e8ddb19eb53d45d6c8897ffe2aec299d0e
106,MARS|MOON :: conjunction_orb,5,BULLISH,BEARISH=1; BULLISH=4,IGNORE=2; LOSS=6; WIN=2,-0.05779368344548831,,,,,,,,repeated_across_timeframes; multiple_active_aspects; crowded_regime; low_shadbala; unknown_outer_or_node_dignity; hard_aspect,shadbala_avg=49.67 | quote_dignity=exaltation=1; neutral=2; unknown=1 | fx_doctrine=BULLISH | fx_doctrine_net=0.4012025723537697 | fx_conflict=0.0244332536606658 | regime_active=4 | ml=LOSS=2,bearish_return,malefic + benefic,hard,2025-05-20 18:30:00+05:30,2025-05-20 22:30:00+05:30,2,1,1,0,LOSS=2,STOP_LOSS=2,-0.2,49.66666666666666,Neutral,0.0,4,BULLISH,0.4012025723537697,0.0244332536606658,,natal exaltation 60V; transit neutral 10V,exaltation=1; neutral=2; unknown=1,,0,0,0,0,JUPITER|SATURN,SATURN|direct|h0.18|n1.3|d360,JUPITER|mirror|h0.18|n1.4|d360,52d238181f3ac55a5948363f42ca36ea634ca09b6080c921461536ca4a14f48b
107,JUPITER|MOON :: square,13,BEARISH,BEARISH=5; BULLISH=2; CONFLICT=3; UNKNOWN=2,LOSS=14; WIN=10,0.008333333333333323,,,,,,,,repeated_across_timeframes; high_recurrence_group; multiple_active_aspects; high_fx_doctrine_conflict; base_enemy_sign; unknown_outer_or_node_dignity; hard_aspect,shadbala_avg=51.17 | base_dignity=enemy=3; neutral=1; own=1; unknown=1 | fx_doctrine=CONFLICT | fx_doctrine_net=0.0616067275739639 | fx_conflict=0.4762029217858982 | regime_active=3 | ml=WIN=2,bullish_return,benefic + benefic,hard,2025-05-21 05:30:00+05:30,2025-05-21 08:30:00+05:30,2,1,1,0,WIN=2,TAKE_PROFIT=2,0.3,51.16666666666666,Neutral,0.0,3,CONFLICT,0.0616067275739639,0.4762029217858982,natal own 30V; transit neutral 10V,,,enemy=3; neutral=1; own=1; unknown=1,0,3,0,0,JUPITER|SATURN,SATURN|direct|h0.18|n1.3|d360,JUPITER|mirror|h0.18|n1.4|d360,7688bae1c879d36c3153071348dd5aaf7d6e2ece82fbc54b1cd59405f8648a0b
108,MARS|SUN :: square,3,CONFLICT,BEARISH=1; CONFLICT=1,LOSS=2; WIN=2,0.04999999999999999,,,,,,,,repeated_across_timeframes; multiple_active_aspects; crowded_regime; high_fx_doctrine_conflict; quote_enemy_sign; unknown_outer_or_node_dignity; malefic_pair; swing_duration_1d_to_5d; hard_aspect,shadbala_avg=52.06 | quote_dignity=enemy=4; exaltation=1; unknown=1 | fx_doctrine=CONFLICT | fx_doctrine_net=0.0054800265823609 | fx_conflict=0.4972784263856518 | regime_active=4 | ml=WIN=2,bullish_return,malefic + malefic,hard,2025-05-21 06:30:00+05:30,2025-05-23 07:30:00+05:30,2,0,1,1,WIN=2,TAKE_PROFIT=2,0.3,52.05527210884354,Neutral,0.0,4,CONFLICT,0.0054800265823609,0.4972784263856518,,natal exaltation 60V; transit enemy 4V,enemy=4; exaltation=1; unknown=1,,4,0,0,0,JUPITER|SATURN,SATURN|direct|h0.18|n1.3|d360,JUPITER|mirror|h0.18|n1.4|d360,64e5342af6cc304ad454119358d5b37100fedde97f456242d95af8970a73a235
109,MOON|SATURN :: trine,14,BULLISH,BEARISH=2; BULLISH=6; CONFLICT=3; UNKNOWN=1,LOSS=14; WIN=9,-0.004417769067450145,,,,,,,,high_recurrence_group; multiple_active_aspects; crowded_regime; unknown_outer_or_node_dignity; soft_aspect,shadbala_avg=52.42 | quote_dignity=neutral=3; unknown=3 | fx_doctrine=BULLISH | fx_doctrine_net=0.507334181629997 | fx_conflict=0.0242853455946391 | regime_active=4 | ml=WIN=1,bullish_return,benefic + malefic,soft,2025-05-22 08:30:00+05:30,2025-05-22 11:30:00+05:30,1,1,0,0,WIN=1,TAKE_PROFIT=1,0.3,52.41666666666666,Neutral,0.0,4,BULLISH,0.507334181629997,0.0242853455946391,,natal unknown 0V; transit neutral 10V,neutral=3; unknown=3,,0,0,0,0,MOON|URANUS,MOON|direct|h0.18|n1.3|d360,URANUS|mirror|h0.18|n1.3|d360,d5c1ffd473d25ee9d4ac09f62f86164f205de8625053c3cfe7bfeb432d6322d2
110,AVG(ALL)|MOON :: conjunction_orb,9,BULLISH,BEARISH=2; BULLISH=3; CONFLICT=1; UNKNOWN=2,LOSS=6; WIN=8,0.04999999999999999,,,,,,,,multiple_active_aspects; crowded_regime; quote_enemy_sign; base_enemy_sign; unknown_outer_or_node_dignity; avg_all_composite; hard_aspect,shadbala_avg=52.42 | quote_dignity=enemy=1; exaltation=1 | base_dignity=enemy=3; neutral=1; unknown=2 | fx_doctrine=UNKNOWN | fx_doctrine_net=0.0 | fx_conflict=0.0 | regime_active=5 | ml=LOSS=1,bearish_return,mixed_classical + benefic,hard,2025-05-22 10:30:00+05:30,2025-05-22 15:30:00+05:30,1,1,0,0,LOSS=1,STOP_LOSS=1,-0.2,52.41666666666666,Neutral,0.0,5,UNKNOWN,0.0,0.0,,,enemy=1; exaltation=1,enemy=3; neutral=1; unknown=2,1,3,0,0,MOON|URANUS,URANUS|mirror|h0.18|n1.3|d360,MOON|direct|h0.18|n1.3|d360,01cc10e45d4f413f3d459fad8c0cd65ed8b716a66851705920c12bed176cdee6
111,KETU|MOON :: square,14,BULLISH,BULLISH=11; CONFLICT=1,LOSS=20; WIN=4,-0.11666666666666668,,,,,,,,repeated_across_timeframes; high_recurrence_group; multiple_active_aspects; crowded_regime; unknown_outer_or_node_dignity; hard_aspect,shadbala_avg=52.42 | quote_dignity=exaltation=1; unknown=1 | base_dignity=friend=1; neutral=1 | fx_doctrine=BULLISH | fx_doctrine_net=0.491265797520205 | fx_conflict=0.0 | regime_active=5 | ml=LOSS=2,bearish_return,malefic + benefic,hard,2025-05-22 16:30:00+05:30,2025-05-22 18:30:00+05:30,2,1,1,0,LOSS=2,STOP_LOSS=2,-0.2,52.41666666666666,Neutral,17.94796778991497,5,BULLISH,0.491265797520205,0.0,natal friend 15V; transit neutral 10V,natal exaltation 60V; transit unknown 0V,exaltation=1; unknown=1,friend=1; neutral=1,0,0,0,0,URANUS,URANUS|mirror|h0.18|n1.3|d360,,ef290151f4288275bb3e054ee95b332bf8fc2224716b4ff5ff45f509c5533afd
112,MOON|RAHU :: square,14,BULLISH,BEARISH=2; BULLISH=9; CONFLICT=1,LOSS=20; WIN=4,-0.11666666666666668,,,,,,,,repeated_across_timeframes; high_recurrence_group; multiple_active_aspects; crowded_regime; unknown_outer_or_node_dignity; hard_aspect,shadbala_avg=52.42 | quote_dignity=exaltation=1; unknown=1 | base_dignity=friend=1; neutral=1 | fx_doctrine=BULLISH | fx_doctrine_net=0.5062224373451576 | fx_conflict=0.0 | regime_active=5 | ml=LOSS=2,bearish_return,benefic + malefic,hard,2025-05-22 16:30:00+05:30,2025-05-22 18:30:00+05:30,2,1,1,0,LOSS=2,STOP_LOSS=2,-0.2,52.41666666666666,Neutral,0.0,5,BULLISH,0.5062224373451576,0.0,natal friend 15V; transit neutral 10V,natal exaltation 60V; transit unknown 0V,exaltation=1; unknown=1,friend=1; neutral=1,0,0,0,0,URANUS,URANUS|mirror|h0.18|n1.3|d360,,ce3b71bfdace160fe9e222cf4efdc7423a7890df572f17c5f86c8bfadb0ee59e
113,JUPITER|MOON :: trine,16,BULLISH,BEARISH=1; BULLISH=12; CONFLICT=1; UNKNOWN=1,LOSS=20; WIN=8,-0.03333333333333335,,,,,,,,repeated_across_timeframes; high_recurrence_group; multiple_active_aspects; base_enemy_sign; unknown_outer_or_node_dignity; soft_aspect,shadbala_avg=52.42 | base_dignity=enemy=4; friend=1; neutral=1; own=1; unknown=1 | fx_doctrine=BULLISH | fx_doctrine_net=0.4069395446655801 | fx_conflict=0.2806234760136121 | regime_active=3 | ml=WIN=2,bullish_return,benefic + benefic,soft,2025-05-23 08:30:00+05:30,2025-05-23 11:30:00+05:30,2,1,1,0,WIN=2,TAKE_PROFIT=2,0.3,52.41666666666666,Neutral,0.0,3,BULLISH,0.4069395446655801,0.2806234760136121,natal own 30V; transit neutral 10V,,,enemy=4; friend=1; neutral=1; own=1; unknown=1,0,4,0,0,MERCURY,MERCURY|mirror|h0.18|n1.3|d360,,00c438b6a9df56aa8b4e129e154f19971c8a3b377fe671e93f34e257fc297fb7
114,MARS|MERCURY :: square,4,CONFLICT,BEARISH=1; BULLISH=1; CONFLICT=2,LOSS=6; WIN=2,-0.07500000000000001,,,,,,,,repeated_across_timeframes; multiple_active_aspects; crowded_regime; quote_enemy_sign; unknown_outer_or_node_dignity; hard_aspect,shadbala_avg=52.36 | quote_dignity=enemy=1; exaltation=1; friend=3; unknown=1 | fx_doctrine=BEARISH | fx_doctrine_net=-0.385479567206953 | fx_conflict=0.3533024621996846 | regime_active=4 | ml=LOSS=2,bearish_return,malefic + benefic,hard,2025-05-26 09:30:00+05:30,2025-05-27 06:30:00+05:30,2,1,1,0,LOSS=2,STOP_LOSS=2,-0.2,52.35714285714285,Neutral,0.0,4,BEARISH,-0.385479567206953,0.3533024621996846,,natal enemy 4V; transit friend 15V,enemy=1; exaltation=1; friend=3; unknown=1,,1,0,0,0,MOON|URANUS,URANUS|mirror|h0.18|n1.3|d360,MOON|mirror|h0.18|n1.3|d360,b3f53fdfcc3818e73d21e27e190fb3ad448985ee5868fc69311975f151359037
115,MOON|SUN :: trine,16,BULLISH,BEARISH=4; BULLISH=5; CONFLICT=2; UNKNOWN=4,LOSS=20; WIN=10,-0.03333333333333335,,,,,,,,repeated_across_timeframes; high_recurrence_group; multiple_active_aspects; crowded_regime; base_enemy_sign; soft_aspect,shadbala_avg=52.42 | base_dignity=enemy=1; neutral=1 | fx_doctrine=BULLISH | fx_doctrine_net=0.2728454035803626 | fx_conflict=0.0 | regime_active=5 | ml=LOSS=2,bearish_return,benefic + malefic,soft,2025-05-26 19:30:00+05:30,2025-05-26 21:30:00+05:30,2,1,1,0,LOSS=2,STOP_LOSS=2,-0.2,52.41666666666666,Neutral,0.0,5,BULLISH,0.2728454035803626,0.0,natal neutral 10V; transit enemy 4V,,,enemy=1; neutral=1,0,1,0,0,MOON|URANUS,MOON|mirror|h0.18|n1.3|d360,URANUS|mirror|h0.18|n1.3|d360,96dc0c831e697b9bbbbda94c1af38c19b8225751d69696f863fb80578ee153d5
116,MARS|MOON :: square,16,BEARISH,BEARISH=9; BULLISH=4; CONFLICT=1; UNKNOWN=1,LOSS=18; WIN=11,-0.010549230209257576,,,,,,,,repeated_across_timeframes; high_recurrence_group; multiple_active_aspects; crowded_regime; quote_enemy_sign; unknown_outer_or_node_dignity; hard_aspect,shadbala_avg=52.42 | quote_dignity=enemy=1; exaltation=4; unknown=1 | fx_doctrine=BEARISH | fx_doctrine_net=-0.5766981658179132 | fx_conflict=0.3610735026527701 | regime_active=4 | ml=LOSS=2,bearish_return,malefic + benefic,hard,2025-05-26 23:30:00+05:30,2025-05-27 01:30:00+05:30,2,1,1,0,LOSS=2,STOP_LOSS=2,-0.2,52.41666666666666,Neutral,0.0,4,BEARISH,-0.5766981658179132,0.3610735026527701,,natal exaltation 60V; transit exaltation 60V,enemy=1; exaltation=4; unknown=1,,1,0,0,0,MERCURY|MOON,MERCURY|mirror|h0.18|n1.3|d360,MOON|mirror|h0.18|n1.3|d360,7a612aaab94328263dc0f9626adb6023df4e71f01cd640bfea8007eddaf8d1cc
117,JUPITER|SUN :: opposition_orb,1,BULLISH,BULLISH=1,LOSS=1,-0.2,,,,,,,,multiple_active_aspects; crowded_regime; quote_enemy_sign; base_enemy_sign; unknown_outer_or_node_dignity; swing_duration_1d_to_5d; hard_aspect,shadbala_avg=52.90 | quote_dignity=enemy=1; unknown=1 | base_dignity=enemy=2; friend=1; neutral=1 | fx_doctrine=BULLISH | fx_doctrine_net=0.5878892233031187 | fx_conflict=0.0 | regime_active=5 | ml=LOSS=1,bearish_return,benefic + malefic,hard,2025-05-27 00:30:00+05:30,2025-05-30 02:30:00+05:30,1,0,1,0,LOSS=1,STOP_LOSS=1,-0.2,52.89921171171172,Neutral,0.0,5,BULLISH,0.5878892233031187,0.0,natal neutral 10V; transit enemy 4V,natal unknown 0V; transit enemy 4V,enemy=1; unknown=1,enemy=2; friend=1; neutral=1,1,2,0,0,MERCURY|MOON,MERCURY|mirror|h0.18|n1.3|d360,MOON|mirror|h0.18|n1.3|d360,1919d747d44170b67a70e0f6808546dc20551dad0c59e898c4fb9435a51c1e0e
118,MERCURY|SUN :: trine,1,BULLISH,BULLISH=1,WIN=2,0.3,,,,,,,,repeated_across_timeframes; multiple_active_aspects; crowded_regime; base_enemy_sign; swing_duration_1d_to_5d; soft_aspect,shadbala_avg=53.13 | quote_dignity=friend=1; neutral=1 | base_dignity=enemy=1; neutral=1 | fx_doctrine=BULLISH | fx_doctrine_net=0.1997062972194555 | fx_conflict=0.0 | regime_active=5 | ml=WIN=2,bullish_return,benefic + malefic,soft,2025-05-27 16:30:00+05:30,2025-05-29 17:30:00+05:30,2,0,1,1,WIN=2,TAKE_PROFIT=2,0.3,53.13350340136054,Neutral,0.0,5,BULLISH,0.1997062972194555,0.0,natal neutral 10V; transit enemy 4V,natal neutral 10V; transit friend 15V,friend=1; neutral=1,enemy=1; neutral=1,0,1,0,0,JUPITER|SATURN,JUPITER|mirror|h0.18|n1.4|d360,SATURN|direct|h0.18|n1.3|d360,bbe6a19a4431c514b11301b9235d19d91bfbd6b44d7738547d87293bfa0a9eb4
119,MOON|VENUS :: square,12,BEARISH,BEARISH=8; BULLISH=1; CONFLICT=1,LOSS=12; WIN=7,-1.1102230246251566e-17,,,,,,,,repeated_across_timeframes; high_recurrence_group; multiple_active_aspects; crowded_regime; hard_aspect,shadbala_avg=55.33 | base_dignity=exaltation=1; own=1 | fx_doctrine=BEARISH | fx_doctrine_net=-0.9012211163661824 | fx_conflict=0.0 | regime_active=5 | ml=WIN=2,bullish_return,benefic + benefic,hard,2025-05-27 21:30:00+05:30,2025-05-27 23:30:00+05:30,2,1,1,0,WIN=2,TAKE_PROFIT=2,0.3,55.333333333333336,Neutral,0.0,5,BEARISH,-0.9012211163661824,0.0,natal own 30V; transit exaltation 60V,,,exaltation=1; own=1,0,0,0,0,JUPITER|SATURN,JUPITER|mirror|h0.18|n1.4|d360,SATURN|direct|h0.18|n1.3|d360,bfc69ab55c8b5681ee53ed689fa68920b8c980175040624eb24000040512907b
120,AVG(ALL)|MOON :: square,18,BEARISH,BEARISH=13; BULLISH=2,LOSS=7; WIN=21,0.16666666666666666,,,,,,,,repeated_across_timeframes; high_recurrence_group; multiple_active_aspects; crowded_regime; quote_enemy_sign; base_enemy_sign; unknown_outer_or_node_dignity; avg_all_composite; hard_aspect,shadbala_avg=52.83 | quote_dignity=enemy=1; neutral=2; unknown=3 | base_dignity=enemy=1; friend=2; unknown=1 | fx_doctrine=BEARISH | fx_doctrine_net=-1.193031629854373 | fx_conflict=0.0606164930577873 | regime_active=5 | ml=LOSS=2,bearish_return,mixed_classical + benefic,hard,2025-05-28 13:30:00+05:30,2025-05-28 15:30:00+05:30,2,1,1,0,LOSS=2,STOP_LOSS=2,-0.2,52.833333333333336,Neutral,0.0,5,BEARISH,-1.193031629854373,0.0606164930577873,natal unknown 0V; transit exaltation 60V,,enemy=1; neutral=2; unknown=3,enemy=1; friend=2; unknown=1,1,1,0,0,AVG(ALL)|NEPTUNE,AVG(ALL)|mirror|h0.18|n1.3|d360,NEPTUNE|direct|h0.18|n1.3|d360,ba18b2d1d0038db653e24312fe6c3d030531b56b0c92bf18770356e8662ec05e
121,KETU|MOON :: opposition_orb,8,BEARISH,BEARISH=5; BULLISH=1,LOSS=5; WIN=6,0.04999999999999999,,,,,,,,repeated_across_timeframes; multiple_active_aspects; crowded_regime; base_enemy_sign; unknown_outer_or_node_dignity; hard_aspect,shadbala_avg=52.83 | quote_dignity=unknown=2 | base_dignity=enemy=1; friend=4; unknown=1 | fx_doctrine=BEARISH | fx_doctrine_net=-0.4096256361568676 | fx_conflict=0.1655169600913799 | regime_active=6 | ml=LOSS=2,bearish_return,malefic + benefic,hard,2025-05-28 16:30:00+05:30,2025-05-28 20:30:00+05:30,2,1,1,0,LOSS=2,STOP_LOSS=2,-0.2,52.833333333333336,Neutral,0.0,6,BEARISH,-0.4096256361568676,0.1655169600913799,natal enemy 4V; transit friend 15V,natal unknown 0V; transit unknown 0V,unknown=2,enemy=1; friend=4; unknown=1,0,1,0,0,JUPITER|MOON,JUPITER|mirror|h0.18|n1.4|d360,MOON|mirror|h0.18|n1.4|d360,87c850e91bd38f224b7c0b8546999dfcc1d583d4cf2fef6047e5e64c236c4af0
122,MOON|RAHU :: conjunction_orb,8,BEARISH,BEARISH=5; BULLISH=1,LOSS=5; WIN=6,0.04999999999999999,,,,,,,,repeated_across_timeframes; multiple_active_aspects; crowded_regime; base_enemy_sign; unknown_outer_or_node_dignity; hard_aspect,shadbala_avg=52.83 | quote_dignity=unknown=2 | base_dignity=enemy=1; friend=2; unknown=1 | fx_doctrine=BEARISH | fx_doctrine_net=-0.3380923332246889 | fx_conflict=0.0 | regime_active=6 | ml=LOSS=2,bearish_return,benefic + malefic,hard,2025-05-28 16:30:00+05:30,2025-05-28 20:30:00+05:30,2,1,1,0,LOSS=2,STOP_LOSS=2,-0.2,52.833333333333336,Neutral,12.057342626546872,6,BEARISH,-0.3380923332246889,0.0,natal enemy 4V; transit friend 15V,natal unknown 0V; transit unknown 0V,unknown=2,enemy=1; friend=2; unknown=1,0,1,0,0,JUPITER|MOON,JUPITER|mirror|h0.18|n1.4|d360,MOON|mirror|h0.18|n1.4|d360,96e3809224c3e3650efd8e84b553979d66886800b768ef8df3781f8677c70475
123,MARS|MOON :: trine,17,BULLISH,BEARISH=2; BULLISH=7; CONFLICT=6,LOSS=17; WIN=12,-1.1102230246251566e-17,,,,,,,,repeated_across_timeframes; high_recurrence_group; multiple_active_aspects; crowded_regime; unknown_outer_or_node_dignity; soft_aspect,shadbala_avg=52.04 | quote_dignity=friend=3; unknown=3 | fx_doctrine=BULLISH | fx_doctrine_net=0.0502523699497254 | fx_conflict=0.4189806597191136 | regime_active=5 | ml=LOSS=2,bearish_return,malefic + benefic,soft,2025-05-28 23:30:00+05:30,2025-05-29 02:30:00+05:30,2,1,1,0,LOSS=2,STOP_LOSS=2,-0.2,52.04166666666666,Neutral,0.0,5,BULLISH,0.0502523699497254,0.4189806597191136,,natal unknown 0V; transit friend 15V,friend=3; unknown=3,,0,0,0,0,NEPTUNE|SATURN,SATURN|direct|h0.18|n1.3|d360,NEPTUNE|direct|h0.18|n1.3|d360,b6332fff296dbdd17d4f3600261a14b1f31c8ef2697b7d6310cfe6cfadba5111
124,SATURN|VENUS :: square,2,BULLISH,BULLISH=2,IGNORE=2; LOSS=2,-0.09448420861372075,,,,,,,,repeated_across_timeframes; multiple_active_aspects; crowded_regime; unknown_outer_or_node_dignity; swing_duration_1d_to_5d; hard_aspect,shadbala_avg=53.23 | quote_dignity=neutral=2; unknown=2 | fx_doctrine=BULLISH | fx_doctrine_net=0.2561417015863538 | fx_conflict=0.0 | regime_active=6 | ml=LOSS=2,bearish_return,malefic + benefic,hard,2025-05-29 00:30:00+05:30,2025-05-31 02:30:00+05:30,2,0,1,1,LOSS=2,STOP_LOSS=2,-0.2,53.225,Neutral,0.0,6,BULLISH,0.2561417015863538,0.0,,natal unknown 0V; transit neutral 10V,neutral=2; unknown=2,,0,0,0,0,NEPTUNE|SATURN,SATURN|direct|h0.18|n1.3|d360,NEPTUNE|direct|h0.18|n1.3|d360,695375f8d6b88f69b8fb11cc7d7c921237be2311e5aa60841e5e7dc1793135da
125,MOON|VENUS :: trine,17,UNKNOWN,BEARISH=3; BULLISH=1; CONFLICT=5; UNKNOWN=6,LOSS=8; WIN=20,0.16666666666666666,,,,,,,,repeated_across_timeframes; high_recurrence_group; multiple_active_aspects; crowded_regime; soft_aspect,shadbala_avg=51.62 | fx_doctrine=UNKNOWN | fx_doctrine_net=0.0 | fx_conflict=0.0 | regime_active=5 | ml=WIN=2,bullish_return,benefic + benefic,soft,2025-05-29 22:30:00+05:30,2025-05-30 01:30:00+05:30,2,1,1,0,WIN=2,TAKE_PROFIT=2,0.3,51.625,Neutral,0.0,5,UNKNOWN,0.0,0.0,,,,,0,0,0,0,JUPITER|SATURN,JUPITER|mirror|h0.18|n1.4|d360,SATURN|direct|h0.18|n1.3|d360,a2f9c58712f9203624d25079d25c6b0ca73e54fdcf36e3265a7cc732a6d5116b
126,MOON|SATURN :: conjunction_orb,8,BULLISH,BEARISH=1; BULLISH=4; CONFLICT=3,LOSS=8; WIN=7,0.04999999999999999,,,,,,,,repeated_across_timeframes; multiple_active_aspects; crowded_regime; strong_shadbala; unknown_outer_or_node_dignity; hard_aspect,shadbala_avg=57.04 | quote_dignity=neutral=3; unknown=3 | fx_doctrine=BULLISH | fx_doctrine_net=0.1495838128082093 | fx_conflict=0.1233360428028628 | regime_active=4 | ml=LOSS=2,bearish_return,benefic + malefic,hard,2025-05-30 11:30:00+05:30,2025-05-30 15:30:00+05:30,2,1,1,0,LOSS=2,STOP_LOSS=2,-0.2,57.04166666666666,Neutral,15.40227221890973,4,BULLISH,0.1495838128082093,0.1233360428028628,,natal unknown 0V; transit neutral 10V,neutral=3; unknown=3,,0,0,0,0,AVG(ALL),AVG(ALL)|mirror|h0.18|n1.3|d360,,5997aed05388d88d03ab4fbb82310f92288d53007e39ffd4de08a9ec609baae9
127,AVG(ALL)|MOON :: trine,18,BULLISH,BEARISH=2; BULLISH=10; CONFLICT=2; UNKNOWN=2,LOSS=14; WIN=18,0.08124999999999999,,,,,,,,repeated_across_timeframes; high_recurrence_group; multiple_active_aspects; crowded_regime; strong_shadbala; quote_enemy_sign; base_enemy_sign; base_debilitation; unknown_outer_or_node_dignity; avg_all_composite; soft_aspect,shadbala_avg=57.67 | quote_dignity=enemy=1; friend=1; neutral=2 | base_dignity=debilitation=1; enemy=1; friend=1; unknown=1 | fx_doctrine=BULLISH | fx_doctrine_net=0.2703954456208596 | fx_conflict=0.0 | regime_active=5 | ml=WIN=2,bullish_return,mixed_classical + benefic,soft,2025-05-30 15:30:00+05:30,2025-05-30 17:30:00+05:30,2,1,1,0,WIN=2,TAKE_PROFIT=2,0.3,57.66666666666666,Neutral,0.0,5,BULLISH,0.2703954456208596,0.0,,natal enemy 4V; transit friend 15V,enemy=1; friend=1; neutral=2,debilitation=1; enemy=1; friend=1; unknown=1,1,1,0,1,AVG(ALL),AVG(ALL)|mirror|h0.18|n1.3|d360,,191a0b5d16a2cd86b849bcade9876d31675ab090f0ea831a5dedaad5c4e34ed2
128,MOON|SUN :: opposition_orb,7,BEARISH,BEARISH=4; BULLISH=3,LOSS=10; WIN=3,-0.057142857142857155,,,,,,,,repeated_across_timeframes; multiple_active_aspects; crowded_regime; quote_enemy_sign; hard_aspect,shadbala_avg=54.29 | quote_dignity=enemy=1; friend=1 | fx_doctrine=BULLISH | fx_doctrine_net=0.4230275254816988 | fx_conflict=0.0 | regime_active=4 | ml=LOSS=2,bearish_return,benefic + malefic,hard,2025-05-30 21:30:00+05:30,2025-05-31 01:30:00+05:30,2,1,1,0,LOSS=2,STOP_LOSS=2,-0.2,54.29166666666666,Neutral,19.954332886142087,4,BULLISH,0.4230275254816988,0.0,,natal friend 15V; transit enemy 4V,enemy=1; friend=1,,1,0,0,0,AVG(ALL),AVG(ALL)|mirror|h0.18|n1.3|d360,,10a470aa01e7c76cdeb244d23b1fb8315be1e6f6efbff1312188222c9afc2a7f
129,MERCURY|VENUS :: square,1,BEARISH,BEARISH=1,WIN=2,0.3,,,,,,,,repeated_across_timeframes; multiple_active_aspects; crowded_regime; quote_enemy_sign; hard_aspect,shadbala_avg=55.08 | quote_dignity=enemy=1; neutral=1 | base_dignity=friend=1; own=1 | fx_doctrine=BEARISH | fx_doctrine_net=-0.1504449932825133 | fx_conflict=0.0 | regime_active=5 | ml=WIN=2,bullish_return,benefic + benefic,hard,2025-06-02 05:30:00+05:30,2025-06-02 12:30:00+05:30,2,1,1,0,WIN=2,TAKE_PROFIT=2,0.3,55.083333333333336,Neutral,0.0,5,BEARISH,-0.1504449932825133,0.0,natal own 30V; transit friend 15V,natal enemy 4V; transit neutral 10V,enemy=1; neutral=1,friend=1; own=1,1,0,0,0,AVG(ALL),AVG(ALL)|mirror|h0.18|n1.3|d360,,f97a489902f06e1f7a8c42bbc771787c258add18a3f3f62b2dbdaa4ddc4b93a5
130,AVG(ALL)|MOON :: conjunction_orb,9,BULLISH,BEARISH=2; BULLISH=3; CONFLICT=1; UNKNOWN=2,LOSS=6; WIN=8,0.04999999999999999,,,,,,,,repeated_across_timeframes; multiple_active_aspects; crowded_regime; quote_enemy_sign; unknown_outer_or_node_dignity; avg_all_composite; swing_duration_1d_to_5d; hard_aspect,shadbala_avg=56.02 | quote_dignity=enemy=1; unknown=1 | base_dignity=friend=1; own=1 | fx_doctrine=BEARISH | fx_doctrine_net=-0.3243218165159028 | fx_conflict=0.2419491065351821 | regime_active=4 | ml=WIN=2,bullish_return,mixed_classical + benefic,hard,2025-06-02 05:30:00+05:30,2025-06-05 15:30:00+05:30,2,0,1,1,WIN=2,TAKE_PROFIT=2,0.3,56.02235772357724,Neutral,0.0,4,BEARISH,-0.3243218165159028,0.2419491065351821,natal neutral 10V; transit friend 15V,natal neutral 10V; transit friend 15V,enemy=1; unknown=1,friend=1; own=1,1,0,0,0,AVG(ALL)|URANUS,URANUS|mirror|h0.18|n1.3|d360,AVG(ALL)|mirror|h0.18|n1.3|d360,10b319097de3306ed0836d78642a714fc208aa9a9fd39f833b02a28661db085f
131,MARS|MOON :: opposition_orb,8,BULLISH,BEARISH=2; BULLISH=4,LOSS=6; WIN=6,0.04999999999999999,,,,,,,,repeated_across_timeframes; multiple_active_aspects; crowded_regime; base_debilitation; unknown_outer_or_node_dignity; hard_aspect,shadbala_avg=55.08 | quote_dignity=friend=1; neutral=1 | base_dignity=debilitation=1; friend=1; neutral=1; unknown=1 | fx_doctrine=BEARISH | fx_doctrine_net=-0.5307222422975345 | fx_conflict=0.0 | regime_active=4 | ml=WIN=2,bullish_return,malefic + benefic,hard,2025-06-02 08:30:00+05:30,2025-06-02 13:30:00+05:30,2,1,1,0,WIN=2,TAKE_PROFIT=2,0.3,55.083333333333336,Neutral,0.0,4,BEARISH,-0.5307222422975345,0.0,natal neutral 10V; transit friend 15V,natal neutral 10V; transit friend 15V,friend=1; neutral=1,debilitation=1; friend=1; neutral=1; unknown=1,0,0,0,1,AVG(ALL)|URANUS,URANUS|mirror|h0.18|n1.3|d360,AVG(ALL)|mirror|h0.18|n1.3|d360,8c8915346f0dabd0f0a6e52d374e79183b853c4e0a82a62e4cd7c7381c1ad445
132,JUPITER|MOON :: square,13,BEARISH,BEARISH=5; BULLISH=2; CONFLICT=3; UNKNOWN=2,LOSS=14; WIN=10,0.008333333333333323,,,,,,,,repeated_across_timeframes; high_recurrence_group; multiple_active_aspects; crowded_regime; quote_enemy_sign; unknown_outer_or_node_dignity; hard_aspect,shadbala_avg=55.58 | quote_dignity=enemy=2; unknown=2 | fx_doctrine=CONFLICT | fx_doctrine_net=0.0078498555391302 | fx_conflict=0.375 | regime_active=5 | ml=LOSS=2,bearish_return,benefic + benefic,hard,2025-06-02 20:30:00+05:30,2025-06-02 23:30:00+05:30,2,1,1,0,LOSS=2,STOP_LOSS=2,-0.2,55.583333333333336,Neutral,0.0,5,CONFLICT,0.0078498555391302,0.375,,natal unknown 0V; transit enemy 4V,enemy=2; unknown=2,,2,0,0,0,AVG(ALL)|URANUS,URANUS|mirror|h0.18|n1.3|d360,AVG(ALL)|mirror|h0.18|n1.3|d360,6ecb1f65095fdaa86dd36a80614db6f474949149e9751b736134a80ec46ebf2a
133,KETU|VENUS :: trine,1,CONFLICT,CONFLICT=1,LOSS=2,-0.2,,,,,,,,repeated_across_timeframes; multiple_active_aspects; crowded_regime; unknown_outer_or_node_dignity; swing_duration_1d_to_5d; soft_aspect,shadbala_avg=55.63 | quote_dignity=unknown=2 | fx_doctrine=CONFLICT | fx_doctrine_net=-0.0448457330289169 | fx_conflict=0.0 | regime_active=5 | ml=LOSS=2,bearish_return,malefic + benefic,soft,2025-06-02 16:30:00+05:30,2025-06-04 16:30:00+05:30,2,0,1,1,LOSS=2,STOP_LOSS=2,-0.2,55.62847222222222,Neutral,0.0,5,CONFLICT,-0.0448457330289169,0.0,,natal unknown 0V; transit unknown 0V,unknown=2,,0,0,0,0,AVG(ALL)|URANUS,URANUS|mirror|h0.18|n1.3|d360,AVG(ALL)|mirror|h0.18|n1.3|d360,ee3218eaa32d66d1b894ba76a01b20269e73d9630d8b51b70e518d9bb24d0744
134,AVG(ALL)|SUN :: trine,5,CONFLICT,BEARISH=1; BULLISH=2; CONFLICT=2,LOSS=4; WIN=6,0.09999999999999999,,,,,,,,repeated_across_timeframes; multiple_active_aspects; crowded_regime; base_enemy_sign; unknown_outer_or_node_dignity; avg_all_composite; swing_duration_1d_to_5d; soft_aspect,shadbala_avg=55.57 | quote_dignity=friend=1; unknown=1 | base_dignity=enemy=1; friend=1 | fx_doctrine=CONFLICT | fx_doctrine_net=0.0227919532397811 | fx_conflict=0.0 | regime_active=5 | ml=LOSS=2,bearish_return,mixed_classical + malefic,soft,2025-06-02 22:30:00+05:30,2025-06-04 14:30:00+05:30,2,0,1,1,LOSS=2,STOP_LOSS=2,-0.2,55.57291666666666,Neutral,0.0,5,CONFLICT,0.0227919532397811,0.0,natal friend 15V; transit unknown 0V,,friend=1; unknown=1,enemy=1; friend=1,0,1,0,0,AVG(ALL)|URANUS,URANUS|mirror|h0.18|n1.3|d360,AVG(ALL)|mirror|h0.18|n1.3|d360,b63a67ad0d5124257623ea8f5754bb8fffb230d91d124e887b991b94d4fe9332
135,MOON|VENUS :: opposition_orb,8,BEARISH,BEARISH=7; BULLISH=1,LOSS=6; WIN=9,0.11249999999999999,,,,,,,,repeated_across_timeframes; multiple_active_aspects; crowded_regime; unknown_outer_or_node_dignity; hard_aspect,shadbala_avg=55.58 | quote_dignity=friend=1; unknown=1 | fx_doctrine=BEARISH | fx_doctrine_net=-0.1030648303082202 | fx_conflict=0.0 | regime_active=6 | ml=LOSS=2,bearish_return,benefic + benefic,hard,2025-06-03 10:30:00+05:30,2025-06-03 15:30:00+05:30,2,1,1,0,LOSS=2,STOP_LOSS=2,-0.2,55.583333333333336,Neutral,12.53019712262926,6,BEARISH,-0.1030648303082202,0.0,,natal unknown 0V; transit friend 15V,friend=1; unknown=1,,0,0,0,0,AVG(ALL)|URANUS,URANUS|mirror|h0.18|n1.3|d360,AVG(ALL)|mirror|h0.18|n1.3|d360,3e13d54a95029729a82d1389ecf21bfdb452117f1ae43d5e18ad70a56de3d753
136,AVG(ALL)|MOON :: opposition_orb,10,BEARISH,BEARISH=4; BULLISH=2; CONFLICT=3; UNKNOWN=1,LOSS=10; WIN=10,0.04999999999999999,,,,,,,,repeated_across_timeframes; high_recurrence_group; multiple_active_aspects; crowded_regime; quote_enemy_sign; base_enemy_sign; unknown_outer_or_node_dignity; avg_all_composite; hard_aspect,shadbala_avg=55.38 | quote_dignity=enemy=1; friend=1; neutral=1; unknown=3 | base_dignity=enemy=1; friend=2; own=1 | fx_doctrine=BULLISH | fx_doctrine_net=0.2413051372448828 | fx_conflict=0.0 | regime_active=6 | ml=LOSS=2,bearish_return,mixed_classical + benefic,hard,2025-06-04 06:30:00+05:30,2025-06-04 11:30:00+05:30,2,1,1,0,LOSS=2,STOP_LOSS=2,-0.2,55.375,Neutral,0.0,6,BULLISH,0.2413051372448828,0.0,natal friend 15V; transit friend 15V,,enemy=1; friend=1; neutral=1; unknown=3,enemy=1; friend=2; own=1,1,1,0,0,JUPITER|MOON,MOON|direct|h0.18|n1.8|d360,JUPITER|mirror|h0.18|n1.4|d360,d87b5610f751d09e9034b73e545954b055de6310c37f3c591c710a33190e6796
137,KETU|MOON :: square,14,BULLISH,BULLISH=11; CONFLICT=1,LOSS=20; WIN=4,-0.11666666666666668,,,,,,,,repeated_across_timeframes; high_recurrence_group; multiple_active_aspects; crowded_regime; strong_shadbala; unknown_outer_or_node_dignity; hard_aspect,shadbala_avg=57.25 | quote_dignity=friend=1; unknown=3 | base_dignity=friend=2 | fx_doctrine=BULLISH | fx_doctrine_net=0.2684943010618045 | fx_conflict=0.0 | regime_active=7 | ml=LOSS=2,bearish_return,malefic + benefic,hard,2025-06-04 12:30:00+05:30,2025-06-04 15:30:00+05:30,2,1,1,0,LOSS=2,STOP_LOSS=2,-0.2,57.25,Neutral,0.0,7,BULLISH,0.2684943010618045,0.0,natal friend 15V; transit friend 15V,natal unknown 0V; transit unknown 0V,friend=1; unknown=3,friend=2,0,0,0,0,JUPITER|MOON,MOON|direct|h0.18|n1.8|d360,JUPITER|mirror|h0.18|n1.4|d360,24aa02ce8cdb017cdd8d82580e2790ed916d5b6ad57289659e9564f47b571041
138,MOON|RAHU :: square,14,BULLISH,BEARISH=2; BULLISH=9; CONFLICT=1,LOSS=20; WIN=4,-0.11666666666666668,,,,,,,,repeated_across_timeframes; high_recurrence_group; multiple_active_aspects; crowded_regime; strong_shadbala; unknown_outer_or_node_dignity; hard_aspect,shadbala_avg=57.25 | quote_dignity=friend=1; unknown=3 | base_dignity=friend=2 | fx_doctrine=BULLISH | fx_doctrine_net=0.3135960210138371 | fx_conflict=0.0 | regime_active=7 | ml=LOSS=2,bearish_return,benefic + malefic,hard,2025-06-04 12:30:00+05:30,2025-06-04 15:30:00+05:30,2,1,1,0,LOSS=2,STOP_LOSS=2,-0.2,57.25,Neutral,0.0,7,BULLISH,0.3135960210138371,0.0,natal friend 15V; transit friend 15V,natal unknown 0V; transit unknown 0V,friend=1; unknown=3,friend=2,0,0,0,0,JUPITER|MOON,MOON|direct|h0.18|n1.8|d360,JUPITER|mirror|h0.18|n1.4|d360,a5beeeada8ea129786de5bb63217cc15bcfb61a019e28c338fe8302130e77683
139,MOON|SUN :: trine,16,BULLISH,BEARISH=4; BULLISH=5; CONFLICT=2; UNKNOWN=4,LOSS=20; WIN=10,-0.03333333333333335,,,,,,,,repeated_across_timeframes; high_recurrence_group; multiple_active_aspects; crowded_regime; strong_shadbala; base_enemy_sign; unknown_outer_or_node_dignity; soft_aspect,shadbala_avg=57.25 | quote_dignity=friend=1; unknown=1 | base_dignity=enemy=1; friend=2; own=1 | fx_doctrine=BEARISH | fx_doctrine_net=-0.2763959628228761 | fx_conflict=0.2045340851248714 | regime_active=9 | ml=LOSS=2,bearish_return,benefic + malefic,soft,2025-06-04 14:30:00+05:30,2025-06-04 17:30:00+05:30,2,1,1,0,LOSS=2,STOP_LOSS=2,-0.2,57.25,Neutral,0.0,9,BEARISH,-0.2763959628228761,0.2045340851248714,natal own 30V; transit enemy 4V,,friend=1; unknown=1,enemy=1; friend=2; own=1,0,1,0,0,JUPITER|MOON,JUPITER|mirror|h0.18|n1.4|d360,MOON|direct|h0.18|n1.8|d360,94c23f043cc5b41f05f6a489e7d46737a41ecbb9e58ca3dbf8e9f0892d555e69
140,MERCURY|MOON :: trine,17,BULLISH,BEARISH=2; BULLISH=8; CONFLICT=2; UNKNOWN=2,LOSS=10; WIN=16,0.0857142857142857,,,,,,,,repeated_across_timeframes; high_recurrence_group; multiple_active_aspects; crowded_regime; strong_shadbala; soft_aspect,shadbala_avg=57.25 | fx_doctrine=UNKNOWN | fx_doctrine_net=0.0 | fx_conflict=0.0 | regime_active=4 | ml=LOSS=2,bearish_return,benefic + benefic,soft,2025-06-05 08:30:00+05:30,2025-06-05 11:30:00+05:30,2,1,1,0,LOSS=2,STOP_LOSS=2,-0.2,57.25,Neutral,0.0,4,UNKNOWN,0.0,0.0,,,,,0,0,0,0,AVG(ALL)|URANUS,URANUS|mirror|h0.18|n1.3|d360,AVG(ALL)|mirror|h0.18|n1.3|d360,34498df5ead6a0e49714771e53b1f6fab8d179559ac64974fce6028b317fa420
141,MOON|SATURN :: square,15,CONFLICT,BEARISH=1; BULLISH=5; CONFLICT=7; UNKNOWN=1,LOSS=10; WIN=18,0.12648634697626365,,,,,,,,repeated_across_timeframes; high_recurrence_group; multiple_active_aspects; strong_shadbala; unknown_outer_or_node_dignity; hard_aspect,shadbala_avg=58.67 | quote_dignity=neutral=1; unknown=1 | fx_doctrine=CONFLICT | fx_doctrine_net=-0.0251102903424108 | fx_conflict=0.0 | regime_active=3 | ml=WIN=2,bullish_return,benefic + malefic,hard,2025-06-06 15:30:00+05:30,2025-06-06 18:30:00+05:30,2,1,1,0,WIN=2,TAKE_PROFIT=2,0.3,58.66666666666666,Neutral,0.0,3,CONFLICT,-0.0251102903424108,0.0,,natal unknown 0V; transit neutral 10V,neutral=1; unknown=1,,0,0,0,0,JUPITER,JUPITER|mirror|h0.18|n1.4|d360,,4860ffa48f971fbfac858fa7e99f49a29db314216ec3df2aa26325a4db9fa762
142,MOON|RAHU :: trine,12,UNKNOWN,BEARISH=4; BULLISH=1; CONFLICT=2; UNKNOWN=5,LOSS=8; WIN=16,0.11818858220430173,,,,,,,,repeated_across_timeframes; high_recurrence_group; multiple_active_aspects; strong_shadbala; unknown_outer_or_node_dignity; soft_aspect,shadbala_avg=59.29 | quote_dignity=unknown=2 | fx_doctrine=CONFLICT | fx_doctrine_net=0.0144809855434232 | fx_conflict=0.0 | regime_active=3 | ml=WIN=2,bullish_return,benefic + malefic,soft,2025-06-07 00:30:00+05:30,2025-06-07 03:30:00+05:30,2,1,1,0,WIN=2,TAKE_PROFIT=2,0.3,59.29166666666666,Neutral,0.0,3,CONFLICT,0.0144809855434232,0.0,,natal unknown 0V; transit unknown 0V,unknown=2,,0,0,0,0,NEPTUNE|SATURN,SATURN|direct|h0.18|n1.3|d360,NEPTUNE|direct|h0.18|n1.3|d360,9a847d12bfe89d8a3f42d48da02601c4b9415fd8f0acd43b12650f8a8e556fef
143,MOON|SUN :: square,16,BEARISH,BEARISH=7; BULLISH=3; UNKNOWN=4,LOSS=13; WIN=13,0.04999999999999999,,,,,,,,repeated_across_timeframes; high_recurrence_group; multiple_active_aspects; crowded_regime; strong_shadbala; quote_enemy_sign; base_enemy_sign; hard_aspect,shadbala_avg=59.29 | quote_dignity=enemy=1; friend=1 | base_dignity=enemy=2 | fx_doctrine=BEARISH | fx_doctrine_net=-0.1119578820607904 | fx_conflict=0.0 | regime_active=4 | ml=WIN=2,bullish_return,benefic + malefic,hard,2025-06-07 03:30:00+05:30,2025-06-07 04:30:00+05:30,2,1,1,0,WIN=2,TAKE_PROFIT=2,0.3,59.29166666666666,Neutral,0.0,4,BEARISH,-0.1119578820607904,0.0,natal enemy 4V; transit enemy 4V,natal friend 15V; transit enemy 4V,enemy=1; friend=1,enemy=2,1,2,0,0,NEPTUNE|SATURN,SATURN|direct|h0.18|n1.3|d360,NEPTUNE|direct|h0.18|n1.3|d360,c95ccb7dc22dd13ef7721ce4804194a175aba316991bdb3d4bac41a56ee0428a
144,MOON|SATURN :: trine,14,BULLISH,BEARISH=2; BULLISH=6; CONFLICT=3; UNKNOWN=1,LOSS=14; WIN=9,-0.004417769067450145,,,,,,,,repeated_across_timeframes; high_recurrence_group; multiple_active_aspects; unknown_outer_or_node_dignity; soft_aspect,shadbala_avg=54.19 | quote_dignity=neutral=1; unknown=1 | fx_doctrine=CONFLICT | fx_doctrine_net=-0.0239719125083437 | fx_conflict=0.0 | regime_active=3 | ml=WIN=2,bullish_return,benefic + malefic,soft,2025-06-09 05:30:00+05:30,2025-06-09 07:30:00+05:30,2,1,1,0,WIN=2,TAKE_PROFIT=2,0.3,54.1875,Neutral,0.0,3,CONFLICT,-0.0239719125083437,0.0,,natal unknown 0V; transit neutral 10V,neutral=1; unknown=1,,0,0,0,0,NEPTUNE|SATURN,SATURN|direct|h0.18|n1.3|d360,NEPTUNE|direct|h0.18|n1.3|d360,7d47bbea2c6e3234fe0f36d2da175c1914172ca0fe1b9759a49553712c0f9def
145,MARS|MERCURY :: trine,2,CONFLICT,BULLISH=1; CONFLICT=1,WIN=4,0.3,,,,,,,,repeated_across_timeframes; multiple_active_aspects; crowded_regime; high_fx_doctrine_conflict; high_legacy_fx_conflict; unknown_outer_or_node_dignity; soft_aspect,shadbala_avg=54.05 | quote_dignity=own=3; unknown=3 | fx_doctrine=CONFLICT | fx_doctrine_net=0.036146190599978 | fx_conflict=0.4502260521781275 | regime_active=4 | ml=WIN=2,bullish_return,malefic + benefic,soft,2025-06-09 07:30:00+05:30,2025-06-10 06:30:00+05:30,2,1,1,0,WIN=2,TAKE_PROFIT=2,0.3,54.04710144927536,Neutral,0.0,4,CONFLICT,0.036146190599978,0.4502260521781275,,natal unknown 0V; transit own 30V,own=3; unknown=3,,0,0,0,0,NEPTUNE|SATURN,SATURN|direct|h0.18|n1.3|d360,NEPTUNE|direct|h0.18|n1.3|d360,35dd1877c03b1f88ec1689dfb9543dc5c9551a13bca15990de4d867c507f1e80
146,AVG(ALL)|MOON :: trine,18,BULLISH,BEARISH=2; BULLISH=10; CONFLICT=2; UNKNOWN=2,LOSS=14; WIN=18,0.08124999999999999,,,,,,,,repeated_across_timeframes; high_recurrence_group; multiple_active_aspects; crowded_regime; quote_enemy_sign; base_enemy_sign; unknown_outer_or_node_dignity; avg_all_composite; soft_aspect,shadbala_avg=54.92 | quote_dignity=enemy=3; neutral=1; own=3; unknown=7 | base_dignity=enemy=2 | fx_doctrine=UNKNOWN | fx_doctrine_net=0.0 | fx_conflict=0.0 | regime_active=4 | ml=WIN=2,bullish_return,mixed_classical + benefic,soft,2025-06-09 08:30:00+05:30,2025-06-09 11:30:00+05:30,2,1,1,0,WIN=2,TAKE_PROFIT=2,0.3,54.91666666666666,Neutral,0.0,4,UNKNOWN,0.0,0.0,,,enemy=3; neutral=1; own=3; unknown=7,enemy=2,3,2,0,0,NEPTUNE|SATURN,SATURN|direct|h0.18|n1.3|d360,NEPTUNE|direct|h0.18|n1.3|d360,b23e1d5c33c14f6a418f228d23fcfc5f5294aeae31e021e5f042b613deecf588
147,MARS|MOON :: square,16,BEARISH,BEARISH=9; BULLISH=4; CONFLICT=1; UNKNOWN=1,LOSS=18; WIN=11,-0.010549230209257576,,,,,,,,repeated_across_timeframes; high_recurrence_group; multiple_active_aspects; crowded_regime; quote_debilitation; hard_aspect,shadbala_avg=53.25 | quote_dignity=debilitation=1; exaltation=1 | fx_doctrine=BULLISH | fx_doctrine_net=0.5482230613208572 | fx_conflict=0.0 | regime_active=4 | ml=LOSS=2,bearish_return,malefic + benefic,hard,2025-06-09 21:30:00+05:30,2025-06-10 00:30:00+05:30,2,1,1,0,LOSS=2,STOP_LOSS=2,-0.2,53.25,Neutral,0.0,4,BULLISH,0.5482230613208572,0.0,,natal exaltation 60V; transit debilitation 0V,debilitation=1; exaltation=1,,0,0,1,0,NEPTUNE|SATURN,SATURN|direct|h0.18|n1.3|d360,NEPTUNE|direct|h0.18|n1.3|d360,9b993b62d1101838329b317f44a289c9151cdf51006ede905142165396b60bc6
148,JUPITER|MOON :: conjunction_orb,5,BULLISH,BULLISH=2; UNKNOWN=1,LOSS=4; WIN=2,-0.03333333333333335,,,,,,,,repeated_across_timeframes; multiple_active_aspects; quote_enemy_sign; unknown_outer_or_node_dignity; hard_aspect,shadbala_avg=53.71 | quote_dignity=enemy=1; unknown=1 | fx_doctrine=BULLISH | fx_doctrine_net=0.0965974539177535 | fx_conflict=0.0 | regime_active=3 | ml=LOSS=2,bearish_return,benefic + benefic,hard,2025-06-10 08:30:00+05:30,2025-06-10 13:30:00+05:30,2,1,1,0,LOSS=2,STOP_LOSS=2,-0.2,53.708333333333336,Neutral,0.0,3,BULLISH,0.0965974539177535,0.0,,natal unknown 0V; transit enemy 4V,enemy=1; unknown=1,,1,0,0,0,AVG(ALL)|SATURN,AVG(ALL)|mirror|h0.18|n1.3|d360,SATURN|direct|h0.18|n1.3|d360,5f2007729f8a16efdc85780035d5c4c26159e388272e51b19df48358a2fa8ec3
149,MOON|VENUS :: square,12,BEARISH,BEARISH=8; BULLISH=1; CONFLICT=1,LOSS=12; WIN=7,-1.1102230246251566e-17,,,,,,,,repeated_across_timeframes; high_recurrence_group; multiple_active_aspects; high_fx_doctrine_conflict; high_legacy_fx_conflict; strong_shadbala; base_debilitation; unknown_outer_or_node_dignity; hard_aspect,shadbala_avg=58.46 | base_dignity=debilitation=1; neutral=1; own=1; unknown=1 | fx_doctrine=CONFLICT | fx_doctrine_net=-0.0200443189562953 | fx_conflict=0.4865688915672005 | regime_active=3 | ml=LOSS=2,bearish_return,benefic + benefic,hard,2025-06-11 00:30:00+05:30,2025-06-11 03:30:00+05:30,2,1,1,0,LOSS=2,STOP_LOSS=2,-0.2,58.458333333333336,Neutral,0.0,3,CONFLICT,-0.0200443189562953,0.4865688915672005,natal own 30V; transit debilitation 0V,,,debilitation=1; neutral=1; own=1; unknown=1,0,0,0,1,AVG(ALL)|NEPTUNE,AVG(ALL)|mirror|h0.18|n1.3|d360,NEPTUNE|direct|h0.18|n1.3|d360,6aaf9032fa2d31af1048a7be06044ce43c11494bf17bec495511b069172c1e1b
150,AVG(ALL)|MOON :: square,18,BEARISH,BEARISH=13; BULLISH=2,LOSS=7; WIN=21,0.16666666666666666,,,,,,,,repeated_across_timeframes; high_recurrence_group; multiple_active_aspects; strong_shadbala; quote_enemy_sign; unknown_outer_or_node_dignity; avg_all_composite; hard_aspect,shadbala_avg=61.58 | quote_dignity=enemy=1; unknown=1 | base_dignity=neutral=2 | fx_doctrine=BEARISH | fx_doctrine_net=-0.4003165802375457 | fx_conflict=0.0 | regime_active=3 | ml=WIN=2,bullish_return,mixed_classical + benefic,hard,2025-06-11 19:30:00+05:30,2025-06-11 22:30:00+05:30,2,1,1,0,WIN=2,TAKE_PROFIT=2,0.3,61.583333333333336,Neutral,0.0,3,BEARISH,-0.4003165802375457,0.0,natal unknown 0V; transit debilitation 0V,,enemy=1; unknown=1,neutral=2,1,0,0,0,RAHU|SUN,RAHU|direct|h0.18|n1.4|d360,SUN|mirror|h0.18|n1.4|d360,6477f37471f21918a442839496bf94887e5e55d0de4f03bc80d06ed992d8b555
151,AVG(ALL)|SUN :: square,2,CONFLICT,CONFLICT=1,WIN=2,0.3,,,,,,,,not_in_current_candidate_csv; quote_enemy_sign; unknown_outer_or_node_dignity; avg_all_composite; hard_aspect,shadbala_avg=54.00 | quote_dignity=enemy=1; neutral=2; unknown=1 | base_dignity=neutral=1; unknown=1 | regime_active=1,,mixed_classical + malefic,hard,2025-06-16 05:30:00+05:30,2025-06-16 20:30:00+05:30,0,0,0,0,,,,54.0,Neutral,0.0,1,,,,,,enemy=1; neutral=2; unknown=1,neutral=1; unknown=1,1,0,0,0,JUPITER|MOON,JUPITER|mirror|h0.18|n1.4|d360,MOON|direct|h0.18|n1.4|d360,70a7e70e982ed486e11ee8233b5e9bf0a9e6faac727a52841a669365fd6df9d0
152,KETU|SUN :: opposition_orb,1,BEARISH,BEARISH=1,WIN=2,0.3,,,,,,,,repeated_across_timeframes; multiple_active_aspects; base_enemy_sign; unknown_outer_or_node_dignity; malefic_pair; swing_duration_1d_to_5d; hard_aspect,shadbala_avg=55.03 | base_dignity=enemy=1; friend=1; neutral=3; unknown=1 | fx_doctrine=BEARISH | fx_doctrine_net=-0.3709514865418404 | fx_conflict=0.1360841075163536 | regime_active=3 | ml=WIN=2,bullish_return,malefic + malefic,hard,2025-06-16 23:30:00+05:30,2025-06-20 01:30:00+05:30,2,0,1,1,WIN=2,TAKE_PROFIT=2,0.3,55.02871621621622,Neutral,0.0,3,BEARISH,-0.3709514865418404,0.1360841075163536,natal enemy 4V; transit neutral 10V,,,enemy=1; friend=1; neutral=3; unknown=1,0,1,0,0,SATURN|SUN,SUN|mirror|h0.18|n1.4|d360,SATURN|direct|h0.18|n1.3|d360,9056a44175ba903de1adbe78e223edb23a274cc9e363fb60a006fbeb52f97dfb
153,MERCURY|VENUS :: trine,4,UNKNOWN,BEARISH=1; BULLISH=1; CONFLICT=1; UNKNOWN=1,LOSS=3; WIN=4,0.04999999999999999,,,,,,,,repeated_across_timeframes; multiple_active_aspects; swing_duration_1d_to_5d; soft_aspect,shadbala_avg=53.79 | fx_doctrine=UNKNOWN | fx_doctrine_net=0.0 | fx_conflict=0.0 | regime_active=3 | ml=WIN=2,bullish_return,benefic + benefic,soft,2025-06-16 13:30:00+05:30,2025-06-17 16:30:00+05:30,2,0,1,1,WIN=2,TAKE_PROFIT=2,0.3,53.78703703703704,Neutral,0.0,3,UNKNOWN,0.0,0.0,,,,,0,0,0,0,SATURN|SUN,SUN|mirror|h0.18|n1.4|d360,SATURN|direct|h0.18|n1.3|d360,05f6e04e6138582e812118025d79ef4e48b5d3825882f080fa57cebf5c3a28ed
154,RAHU|SUN :: conjunction_orb,1,BEARISH,BEARISH=1,WIN=2,0.3,,,,,,,,repeated_across_timeframes; multiple_active_aspects; base_enemy_sign; unknown_outer_or_node_dignity; malefic_pair; swing_duration_1d_to_5d; hard_aspect,shadbala_avg=55.03 | base_dignity=enemy=1; neutral=2; unknown=1 | fx_doctrine=BEARISH | fx_doctrine_net=-0.4403089988414435 | fx_conflict=0.0 | regime_active=3 | ml=WIN=2,bullish_return,malefic + malefic,hard,2025-06-16 23:30:00+05:30,2025-06-20 01:30:00+05:30,2,0,1,1,WIN=2,TAKE_PROFIT=2,0.3,55.02871621621622,Neutral,0.0,3,BEARISH,-0.4403089988414435,0.0,natal enemy 4V; transit neutral 10V,,,enemy=1; neutral=2; unknown=1,0,1,0,0,SATURN|SUN,SUN|mirror|h0.18|n1.4|d360,SATURN|direct|h0.18|n1.3|d360,38df06f4026d7a2d8a52cec842e4d964f5c803747ffbfa56a89f383df004162a
155,MOON|VENUS :: conjunction_orb,5,CONFLICT,BEARISH=2; CONFLICT=3,IGNORE=2; LOSS=4; WIN=4,0.033601351394587656,,,,,,,,repeated_across_timeframes; multiple_active_aspects; crowded_regime; unknown_outer_or_node_dignity; hard_aspect,shadbala_avg=55.03 | quote_dignity=neutral=1; unknown=1 | base_dignity=neutral=1; own=1 | fx_doctrine=BEARISH | fx_doctrine_net=-0.2538594626825428 | fx_conflict=0.0 | regime_active=4 | ml=LOSS=2,bearish_return,benefic + benefic,hard,2025-06-18 00:30:00+05:30,2025-06-18 04:30:00+05:30,2,1,1,0,LOSS=2,STOP_LOSS=2,-0.2,55.03125,Neutral,16.937166135658117,4,BEARISH,-0.2538594626825428,0.0,natal own 30V; transit neutral 10V,natal unknown 0V; transit neutral 10V,neutral=1; unknown=1,neutral=1; own=1,0,0,0,0,NEPTUNE|SATURN,SATURN|direct|h0.18|n1.3|d360,NEPTUNE|direct|h0.18|n1.3|d360,e9ac40db1c9e5d8cfd4a30c29bae343ef2a3100afa09ee64c9f34c657ae4ac56
156,MOON|SATURN :: trine,14,BULLISH,BEARISH=2; BULLISH=6; CONFLICT=3; UNKNOWN=1,LOSS=14; WIN=9,-0.004417769067450145,,,,,,,,repeated_across_timeframes; high_recurrence_group; multiple_active_aspects; crowded_regime; unknown_outer_or_node_dignity; soft_aspect,shadbala_avg=55.50 | quote_dignity=neutral=1; unknown=1 | fx_doctrine=CONFLICT | fx_doctrine_net=-0.0133310787961925 | fx_conflict=0.0 | regime_active=4 | ml=LOSS=2,bearish_return,benefic + malefic,soft,2025-06-18 15:30:00+05:30,2025-06-18 17:30:00+05:30,2,1,1,0,LOSS=2,STOP_LOSS=2,-0.2,55.5,Neutral,0.0,4,CONFLICT,-0.0133310787961925,0.0,,natal unknown 0V; transit neutral 10V,neutral=1; unknown=1,,0,0,0,0,NEPTUNE|SATURN,SATURN|direct|h0.18|n1.3|d360,NEPTUNE|direct|h0.18|n1.3|d360,9eea7cf5cd5a5a2536ca6abec039123e036cdafe8c714b1dca4988163fd70760
157,AVG(ALL)|MOON :: conjunction_orb,9,BULLISH,BEARISH=2; BULLISH=3; CONFLICT=1; UNKNOWN=2,LOSS=6; WIN=8,0.04999999999999999,,,,,,,,repeated_across_timeframes; multiple_active_aspects; crowded_regime; unknown_outer_or_node_dignity; avg_all_composite; hard_aspect,shadbala_avg=55.50 | quote_dignity=neutral=1; unknown=1 | base_dignity=own=1; unknown=1 | fx_doctrine=BULLISH | fx_doctrine_net=0.1361088764362378 | fx_conflict=0.0 | regime_active=5 | ml=LOSS=2,bearish_return,mixed_classical + benefic,hard,2025-06-18 17:30:00+05:30,2025-06-18 21:30:00+05:30,2,1,1,0,LOSS=2,STOP_LOSS=2,-0.2,55.5,Neutral,0.0,5,BULLISH,0.1361088764362378,0.0,natal unknown 0V; transit unknown 0V,,neutral=1; unknown=1,own=1; unknown=1,0,0,0,0,AVG(ALL)|NEPTUNE,AVG(ALL)|mirror|h0.18|n1.3|d360,NEPTUNE|direct|h0.18|n1.3|d360,caab24a751ebb6e86d99cea5281b73cd835ff0543a4807d866cd81e476eeb33a
158,JUPITER|MOON :: trine,16,BULLISH,BEARISH=1; BULLISH=12; CONFLICT=1; UNKNOWN=1,LOSS=20; WIN=8,-0.03333333333333335,,,,,,,,repeated_across_timeframes; high_recurrence_group; multiple_active_aspects; crowded_regime; soft_aspect,shadbala_avg=55.50 | fx_doctrine=UNKNOWN | fx_doctrine_net=0.0 | fx_conflict=0.0 | regime_active=4 | ml=LOSS=2,bearish_return,benefic + benefic,soft,2025-06-19 15:30:00+05:30,2025-06-19 18:30:00+05:30,2,1,1,0,LOSS=2,STOP_LOSS=2,-0.2,55.5,Neutral,0.0,4,UNKNOWN,0.0,0.0,,,,,0,0,0,0,MARS|VENUS,VENUS|mirror|h0.18|n1.3|d360,MARS|mirror|h0.18|n1.6|d360,b1ab54126b45b207c0810b9af004827ef5844cc78347e5739ebadb64d06c1ddd
159,MOON|SATURN :: square,15,CONFLICT,BEARISH=1; BULLISH=5; CONFLICT=7; UNKNOWN=1,LOSS=10; WIN=18,0.12648634697626365,,,,,,,,repeated_across_timeframes; high_recurrence_group; multiple_active_aspects; unknown_outer_or_node_dignity; hard_aspect,shadbala_avg=54.92 | quote_dignity=neutral=1; unknown=1 | fx_doctrine=CONFLICT | fx_doctrine_net=-0.0117830554032096 | fx_conflict=0.0 | regime_active=2 | ml=WIN=2,bullish_return,benefic + malefic,hard,2025-06-20 18:30:00+05:30,2025-06-20 20:30:00+05:30,2,1,1,0,WIN=2,TAKE_PROFIT=2,0.3,54.91666666666666,Neutral,0.0,2,CONFLICT,-0.0117830554032096,0.0,,natal unknown 0V; transit neutral 10V,neutral=1; unknown=1,,0,0,0,0,MARS|VENUS,VENUS|mirror|h0.18|n1.3|d360,MARS|mirror|h0.18|n1.6|d360,5e24bd647c513c76c40f7d71581c8669cadb215204588328b15c4f44b021a6c1
160,KETU|MOON :: trine,14,UNKNOWN,BEARISH=1; BULLISH=1; UNKNOWN=10,LOSS=9; WIN=14,0.09166666666666666,,,,,,,,repeated_across_timeframes; high_recurrence_group; multiple_active_aspects; soft_aspect,shadbala_avg=56.75 | fx_doctrine=UNKNOWN | fx_doctrine_net=0.0 | fx_conflict=0.0 | regime_active=3 | ml=WIN=2,bullish_return,malefic + benefic,soft,2025-06-21 01:30:00+05:30,2025-06-21 04:30:00+05:30,2,1,1,0,WIN=2,TAKE_PROFIT=2,0.3,56.75,Neutral,0.0,3,UNKNOWN,0.0,0.0,,,,,0,0,0,0,MARS,MARS|mirror|h0.18|n1.6|d360,,b1fec566b4f36c6473c643f8569591bb80d2cc272628582c38287b7ac7d8813f
161,MERCURY|SATURN :: conjunction_orb,1,CONFLICT,CONFLICT=1,WIN=2,0.3,,,,,,,,repeated_across_timeframes; multiple_active_aspects; unknown_outer_or_node_dignity; hard_aspect,shadbala_avg=56.75 | quote_dignity=neutral=1; unknown=1 | fx_doctrine=CONFLICT | fx_doctrine_net=-0.0117830554032096 | fx_conflict=0.0 | regime_active=3 | ml=WIN=2,bullish_return,benefic + malefic,hard,2025-06-21 01:30:00+05:30,2025-06-21 04:30:00+05:30,2,1,1,0,WIN=2,TAKE_PROFIT=2,0.3,56.75,Neutral,0.0,3,CONFLICT,-0.0117830554032096,0.0,,natal unknown 0V; transit neutral 10V,neutral=1; unknown=1,,0,0,0,0,MARS,MARS|mirror|h0.18|n1.6|d360,,bb2d9e64976173bcfc75a52d00359e8cc50650bd51827d974f2e35c6adf6c4c7
162,AVG(ALL)|MARS :: square,4,BEARISH,BEARISH=2; CONFLICT=1; UNKNOWN=1,LOSS=7,-0.2,,,,,,,,repeated_across_timeframes; multiple_active_aspects; crowded_regime; quote_enemy_sign; unknown_outer_or_node_dignity; avg_all_composite; hard_aspect,shadbala_avg=51.43 | quote_dignity=enemy=1; neutral=1; own=1; unknown=1 | fx_doctrine=UNKNOWN | fx_doctrine_net=0.0 | fx_conflict=0.0 | regime_active=4 | ml=LOSS=2,bearish_return,mixed_classical + malefic,hard,2025-06-23 05:30:00+05:30,2025-06-23 20:30:00+05:30,2,1,1,0,LOSS=2,STOP_LOSS=2,-0.2,51.43333333333333,Neutral,0.0,4,UNKNOWN,0.0,0.0,,,enemy=1; neutral=1; own=1; unknown=1,,1,0,0,0,KETU,KETU|mirror|h0.18|n1.6|d360,,500431d43aee1aa0a5c04a72c6d775af910d0f3d5a08693945065d8dfc4c1f93
163,MARS|SUN :: trine,3,UNKNOWN,BEARISH=1; CONFLICT=1; UNKNOWN=1,LOSS=2; WIN=4,0.13333333333333333,,,,,,,,repeated_across_timeframes; multiple_active_aspects; crowded_regime; malefic_pair; soft_aspect,shadbala_avg=51.36 | fx_doctrine=UNKNOWN | fx_doctrine_net=0.0 | fx_conflict=0.0 | regime_active=4 | ml=LOSS=2,bearish_return,malefic + malefic,soft,2025-06-23 05:30:00+05:30,2025-06-23 15:30:00+05:30,2,1,1,0,LOSS=2,STOP_LOSS=2,-0.2,51.35833333333333,Neutral,0.0,4,UNKNOWN,0.0,0.0,,,,,0,0,0,0,KETU,KETU|mirror|h0.18|n1.6|d360,,cf8405904ab8cad6aa5f691656083ec76f391fadb5f79318bbbb20b0af800aa3
164,MOON|SUN :: trine,16,BULLISH,BEARISH=4; BULLISH=5; CONFLICT=2; UNKNOWN=4,LOSS=20; WIN=10,-0.03333333333333335,,,,,,,,repeated_across_timeframes; high_recurrence_group; multiple_active_aspects; crowded_regime; soft_aspect,shadbala_avg=50.46 | fx_doctrine=UNKNOWN | fx_doctrine_net=0.0 | fx_conflict=0.0 | regime_active=4 | ml=LOSS=2,bearish_return,benefic + malefic,soft,2025-06-23 05:30:00+05:30,2025-06-23 07:30:00+05:30,2,1,1,0,LOSS=2,STOP_LOSS=2,-0.2,50.458333333333336,Neutral,0.0,4,UNKNOWN,0.0,0.0,,,,,0,0,0,0,KETU,KETU|mirror|h0.18|n1.6|d360,,4650421406a5c94f8154978a442469123b717ec87ed5558aa0a28ed0425668f9
165,MARS|MOON :: square,16,BEARISH,BEARISH=9; BULLISH=4; CONFLICT=1; UNKNOWN=1,LOSS=18; WIN=11,-0.010549230209257576,,,,,,,,repeated_across_timeframes; high_recurrence_group; multiple_active_aspects; quote_enemy_sign; unknown_outer_or_node_dignity; hard_aspect,shadbala_avg=51.58 | quote_dignity=enemy=1; exaltation=4; friend=1; neutral=1; unknown=1 | base_dignity=friend=1; neutral=1 | fx_doctrine=BEARISH | fx_doctrine_net=-1.5927607350231945 | fx_conflict=0.291763835713195 | regime_active=3 | ml=LOSS=2,bearish_return,malefic + benefic,hard,2025-06-23 09:30:00+05:30,2025-06-23 11:30:00+05:30,2,1,1,0,LOSS=2,STOP_LOSS=2,-0.2,51.583333333333336,Neutral,0.0,3,BEARISH,-1.5927607350231945,0.291763835713195,natal neutral 10V; transit friend 15V,natal enemy 4V; transit exaltation 60V,enemy=1; exaltation=4; friend=1; neutral=1; unknown=1,friend=1; neutral=1,1,0,0,0,KETU,KETU|mirror|h0.18|n1.6|d360,,7394cf4ee969791d7740cbb108726f5e7fb6261538c7d87c6156758da84a4b1f
166,JUPITER|MOON :: opposition_orb,7,BULLISH,BULLISH=5; CONFLICT=1,LOSS=2; WIN=10,0.21666666666666665,,,,,,,,repeated_across_timeframes; multiple_active_aspects; quote_enemy_sign; hard_aspect,shadbala_avg=51.95 | quote_dignity=enemy=1; neutral=1 | base_dignity=exaltation=1; neutral=1 | fx_doctrine=BULLISH | fx_doctrine_net=0.3428714687418012 | fx_conflict=0.0 | regime_active=2 | ml=WIN=2,bullish_return,benefic + benefic,hard,2025-06-23 18:30:00+05:30,2025-06-23 22:30:00+05:30,2,1,1,0,WIN=2,TAKE_PROFIT=2,0.3,51.94791666666666,Neutral,0.0,2,BULLISH,0.3428714687418012,0.0,natal neutral 10V; transit exaltation 60V,natal neutral 10V; transit enemy 4V,enemy=1; neutral=1,exaltation=1; neutral=1,1,0,0,0,MOON,MOON|mirror|h0.18|n1.4|d360,,e9d004b108b172d2efdb7ed6b12dff84014a3ba1ae709e1ebf2a35d9aa53da97
167,MERCURY|MOON :: trine,17,BULLISH,BEARISH=2; BULLISH=8; CONFLICT=2; UNKNOWN=2,LOSS=10; WIN=16,0.0857142857142857,,,,,,,,repeated_across_timeframes; high_recurrence_group; multiple_active_aspects; quote_enemy_sign; soft_aspect,shadbala_avg=51.58 | quote_dignity=enemy=2 | fx_doctrine=BULLISH | fx_doctrine_net=0.6459436051523463 | fx_conflict=0.0 | regime_active=3 | ml=WIN=2,bullish_return,benefic + benefic,soft,2025-06-23 19:30:00+05:30,2025-06-23 21:30:00+05:30,2,1,1,0,WIN=2,TAKE_PROFIT=2,0.3,51.583333333333336,Neutral,0.0,3,BULLISH,0.6459436051523463,0.0,,natal enemy 4V; transit enemy 4V,enemy=2,,2,0,0,0,PLUTO,PLUTO|direct|h0.18|n1.5|d360,,e16702381b7bdf244e2391e8065b724c6790b55ed15c4df3fe11e249763efdb1
168,MOON|VENUS :: square,12,BEARISH,BEARISH=8; BULLISH=1; CONFLICT=1,LOSS=12; WIN=7,-1.1102230246251566e-17,,,,,,,,high_recurrence_group; strong_shadbala; unknown_outer_or_node_dignity; hard_aspect,shadbala_avg=58.25 | base_dignity=exaltation=1; neutral=1; own=1; unknown=1 | fx_doctrine=BEARISH | fx_doctrine_net=-0.6457811316833687 | fx_conflict=0.2225605156295224 | regime_active=1 | ml=WIN=1,bullish_return,benefic + benefic,hard,2025-06-24 07:30:00+05:30,2025-06-24 09:30:00+05:30,1,1,0,0,WIN=1,TAKE_PROFIT=1,0.3,58.25,Neutral,0.0,1,BEARISH,-0.6457811316833687,0.2225605156295224,natal own 30V; transit exaltation 60V,,,exaltation=1; neutral=1; own=1; unknown=1,0,0,0,0,MARS|MERCURY,MARS|mirror|h0.18|n1.6|d360,MERCURY|mirror|h0.18|n1.5|d360,53fea896aedce190c07ed6cee3faac969b7d641099f1d1417a4b36cb4e1eab41
169,AVG(ALL)|MOON :: square,18,BEARISH,BEARISH=13; BULLISH=2,LOSS=7; WIN=21,0.16666666666666666,,,,,,,,repeated_across_timeframes; high_recurrence_group; quote_enemy_sign; unknown_outer_or_node_dignity; avg_all_composite; hard_aspect,shadbala_avg=55.75 | quote_dignity=enemy=2; friend=1; neutral=5; unknown=2 | base_dignity=friend=1; neutral=1 | fx_doctrine=BEARISH | fx_doctrine_net=-1.6697066591513914 | fx_conflict=0.0 | regime_active=1 | ml=LOSS=2,bearish_return,mixed_classical + benefic,hard,2025-06-24 23:30:00+05:30,2025-06-25 01:30:00+05:30,2,1,1,0,LOSS=2,STOP_LOSS=2,-0.2,55.75,Neutral,0.0,1,BEARISH,-1.6697066591513914,0.0,natal unknown 0V; transit exaltation 60V,,enemy=2; friend=1; neutral=5; unknown=2,friend=1; neutral=1,2,0,0,0,MOON|NEPTUNE,NEPTUNE|direct|h0.18|n1.3|d360,MOON|mirror|h0.18|n1.4|d360,4421388aeac67647313e8c442409037b658cd6ee9993b23bd47a15632c310b10
170,AVG(ALL)|JUPITER :: opposition_orb,3,,,,,,,,,,,,not_in_current_candidate_csv; multiple_active_aspects; base_enemy_sign; unknown_outer_or_node_dignity; avg_all_composite; hard_aspect,shadbala_avg=54.05 | quote_dignity=friend=1; neutral=2; unknown=1 | base_dignity=enemy=1; exaltation=2; friend=2; neutral=3; unknown=4 | regime_active=2,,mixed_classical + benefic,hard,2025-06-25 00:30:00+05:30,2025-06-26 00:30:00+05:30,0,0,0,0,,,,54.04861111111112,Neutral,1.5760186609293214,2,,,,,,friend=1; neutral=2; unknown=1,enemy=1; exaltation=2; friend=2; neutral=3; unknown=4,0,1,0,0,RAHU|SATURN,SATURN|direct|h0.18|n1.3|d360,RAHU|direct|h0.18|n1.4|d360,e91126442502d2d7761980226ba68470d35c98ceeecf19856450bbf8b7ea4b40
171,KETU|MOON :: opposition_orb,8,BEARISH,BEARISH=5; BULLISH=1,LOSS=5; WIN=6,0.04999999999999999,,,,,,,,repeated_across_timeframes; multiple_active_aspects; base_enemy_sign; unknown_outer_or_node_dignity; hard_aspect,shadbala_avg=56.22 | base_dignity=enemy=1; friend=4; unknown=1 | fx_doctrine=BEARISH | fx_doctrine_net=-0.4414397929534581 | fx_conflict=0.121395010428568 | regime_active=3 | ml=WIN=2,bullish_return,malefic + benefic,hard,2025-06-25 02:30:00+05:30,2025-06-25 06:30:00+05:30,2,1,1,0,WIN=2,TAKE_PROFIT=2,0.3,56.21875,Neutral,0.0,3,BEARISH,-0.4414397929534581,0.121395010428568,natal enemy 4V; transit friend 15V,,,enemy=1; friend=4; unknown=1,0,1,0,0,SATURN|VENUS,VENUS|mirror|h0.18|n1.3|d360,SATURN|direct|h0.18|n1.3|d360,30575cbcab02c0508b3e5aab328926f009371b89f96e200cebfe2e1dcc1d30e3
172,MOON|RAHU :: conjunction_orb,8,BEARISH,BEARISH=5; BULLISH=1,LOSS=5; WIN=6,0.04999999999999999,,,,,,,,repeated_across_timeframes; multiple_active_aspects; base_enemy_sign; unknown_outer_or_node_dignity; hard_aspect,shadbala_avg=56.22 | base_dignity=enemy=1; friend=2; unknown=1 | fx_doctrine=BEARISH | fx_doctrine_net=-0.5122108997075324 | fx_conflict=0.0 | regime_active=3 | ml=WIN=2,bullish_return,benefic + malefic,hard,2025-06-25 02:30:00+05:30,2025-06-25 06:30:00+05:30,2,1,1,0,WIN=2,TAKE_PROFIT=2,0.3,56.21875,Neutral,7.590687369404351,3,BEARISH,-0.5122108997075324,0.0,natal enemy 4V; transit friend 15V,,,enemy=1; friend=2; unknown=1,0,1,0,0,SATURN|VENUS,VENUS|mirror|h0.18|n1.3|d360,SATURN|direct|h0.18|n1.3|d360,6d5f5f17b450161ae694151b03a95383df73772fafc81f1e22fd631f80d869fc
173,AVG(ALL)|MERCURY :: trine,6,BULLISH,BULLISH=3; CONFLICT=2; UNKNOWN=1,LOSS=8; WIN=4,-0.03333333333333335,,,,,,,,repeated_across_timeframes; multiple_active_aspects; crowded_regime; quote_enemy_sign; unknown_outer_or_node_dignity; avg_all_composite; soft_aspect,shadbala_avg=54.02 | quote_dignity=enemy=2; neutral=3; unknown=1 | base_dignity=friend=1; neutral=1; unknown=2 | fx_doctrine=BULLISH | fx_doctrine_net=0.2253835369352739 | fx_conflict=0.0 | regime_active=4 | ml=LOSS=2,bearish_return,mixed_classical + benefic,soft,2025-06-25 05:30:00+05:30,2025-06-25 21:30:00+05:30,2,1,1,0,LOSS=2,STOP_LOSS=2,-0.2,54.01822916666666,Neutral,0.0,4,BULLISH,0.2253835369352739,0.0,natal neutral 10V; transit unknown 0V,natal unknown 0V; transit enemy 4V,enemy=2; neutral=3; unknown=1,friend=1; neutral=1; unknown=2,2,0,0,0,SATURN|VENUS,VENUS|mirror|h0.18|n1.3|d360,SATURN|direct|h0.18|n1.3|d360,8fe84031937c88cceca97d043df927ca3f8d84339ebeead4ee6bb5266821829a
174,MARS|MOON :: trine,17,BULLISH,BEARISH=2; BULLISH=7; CONFLICT=6,LOSS=17; WIN=12,-1.1102230246251566e-17,,,,,,,,repeated_across_timeframes; high_recurrence_group; multiple_active_aspects; unknown_outer_or_node_dignity; soft_aspect,shadbala_avg=55.75 | quote_dignity=friend=4; neutral=1; unknown=3 | base_dignity=friend=1; unknown=1 | fx_doctrine=BULLISH | fx_doctrine_net=0.1053593039305245 | fx_conflict=0.3717390085954696 | regime_active=3 | ml=LOSS=2,bearish_return,malefic + benefic,soft,2025-06-25 10:30:00+05:30,2025-06-25 12:30:00+05:30,2,1,1,0,LOSS=2,STOP_LOSS=2,-0.2,55.75,Neutral,0.0,3,BULLISH,0.1053593039305245,0.3717390085954696,natal unknown 0V; transit friend 15V,natal unknown 0V; transit friend 15V,friend=4; neutral=1; unknown=3,friend=1; unknown=1,0,0,0,0,NEPTUNE|SATURN,SATURN|direct|h0.18|n1.3|d360,NEPTUNE|direct|h0.18|n1.3|d360,01fc2e076174fa1c675a40f26bbc3fb6a43f6881308a3d19868607424c613e57
175,MOON|VENUS :: trine,17,UNKNOWN,BEARISH=3; BULLISH=1; CONFLICT=5; UNKNOWN=6,LOSS=8; WIN=20,0.16666666666666666,,,,,,,,repeated_across_timeframes; high_recurrence_group; low_shadbala; unknown_outer_or_node_dignity; soft_aspect,shadbala_avg=49.08 | base_dignity=neutral=1; unknown=1 | fx_doctrine=BEARISH | fx_doctrine_net=-0.0841958424612144 | fx_conflict=0.0 | regime_active=1 | ml=WIN=2,bullish_return,benefic + benefic,soft,2025-06-26 08:30:00+05:30,2025-06-26 11:30:00+05:30,2,1,1,0,WIN=2,TAKE_PROFIT=2,0.3,49.083333333333336,Neutral,0.0,1,BEARISH,-0.0841958424612144,0.0,natal unknown 0V; transit neutral 10V,,,neutral=1; unknown=1,0,0,0,0,NEPTUNE|RAHU,NEPTUNE|direct|h0.18|n1.3|d360,RAHU|direct|h0.18|n1.4|d360,6198d4a120bf87e28a4a88d421797043947e06097b7c808063e93a25d14521d7
176,MOON|SATURN :: conjunction_orb,8,BULLISH,BEARISH=1; BULLISH=4; CONFLICT=3,LOSS=8; WIN=7,0.04999999999999999,,,,,,,,repeated_across_timeframes; unknown_outer_or_node_dignity; hard_aspect,shadbala_avg=50.12 | quote_dignity=neutral=1; unknown=1 | fx_doctrine=CONFLICT | fx_doctrine_net=-0.0077861396184683 | fx_conflict=0.0 | regime_active=1 | ml=WIN=2,bullish_return,benefic + malefic,hard,2025-06-26 21:30:00+05:30,2025-06-27 01:30:00+05:30,2,1,1,0,WIN=2,TAKE_PROFIT=2,0.3,50.125,Neutral,16.389238146555268,1,CONFLICT,-0.0077861396184683,0.0,,natal unknown 0V; transit neutral 10V,neutral=1; unknown=1,,0,0,0,0,VENUS,VENUS|mirror|h0.18|n1.3|d360,,dc55407b8f995b6b4ba63d6ad6eabadb27388ebee56db7be317768383690f57d
177,AVG(ALL)|MOON :: trine,18,BULLISH,BEARISH=2; BULLISH=10; CONFLICT=2; UNKNOWN=2,LOSS=14; WIN=18,0.08124999999999999,,,,,,,,repeated_across_timeframes; high_recurrence_group; multiple_active_aspects; quote_enemy_sign; unknown_outer_or_node_dignity; avg_all_composite; soft_aspect,shadbala_avg=51.69 | quote_dignity=enemy=1; neutral=1 | base_dignity=friend=1; neutral=2; own=1; unknown=2 | fx_doctrine=BULLISH | fx_doctrine_net=0.2877221807950814 | fx_conflict=0.0 | regime_active=2 | ml=WIN=2,bullish_return,mixed_classical + benefic,soft,2025-06-27 01:30:00+05:30,2025-06-27 03:30:00+05:30,2,1,1,0,WIN=2,TAKE_PROFIT=2,0.3,51.6875,Neutral,0.0,2,BULLISH,0.2877221807950814,0.0,,natal enemy 4V; transit friend 15V,enemy=1; neutral=1,friend=1; neutral=2; own=1; unknown=2,1,0,0,0,VENUS,VENUS|mirror|h0.18|n1.3|d360,,18283256c5669f06dddc970ed9481609e20fb354c7a545ac19ca9cfcb6e4367e
178,MOON|SUN :: opposition_orb,7,BEARISH,BEARISH=4; BULLISH=3,LOSS=10; WIN=3,-0.057142857142857155,,,,,,,,unknown_outer_or_node_dignity; hard_aspect,shadbala_avg=50.75 | quote_dignity=own=1; unknown=1 | base_dignity=neutral=1; own=1 | fx_doctrine=BULLISH | fx_doctrine_net=0.2296034235134101 | fx_conflict=0.0 | regime_active=1 | ml=WIN=1,bullish_return,benefic + malefic,hard,2025-06-27 06:30:00+05:30,2025-06-27 11:30:00+05:30,1,1,0,0,WIN=1,TAKE_PROFIT=1,0.3,50.75,Neutral,24.224496360893685,1,BULLISH,0.2296034235134101,0.0,natal own 30V; transit neutral 10V,natal unknown 0V; transit own 30V,own=1; unknown=1,neutral=1; own=1,0,0,0,0,MERCURY|SATURN,SATURN|direct|h0.18|n1.3|d360,MERCURY|mirror|h0.18|n1.5|d360,d0336b3246a8b2d30f59338120784d9007ac2a2c3ee7397fa6e097a4b0987a4c
179,JUPITER|MOON :: trine,16,BULLISH,BEARISH=1; BULLISH=12; CONFLICT=1; UNKNOWN=1,LOSS=20; WIN=8,-0.03333333333333335,,,,,,,,repeated_across_timeframes; high_recurrence_group; multiple_active_aspects; quote_enemy_sign; soft_aspect,shadbala_avg=50.75 | quote_dignity=enemy=1; neutral=1 | base_dignity=neutral=1; own=1 | fx_doctrine=BEARISH | fx_doctrine_net=-0.0661808266916526 | fx_conflict=0.0 | regime_active=2 | ml=WIN=2,bullish_return,benefic + benefic,soft,2025-06-27 22:30:00+05:30,2025-06-28 01:30:00+05:30,2,1,1,0,WIN=2,TAKE_PROFIT=2,0.3,50.75,Neutral,0.0,2,BEARISH,-0.0661808266916526,0.0,natal neutral 10V; transit own 30V,natal neutral 10V; transit enemy 4V,enemy=1; neutral=1,neutral=1; own=1,1,0,0,0,NEPTUNE|SATURN,SATURN|direct|h0.18|n1.3|d360,NEPTUNE|direct|h0.18|n1.3|d360,b683b2d3979045d139923f71487a161c607ab10bece5462b97a63625146b6c4b
180,MERCURY|MOON :: opposition_orb,7,BULLISH,BEARISH=2; BULLISH=4,LOSS=6; WIN=5,0.04999999999999999,,,,,,,,repeated_across_timeframes; multiple_active_aspects; quote_enemy_sign; hard_aspect,shadbala_avg=50.91 | quote_dignity=enemy=2 | base_dignity=neutral=1; own=1 | fx_doctrine=BEARISH | fx_doctrine_net=-0.1771487489777624 | fx_conflict=0.0 | regime_active=2 | ml=WIN=2,bullish_return,benefic + benefic,hard,2025-06-27 22:30:00+05:30,2025-06-28 02:30:00+05:30,2,1,1,0,WIN=2,TAKE_PROFIT=2,0.3,50.90625,Neutral,0.0,2,BEARISH,-0.1771487489777624,0.0,natal neutral 10V; transit own 30V,natal enemy 4V; transit enemy 4V,enemy=2,neutral=1; own=1,2,0,0,0,NEPTUNE|SATURN,SATURN|direct|h0.18|n1.3|d360,NEPTUNE|direct|h0.18|n1.3|d360,b646a46bc6df9aca76786d7ee735d20c597117fde01dd0e4293c7e5d8935da40
181,AVG(ALL)|VENUS :: square,6,BEARISH,BEARISH=5; CONFLICT=1,LOSS=6; WIN=4,0.04999999999999999,,,,,,,,unknown_outer_or_node_dignity; avg_all_composite; hard_aspect,shadbala_avg=51.38 | quote_dignity=own=1; unknown=1 | base_dignity=neutral=1; own=1 | fx_doctrine=BEARISH | fx_doctrine_net=-0.1923964517438961 | fx_conflict=0.0 | regime_active=1 | ml=WIN=1,bullish_return,mixed_classical + benefic,hard,2025-06-28 03:30:00+05:30,2025-06-28 04:30:00+05:30,1,1,0,0,WIN=1,TAKE_PROFIT=1,0.3,51.375,Neutral,0.0,1,BEARISH,-0.1923964517438961,0.0,natal own 30V; transit unknown 0V,,own=1; unknown=1,neutral=1; own=1,0,0,0,0,MERCURY|SATURN,MERCURY|mirror|h0.18|n1.5|d360,SATURN|direct|h0.18|n1.3|d360,612bf762deab54d1eb8217d188afa6458b23427dacfc27ff2b6b0cc9874c4474
182,JUPITER|MARS :: square,1,UNKNOWN,UNKNOWN=1,LOSS=1,-0.2,,,,,,,,multiple_active_aspects; crowded_regime; swing_duration_1d_to_5d; hard_aspect,shadbala_avg=50.99 | fx_doctrine=UNKNOWN | fx_doctrine_net=0.0 | fx_conflict=0.0 | regime_active=4 | ml=LOSS=1,bearish_return,benefic + malefic,hard,2025-06-30 05:30:00+05:30,2025-07-02 00:30:00+05:30,1,0,1,0,LOSS=1,STOP_LOSS=1,-0.2,50.9874031007752,Neutral,0.0,4,UNKNOWN,0.0,0.0,,,,,0,0,0,0,MARS|MOON,MARS|mirror|h0.18|n1.6|d360,MOON|mirror|h0.18|n1.6|d360,afe7bd7edfa1d8be6770d6c15bd166e4a2b040429c55b46bf7ec3c68a32b4cdf
183,JUPITER|MOON :: square,13,BEARISH,BEARISH=5; BULLISH=2; CONFLICT=3; UNKNOWN=2,LOSS=14; WIN=10,0.008333333333333323,,,,,,,,repeated_across_timeframes; high_recurrence_group; multiple_active_aspects; crowded_regime; hard_aspect,shadbala_avg=51.17 | fx_doctrine=UNKNOWN | fx_doctrine_net=0.0 | fx_conflict=0.0 | regime_active=4 | ml=LOSS=2,bearish_return,benefic + benefic,hard,2025-06-30 05:30:00+05:30,2025-06-30 08:30:00+05:30,2,1,1,0,LOSS=2,STOP_LOSS=2,-0.2,51.16666666666666,Neutral,0.0,4,UNKNOWN,0.0,0.0,,,,,0,0,0,0,MARS|MOON,MARS|mirror|h0.18|n1.6|d360,MOON|mirror|h0.18|n1.6|d360,91e03c709f644c9e007dff78d3af1ae9ff3f2a9ad2e798429782e297b87a36b7
184,MOON|VENUS :: opposition_orb,8,BEARISH,BEARISH=7; BULLISH=1,LOSS=6; WIN=9,0.11249999999999999,,,,,,,,multiple_active_aspects; crowded_regime; hard_aspect,shadbala_avg=51.17 | base_dignity=friend=1; own=1 | fx_doctrine=BEARISH | fx_doctrine_net=-0.1690854871502949 | fx_conflict=0.0 | regime_active=4 | ml=WIN=1,bullish_return,benefic + benefic,hard,2025-06-30 19:30:00+05:30,2025-06-30 23:30:00+05:30,1,1,0,0,WIN=1,TAKE_PROFIT=1,0.3,51.16666666666666,Neutral,10.75308078714329,4,BEARISH,-0.1690854871502949,0.0,natal own 30V; transit friend 15V,,,friend=1; own=1,0,0,0,0,MERCURY,MERCURY|mirror|h0.18|n1.5|d360,,86842fab25d4d5ff2ca28b19614799e2651fbcd94046f0fc3b5732caa3ebe959
185,AVG(ALL)|MOON :: opposition_orb,10,BEARISH,BEARISH=4; BULLISH=2; CONFLICT=3; UNKNOWN=1,LOSS=10; WIN=10,0.04999999999999999,,,,,,,,repeated_across_timeframes; high_recurrence_group; multiple_active_aspects; crowded_regime; base_enemy_sign; unknown_outer_or_node_dignity; avg_all_composite; hard_aspect,shadbala_avg=50.75 | quote_dignity=neutral=1; unknown=1 | base_dignity=enemy=1; neutral=2; unknown=1 | fx_doctrine=BEARISH | fx_doctrine_net=-0.1745909361012782 | fx_conflict=0.0 | regime_active=4 | ml=LOSS=2,bearish_return,mixed_classical + benefic,hard,2025-07-01 13:30:00+05:30,2025-07-01 18:30:00+05:30,2,1,1,0,LOSS=2,STOP_LOSS=2,-0.2,50.75,Neutral,0.0,4,BEARISH,-0.1745909361012782,0.0,natal enemy 4V; transit unknown 0V,,neutral=1; unknown=1,enemy=1; neutral=2; unknown=1,0,1,0,0,MOON|VENUS,MOON|direct|h0.18|n1.8|d360,VENUS|mirror|h0.18|n1.3|d360,2aece4e14a58020d6914561d6ed675161b4ee298eaf1837afeca9c2a2efecc99
186,KETU|MOON :: square,14,BULLISH,BULLISH=11; CONFLICT=1,LOSS=20; WIN=4,-0.11666666666666668,,,,,,,,repeated_across_timeframes; high_recurrence_group; multiple_active_aspects; crowded_regime; unknown_outer_or_node_dignity; hard_aspect,shadbala_avg=50.75 | quote_dignity=friend=1; unknown=1 | base_dignity=friend=2 | fx_doctrine=BULLISH | fx_doctrine_net=0.1666310787984628 | fx_conflict=0.0 | regime_active=5 | ml=WIN=2,bullish_return,malefic + benefic,hard,2025-07-01 20:30:00+05:30,2025-07-01 22:30:00+05:30,2,1,1,0,WIN=2,TAKE_PROFIT=2,0.3,50.75,Neutral,0.0,5,BULLISH,0.1666310787984628,0.0,natal friend 15V; transit friend 15V,,friend=1; unknown=1,friend=2,0,0,0,0,JUPITER|URANUS,URANUS|mirror|h0.18|n1.3|d360,JUPITER|mirror|h0.18|n1.4|d360,8da39d0064432a4af791e4c972caa0abd0627a8fa3be0403ce58d27f0ce715b1
187,MOON|RAHU :: square,14,BULLISH,BEARISH=2; BULLISH=9; CONFLICT=1,LOSS=20; WIN=4,-0.11666666666666668,,,,,,,,repeated_across_timeframes; high_recurrence_group; multiple_active_aspects; crowded_regime; base_enemy_sign; unknown_outer_or_node_dignity; hard_aspect,shadbala_avg=50.75 | quote_dignity=friend=1; unknown=1 | base_dignity=enemy=1; friend=2; unknown=1 | fx_doctrine=BULLISH | fx_doctrine_net=0.1614063881181721 | fx_conflict=0.0304016018556572 | regime_active=5 | ml=WIN=2,bullish_return,benefic + malefic,hard,2025-07-01 20:30:00+05:30,2025-07-01 22:30:00+05:30,2,1,1,0,WIN=2,TAKE_PROFIT=2,0.3,50.75,Neutral,0.0,5,BULLISH,0.1614063881181721,0.0304016018556572,natal friend 15V; transit friend 15V,,friend=1; unknown=1,enemy=1; friend=2; unknown=1,0,1,0,0,JUPITER|URANUS,URANUS|mirror|h0.18|n1.3|d360,JUPITER|mirror|h0.18|n1.4|d360,e62386019c2aad9d252e6eb9e7afd28a07d81cad82868e34f45c67b87a4498c4
188,MOON|SUN :: trine,16,BULLISH,BEARISH=4; BULLISH=5; CONFLICT=2; UNKNOWN=4,LOSS=20; WIN=10,-0.03333333333333335,,,,,,,,repeated_across_timeframes; high_recurrence_group; multiple_active_aspects; crowded_regime; unknown_outer_or_node_dignity; soft_aspect,shadbala_avg=50.75 | quote_dignity=friend=1; unknown=1 | base_dignity=friend=2; neutral=1; unknown=1 | fx_doctrine=CONFLICT | fx_doctrine_net=-0.0207152865312444 | fx_conflict=0.4312668776103812 | regime_active=7 | ml=WIN=2,bullish_return,benefic + malefic,soft,2025-07-01 22:30:00+05:30,2025-07-02 01:30:00+05:30,2,1,1,0,WIN=2,TAKE_PROFIT=2,0.3,50.75,Neutral,0.0,7,CONFLICT,-0.0207152865312444,0.4312668776103812,natal unknown 0V; transit neutral 10V,,friend=1; unknown=1,friend=2; neutral=1; unknown=1,0,0,0,0,VENUS,VENUS|mirror|h0.18|n1.3|d360,,528d95ae1e0b8f6c20b7f1a779f403669a8944eb857fc52c5a51744423626267
189,MERCURY|MOON :: trine,17,BULLISH,BEARISH=2; BULLISH=8; CONFLICT=2; UNKNOWN=2,LOSS=10; WIN=16,0.0857142857142857,,,,,,,,high_recurrence_group; multiple_active_aspects; soft_aspect,shadbala_avg=50.75 | base_dignity=friend=1; neutral=1 | fx_doctrine=BULLISH | fx_doctrine_net=0.2278545747088349 | fx_conflict=0.0 | regime_active=3 | ml=LOSS=1,bearish_return,benefic + benefic,soft,2025-07-02 15:30:00+05:30,2025-07-02 18:30:00+05:30,1,1,0,0,LOSS=1,STOP_LOSS=1,-0.2,50.75,Neutral,0.0,3,BULLISH,0.2278545747088349,0.0,natal neutral 10V; transit friend 15V,,,friend=1; neutral=1,0,0,0,0,MERCURY,MERCURY|mirror|h0.18|n1.5|d360,,d359b7af6b71682903d5e332bb5496681886de062aeffc95b3e057b7d2e6e52a
190,MOON|SATURN :: square,15,CONFLICT,BEARISH=1; BULLISH=5; CONFLICT=7; UNKNOWN=1,LOSS=10; WIN=18,0.12648634697626365,,,,,,,,repeated_across_timeframes; high_recurrence_group; multiple_active_aspects; low_shadbala; unknown_outer_or_node_dignity; hard_aspect,shadbala_avg=49.50 | quote_dignity=neutral=1; unknown=1 | fx_doctrine=CONFLICT | fx_doctrine_net=-0.0047626770196632 | fx_conflict=0.0 | regime_active=3 | ml=WIN=2,bullish_return,benefic + malefic,hard,2025-07-03 23:30:00+05:30,2025-07-04 02:30:00+05:30,2,1,1,0,WIN=2,TAKE_PROFIT=2,0.3,49.5,Neutral,0.0,3,CONFLICT,-0.0047626770196632,0.0,,natal unknown 0V; transit neutral 10V,neutral=1; unknown=1,,0,0,0,0,RAHU|SATURN,SATURN|direct|h0.18|n1.3|d360,RAHU|direct|h0.18|n1.4|d360,11d4da65ce2da760a4bbf11c01c6a10ab47bb040dc363af363960a98d41dd962
191,MOON|RAHU :: trine,12,UNKNOWN,BEARISH=4; BULLISH=1; CONFLICT=2; UNKNOWN=5,LOSS=8; WIN=16,0.11818858220430173,,,,,,,,repeated_across_timeframes; high_recurrence_group; multiple_active_aspects; low_shadbala; base_enemy_sign; unknown_outer_or_node_dignity; soft_aspect,shadbala_avg=49.50 | base_dignity=enemy=1; unknown=1 | fx_doctrine=CONFLICT | fx_doctrine_net=-0.0020792495297405 | fx_conflict=0.0 | regime_active=3 | ml=WIN=2,bullish_return,benefic + malefic,soft,2025-07-04 08:30:00+05:30,2025-07-04 09:30:00+05:30,2,1,1,0,WIN=2,TIME_CLOSE_72H=2,0.1182629864516209,49.5,Neutral,0.0,3,CONFLICT,-0.0020792495297405,0.0,natal enemy 4V; transit unknown 0V,,,enemy=1; unknown=1,0,1,0,0,RAHU|SATURN,SATURN|direct|h0.18|n1.3|d360,RAHU|direct|h0.18|n1.4|d360,a4e2a89b0097d5ac21f1248584c5144544a55f9f94e4fa753dd0374c061a3873
192,MARS|MOON :: trine,17,BULLISH,BEARISH=2; BULLISH=7; CONFLICT=6,LOSS=17; WIN=12,-1.1102230246251566e-17,,,,,,,,repeated_across_timeframes; high_recurrence_group; multiple_active_aspects; low_shadbala; quote_enemy_sign; unknown_outer_or_node_dignity; soft_aspect,shadbala_avg=49.71 | quote_dignity=enemy=1; friend=2; neutral=1 | base_dignity=friend=1; unknown=1 | fx_doctrine=BULLISH | fx_doctrine_net=0.2798774321095051 | fx_conflict=0.3561966395564497 | regime_active=3 | ml=WIN=2,bullish_return,malefic + benefic,soft,2025-07-04 16:30:00+05:30,2025-07-04 19:30:00+05:30,2,1,1,0,WIN=2,TAKE_PROFIT=2,0.3,49.708333333333336,Neutral,0.0,3,BULLISH,0.2798774321095051,0.3561966395564497,natal unknown 0V; transit friend 15V,natal friend 15V; transit friend 15V,enemy=1; friend=2; neutral=1,friend=1; unknown=1,1,0,0,0,MARS,MARS|mirror|h0.18|n1.6|d360,,10058a3e1a5891b7c7671493fc1e270ed087bc3a33c822853869b0e61b482026
193,MARS|VENUS :: square,2,BULLISH,BULLISH=1,WIN=2,0.3,,,,,,,,repeated_across_timeframes; multiple_active_aspects; low_shadbala; unknown_outer_or_node_dignity; hard_aspect,shadbala_avg=49.50 | quote_dignity=friend=2 | base_dignity=friend=1; unknown=1 | fx_doctrine=BULLISH | fx_doctrine_net=0.3527162878200173 | fx_conflict=0.0 | regime_active=3 | ml=WIN=2,bullish_return,malefic + benefic,hard,2025-07-05 02:30:00+05:30,2025-07-05 04:30:00+05:30,2,1,1,0,WIN=2,TAKE_PROFIT=2,0.3,49.5,Neutral,0.0,3,BULLISH,0.3527162878200173,0.0,natal unknown 0V; transit friend 15V,natal friend 15V; transit friend 15V,friend=2,friend=1; unknown=1,0,0,0,0,MARS|MOON,MARS|mirror|h0.18|n1.6|d360,MOON|direct|h0.18|n1.7|d360,61293b98a57af6007477a0cd8d0d2c29dfe47e37b221ffd8017e88a908b679f6
194,AVG(ALL)|MERCURY :: trine,6,BULLISH,BULLISH=3; CONFLICT=2; UNKNOWN=1,LOSS=8; WIN=4,-0.03333333333333335,,,,,,,,repeated_across_timeframes; multiple_active_aspects; crowded_regime; base_enemy_sign; base_debilitation; unknown_outer_or_node_dignity; avg_all_composite; soft_aspect,shadbala_avg=53.74 | quote_dignity=friend=2; neutral=1; unknown=1 | base_dignity=debilitation=1; enemy=2; neutral=1; own=3; unknown=1 | fx_doctrine=CONFLICT | fx_doctrine_net=-0.0495218118525934 | fx_conflict=0.0 | regime_active=4 | ml=WIN=2,bullish_return,mixed_classical + benefic,soft,2025-07-08 08:30:00+05:30,2025-07-08 23:30:00+05:30,2,1,1,0,WIN=2,TAKE_PROFIT=2,0.3,53.74444444444445,Neutral,0.0,4,CONFLICT,-0.0495218118525934,0.0,,natal unknown 0V; transit enemy 4V,friend=2; neutral=1; unknown=1,debilitation=1; enemy=2; neutral=1; own=3; unknown=1,0,2,0,1,MOON,MOON|direct|h0.18|n1.6|d360,,2bebd72599eb29fbbfb21bd134e8f1f8bc113d03a15d77c8fac2b86dbc5f8843
195,AVG(ALL)|JUPITER :: opposition_orb,3,,,,,,,,,,,,not_in_current_candidate_csv; multiple_active_aspects; base_debilitation; unknown_outer_or_node_dignity; avg_all_composite; hard_aspect,shadbala_avg=54.09 | quote_dignity=neutral=1; unknown=1 | base_dignity=debilitation=1; unknown=1 | regime_active=3,,mixed_classical + benefic,hard,2025-07-08 05:30:00+05:30,2025-07-09 05:30:00+05:30,0,0,0,0,,,,54.08854166666666,Neutral,49.6944922694172,3,,,,,,neutral=1; unknown=1,debilitation=1; unknown=1,0,0,0,1,KETU|MOON,MOON|direct|h0.18|n1.6|d360,KETU|mirror|h0.18|n1.6|d360,6afb6aa1c768f56178741806203bc37b26de8193cc2cc6283d47fd27becacc20
196,AVG(ALL)|MOON :: square,18,BEARISH,BEARISH=13; BULLISH=2,LOSS=7; WIN=21,0.16666666666666666,,,,,,,,repeated_across_timeframes; high_recurrence_group; multiple_active_aspects; crowded_regime; quote_enemy_sign; unknown_outer_or_node_dignity; avg_all_composite; hard_aspect,shadbala_avg=55.75 | quote_dignity=enemy=1; unknown=1 | base_dignity=own=1; unknown=1 | fx_doctrine=BEARISH | fx_doctrine_net=-0.1704307719421537 | fx_conflict=0.3490107005050158 | regime_active=4 | ml=WIN=2,bullish_return,mixed_classical + benefic,hard,2025-07-09 02:30:00+05:30,2025-07-09 05:30:00+05:30,2,1,1,0,WIN=2,TAKE_PROFIT=2,0.3,55.75,Neutral,0.0,4,BEARISH,-0.1704307719421537,0.3490107005050158,natal unknown 0V; transit debilitation 0V,,enemy=1; unknown=1,own=1; unknown=1,1,0,0,0,KETU|MOON,MOON|direct|h0.18|n1.6|d360,KETU|mirror|h0.18|n1.6|d360,2ecebc70baa237fe0628d9d7f3401c1d8eb86bc517e9b80d24791fe8ce465794
197,KETU|MOON :: conjunction_orb,6,BULLISH,BEARISH=1; BULLISH=4,LOSS=5; WIN=4,-1.1102230246251566e-17,,,,,,,,repeated_across_timeframes; multiple_active_aspects; crowded_regime; base_enemy_sign; unknown_outer_or_node_dignity; hard_aspect,shadbala_avg=55.75 | quote_dignity=neutral=1; unknown=1 | base_dignity=enemy=1; friend=1; neutral=2 | fx_doctrine=BULLISH | fx_doctrine_net=0.1751094870564911 | fx_conflict=0.1458540965915744 | regime_active=4 | ml=LOSS=2,bearish_return,malefic + benefic,hard,2025-07-09 06:30:00+05:30,2025-07-09 11:30:00+05:30,2,1,1,0,LOSS=2,STOP_LOSS=2,-0.2,55.75,Neutral,0.0,4,BULLISH,0.1751094870564911,0.1458540965915744,natal friend 15V; transit neutral 10V,,neutral=1; unknown=1,enemy=1; friend=1; neutral=2,0,1,0,0,KETU|MOON,KETU|mirror|h0.18|n1.6|d360,MOON|direct|h0.18|n1.6|d360,798371ace9ddc1165723d7a500f459b641e0eecdc575ab78d98180adabc6317b
198,MOON|RAHU :: opposition_orb,6,BULLISH,BEARISH=2; BULLISH=2; CONFLICT=1,LOSS=5; WIN=4,-1.1102230246251566e-17,,,,,,,,repeated_across_timeframes; multiple_active_aspects; crowded_regime; base_enemy_sign; unknown_outer_or_node_dignity; hard_aspect,shadbala_avg=55.75 | quote_dignity=neutral=1; unknown=1 | base_dignity=enemy=1; neutral=1 | fx_doctrine=CONFLICT | fx_doctrine_net=-0.0360592001678239 | fx_conflict=0.0 | regime_active=4 | ml=LOSS=2,bearish_return,benefic + malefic,hard,2025-07-09 06:30:00+05:30,2025-07-09 11:30:00+05:30,2,1,1,0,LOSS=2,STOP_LOSS=2,-0.2,55.75,Neutral,13.20733341057348,4,CONFLICT,-0.0360592001678239,0.0,natal enemy 4V; transit neutral 10V,,neutral=1; unknown=1,enemy=1; neutral=1,0,1,0,0,KETU|MOON,KETU|mirror|h0.18|n1.6|d360,MOON|direct|h0.18|n1.6|d360,50a3cc5f2cefc46290e98c2eda59a32a48ac1168375ff360c79491ee4aefe479
199,MARS|VENUS :: opposition_orb,2,CONFLICT,CONFLICT=1,LOSS=1,-0.2,,,,,,,,multiple_active_aspects; crowded_regime; unknown_outer_or_node_dignity; long_duration_gt_5d; hard_aspect,shadbala_avg=55.65 | quote_dignity=friend=1; unknown=1 | base_dignity=neutral=1; own=1 | fx_doctrine=CONFLICT | fx_doctrine_net=0.0014470244667996 | fx_conflict=0.0 | regime_active=4 | ml=LOSS=1,bearish_return,malefic + benefic,hard,2025-07-10 21:30:00+05:30,2025-07-15 22:30:00+05:30,1,0,0,1,LOSS=1,STOP_LOSS=1,-0.2,55.650137741046834,Neutral,26.70091686586147,4,CONFLICT,0.0014470244667996,0.0,natal neutral 10V; transit own 30V,natal unknown 0V; transit friend 15V,friend=1; unknown=1,neutral=1; own=1,0,0,0,0,KETU|SUN,KETU|mirror|h0.18|n1.6|d360,SUN|mirror|h0.18|n1.5|d360,f3f50a9365d3968101bcb1b05ba476a00377d146cd8e39b01e7ec513e571488d
200,MERCURY|VENUS :: trine,4,UNKNOWN,BEARISH=1; BULLISH=1; CONFLICT=1; UNKNOWN=1,LOSS=3; WIN=4,0.04999999999999999,,,,,,,,multiple_active_aspects; crowded_regime; quote_enemy_sign; unknown_outer_or_node_dignity; swing_duration_1d_to_5d; soft_aspect,shadbala_avg=54.56 | quote_dignity=enemy=1; unknown=1 | base_dignity=neutral=1; own=1 | fx_doctrine=CONFLICT | fx_doctrine_net=0.0471223729001533 | fx_conflict=0.0 | regime_active=4 | ml=LOSS=1,bearish_return,benefic + benefic,soft,2025-07-10 16:30:00+05:30,2025-07-12 04:30:00+05:30,1,0,0,1,LOSS=1,STOP_LOSS=1,-0.2,54.55787037037037,Neutral,0.0,4,CONFLICT,0.0471223729001533,0.0,natal neutral 10V; transit own 30V,natal unknown 0V; transit enemy 4V,enemy=1; unknown=1,neutral=1; own=1,1,0,0,0,KETU|SUN,KETU|mirror|h0.18|n1.6|d360,SUN|mirror|h0.18|n1.5|d360,2dc3243d556e50be09f7c8e083c6059f2e0b80f719eac9f2513ce060cd86d3cb
201,MOON|SUN :: conjunction_orb,9,BULLISH,BEARISH=3; BULLISH=4; UNKNOWN=1,LOSS=5; WIN=10,0.11249999999999999,,,,,,,,not_in_current_candidate_csv; multiple_active_aspects; crowded_regime; unknown_outer_or_node_dignity; hard_aspect,shadbala_avg=54.50 | base_dignity=neutral=1; unknown=1 | regime_active=5,,benefic + malefic,hard,2025-07-11 17:30:00+05:30,2025-07-11 22:30:00+05:30,0,0,0,0,,,,54.5,Neutral,18.149122638565128,5,,,,,,,neutral=1; unknown=1,0,0,0,0,KETU|SUN,SUN|mirror|h0.18|n1.5|d360,KETU|mirror|h0.18|n1.6|d360,1c22ed0346d5425eb75b77db8a42ca2f7a2c2d48266954e673f3d310b41fb6ad
202,AVG(ALL)|MOON :: conjunction_orb,9,BULLISH,BEARISH=2; BULLISH=3; CONFLICT=1; UNKNOWN=2,LOSS=6; WIN=8,0.04999999999999999,,,,,,,,multiple_active_aspects; crowded_regime; high_fx_doctrine_conflict; quote_enemy_sign; base_enemy_sign; unknown_outer_or_node_dignity; avg_all_composite; swing_duration_1d_to_5d; hard_aspect,shadbala_avg=55.82 | quote_dignity=enemy=1; neutral=1 | base_dignity=enemy=1; neutral=1; own=1; unknown=1 | fx_doctrine=CONFLICT | fx_doctrine_net=-0.0071284255006181 | fx_conflict=0.4926317489879189 | regime_active=5 | ml=LOSS=1,bearish_return,mixed_classical + benefic,hard,2025-07-11 22:30:00+05:30,2025-07-15 04:30:00+05:30,1,0,1,0,LOSS=1,STOP_LOSS=1,-0.2,55.81677350427351,Neutral,35.106096947479266,5,CONFLICT,-0.0071284255006181,0.4926317489879189,,natal enemy 4V; transit neutral 10V,enemy=1; neutral=1,enemy=1; neutral=1; own=1; unknown=1,1,1,0,0,MOON|PLUTO,MOON|direct|h0.18|n1.5|d360,PLUTO|direct|h0.18|n1.5|d360,341c840233ad5f89a5dedc6f58ed4589142c7c3b1697c15528833cf82480f366
203,AVG(ALL)|SUN :: trine,5,CONFLICT,BEARISH=1; BULLISH=2; CONFLICT=2,LOSS=4; WIN=6,0.09999999999999999,,,,,,,,repeated_across_timeframes; multiple_active_aspects; crowded_regime; strong_shadbala; base_enemy_sign; unknown_outer_or_node_dignity; avg_all_composite; soft_aspect,shadbala_avg=57.47 | quote_dignity=neutral=2; own=1; unknown=1 | base_dignity=enemy=1; friend=1; own=2 | fx_doctrine=CONFLICT | fx_doctrine_net=-0.0455149371677983 | fx_conflict=0.0 | regime_active=7 | ml=WIN=2,bullish_return,mixed_classical + malefic,soft,2025-07-14 05:30:00+05:30,2025-07-14 21:30:00+05:30,2,1,1,0,WIN=2,TAKE_PROFIT=2,0.3,57.473958333333336,Neutral,0.0,7,CONFLICT,-0.0455149371677983,0.0,,natal unknown 0V; transit unknown 0V,neutral=2; own=1; unknown=1,enemy=1; friend=1; own=2,0,1,0,0,KETU|PLUTO,KETU|mirror|h0.18|n1.6|d360,PLUTO|direct|h0.18|n1.5|d360,d4603ccf3927a32164d37331126f114d26cdc21079bbd69d2e7783bcb003d37c
204,MARS|MOON :: conjunction_orb,5,BULLISH,BEARISH=1; BULLISH=4,IGNORE=2; LOSS=6; WIN=2,-0.05779368344548831,,,,,,,,repeated_across_timeframes; multiple_active_aspects; crowded_regime; strong_shadbala; unknown_outer_or_node_dignity; hard_aspect,shadbala_avg=57.23 | quote_dignity=exaltation=1; neutral=2; unknown=1 | base_dignity=friend=1; own=1 | fx_doctrine=BEARISH | fx_doctrine_net=-0.0956185387145324 | fx_conflict=0.0210095428160748 | regime_active=7 | ml=WIN=2,bullish_return,malefic + benefic,hard,2025-07-14 05:30:00+05:30,2025-07-14 09:30:00+05:30,2,1,1,0,WIN=2,TAKE_PROFIT=2,0.3,57.22916666666666,Neutral,0.0,7,BEARISH,-0.0956185387145324,0.0210095428160748,natal own 30V; transit friend 15V,natal exaltation 60V; transit neutral 10V,exaltation=1; neutral=2; unknown=1,friend=1; own=1,0,0,0,0,KETU|PLUTO,KETU|mirror|h0.18|n1.6|d360,PLUTO|direct|h0.18|n1.5|d360,9234226e311ce831c62928dd964f4247d5b18b3d6b95c15d1f4eb689120600e2
205,SATURN|SUN :: conjunction_orb,1,CONFLICT,CONFLICT=1,WIN=2,0.3,,,,,,,,repeated_across_timeframes; multiple_active_aspects; crowded_regime; unknown_outer_or_node_dignity; malefic_pair; swing_duration_1d_to_5d; hard_aspect,shadbala_avg=56.41 | quote_dignity=neutral=1; unknown=1 | fx_doctrine=CONFLICT | fx_doctrine_net=-0.0031381708868991 | fx_conflict=0.0 | regime_active=7 | ml=WIN=2,bullish_return,malefic + malefic,hard,2025-07-14 05:30:00+05:30,2025-07-16 21:30:00+05:30,2,0,1,1,WIN=2,TAKE_PROFIT=2,0.3,56.405598958333336,Neutral,0.0,7,CONFLICT,-0.0031381708868991,0.0,,natal unknown 0V; transit neutral 10V,neutral=1; unknown=1,,0,0,0,0,KETU|PLUTO,KETU|mirror|h0.18|n1.6|d360,PLUTO|direct|h0.18|n1.5|d360,8076063d8c216f5616d89d801878b8eaf9ff9f2a74728f020737dfaf09b064cd
206,JUPITER|MOON :: square,13,BEARISH,BEARISH=5; BULLISH=2; CONFLICT=3; UNKNOWN=2,LOSS=14; WIN=10,0.008333333333333323,,,,,,,,repeated_across_timeframes; high_recurrence_group; multiple_active_aspects; crowded_regime; strong_shadbala; hard_aspect,shadbala_avg=57.56 | base_dignity=neutral=1; own=1 | fx_doctrine=BULLISH | fx_doctrine_net=0.8704195992461786 | fx_conflict=0.0 | regime_active=7 | ml=WIN=2,bullish_return,benefic + benefic,hard,2025-07-14 16:30:00+05:30,2025-07-14 19:30:00+05:30,2,1,1,0,WIN=2,TAKE_PROFIT=2,0.3,57.55555555555556,Neutral,0.0,7,BULLISH,0.8704195992461786,0.0,natal own 30V; transit neutral 10V,,,neutral=1; own=1,0,0,0,0,PLUTO|VENUS,PLUTO|direct|h0.18|n1.5|d360,VENUS|mirror|h0.18|n1.4|d360,8c72811616dfa1d3a9fb61cf4d7667938685067ebc196d9f3ee29c010fe84fba
207,AVG(ALL)|MARS :: square,4,BEARISH,BEARISH=2; CONFLICT=1; UNKNOWN=1,LOSS=7,-0.2,,,,,,,,repeated_across_timeframes; multiple_active_aspects; crowded_regime; base_enemy_sign; unknown_outer_or_node_dignity; avg_all_composite; swing_duration_1d_to_5d; hard_aspect,shadbala_avg=55.46 | quote_dignity=friend=2; neutral=1; unknown=1 | base_dignity=enemy=1; unknown=1 | fx_doctrine=BEARISH | fx_doctrine_net=-0.2766523407189766 | fx_conflict=0.4087883979578246 | regime_active=6 | ml=LOSS=2,bearish_return,mixed_classical + malefic,hard,2025-07-15 13:30:00+05:30,2025-07-16 16:30:00+05:30,2,0,1,1,LOSS=2,STOP_LOSS=2,-0.2,55.45679012345679,Neutral,0.0,6,BEARISH,-0.2766523407189766,0.4087883979578246,,natal exaltation 60V; transit unknown 0V,friend=2; neutral=1; unknown=1,enemy=1; unknown=1,0,1,0,0,JUPITER|MERCURY,MERCURY|mirror|h0.18|n1.6|d360,JUPITER|mirror|h0.18|n1.5|d360,b4e368c2d7a0297120517f84e6359f74132e3de02cad9cad0820256c6ac190a1
208,MOON|SATURN :: trine,14,BULLISH,BEARISH=2; BULLISH=6; CONFLICT=3; UNKNOWN=1,LOSS=14; WIN=9,-0.004417769067450145,,,,,,,,repeated_across_timeframes; high_recurrence_group; multiple_active_aspects; crowded_regime; unknown_outer_or_node_dignity; soft_aspect,shadbala_avg=55.33 | quote_dignity=neutral=1; unknown=1 | fx_doctrine=CONFLICT | fx_doctrine_net=-0.0031968782528573 | fx_conflict=0.0 | regime_active=6 | ml=LOSS=2,bearish_return,benefic + malefic,soft,2025-07-15 20:30:00+05:30,2025-07-15 22:30:00+05:30,2,1,1,0,LOSS=2,STOP_LOSS=2,-0.2,55.333333333333336,Neutral,0.0,6,CONFLICT,-0.0031968782528573,0.0,,natal unknown 0V; transit neutral 10V,neutral=1; unknown=1,,0,0,0,0,JUPITER|MERCURY,MERCURY|mirror|h0.18|n1.6|d360,JUPITER|mirror|h0.18|n1.5|d360,8b5b646609c53fc0ac233ed9a5c9b2fddeed53e7c15be5d2f9e4bb7438a2e823
209,AVG(ALL)|MOON :: conjunction_orb,9,BULLISH,BEARISH=2; BULLISH=3; CONFLICT=1; UNKNOWN=2,LOSS=6; WIN=8,0.04999999999999999,,,,,,,,repeated_across_timeframes; multiple_active_aspects; crowded_regime; base_enemy_sign; unknown_outer_or_node_dignity; avg_all_composite; hard_aspect,shadbala_avg=55.33 | quote_dignity=friend=2; neutral=1; unknown=1 | base_dignity=enemy=1; unknown=1 | fx_doctrine=BULLISH | fx_doctrine_net=0.61994452800807 | fx_conflict=0.0 | regime_active=7 | ml=LOSS=2,bearish_return,mixed_classical + benefic,hard,2025-07-15 22:30:00+05:30,2025-07-16 02:30:00+05:30,2,1,1,0,LOSS=2,STOP_LOSS=2,-0.2,55.333333333333336,Neutral,57.22564873920646,7,BULLISH,0.61994452800807,0.0,,natal exaltation 60V; transit unknown 0V,friend=2; neutral=1; unknown=1,enemy=1; unknown=1,0,1,0,0,JUPITER|MERCURY,MERCURY|mirror|h0.18|n1.6|d360,JUPITER|mirror|h0.18|n1.5|d360,b9ed64b8aff65e23dc2d902588ba8e9ba5b76b6e6d38756846d779c593bfe80a
210,KETU|MOON :: square,14,BULLISH,BULLISH=11; CONFLICT=1,LOSS=20; WIN=4,-0.11666666666666668,,,,,,,,repeated_across_timeframes; high_recurrence_group; multiple_active_aspects; crowded_regime; unknown_outer_or_node_dignity; hard_aspect,shadbala_avg=55.33 | quote_dignity=neutral=1; unknown=1 | base_dignity=friend=1; neutral=1 | fx_doctrine=BULLISH | fx_doctrine_net=0.2546778891641771 | fx_conflict=0.0 | regime_active=6 | ml=LOSS=2,bearish_return,malefic + benefic,hard,2025-07-16 04:30:00+05:30,2025-07-16 06:30:00+05:30,2,1,1,0,LOSS=2,STOP_LOSS=2,-0.2,55.333333333333336,Neutral,0.0,6,BULLISH,0.2546778891641771,0.0,natal friend 15V; transit neutral 10V,,neutral=1; unknown=1,friend=1; neutral=1,0,0,0,0,AVG(ALL)|JUPITER,JUPITER|mirror|h0.18|n1.5|d360,AVG(ALL)|mirror|h0.18|n1.4|d360,6d69a6c1557267bee40129c02eb27738afcd17f8197e86f256ad7c8bc6883a6f
211,MOON|RAHU :: square,14,BULLISH,BEARISH=2; BULLISH=9; CONFLICT=1,LOSS=20; WIN=4,-0.11666666666666668,,,,,,,,repeated_across_timeframes; high_recurrence_group; multiple_active_aspects; crowded_regime; base_enemy_sign; unknown_outer_or_node_dignity; hard_aspect,shadbala_avg=55.33 | quote_dignity=neutral=1; unknown=1 | base_dignity=enemy=1; friend=1; neutral=1; unknown=3 | fx_doctrine=BEARISH | fx_doctrine_net=-0.5082213918329103 | fx_conflict=0.2502786979033895 | regime_active=6 | ml=LOSS=2,bearish_return,benefic + malefic,hard,2025-07-16 04:30:00+05:30,2025-07-16 06:30:00+05:30,2,1,1,0,LOSS=2,STOP_LOSS=2,-0.2,55.333333333333336,Neutral,0.0,6,BEARISH,-0.5082213918329103,0.2502786979033895,natal unknown 0V; transit unknown 0V,,neutral=1; unknown=1,enemy=1; friend=1; neutral=1; unknown=3,0,1,0,0,AVG(ALL)|JUPITER,JUPITER|mirror|h0.18|n1.5|d360,AVG(ALL)|mirror|h0.18|n1.4|d360,bd59f8d39bb5d661cca994cad5b79415f10b134a109158d9bf47cab2aafe087c
212,AVG(ALL)|SUN :: trine,5,CONFLICT,BEARISH=1; BULLISH=2; CONFLICT=2,LOSS=4; WIN=6,0.09999999999999999,,,,,,,,repeated_across_timeframes; multiple_active_aspects; crowded_regime; quote_enemy_sign; base_enemy_sign; unknown_outer_or_node_dignity; avg_all_composite; swing_duration_1d_to_5d; soft_aspect,shadbala_avg=55.37 | quote_dignity=enemy=1; friend=2; neutral=3; unknown=2 | base_dignity=enemy=1; friend=1; neutral=1; unknown=1 | fx_doctrine=BEARISH | fx_doctrine_net=-0.7239724430033773 | fx_conflict=0.0 | regime_active=7 | ml=LOSS=2,bearish_return,mixed_classical + malefic,soft,2025-07-16 05:30:00+05:30,2025-07-18 07:30:00+05:30,2,0,1,1,LOSS=2,STOP_LOSS=2,-0.2,55.365833333333335,Neutral,51.18081093401997,7,BEARISH,-0.7239724430033773,0.0,,natal enemy 4V; transit unknown 0V,enemy=1; friend=2; neutral=3; unknown=2,enemy=1; friend=1; neutral=1; unknown=1,1,1,0,0,AVG(ALL)|JUPITER,JUPITER|mirror|h0.18|n1.5|d360,AVG(ALL)|mirror|h0.18|n1.4|d360,69714b330b55d02aa5f7c2501ebe13d7c019f4d1b0467a2ee956364434e461d8
213,JUPITER|MOON :: trine,16,BULLISH,BEARISH=1; BULLISH=12; CONFLICT=1; UNKNOWN=1,LOSS=20; WIN=8,-0.03333333333333335,,,,,,,,repeated_across_timeframes; high_recurrence_group; multiple_active_aspects; crowded_regime; base_enemy_sign; unknown_outer_or_node_dignity; soft_aspect,shadbala_avg=55.33 | base_dignity=enemy=1; neutral=1; own=1; unknown=1 | fx_doctrine=BULLISH | fx_doctrine_net=0.3364659656890011 | fx_conflict=0.0 | regime_active=5 | ml=LOSS=2,bearish_return,benefic + benefic,soft,2025-07-16 21:30:00+05:30,2025-07-16 23:30:00+05:30,2,1,1,0,LOSS=2,STOP_LOSS=2,-0.2,55.333333333333336,Neutral,0.0,5,BULLISH,0.3364659656890011,0.0,natal own 30V; transit neutral 10V,,,enemy=1; neutral=1; own=1; unknown=1,0,1,0,0,AVG(ALL)|JUPITER,AVG(ALL)|mirror|h0.18|n1.4|d360,JUPITER|mirror|h0.18|n1.5|d360,f06ae67faab994d4891618d7f71aab9912c90e553886d461bac9d81b0b1143be
214,MOON|SATURN :: square,15,CONFLICT,BEARISH=1; BULLISH=5; CONFLICT=7; UNKNOWN=1,LOSS=10; WIN=18,0.12648634697626365,,,,,,,,repeated_across_timeframes; high_recurrence_group; multiple_active_aspects; crowded_regime; unknown_outer_or_node_dignity; hard_aspect,shadbala_avg=54.75 | quote_dignity=neutral=1; unknown=1 | fx_doctrine=CONFLICT | fx_doctrine_net=-0.0034232090764193 | fx_conflict=0.0 | regime_active=5 | ml=LOSS=2,bearish_return,benefic + malefic,hard,2025-07-18 00:30:00+05:30,2025-07-18 02:30:00+05:30,2,1,1,0,LOSS=2,TIME_CLOSE_72H=2,-0.1291911423323087,54.75,Neutral,0.0,5,CONFLICT,-0.0034232090764193,0.0,,natal unknown 0V; transit neutral 10V,neutral=1; unknown=1,,0,0,0,0,JUPITER|MERCURY,MERCURY|mirror|h0.18|n1.6|d360,JUPITER|mirror|h0.18|n1.5|d360,1705b5891b768ea1155e01f456b1767a8268f7f3965297be28b568c8d0ed3182
215,AVG(ALL)|JUPITER :: opposition_orb,3,,,,,,,,,,,,not_in_current_candidate_csv; multiple_active_aspects; crowded_regime; base_enemy_sign; unknown_outer_or_node_dignity; avg_all_composite; hard_aspect,shadbala_avg=55.43 | quote_dignity=friend=2; neutral=1; unknown=1 | base_dignity=enemy=1; unknown=1 | regime_active=5,,mixed_classical + benefic,hard,2025-07-18 04:30:00+05:30,2025-07-19 04:30:00+05:30,0,0,0,0,,,,55.42881944444444,Neutral,1.1385591123098515,5,,,,,,friend=2; neutral=1; unknown=1,enemy=1; unknown=1,0,1,0,0,JUPITER|MERCURY,MERCURY|mirror|h0.18|n1.6|d360,JUPITER|mirror|h0.18|n1.5|d360,d598b8e748fe62d819157ad963e1f9b2e8778a53203af91187550b38799304af
216,KETU|MOON :: trine,14,UNKNOWN,BEARISH=1; BULLISH=1; UNKNOWN=10,LOSS=9; WIN=14,0.09166666666666666,,,,,,,,repeated_across_timeframes; high_recurrence_group; multiple_active_aspects; crowded_regime; soft_aspect,shadbala_avg=55.68 | fx_doctrine=UNKNOWN | fx_doctrine_net=0.0 | fx_conflict=0.0 | regime_active=6 | ml=LOSS=2,bearish_return,malefic + benefic,soft,2025-07-18 07:30:00+05:30,2025-07-18 10:30:00+05:30,2,1,1,0,LOSS=2,STOP_LOSS=2,-0.2,55.68055555555556,Neutral,0.0,6,UNKNOWN,0.0,0.0,,,,,0,0,0,0,MERCURY|MOON,MERCURY|mirror|h0.18|n1.6|d360,MOON|mirror|h0.18|n1.3|d360,e88bcc2f9edfc31168f51dea9a90e507ad1e57f229030fd2a8a46626a6bdf4c7
217,MOON|SUN :: square,16,BEARISH,BEARISH=7; BULLISH=3; UNKNOWN=4,LOSS=13; WIN=13,0.04999999999999999,,,,,,,,repeated_across_timeframes; high_recurrence_group; multiple_active_aspects; crowded_regime; quote_enemy_sign; hard_aspect,shadbala_avg=55.40 | quote_dignity=enemy=1; friend=1 | fx_doctrine=BULLISH | fx_doctrine_net=0.6649268409239951 | fx_conflict=0.0 | regime_active=6 | ml=LOSS=2,bearish_return,benefic + malefic,hard,2025-07-18 09:30:00+05:30,2025-07-18 12:30:00+05:30,2,1,1,0,LOSS=2,STOP_LOSS=2,-0.2,55.40277777777778,Neutral,0.0,6,BULLISH,0.6649268409239951,0.0,,natal enemy 4V; transit friend 15V,enemy=1; friend=1,,1,0,0,0,MERCURY|MOON,MOON|mirror|h0.18|n1.3|d360,MERCURY|mirror|h0.18|n1.6|d360,aef2ef6f77870a9dff20c198e95dcdc67d78ad5ac1ad02c9f00441dd769100e3
218,AVG(ALL)|MERCURY :: trine,6,BULLISH,BULLISH=3; CONFLICT=2; UNKNOWN=1,LOSS=8; WIN=4,-0.03333333333333335,,,,,,,,repeated_across_timeframes; multiple_active_aspects; crowded_regime; quote_enemy_sign; unknown_outer_or_node_dignity; avg_all_composite; soft_aspect,shadbala_avg=55.33 | quote_dignity=enemy=1; friend=3; neutral=1; unknown=1 | base_dignity=friend=1; unknown=1 | fx_doctrine=BULLISH | fx_doctrine_net=0.3320132799879065 | fx_conflict=0.0 | regime_active=7 | ml=LOSS=2,bearish_return,mixed_classical + benefic,soft,2025-07-18 10:30:00+05:30,2025-07-19 02:30:00+05:30,2,1,1,0,LOSS=2,STOP_LOSS=2,-0.2,55.333333333333336,Neutral,0.0,7,BULLISH,0.3320132799879065,0.0,natal neutral 10V; transit unknown 0V,,enemy=1; friend=3; neutral=1; unknown=1,friend=1; unknown=1,1,0,0,0,MERCURY|MOON,MOON|mirror|h0.18|n1.3|d360,MERCURY|mirror|h0.18|n1.6|d360,02505395152f800674c94a35635c07c4d502a1113385613d90dc98ee2c48bad2
219,MERCURY|MOON :: square,16,BEARISH,BEARISH=6; BULLISH=3; CONFLICT=4,LOSS=15; WIN=10,-0.007692307692307703,,,,,,,,repeated_across_timeframes; high_recurrence_group; multiple_active_aspects; crowded_regime; hard_aspect,shadbala_avg=55.33 | base_dignity=neutral=2 | fx_doctrine=CONFLICT | fx_doctrine_net=0.0468911197959338 | fx_conflict=0.0 | regime_active=6 | ml=WIN=2,bullish_return,benefic + benefic,hard,2025-07-19 00:30:00+05:30,2025-07-19 03:30:00+05:30,2,1,1,0,WIN=2,TAKE_PROFIT=2,0.3,55.333333333333336,Neutral,0.0,6,CONFLICT,0.0468911197959338,0.0,natal neutral 10V; transit neutral 10V,,,neutral=2,0,0,0,0,JUPITER|MERCURY,MERCURY|mirror|h0.18|n1.6|d360,JUPITER|mirror|h0.18|n1.5|d360,b967394877cf6d10ab8e8fb41d2b5c6871a048a75a20bdd0395c9af64f6558d6
220,AVG(ALL)|VENUS :: square,6,BEARISH,BEARISH=5; CONFLICT=1,LOSS=6; WIN=4,0.04999999999999999,,,,,,,,repeated_across_timeframes; multiple_active_aspects; crowded_regime; strong_shadbala; base_enemy_sign; unknown_outer_or_node_dignity; avg_all_composite; hard_aspect,shadbala_avg=57.17 | quote_dignity=exaltation=1; friend=3; neutral=1; unknown=1 | base_dignity=enemy=1; friend=1 | fx_doctrine=BEARISH | fx_doctrine_net=-0.2527784184261709 | fx_conflict=0.0 | regime_active=4 | ml=LOSS=2,bearish_return,mixed_classical + benefic,hard,2025-07-21 05:30:00+05:30,2025-07-21 11:30:00+05:30,2,1,1,0,LOSS=2,STOP_LOSS=2,-0.2,57.17361111111112,Neutral,0.0,4,BEARISH,-0.2527784184261709,0.0,natal enemy 4V; transit own 30V,natal friend 15V; transit unknown 0V,exaltation=1; friend=3; neutral=1; unknown=1,enemy=1; friend=1,0,1,0,0,AVG(ALL)|MOON,MOON|mirror|h0.18|n1.4|d360,AVG(ALL)|mirror|h0.18|n1.4|d360,f59cb0b94e5e470f1a2ea8bebeb57be63d859de7259d68ddd98fc681b6fac6d1
221,MARS|MOON :: trine,17,BULLISH,BEARISH=2; BULLISH=7; CONFLICT=6,LOSS=17; WIN=12,-1.1102230246251566e-17,,,,,,,,repeated_across_timeframes; high_recurrence_group; multiple_active_aspects; unknown_outer_or_node_dignity; soft_aspect,shadbala_avg=54.92 | quote_dignity=friend=3; unknown=3 | base_dignity=friend=1; unknown=1 | fx_doctrine=BEARISH | fx_doctrine_net=-0.0784412388779053 | fx_conflict=0.2658180725595611 | regime_active=3 | ml=LOSS=2,bearish_return,malefic + benefic,soft,2025-07-22 18:30:00+05:30,2025-07-22 21:30:00+05:30,2,1,1,0,LOSS=2,STOP_LOSS=2,-0.2,54.91666666666666,Neutral,0.0,3,BEARISH,-0.0784412388779053,0.2658180725595611,,natal unknown 0V; transit friend 15V,friend=3; unknown=3,friend=1; unknown=1,0,0,0,0,KETU|PLUTO,KETU|mirror|h0.18|n1.6|d360,PLUTO|direct|h0.18|n1.5|d360,c2e26eeb2f79bfcfa979de6599f9fc34aadb4a52f6f8f7b0bef741540a7976e8
222,MOON|SATURN :: conjunction_orb,8,BULLISH,BEARISH=1; BULLISH=4; CONFLICT=3,LOSS=8; WIN=7,0.04999999999999999,,,,,,,,repeated_across_timeframes; multiple_active_aspects; crowded_regime; unknown_outer_or_node_dignity; hard_aspect,shadbala_avg=51.38 | quote_dignity=neutral=1; unknown=1 | fx_doctrine=CONFLICT | fx_doctrine_net=-0.0048790848733575 | fx_conflict=0.0 | regime_active=4 | ml=LOSS=2,bearish_return,benefic + malefic,hard,2025-07-24 06:30:00+05:30,2025-07-24 10:30:00+05:30,2,1,1,0,LOSS=2,STOP_LOSS=2,-0.2,51.375,Neutral,8.93101186337617,4,CONFLICT,-0.0048790848733575,0.0,,natal unknown 0V; transit neutral 10V,neutral=1; unknown=1,,0,0,0,0,MOON,MOON|mirror|h0.18|n1.5|d360,,f2cc33e38c4ca32a74390050b800365232ffe20028afbd0f9956ec20b0864cfd
223,AVG(ALL)|MOON :: trine,18,BULLISH,BEARISH=2; BULLISH=10; CONFLICT=2; UNKNOWN=2,LOSS=14; WIN=18,0.08124999999999999,,,,,,,,repeated_across_timeframes; high_recurrence_group; multiple_active_aspects; crowded_regime; quote_enemy_sign; unknown_outer_or_node_dignity; avg_all_composite; soft_aspect,shadbala_avg=52.00 | quote_dignity=enemy=2; friend=2; neutral=1; unknown=1 | base_dignity=friend=1; unknown=1 | fx_doctrine=BEARISH | fx_doctrine_net=-1.0787416461595074 | fx_conflict=0.0 | regime_active=5 | ml=WIN=2,bullish_return,mixed_classical + benefic,soft,2025-07-24 10:30:00+05:30,2025-07-24 13:30:00+05:30,2,1,1,0,WIN=2,TAKE_PROFIT=2,0.3,52.0,Neutral,0.0,5,BEARISH,-1.0787416461595074,0.0,natal enemy 4V; transit unknown 0V,natal enemy 4V; transit friend 15V,enemy=2; friend=2; neutral=1; unknown=1,friend=1; unknown=1,2,0,0,0,MOON,MOON|mirror|h0.18|n1.5|d360,,35554ca532765770334d263808f87185912ef3431d880fa883f4a89c3e5604b4
224,AVG(ALL)|KETU :: opposition_orb,4,UNKNOWN,BEARISH=1; BULLISH=1; UNKNOWN=2,WIN=7,0.3,,,,,,,,repeated_across_timeframes; multiple_active_aspects; crowded_regime; quote_enemy_sign; base_enemy_sign; unknown_outer_or_node_dignity; avg_all_composite; hard_aspect,shadbala_avg=51.51 | quote_dignity=enemy=2; friend=1; neutral=1; own=1; unknown=1 | base_dignity=enemy=1; unknown=1 | fx_doctrine=BULLISH | fx_doctrine_net=0.14234147091401 | fx_conflict=0.0 | regime_active=4 | ml=WIN=2,bullish_return,mixed_classical + malefic,hard,2025-07-24 14:30:00+05:30,2025-07-25 14:30:00+05:30,2,1,1,0,WIN=2,TAKE_PROFIT=2,0.3,51.513888888888886,Neutral,14.137087703413728,4,BULLISH,0.14234147091401,0.0,natal friend 15V; transit unknown 0V,natal unknown 0V; transit unknown 0V,enemy=2; friend=1; neutral=1; own=1; unknown=1,enemy=1; unknown=1,2,1,0,0,KETU|PLUTO,KETU|mirror|h0.18|n1.6|d360,PLUTO|direct|h0.18|n1.5|d360,b0e307681759a30b1548913a5d6173066664bf99982f616dfb8df841380dc4ad
225,AVG(ALL)|RAHU :: conjunction_orb,4,BEARISH,BEARISH=2; UNKNOWN=2,WIN=7,0.3,,,,,,,,repeated_across_timeframes; multiple_active_aspects; crowded_regime; quote_enemy_sign; base_enemy_sign; unknown_outer_or_node_dignity; avg_all_composite; hard_aspect,shadbala_avg=51.51 | quote_dignity=enemy=2; friend=1; neutral=1; own=1; unknown=1 | base_dignity=enemy=2; unknown=4 | fx_doctrine=BEARISH | fx_doctrine_net=-0.0955534108102711 | fx_conflict=0.3119645354742679 | regime_active=4 | ml=WIN=2,bullish_return,mixed_classical + malefic,hard,2025-07-24 14:30:00+05:30,2025-07-25 14:30:00+05:30,2,1,1,0,WIN=2,TAKE_PROFIT=2,0.3,51.513888888888886,Neutral,14.137087703413728,4,BEARISH,-0.0955534108102711,0.3119645354742679,natal unknown 0V; transit unknown 0V,natal unknown 0V; transit unknown 0V,enemy=2; friend=1; neutral=1; own=1; unknown=1,enemy=2; unknown=4,2,2,0,0,KETU|PLUTO,KETU|mirror|h0.18|n1.6|d360,PLUTO|direct|h0.18|n1.5|d360,a1c836fa80717f4099794dd35fd9c7c8b4296dff19cd6b70b9349490e7cfaab4
226,MERCURY|MOON :: opposition_orb,7,BULLISH,BEARISH=2; BULLISH=4,LOSS=6; WIN=5,0.04999999999999999,,,,,,,,repeated_across_timeframes; multiple_active_aspects; crowded_regime; quote_enemy_sign; unknown_outer_or_node_dignity; hard_aspect,shadbala_avg=50.33 | quote_dignity=enemy=1; unknown=1 | base_dignity=neutral=1; own=1 | fx_doctrine=BULLISH | fx_doctrine_net=0.1437215162999588 | fx_conflict=0.0 | regime_active=5 | ml=WIN=2,bullish_return,benefic + benefic,hard,2025-07-25 07:30:00+05:30,2025-07-25 12:30:00+05:30,2,1,1,0,WIN=2,TAKE_PROFIT=2,0.3,50.333333333333336,Neutral,0.0,5,BULLISH,0.1437215162999588,0.0,natal neutral 10V; transit own 30V,natal unknown 0V; transit enemy 4V,enemy=1; unknown=1,neutral=1; own=1,1,0,0,0,KETU|PLUTO,KETU|mirror|h0.18|n1.6|d360,PLUTO|direct|h0.18|n1.5|d360,695c1238c1d9ac65360007bbd7c2a4a1fb0193b72d06f2b3d2412e5bf2572d4f
227,JUPITER|MOON :: trine,16,BULLISH,BEARISH=1; BULLISH=12; CONFLICT=1; UNKNOWN=1,LOSS=20; WIN=8,-0.03333333333333335,,,,,,,,repeated_across_timeframes; high_recurrence_group; multiple_active_aspects; crowded_regime; base_enemy_sign; unknown_outer_or_node_dignity; soft_aspect,shadbala_avg=50.33 | base_dignity=enemy=1; neutral=1; own=1; unknown=1 | fx_doctrine=BULLISH | fx_doctrine_net=0.0838989802193989 | fx_conflict=0.0 | regime_active=6 | ml=LOSS=2,bearish_return,benefic + benefic,soft,2025-07-25 08:30:00+05:30,2025-07-25 10:30:00+05:30,2,1,1,0,LOSS=2,STOP_LOSS=2,-0.2,50.333333333333336,Neutral,0.0,6,BULLISH,0.0838989802193989,0.0,natal neutral 10V; transit own 30V,,,enemy=1; neutral=1; own=1; unknown=1,0,1,0,0,KETU|PLUTO,KETU|mirror|h0.18|n1.6|d360,PLUTO|direct|h0.18|n1.5|d360,5f8b11bd520b12078c37142cb9d24016b1b84b93970c1546bfb8e9f778e22a4b
228,AVG(ALL)|MARS :: opposition_orb,1,BEARISH,BEARISH=1,WIN=2,0.3,,,,,,,,repeated_across_timeframes; multiple_active_aspects; low_shadbala; unknown_outer_or_node_dignity; avg_all_composite; swing_duration_1d_to_5d; hard_aspect,shadbala_avg=49.02 | quote_dignity=neutral=1; unknown=1 | base_dignity=friend=1; neutral=1 | fx_doctrine=BEARISH | fx_doctrine_net=-0.3277461425757546 | fx_conflict=0.07374218347934 | regime_active=3 | ml=WIN=2,bullish_return,mixed_classical + malefic,hard,2025-07-28 05:30:00+05:30,2025-08-01 02:30:00+05:30,2,0,1,1,WIN=2,TAKE_PROFIT=2,0.3,49.020609318996414,Neutral,0.0,3,BEARISH,-0.3277461425757546,0.07374218347934,natal unknown 0V; transit friend 15V,,neutral=1; unknown=1,friend=1; neutral=1,0,0,0,0,JUPITER|MARS,MARS|mirror|h0.18|n1.7|d360,JUPITER|mirror|h0.18|n1.5|d360,9628e31a0439b909f8b77723f1971044a86220800995df02686b2aa6779124b1
229,KETU|VENUS :: opposition_orb,1,BULLISH,BULLISH=1,WIN=2,0.3,,,,,,,,repeated_across_timeframes; multiple_active_aspects; low_shadbala; unknown_outer_or_node_dignity; swing_duration_1d_to_5d; hard_aspect,shadbala_avg=49.94 | quote_dignity=friend=1; unknown=1 | base_dignity=friend=2 | fx_doctrine=BULLISH | fx_doctrine_net=0.2935805737060033 | fx_conflict=0.0 | regime_active=3 | ml=WIN=2,bullish_return,malefic + benefic,hard,2025-07-28 05:30:00+05:30,2025-07-30 08:30:00+05:30,2,0,1,1,WIN=2,TAKE_PROFIT=2,0.3,49.93709150326797,Neutral,0.0,3,BULLISH,0.2935805737060033,0.0,natal friend 15V; transit friend 15V,natal unknown 0V; transit friend 15V,friend=1; unknown=1,friend=2,0,0,0,0,JUPITER|MARS,MARS|mirror|h0.18|n1.7|d360,JUPITER|mirror|h0.18|n1.5|d360,30a69432cd5a003779a13b633eb56293f8fadc50b444f5454f043d96f3dc2bb5
230,RAHU|VENUS :: conjunction_orb,1,BULLISH,BULLISH=1,WIN=2,0.3,,,,,,,,repeated_across_timeframes; multiple_active_aspects; low_shadbala; base_enemy_sign; unknown_outer_or_node_dignity; swing_duration_1d_to_5d; hard_aspect,shadbala_avg=49.94 | quote_dignity=friend=1; unknown=1 | base_dignity=enemy=1; friend=2; unknown=3 | fx_doctrine=BULLISH | fx_doctrine_net=0.1560143170532226 | fx_conflict=0.2431135965058093 | regime_active=3 | ml=WIN=2,bullish_return,malefic + benefic,hard,2025-07-28 05:30:00+05:30,2025-07-30 08:30:00+05:30,2,0,1,1,WIN=2,TAKE_PROFIT=2,0.3,49.93709150326797,Neutral,0.0,3,BULLISH,0.1560143170532226,0.2431135965058093,natal friend 15V; transit friend 15V,natal unknown 0V; transit friend 15V,friend=1; unknown=1,enemy=1; friend=2; unknown=3,0,1,0,0,JUPITER|MARS,MARS|mirror|h0.18|n1.7|d360,JUPITER|mirror|h0.18|n1.5|d360,e0a78b6ecd306c0a04c9477641da229ebeab4c9998cea0e875b919ed3207e25c
231,AVG(ALL)|MOON :: opposition_orb,10,BEARISH,BEARISH=4; BULLISH=2; CONFLICT=3; UNKNOWN=1,LOSS=10; WIN=10,0.04999999999999999,,,,,,,,repeated_across_timeframes; high_recurrence_group; multiple_active_aspects; crowded_regime; unknown_outer_or_node_dignity; avg_all_composite; hard_aspect,shadbala_avg=51.58 | quote_dignity=neutral=1; unknown=1 | base_dignity=friend=1; neutral=1 | fx_doctrine=BULLISH | fx_doctrine_net=0.1408775012952731 | fx_conflict=0.0 | regime_active=4 | ml=WIN=2,bullish_return,mixed_classical + benefic,hard,2025-07-28 22:30:00+05:30,2025-07-29 03:30:00+05:30,2,1,1,0,WIN=2,TAKE_PROFIT=2,0.3,51.583333333333336,Neutral,0.0,4,BULLISH,0.1408775012952731,0.0,natal own 30V; transit unknown 0V,,neutral=1; unknown=1,friend=1; neutral=1,0,0,0,0,JUPITER|MOON,MOON|mirror|h0.18|n1.7|d360,JUPITER|mirror|h0.18|n1.5|d360,88daa104e9eb4e5eafb02188adb38144591606c0e6e51b47f7aba3428f3020a0
232,MERCURY|SUN :: opposition_orb,1,BULLISH,BULLISH=1,LOSS=1,-0.2,,,,,,,,multiple_active_aspects; crowded_regime; low_shadbala; swing_duration_1d_to_5d; hard_aspect,shadbala_avg=48.31 | base_dignity=friend=1; neutral=1 | fx_doctrine=BULLISH | fx_doctrine_net=0.0857639670188618 | fx_conflict=0.0 | regime_active=5 | ml=LOSS=1,bearish_return,benefic + malefic,hard,2025-07-28 23:30:00+05:30,2025-08-01 01:30:00+05:30,1,0,1,0,LOSS=1,STOP_LOSS=1,-0.2,48.30912162162162,Neutral,0.0,5,BULLISH,0.0857639670188618,0.0,natal neutral 10V; transit friend 15V,,,friend=1; neutral=1,0,0,0,0,JUPITER|MOON,MOON|mirror|h0.18|n1.7|d360,JUPITER|mirror|h0.18|n1.5|d360,b7becdf1df9a17c6e341e5cfe5737c70a28d7a2f00483b21770674a970711c73
233,KETU|MOON :: square,14,BULLISH,BULLISH=11; CONFLICT=1,LOSS=20; WIN=4,-0.11666666666666668,,,,,,,,repeated_across_timeframes; high_recurrence_group; multiple_active_aspects; crowded_regime; low_shadbala; unknown_outer_or_node_dignity; hard_aspect,shadbala_avg=49.92 | quote_dignity=friend=1; unknown=1 | base_dignity=friend=2 | fx_doctrine=BULLISH | fx_doctrine_net=0.2771312151118309 | fx_conflict=0.0 | regime_active=6 | ml=LOSS=2,bearish_return,malefic + benefic,hard,2025-07-29 04:30:00+05:30,2025-07-29 07:30:00+05:30,2,1,1,0,LOSS=2,STOP_LOSS=2,-0.2,49.91666666666666,Neutral,0.0,6,BULLISH,0.2771312151118309,0.0,natal friend 15V; transit friend 15V,,friend=1; unknown=1,friend=2,0,0,0,0,JUPITER,JUPITER|mirror|h0.18|n1.5|d360,,1c37c2f0bdd58a99fcae4622f25bba4bdd2b5ad0cc31040b1edfb7b7ea2a3a81
234,MOON|RAHU :: square,14,BULLISH,BEARISH=2; BULLISH=9; CONFLICT=1,LOSS=20; WIN=4,-0.11666666666666668,,,,,,,,repeated_across_timeframes; high_recurrence_group; multiple_active_aspects; crowded_regime; low_shadbala; unknown_outer_or_node_dignity; hard_aspect,shadbala_avg=49.92 | quote_dignity=friend=1; unknown=1 | base_dignity=friend=2; unknown=2 | fx_doctrine=BULLISH | fx_doctrine_net=0.2208042109693103 | fx_conflict=0.1689177260901645 | regime_active=6 | ml=LOSS=2,bearish_return,benefic + malefic,hard,2025-07-29 04:30:00+05:30,2025-07-29 07:30:00+05:30,2,1,1,0,LOSS=2,STOP_LOSS=2,-0.2,49.91666666666666,Neutral,0.0,6,BULLISH,0.2208042109693103,0.1689177260901645,natal friend 15V; transit friend 15V,,friend=1; unknown=1,friend=2; unknown=2,0,0,0,0,JUPITER,JUPITER|mirror|h0.18|n1.5|d360,,eea11f8d6012f986d0af5f7eef7009e841694d0753fdfacfc03c95a33255425a
235,MOON|SUN :: trine,16,BULLISH,BEARISH=4; BULLISH=5; CONFLICT=2; UNKNOWN=4,LOSS=20; WIN=10,-0.03333333333333335,,,,,,,,repeated_across_timeframes; high_recurrence_group; multiple_active_aspects; crowded_regime; low_shadbala; unknown_outer_or_node_dignity; soft_aspect,shadbala_avg=48.25 | quote_dignity=friend=1; unknown=1 | base_dignity=friend=3; neutral=1 | fx_doctrine=BULLISH | fx_doctrine_net=0.0804906231376449 | fx_conflict=0.0 | regime_active=8 | ml=LOSS=2,bearish_return,benefic + malefic,soft,2025-07-29 06:30:00+05:30,2025-07-29 09:30:00+05:30,2,1,1,0,LOSS=2,STOP_LOSS=2,-0.2,48.25,Neutral,0.0,8,BULLISH,0.0804906231376449,0.0,natal neutral 10V; transit friend 15V,,friend=1; unknown=1,friend=3; neutral=1,0,0,0,0,JUPITER,JUPITER|mirror|h0.18|n1.5|d360,,482a90b3a0e60d681f596031ea47164312a66f9b4476c8a526b4e70f87a71cf6
236,JUPITER|SUN :: trine,1,BULLISH,BULLISH=1,WIN=2,0.3,,,,,,,,repeated_across_timeframes; multiple_active_aspects; crowded_regime; low_shadbala; swing_duration_1d_to_5d; soft_aspect,shadbala_avg=48.01 | base_dignity=friend=1; neutral=1 | fx_doctrine=BULLISH | fx_doctrine_net=0.0598948639706339 | fx_conflict=0.0 | regime_active=5 | ml=WIN=2,bullish_return,benefic + malefic,soft,2025-07-29 08:30:00+05:30,2025-07-31 09:30:00+05:30,2,0,1,1,WIN=2,TAKE_PROFIT=2,0.3,48.00765306122449,Neutral,0.0,5,BULLISH,0.0598948639706339,0.0,natal neutral 10V; transit friend 15V,,,friend=1; neutral=1,0,0,0,0,JUPITER|MARS,MARS|mirror|h0.18|n1.7|d360,JUPITER|mirror|h0.18|n1.5|d360,aefa34e8307a286f20b88177b8fa7f9b032e617af35dc0634d1236e62f2cfc3f
237,MERCURY|MOON :: trine,17,BULLISH,BEARISH=2; BULLISH=8; CONFLICT=2; UNKNOWN=2,LOSS=10; WIN=16,0.0857142857142857,,,,,,,,repeated_across_timeframes; high_recurrence_group; multiple_active_aspects; crowded_regime; low_shadbala; quote_enemy_sign; soft_aspect,shadbala_avg=48.25 | quote_dignity=enemy=1; neutral=1 | base_dignity=friend=1; neutral=1 | fx_doctrine=BEARISH | fx_doctrine_net=-0.1662387671824073 | fx_conflict=0.0 | regime_active=6 | ml=WIN=2,bullish_return,benefic + benefic,soft,2025-07-30 00:30:00+05:30,2025-07-30 03:30:00+05:30,2,1,1,0,WIN=2,TAKE_PROFIT=2,0.3,48.25,Neutral,0.0,6,BEARISH,-0.1662387671824073,0.0,natal neutral 10V; transit friend 15V,natal neutral 10V; transit enemy 4V,enemy=1; neutral=1,friend=1; neutral=1,1,0,0,0,JUPITER,JUPITER|mirror|h0.18|n1.5|d360,,a5b452077edb48089de42045900856537b083d55a1d2ba0769aaa978f7869d55
238,MOON|SATURN :: square,15,CONFLICT,BEARISH=1; BULLISH=5; CONFLICT=7; UNKNOWN=1,LOSS=10; WIN=18,0.12648634697626365,,,,,,,,repeated_across_timeframes; high_recurrence_group; multiple_active_aspects; crowded_regime; low_shadbala; unknown_outer_or_node_dignity; hard_aspect,shadbala_avg=47.00 | quote_dignity=neutral=1; unknown=1 | fx_doctrine=CONFLICT | fx_doctrine_net=-0.0080407084063515 | fx_conflict=0.0 | regime_active=4 | ml=WIN=2,bullish_return,benefic + malefic,hard,2025-07-31 07:30:00+05:30,2025-07-31 10:30:00+05:30,2,1,1,0,WIN=2,TAKE_PROFIT=2,0.3,47.0,Neutral,0.0,4,CONFLICT,-0.0080407084063515,0.0,,natal unknown 0V; transit neutral 10V,neutral=1; unknown=1,,0,0,0,0,AVG(ALL)|URANUS,URANUS|mirror|h0.18|n1.4|d360,AVG(ALL)|mirror|h0.18|n1.5|d360,ddb56f6790587fe1cc1bc39036755a563d7a98973cd4ea80d57e9207d1a72b8d
239,MOON|RAHU :: trine,12,UNKNOWN,BEARISH=4; BULLISH=1; CONFLICT=2; UNKNOWN=5,LOSS=8; WIN=16,0.11818858220430173,,,,,,,,repeated_across_timeframes; high_recurrence_group; multiple_active_aspects; low_shadbala; unknown_outer_or_node_dignity; soft_aspect,shadbala_avg=47.00 | base_dignity=unknown=2 | fx_doctrine=BEARISH | fx_doctrine_net=-0.0739672285723266 | fx_conflict=0.0 | regime_active=3 | ml=LOSS=2,bearish_return,benefic + malefic,soft,2025-07-31 15:30:00+05:30,2025-07-31 19:30:00+05:30,2,1,1,0,LOSS=2,STOP_LOSS=2,-0.2,47.0,Neutral,0.0,3,BEARISH,-0.0739672285723266,0.0,natal unknown 0V; transit unknown 0V,,,unknown=2,0,0,0,0,MERCURY|SUN,MERCURY|mirror|h0.18|n1.6|d360,SUN|mirror|h0.18|n1.6|d360,37de7d2c887f49b69f81020c578341f12740c8315e904da155d82f7400f2b8b0
240,MOON|SUN :: square,16,BEARISH,BEARISH=7; BULLISH=3; UNKNOWN=4,LOSS=13; WIN=13,0.04999999999999999,,,,,,,,repeated_across_timeframes; high_recurrence_group; multiple_active_aspects; crowded_regime; low_shadbala; unknown_outer_or_node_dignity; hard_aspect,shadbala_avg=47.00 | quote_dignity=friend=1; unknown=1 | fx_doctrine=BEARISH | fx_doctrine_net=-0.1302649842883192 | fx_conflict=0.0 | regime_active=4 | ml=LOSS=2,bearish_return,benefic + malefic,hard,2025-07-31 18:30:00+05:30,2025-07-31 21:30:00+05:30,2,1,1,0,LOSS=2,STOP_LOSS=2,-0.2,47.0,Neutral,0.0,4,BEARISH,-0.1302649842883192,0.0,,natal unknown 0V; transit friend 15V,friend=1; unknown=1,,0,0,0,0,MERCURY|SUN,MERCURY|mirror|h0.18|n1.6|d360,SUN|mirror|h0.18|n1.6|d360,af01b89e08807f13036ebdff0d19f3c25b3f87321d9be2953645b41bc03b7173
241,MARS|MOON :: trine,17,BULLISH,BEARISH=2; BULLISH=7; CONFLICT=6,LOSS=17; WIN=12,-1.1102230246251566e-17,,,,,,,,repeated_across_timeframes; high_recurrence_group; multiple_active_aspects; base_enemy_sign; unknown_outer_or_node_dignity; soft_aspect,shadbala_avg=51.17 | quote_dignity=neutral=1; unknown=1 | base_dignity=enemy=1; friend=1 | fx_doctrine=BULLISH | fx_doctrine_net=0.0741401751315457 | fx_conflict=0.0 | regime_active=3 | ml=LOSS=2,bearish_return,malefic + benefic,soft,2025-07-31 23:30:00+05:30,2025-08-01 02:30:00+05:30,2,1,1,0,LOSS=2,STOP_LOSS=2,-0.2,51.16666666666666,Neutral,0.0,3,BULLISH,0.0741401751315457,0.0,natal friend 15V; transit enemy 4V,natal unknown 0V; transit neutral 10V,neutral=1; unknown=1,enemy=1; friend=1,0,1,0,0,MOON|VENUS,MOON|direct|h0.18|n1.8|d360,VENUS|mirror|h0.18|n1.5|d360,da6105e03838472ec3e09261615001a4ce02ca23d02328fd594d7abf7e7cb7f4
242,KETU|MARS :: square,1,BULLISH,BULLISH=1,WIN=1,0.3,,,,,,,,multiple_active_aspects; low_shadbala; quote_enemy_sign; base_enemy_sign; unknown_outer_or_node_dignity; malefic_pair; swing_duration_1d_to_5d; hard_aspect,shadbala_avg=48.95 | quote_dignity=enemy=1; unknown=1 | base_dignity=enemy=1; friend=1 | fx_doctrine=BULLISH | fx_doctrine_net=0.1406489772888461 | fx_conflict=0.0 | regime_active=2 | ml=WIN=1,bullish_return,malefic + malefic,hard,2025-08-01 06:30:00+05:30,2025-08-04 11:30:00+05:30,1,0,1,0,WIN=1,TAKE_PROFIT=1,0.3,48.94805194805195,Neutral,0.0,2,BULLISH,0.1406489772888461,0.0,natal friend 15V; transit enemy 4V,natal unknown 0V; transit enemy 4V,enemy=1; unknown=1,enemy=1; friend=1,1,1,0,0,MOON|RAHU,MOON|direct|h0.18|n1.8|d360,RAHU|direct|h0.18|n1.5|d360,5a7be0cd4b64b029f363bd2e755c51f7f3ffa4d3842241adca9deb5a421fef1c
243,MARS|RAHU :: square,1,BULLISH,BULLISH=1,WIN=1,0.3,,,,,,,,multiple_active_aspects; low_shadbala; quote_enemy_sign; base_enemy_sign; unknown_outer_or_node_dignity; malefic_pair; swing_duration_1d_to_5d; hard_aspect,shadbala_avg=48.95 | quote_dignity=enemy=1; unknown=1 | base_dignity=enemy=1; friend=1; unknown=2 | fx_doctrine=BULLISH | fx_doctrine_net=0.0562462077053217 | fx_conflict=0.3750371670360337 | regime_active=2 | ml=WIN=1,bullish_return,malefic + malefic,hard,2025-08-01 06:30:00+05:30,2025-08-04 11:30:00+05:30,1,0,1,0,WIN=1,TAKE_PROFIT=1,0.3,48.94805194805195,Neutral,0.0,2,BULLISH,0.0562462077053217,0.3750371670360337,natal friend 15V; transit enemy 4V,natal unknown 0V; transit enemy 4V,enemy=1; unknown=1,enemy=1; friend=1; unknown=2,1,1,0,0,MOON|RAHU,MOON|direct|h0.18|n1.8|d360,RAHU|direct|h0.18|n1.5|d360,85c0cbc80b2067da9708b6c2d3b27e841dac5f2a507c54d2ab3acac6f243c298
244,AVG(ALL)|KETU :: opposition_orb,4,UNKNOWN,BEARISH=1; BULLISH=1; UNKNOWN=2,WIN=7,0.3,,,,,,,,multiple_active_aspects; crowded_regime; quote_enemy_sign; base_enemy_sign; unknown_outer_or_node_dignity; avg_all_composite; hard_aspect,shadbala_avg=51.44 | quote_dignity=enemy=1; neutral=1; unknown=2 | base_dignity=enemy=1; neutral=1 | fx_doctrine=BEARISH | fx_doctrine_net=-0.1086211361800095 | fx_conflict=0.0 | regime_active=8 | ml=WIN=1,bullish_return,mixed_classical + malefic,hard,2025-08-04 05:30:00+05:30,2025-08-04 17:30:00+05:30,1,0,1,0,WIN=1,TAKE_PROFIT=1,0.3,51.44444444444444,Neutral,0.0,8,BEARISH,-0.1086211361800095,0.0,,natal neutral 10V; transit unknown 0V,enemy=1; neutral=1; unknown=2,enemy=1; neutral=1,1,1,0,0,MARS|PLUTO,PLUTO|direct|h0.18|n1.5|d360,MARS|mirror|h0.18|n1.7|d360,1dd1e8f9b079efaaa504bf94127c8165e7b9bf9763f464c11a90d56571a74b6c
245,AVG(ALL)|RAHU :: conjunction_orb,4,BEARISH,BEARISH=2; UNKNOWN=2,WIN=7,0.3,,,,,,,,multiple_active_aspects; crowded_regime; base_enemy_sign; quote_debilitation; avg_all_composite; hard_aspect,shadbala_avg=51.44 | quote_dignity=debilitation=1; friend=1 | base_dignity=enemy=1; friend=1 | fx_doctrine=BEARISH | fx_doctrine_net=-0.1974597701795356 | fx_conflict=0.0 | regime_active=8 | ml=WIN=1,bullish_return,mixed_classical + malefic,hard,2025-08-04 05:30:00+05:30,2025-08-04 17:30:00+05:30,1,0,1,0,WIN=1,TAKE_PROFIT=1,0.3,51.44444444444444,Neutral,0.0,8,BEARISH,-0.1974597701795356,0.0,natal unknown 0V; transit unknown 0V,natal neutral 10V; transit unknown 0V,debilitation=1; friend=1,enemy=1; friend=1,0,1,1,0,MARS|PLUTO,PLUTO|direct|h0.18|n1.5|d360,MARS|mirror|h0.18|n1.7|d360,605799d99535e78bd522649b4f5e9c8514c72b0bc766edb2c636b004ab8f03ae
246,JUPITER|MERCURY :: trine,5,CONFLICT,BEARISH=1; BULLISH=1; CONFLICT=2; UNKNOWN=1,LOSS=2; WIN=7,0.2,,,,,,,,repeated_across_timeframes; multiple_active_aspects; crowded_regime; base_enemy_sign; swing_duration_1d_to_5d; soft_aspect,shadbala_avg=51.30 | base_dignity=enemy=1; neutral=1 | fx_doctrine=CONFLICT | fx_doctrine_net=0.044132953668781 | fx_conflict=0.0 | regime_active=8 | ml=WIN=2,bullish_return,benefic + benefic,soft,2025-08-04 05:30:00+05:30,2025-08-05 06:30:00+05:30,2,0,1,1,WIN=2,TAKE_PROFIT=2,0.3,51.3,Neutral,0.0,8,CONFLICT,0.044132953668781,0.0,natal neutral 10V; transit enemy 4V,,,enemy=1; neutral=1,0,1,0,0,MARS|PLUTO,PLUTO|direct|h0.18|n1.5|d360,MARS|mirror|h0.18|n1.7|d360,93b10c157838b3c38bff150065b67a545f7dfc21808d0497f89829ae3763ab36
247,MARS|MOON :: trine,17,BULLISH,BEARISH=2; BULLISH=7; CONFLICT=6,LOSS=17; WIN=12,-1.1102230246251566e-17,,,,,,,,repeated_across_timeframes; high_recurrence_group; multiple_active_aspects; crowded_regime; quote_enemy_sign; base_enemy_sign; quote_debilitation; unknown_outer_or_node_dignity; swing_duration_1d_to_5d; soft_aspect,shadbala_avg=52.04 | quote_dignity=debilitation=1; enemy=1; friend=1; unknown=1 | base_dignity=enemy=1; friend=1 | fx_doctrine=BULLISH | fx_doctrine_net=0.2634411540319155 | fx_conflict=0.0 | regime_active=8 | ml=WIN=2,bullish_return,malefic + benefic,soft,2025-08-04 05:30:00+05:30,2025-08-06 02:30:00+05:30,2,0,1,1,WIN=2,TAKE_PROFIT=2,0.3,52.03611111111111,Neutral,0.0,8,BULLISH,0.2634411540319155,0.0,natal friend 15V; transit enemy 4V,natal friend 15V; transit debilitation 0V,debilitation=1; enemy=1; friend=1; unknown=1,enemy=1; friend=1,1,1,1,0,MARS|PLUTO,PLUTO|direct|h0.18|n1.5|d360,MARS|mirror|h0.18|n1.7|d360,c74d4844cd348057f875022eadf6a59451a79561ea0257292a15e3ec02c3611c
248,MARS|SUN :: trine,3,UNKNOWN,BEARISH=1; CONFLICT=1; UNKNOWN=1,LOSS=2; WIN=4,0.13333333333333333,,,,,,,,repeated_across_timeframes; multiple_active_aspects; crowded_regime; high_fx_doctrine_conflict; quote_enemy_sign; base_enemy_sign; unknown_outer_or_node_dignity; malefic_pair; swing_duration_1d_to_5d; soft_aspect,shadbala_avg=52.20 | quote_dignity=enemy=1; friend=1; unknown=2 | base_dignity=enemy=1; friend=1 | fx_doctrine=CONFLICT | fx_doctrine_net=0.0040776614910418 | fx_conflict=0.4627661804340556 | regime_active=8 | ml=WIN=2,bullish_return,malefic + malefic,soft,2025-08-04 05:30:00+05:30,2025-08-06 09:30:00+05:30,2,0,1,1,WIN=2,TAKE_PROFIT=2,0.3,52.19951923076923,Neutral,0.0,8,CONFLICT,0.0040776614910418,0.4627661804340556,natal friend 15V; transit enemy 4V,natal unknown 0V; transit enemy 4V,enemy=1; friend=1; unknown=2,enemy=1; friend=1,1,1,0,0,MARS|PLUTO,PLUTO|direct|h0.18|n1.5|d360,MARS|mirror|h0.18|n1.7|d360,301dea688e7bac32c249ca4c9a79c9b4d903a7cd4dfd8e2153932b8eb0a7f8d5
249,MOON|VENUS :: square,12,BEARISH,BEARISH=8; BULLISH=1; CONFLICT=1,LOSS=12; WIN=7,-1.1102230246251566e-17,,,,,,,,repeated_across_timeframes; high_recurrence_group; multiple_active_aspects; crowded_regime; base_debilitation; hard_aspect,shadbala_avg=52.00 | base_dignity=debilitation=1; friend=1; own=2 | fx_doctrine=BEARISH | fx_doctrine_net=-0.198689608942547 | fx_conflict=0.2971663001228155 | regime_active=7 | ml=WIN=2,bullish_return,benefic + benefic,hard,2025-08-04 15:30:00+05:30,2025-08-04 18:30:00+05:30,2,1,1,0,WIN=2,TAKE_PROFIT=2,0.3,52.0,Neutral,0.0,7,BEARISH,-0.198689608942547,0.2971663001228155,natal own 30V; transit debilitation 0V,,,debilitation=1; friend=1; own=2,0,0,0,1,JUPITER,JUPITER|mirror|h0.18|n1.5|d360,,0c347b0485952455d66c1195f5ad135c1b20166dadce1c6e5118b8b265cf4c4c
250,AVG(ALL)|MOON :: square,18,BEARISH,BEARISH=13; BULLISH=2,LOSS=7; WIN=21,0.16666666666666666,,,,,,,,high_recurrence_group; multiple_active_aspects; crowded_regime; quote_enemy_sign; base_enemy_sign; base_debilitation; unknown_outer_or_node_dignity; avg_all_composite; hard_aspect,shadbala_avg=53.08 | quote_dignity=enemy=2; friend=1; unknown=3 | base_dignity=debilitation=2; enemy=2; friend=1; neutral=1; own=1; unknown=1 | fx_doctrine=BEARISH | fx_doctrine_net=-0.3166476400356809 | fx_conflict=0.0 | regime_active=4 | ml=WIN=1,bullish_return,mixed_classical + benefic,hard,2025-08-05 10:30:00+05:30,2025-08-05 13:30:00+05:30,1,0,1,0,WIN=1,TAKE_PROFIT=1,0.3,53.083333333333336,Neutral,0.0,4,BEARISH,-0.3166476400356809,0.0,natal unknown 0V; transit debilitation 0V,,enemy=2; friend=1; unknown=3,debilitation=2; enemy=2; friend=1; neutral=1; own=1; unknown=1,2,2,0,2,MARS|PLUTO,PLUTO|direct|h0.18|n1.5|d360,MARS|mirror|h0.18|n1.7|d360,5e3053060c4a432b70447f33c367c63bb9ca36064bad9820520d95c6508bfb77
251,KETU|MOON :: conjunction_orb,6,BULLISH,BEARISH=1; BULLISH=4,LOSS=5; WIN=4,-1.1102230246251566e-17,,,,,,,,multiple_active_aspects; crowded_regime; base_enemy_sign; unknown_outer_or_node_dignity; hard_aspect,shadbala_avg=53.88 | quote_dignity=neutral=1; unknown=1 | base_dignity=enemy=1; friend=1; neutral=2 | fx_doctrine=BULLISH | fx_doctrine_net=0.1176732163948704 | fx_conflict=0.2769975357365821 | regime_active=5 | ml=LOSS=1,bearish_return,malefic + benefic,hard,2025-08-05 15:30:00+05:30,2025-08-05 19:30:00+05:30,1,0,1,0,LOSS=1,STOP_LOSS=1,-0.2,53.875,Neutral,0.0,5,BULLISH,0.1176732163948704,0.2769975357365821,natal friend 15V; transit neutral 10V,,neutral=1; unknown=1,enemy=1; friend=1; neutral=2,0,1,0,0,MARS|MOON,MOON|direct|h0.18|n1.6|d360,MARS|mirror|h0.18|n1.7|d360,1e72d3a4fb5bc12234d2df88e94f41d8069b248e5e4ab4f9a7a90d76191760da
252,MOON|RAHU :: opposition_orb,6,BULLISH,BEARISH=2; BULLISH=2; CONFLICT=1,LOSS=5; WIN=4,-1.1102230246251566e-17,,,,,,,,multiple_active_aspects; crowded_regime; base_enemy_sign; unknown_outer_or_node_dignity; hard_aspect,shadbala_avg=53.88 | quote_dignity=neutral=1; unknown=1 | base_dignity=enemy=1; neutral=1 | fx_doctrine=BEARISH | fx_doctrine_net=-0.0730825802110288 | fx_conflict=0.0 | regime_active=5 | ml=LOSS=1,bearish_return,benefic + malefic,hard,2025-08-05 15:30:00+05:30,2025-08-05 19:30:00+05:30,1,0,1,0,LOSS=1,STOP_LOSS=1,-0.2,53.875,Neutral,10.098646831982023,5,BEARISH,-0.0730825802110288,0.0,natal enemy 4V; transit neutral 10V,,neutral=1; unknown=1,enemy=1; neutral=1,0,1,0,0,MARS|MOON,MOON|direct|h0.18|n1.6|d360,MARS|mirror|h0.18|n1.7|d360,6d4e00f59dfce58251f34bb45b3442ef07adbe8d328c87fe5a25ca1f5ef7c118
253,AVG(ALL)|VENUS :: square,6,BEARISH,BEARISH=5; CONFLICT=1,LOSS=6; WIN=4,0.04999999999999999,,,,,,,,low_shadbala; quote_enemy_sign; base_enemy_sign; unknown_outer_or_node_dignity; avg_all_composite; hard_aspect,shadbala_avg=48.01 | quote_dignity=enemy=2; unknown=2 | base_dignity=enemy=1; friend=1; neutral=1; unknown=1 | fx_doctrine=CONFLICT | fx_doctrine_net=-0.0154082284263592 | fx_conflict=0.0 | regime_active=1 | ml=WIN=1,bullish_return,mixed_classical + benefic,hard,2025-08-07 06:30:00+05:30,2025-08-07 19:30:00+05:30,1,0,1,0,WIN=1,TAKE_PROFIT=1,0.3,48.00961538461539,Neutral,0.0,1,CONFLICT,-0.0154082284263592,0.0,natal enemy 4V; transit unknown 0V,,enemy=2; unknown=2,enemy=1; friend=1; neutral=1; unknown=1,2,1,0,0,KETU|MARS,KETU|mirror|h0.18|n1.6|d360,MARS|mirror|h0.18|n1.7|d360,bbca4010760fa7d1f13a766683c90012b946914347251588998f0230fc753cc3
254,MOON|SATURN :: opposition_orb,6,CONFLICT,BULLISH=3; CONFLICT=3,LOSS=6; WIN=5,0.04999999999999999,,,,,,,,multiple_active_aspects; low_shadbala; unknown_outer_or_node_dignity; hard_aspect,shadbala_avg=47.92 | quote_dignity=neutral=1; unknown=1 | base_dignity=neutral=1; unknown=1 | fx_doctrine=CONFLICT | fx_doctrine_net=-0.0005258521040205 | fx_conflict=0.0 | regime_active=2 | ml=WIN=1,bullish_return,benefic + malefic,hard,2025-08-07 15:30:00+05:30,2025-08-07 20:30:00+05:30,1,0,1,0,WIN=1,TAKE_PROFIT=1,0.3,47.91666666666666,Neutral,26.61203710825476,2,CONFLICT,-0.0005258521040205,0.0,natal unknown 0V; transit neutral 10V,natal unknown 0V; transit neutral 10V,neutral=1; unknown=1,neutral=1; unknown=1,0,0,0,0,MARS|PLUTO,MARS|mirror|h0.18|n1.7|d360,PLUTO|direct|h0.18|n1.5|d360,00a88e40d350b11500c3834c8b5d4b90340dd8463994c6fc594d1929eef6dbbf
255,MOON|SUN :: conjunction_orb,9,BULLISH,BEARISH=3; BULLISH=4; UNKNOWN=1,LOSS=5; WIN=10,0.11249999999999999,,,,,,,,multiple_active_aspects; low_shadbala; hard_aspect,shadbala_avg=47.42 | fx_doctrine=UNKNOWN | fx_doctrine_net=0.0 | fx_conflict=0.0 | regime_active=2 | ml=LOSS=1,bearish_return,benefic + malefic,hard,2025-08-08 01:30:00+05:30,2025-08-08 06:30:00+05:30,1,0,1,0,LOSS=1,STOP_LOSS=1,-0.2,47.41666666666666,Neutral,19.20190794170821,2,UNKNOWN,0.0,0.0,,,,,0,0,0,0,AVG(ALL)|MARS,AVG(ALL)|mirror|h0.18|n1.4|d360,MARS|mirror|h0.18|n1.7|d360,8707889a96df5fdcdc51a0308d24e1f2e32a4d71172051ed628cd37c52f74173
256,MERCURY|MOON :: conjunction_orb,8,BULLISH,BULLISH=7; CONFLICT=1,LOSS=6; WIN=10,0.11249999999999999,,,,,,,,repeated_across_timeframes; low_shadbala; hard_aspect,shadbala_avg=47.42 | base_dignity=neutral=2 | fx_doctrine=BULLISH | fx_doctrine_net=0.0832367242648211 | fx_conflict=0.0 | regime_active=1 | ml=WIN=2,bullish_return,benefic + benefic,hard,2025-08-08 18:30:00+05:30,2025-08-08 22:30:00+05:30,2,1,1,0,WIN=2,TAKE_PROFIT=2,0.3,47.41666666666666,Neutral,0.0,1,BULLISH,0.0832367242648211,0.0,natal neutral 10V; transit neutral 10V,,,neutral=2,0,0,0,0,JUPITER|MOON,MOON|direct|h0.18|n1.5|d360,JUPITER|mirror|h0.18|n1.5|d360,6576594cdc4e8b0c7fb3f04ecd493384fe4a2556eaa25f54c2e4a5e8c7507bdb
257,MOON|VENUS :: conjunction_orb,5,CONFLICT,BEARISH=2; CONFLICT=3,IGNORE=2; LOSS=4; WIN=4,0.033601351394587656,,,,,,,,repeated_across_timeframes; hard_aspect,shadbala_avg=50.23 | base_dignity=neutral=1; own=1 | fx_doctrine=CONFLICT | fx_doctrine_net=-0.0278311505209103 | fx_conflict=0.0 | regime_active=1 | ml=LOSS=2,bearish_return,benefic + benefic,hard,2025-08-11 12:30:00+05:30,2025-08-11 16:30:00+05:30,2,1,1,0,LOSS=2,STOP_LOSS=2,-0.2,50.22916666666666,Neutral,19.332068716933005,1,CONFLICT,-0.0278311505209103,0.0,natal own 30V; transit neutral 10V,,,neutral=1; own=1,0,0,0,0,AVG(ALL)|JUPITER,AVG(ALL)|mirror|h0.18|n1.4|d360,JUPITER|mirror|h0.18|n1.5|d360,068867a8aecca64f136035136c7e0e66e39dbeb4cc05cd53789d96e56d4841e1
258,JUPITER|VENUS :: trine,2,UNKNOWN,UNKNOWN=2,LOSS=3,-0.2,,,,,,,,repeated_across_timeframes; long_duration_gt_5d; soft_aspect,shadbala_avg=51.33 | fx_doctrine=UNKNOWN | fx_doctrine_net=0.0 | fx_conflict=0.0 | regime_active=1 | ml=LOSS=2,bearish_return,benefic + benefic,soft,2025-08-11 18:30:00+05:30,2025-08-21 18:30:00+05:30,2,0,1,1,LOSS=2,STOP_LOSS=2,-0.2,51.334375,Neutral,0.0,1,UNKNOWN,0.0,0.0,,,,,0,0,0,0,AVG(ALL)|JUPITER,AVG(ALL)|mirror|h0.18|n1.4|d360,JUPITER|mirror|h0.18|n1.5|d360,fcb33066822eefb9c5227781885ecc22452a573795cfef36172d30e70cb942e7
259,JUPITER|MOON :: trine,16,BULLISH,BEARISH=1; BULLISH=12; CONFLICT=1; UNKNOWN=1,LOSS=20; WIN=8,-0.03333333333333335,,,,,,,,repeated_across_timeframes; high_recurrence_group; multiple_active_aspects; soft_aspect,shadbala_avg=50.75 | base_dignity=neutral=1; own=1 | fx_doctrine=BULLISH | fx_doctrine_net=0.2692222518114562 | fx_conflict=0.0 | regime_active=3 | ml=LOSS=2,bearish_return,benefic + benefic,soft,2025-08-13 03:30:00+05:30,2025-08-13 05:30:00+05:30,2,1,1,0,LOSS=2,STOP_LOSS=2,-0.2,50.75,Neutral,0.0,3,BULLISH,0.2692222518114562,0.0,natal own 30V; transit neutral 10V,,,neutral=1; own=1,0,0,0,0,JUPITER|VENUS,VENUS|mirror|h0.18|n1.5|d360,JUPITER|mirror|h0.18|n1.5|d360,f5de3437b5f4773a0eacfbe78e6d6802e5c8a6866dc23197406eb5aae889b817
260,AVG(ALL)|VENUS :: square,6,BEARISH,BEARISH=5; CONFLICT=1,LOSS=6; WIN=4,0.04999999999999999,,,,,,,,repeated_across_timeframes; multiple_active_aspects; unknown_outer_or_node_dignity; avg_all_composite; hard_aspect,shadbala_avg=50.99 | quote_dignity=neutral=1; unknown=1 | base_dignity=friend=1; unknown=1 | fx_doctrine=BEARISH | fx_doctrine_net=-0.1011178553891596 | fx_conflict=0.0 | regime_active=2 | ml=WIN=2,bullish_return,mixed_classical + benefic,hard,2025-08-14 03:30:00+05:30,2025-08-14 20:30:00+05:30,2,1,1,0,WIN=2,TAKE_PROFIT=2,0.3,50.990196078431374,Neutral,0.0,2,BEARISH,-0.1011178553891596,0.0,natal own 30V; transit unknown 0V,,neutral=1; unknown=1,friend=1; unknown=1,0,0,0,0,SUN|VENUS,VENUS|mirror|h0.18|n1.5|d360,SUN|mirror|h0.18|n1.6|d360,1eeb1301cf79f46073fded61e213878fe3f2e1c084c6c096e7ac079f83b7f02f
261,MOON|SATURN :: square,15,CONFLICT,BEARISH=1; BULLISH=5; CONFLICT=7; UNKNOWN=1,LOSS=10; WIN=18,0.12648634697626365,,,,,,,,repeated_across_timeframes; high_recurrence_group; multiple_active_aspects; unknown_outer_or_node_dignity; hard_aspect,shadbala_avg=50.33 | quote_dignity=neutral=1; unknown=1 | fx_doctrine=CONFLICT | fx_doctrine_net=-0.0189126098223324 | fx_conflict=0.0 | regime_active=3 | ml=WIN=2,bullish_return,benefic + malefic,hard,2025-08-14 05:30:00+05:30,2025-08-14 08:30:00+05:30,2,1,1,0,WIN=2,TAKE_PROFIT=2,0.3,50.333333333333336,Neutral,0.0,3,CONFLICT,-0.0189126098223324,0.0,,natal unknown 0V; transit neutral 10V,neutral=1; unknown=1,,0,0,0,0,KETU|VENUS,KETU|mirror|h0.18|n1.6|d360,VENUS|mirror|h0.18|n1.5|d360,831373d8b2b1dca356d6d244d0b9c723302535a561ae83bb1298507de0f17d69
262,KETU|MOON :: trine,14,UNKNOWN,BEARISH=1; BULLISH=1; UNKNOWN=10,LOSS=9; WIN=14,0.09166666666666666,,,,,,,,repeated_across_timeframes; high_recurrence_group; multiple_active_aspects; soft_aspect,shadbala_avg=51.17 | fx_doctrine=UNKNOWN | fx_doctrine_net=0.0 | fx_conflict=0.0 | regime_active=3 | ml=WIN=2,bullish_return,malefic + benefic,soft,2025-08-14 13:30:00+05:30,2025-08-14 15:30:00+05:30,2,1,1,0,WIN=2,TAKE_PROFIT=2,0.3,51.16666666666666,Neutral,0.0,3,UNKNOWN,0.0,0.0,,,,,0,0,0,0,AVG(ALL),AVG(ALL)|mirror|h0.18|n1.4|d360,,0b0ac187a0bf1774e48d89ace828ee96860a7f23de3de80eda881d0896ce532d
263,MOON|SUN :: square,16,BEARISH,BEARISH=7; BULLISH=3; UNKNOWN=4,LOSS=13; WIN=13,0.04999999999999999,,,,,,,,high_recurrence_group; multiple_active_aspects; hard_aspect,shadbala_avg=51.17 | fx_doctrine=UNKNOWN | fx_doctrine_net=0.0 | fx_conflict=0.0 | regime_active=3 | ml=WIN=1,bullish_return,benefic + malefic,hard,2025-08-14 15:30:00+05:30,2025-08-14 17:30:00+05:30,1,0,1,0,WIN=1,TAKE_PROFIT=1,0.3,51.16666666666666,Neutral,0.0,3,UNKNOWN,0.0,0.0,,,,,0,0,0,0,AVG(ALL)|MARS,MARS|mirror|h0.18|n1.7|d360,AVG(ALL)|mirror|h0.18|n1.4|d360,d0ab9d7c7787dc785dd96785dbb4e6df67629e662f59f12b21c37d5f9b8c278a
264,MERCURY|MOON :: square,16,BEARISH,BEARISH=6; BULLISH=3; CONFLICT=4,LOSS=15; WIN=10,-0.007692307692307703,,,,,,,,repeated_across_timeframes; high_recurrence_group; multiple_active_aspects; base_enemy_sign; unknown_outer_or_node_dignity; hard_aspect,shadbala_avg=51.17 | quote_dignity=neutral=1; unknown=1 | base_dignity=enemy=1; neutral=1 | fx_doctrine=CONFLICT | fx_doctrine_net=0.0390071502701228 | fx_conflict=0.0 | regime_active=2 | ml=WIN=2,bullish_return,benefic + benefic,hard,2025-08-15 06:30:00+05:30,2025-08-15 08:30:00+05:30,2,1,1,0,WIN=2,TAKE_PROFIT=2,0.3,51.16666666666666,Neutral,0.0,2,CONFLICT,0.0390071502701228,0.0,natal neutral 10V; transit enemy 4V,natal unknown 0V; transit neutral 10V,neutral=1; unknown=1,enemy=1; neutral=1,0,1,0,0,JUPITER,JUPITER|mirror|h0.18|n1.5|d360,,f8077c49415964fe225532d464682f2742a9053c566937d065499666b9f27dfd
265,AVG(ALL)|KETU :: opposition_orb,4,UNKNOWN,BEARISH=1; BULLISH=1; UNKNOWN=2,WIN=7,0.3,,,,,,,,repeated_across_timeframes; multiple_active_aspects; crowded_regime; strong_shadbala; base_enemy_sign; unknown_outer_or_node_dignity; avg_all_composite; hard_aspect,shadbala_avg=57.25 | quote_dignity=neutral=1; unknown=1 | base_dignity=enemy=1; neutral=1 | fx_doctrine=UNKNOWN | fx_doctrine_net=0.0 | fx_conflict=0.0 | regime_active=6 | ml=WIN=2,bullish_return,mixed_classical + malefic,hard,2025-08-18 05:30:00+05:30,2025-08-18 11:30:00+05:30,2,1,1,0,WIN=2,TAKE_PROFIT=2,0.3,57.25,Neutral,14.006148382087533,6,UNKNOWN,0.0,0.0,,,neutral=1; unknown=1,enemy=1; neutral=1,0,1,0,0,KETU|PLUTO,PLUTO|direct|h0.18|n1.5|d360,KETU|mirror|h0.18|n1.6|d360,040b76a7f0893220671a5aa1cad1622f440e22505812111a05fa177e544ff07c
266,AVG(ALL)|RAHU :: conjunction_orb,4,BEARISH,BEARISH=2; UNKNOWN=2,WIN=7,0.3,,,,,,,,repeated_across_timeframes; multiple_active_aspects; crowded_regime; strong_shadbala; base_enemy_sign; unknown_outer_or_node_dignity; avg_all_composite; hard_aspect,shadbala_avg=57.25 | quote_dignity=neutral=1; unknown=1 | base_dignity=enemy=1; exaltation=1 | fx_doctrine=UNKNOWN | fx_doctrine_net=0.0 | fx_conflict=0.0 | regime_active=6 | ml=WIN=2,bullish_return,mixed_classical + malefic,hard,2025-08-18 05:30:00+05:30,2025-08-18 11:30:00+05:30,2,1,1,0,WIN=2,TAKE_PROFIT=2,0.3,57.25,Neutral,14.006148382088666,6,UNKNOWN,0.0,0.0,,,neutral=1; unknown=1,enemy=1; exaltation=1,0,1,0,0,KETU|PLUTO,PLUTO|direct|h0.18|n1.5|d360,KETU|mirror|h0.18|n1.6|d360,7fe0dcc8da260d70916d54d05438c555655ac81a49e747345187263cdb335eb2
267,JUPITER|MERCURY :: trine,5,CONFLICT,BEARISH=1; BULLISH=1; CONFLICT=2; UNKNOWN=1,LOSS=2; WIN=7,0.2,,,,,,,,repeated_across_timeframes; multiple_active_aspects; crowded_regime; base_enemy_sign; swing_duration_1d_to_5d; soft_aspect,shadbala_avg=53.81 | base_dignity=enemy=1; neutral=1 | fx_doctrine=CONFLICT | fx_doctrine_net=0.044452507302519 | fx_conflict=0.0 | regime_active=6 | ml=WIN=2,bullish_return,benefic + benefic,soft,2025-08-18 05:30:00+05:30,2025-08-19 17:30:00+05:30,2,0,1,1,WIN=2,TAKE_PROFIT=2,0.3,53.8125,Neutral,0.0,6,CONFLICT,0.044452507302519,0.0,natal neutral 10V; transit enemy 4V,,,enemy=1; neutral=1,0,1,0,0,KETU|PLUTO,PLUTO|direct|h0.18|n1.5|d360,KETU|mirror|h0.18|n1.6|d360,630da29edf0a8339879d57dfe4e1cb39ad0037cdaebe476ec14e4279d7bec9b4
268,MARS|MERCURY :: trine,2,CONFLICT,BULLISH=1; CONFLICT=1,WIN=4,0.3,,,,,,,,repeated_across_timeframes; multiple_active_aspects; crowded_regime; base_enemy_sign; swing_duration_1d_to_5d; soft_aspect,shadbala_avg=51.89 | base_dignity=enemy=1; neutral=1 | fx_doctrine=BULLISH | fx_doctrine_net=0.2195903056336573 | fx_conflict=0.0 | regime_active=6 | ml=WIN=2,bullish_return,malefic + benefic,soft,2025-08-18 05:30:00+05:30,2025-08-20 12:30:00+05:30,2,0,1,1,WIN=2,TAKE_PROFIT=2,0.3,51.89090909090909,Neutral,0.0,6,BULLISH,0.2195903056336573,0.0,natal neutral 10V; transit enemy 4V,,,enemy=1; neutral=1,0,1,0,0,KETU|PLUTO,PLUTO|direct|h0.18|n1.5|d360,KETU|mirror|h0.18|n1.6|d360,f94d55684a2a1010c67a4e6e04a776164980cc49baefb411d1807490eab626e3
269,AVG(ALL)|MOON :: square,18,BEARISH,BEARISH=13; BULLISH=2,LOSS=7; WIN=21,0.16666666666666666,,,,,,,,repeated_across_timeframes; high_recurrence_group; multiple_active_aspects; crowded_regime; quote_enemy_sign; base_enemy_sign; unknown_outer_or_node_dignity; avg_all_composite; hard_aspect,shadbala_avg=55.38 | quote_dignity=enemy=1; unknown=1 | base_dignity=enemy=2; exaltation=2; neutral=1; unknown=1 | fx_doctrine=BEARISH | fx_doctrine_net=-2.116956879375368 | fx_conflict=0.0 | regime_active=5 | ml=WIN=2,bullish_return,mixed_classical + benefic,hard,2025-08-18 14:30:00+05:30,2025-08-18 16:30:00+05:30,2,1,1,0,WIN=2,TAKE_PROFIT=2,0.3,55.375,Neutral,0.0,5,BEARISH,-2.116956879375368,0.0,natal unknown 0V; transit exaltation 60V,natal unknown 0V; transit unknown 0V,enemy=1; unknown=1,enemy=2; exaltation=2; neutral=1; unknown=1,1,2,0,0,KETU|PLUTO,PLUTO|direct|h0.18|n1.5|d360,KETU|mirror|h0.18|n1.6|d360,30765e060443b6d9595fd16fb0e1b525ff5903c9c9b1e89798c896c63ecacc77
270,SATURN|VENUS :: conjunction_orb,1,CONFLICT,CONFLICT=1,WIN=2,0.3,,,,,,,,repeated_across_timeframes; multiple_active_aspects; crowded_regime; unknown_outer_or_node_dignity; swing_duration_1d_to_5d; hard_aspect,shadbala_avg=50.51 | quote_dignity=neutral=1; unknown=1 | fx_doctrine=CONFLICT | fx_doctrine_net=-0.0208903531715381 | fx_conflict=0.0 | regime_active=6 | ml=WIN=2,bullish_return,malefic + benefic,hard,2025-08-18 16:30:00+05:30,2025-08-21 04:30:00+05:30,2,0,1,1,WIN=2,TAKE_PROFIT=2,0.3,50.50694444444444,Neutral,0.0,6,CONFLICT,-0.0208903531715381,0.0,,natal unknown 0V; transit neutral 10V,neutral=1; unknown=1,,0,0,0,0,KETU|PLUTO,PLUTO|direct|h0.18|n1.5|d360,KETU|mirror|h0.18|n1.6|d360,653a959a1fc0968acb9bfc0fd7b196417b878998e6cd2c239afd64e472fda504
271,KETU|MOON :: opposition_orb,8,BEARISH,BEARISH=5; BULLISH=1,LOSS=5; WIN=6,0.04999999999999999,,,,,,,,repeated_across_timeframes; multiple_active_aspects; crowded_regime; base_enemy_sign; unknown_outer_or_node_dignity; hard_aspect,shadbala_avg=54.75 | base_dignity=enemy=1; friend=4; unknown=1 | fx_doctrine=BEARISH | fx_doctrine_net=-0.4780571758963428 | fx_conflict=0.1038035394328988 | regime_active=7 | ml=WIN=2,bullish_return,malefic + benefic,hard,2025-08-18 17:30:00+05:30,2025-08-18 22:30:00+05:30,2,1,1,0,WIN=2,TAKE_PROFIT=2,0.3,54.75,Neutral,0.0,7,BEARISH,-0.4780571758963428,0.1038035394328988,natal enemy 4V; transit friend 15V,,,enemy=1; friend=4; unknown=1,0,1,0,0,KETU|PLUTO,PLUTO|direct|h0.18|n1.5|d360,KETU|mirror|h0.18|n1.6|d360,d4c7604383305a4b1c0479229b36b4cc772d7191eeeb6bb4bd4dc07ac14eca6f
272,MOON|RAHU :: conjunction_orb,8,BEARISH,BEARISH=5; BULLISH=1,LOSS=5; WIN=6,0.04999999999999999,,,,,,,,repeated_across_timeframes; multiple_active_aspects; crowded_regime; base_enemy_sign; unknown_outer_or_node_dignity; hard_aspect,shadbala_avg=54.75 | base_dignity=enemy=1; friend=2; unknown=1 | fx_doctrine=BEARISH | fx_doctrine_net=-0.5406827062182269 | fx_conflict=0.0 | regime_active=7 | ml=WIN=2,bullish_return,benefic + malefic,hard,2025-08-18 17:30:00+05:30,2025-08-18 22:30:00+05:30,2,1,1,0,WIN=2,TAKE_PROFIT=2,0.3,54.75,Neutral,25.459500930230664,7,BEARISH,-0.5406827062182269,0.0,natal enemy 4V; transit friend 15V,,,enemy=1; friend=2; unknown=1,0,1,0,0,KETU|PLUTO,PLUTO|direct|h0.18|n1.5|d360,KETU|mirror|h0.18|n1.6|d360,19b74888b26363b33cfb441ebe717f0eec28322e7c2a31567c924aae24063ed6
273,AVG(ALL)|MARS :: trine,4,UNKNOWN,BEARISH=1; BULLISH=1; CONFLICT=1; UNKNOWN=1,LOSS=2; WIN=5,0.175,,,,,,,,repeated_across_timeframes; multiple_active_aspects; crowded_regime; quote_enemy_sign; unknown_outer_or_node_dignity; avg_all_composite; soft_aspect,shadbala_avg=53.61 | quote_dignity=enemy=1; friend=2; neutral=1; unknown=4 | fx_doctrine=BULLISH | fx_doctrine_net=0.2649479448610122 | fx_conflict=0.0 | regime_active=8 | ml=WIN=2,bullish_return,mixed_classical + malefic,soft,2025-08-18 21:30:00+05:30,2025-08-19 08:30:00+05:30,2,1,1,0,WIN=2,TAKE_PROFIT=2,0.3,53.60984848484848,Neutral,0.0,8,BULLISH,0.2649479448610122,0.0,,natal unknown 0V; transit unknown 0V,enemy=1; friend=2; neutral=1; unknown=4,,1,0,0,0,JUPITER,JUPITER|mirror|h0.18|n1.5|d360,,16802804c01eaedcb01966703b8c6f7f607828791cbe69ddb526789863b724a3
274,MARS|MOON :: trine,17,BULLISH,BEARISH=2; BULLISH=7; CONFLICT=6,LOSS=17; WIN=12,-1.1102230246251566e-17,,,,,,,,repeated_across_timeframes; high_recurrence_group; multiple_active_aspects; crowded_regime; unknown_outer_or_node_dignity; soft_aspect,shadbala_avg=54.75 | quote_dignity=friend=3; unknown=3 | fx_doctrine=CONFLICT | fx_doctrine_net=-0.0484313229493663 | fx_conflict=0.4205866540563767 | regime_active=7 | ml=LOSS=2,bearish_return,malefic + benefic,soft,2025-08-19 01:30:00+05:30,2025-08-19 03:30:00+05:30,2,1,1,0,LOSS=2,STOP_LOSS=2,-0.2,54.75,Neutral,0.0,7,CONFLICT,-0.0484313229493663,0.4205866540563767,,natal unknown 0V; transit friend 15V,friend=3; unknown=3,,0,0,0,0,JUPITER,JUPITER|mirror|h0.18|n1.5|d360,,1083fcaffacee1a5bd1c402cafccfc6cc3f5d697cedbd2c88b946e0c469a5199
275,KETU|SUN :: trine,2,UNKNOWN,UNKNOWN=2,LOSS=1; WIN=1,0.04999999999999999,,,,,,,,multiple_active_aspects; crowded_regime; low_shadbala; malefic_pair; swing_duration_1d_to_5d; soft_aspect,shadbala_avg=49.36 | fx_doctrine=UNKNOWN | fx_doctrine_net=0.0 | fx_conflict=0.0 | regime_active=6 | ml=LOSS=1,bearish_return,malefic + malefic,soft,2025-08-19 06:30:00+05:30,2025-08-21 07:30:00+05:30,1,0,1,0,LOSS=1,STOP_LOSS=1,-0.2,49.359693877551024,Neutral,0.0,6,UNKNOWN,0.0,0.0,,,,,0,0,0,0,JUPITER|MOON,JUPITER|mirror|h0.18|n1.5|d360,MOON|mirror|h0.18|n1.5|d360,fe2b1e7492f07a747f1ec0ccc7ee526357e2746573bfa987eb2f12fe99fd6735
276,MOON|VENUS :: trine,17,UNKNOWN,BEARISH=3; BULLISH=1; CONFLICT=5; UNKNOWN=6,LOSS=8; WIN=20,0.16666666666666666,,,,,,,,repeated_across_timeframes; high_recurrence_group; multiple_active_aspects; crowded_regime; low_shadbala; soft_aspect,shadbala_avg=48.25 | fx_doctrine=UNKNOWN | fx_doctrine_net=0.0 | fx_conflict=0.0 | regime_active=6 | ml=LOSS=2,bearish_return,benefic + benefic,soft,2025-08-20 01:30:00+05:30,2025-08-20 03:30:00+05:30,2,1,1,0,LOSS=2,STOP_LOSS=2,-0.2,48.25,Neutral,0.0,6,UNKNOWN,0.0,0.0,,,,,0,0,0,0,JUPITER|MOON,JUPITER|mirror|h0.18|n1.5|d360,MOON|mirror|h0.18|n1.5|d360,bb2d1a07cc04880b0ea2f2069c35e39209c9afba6342c0e5739db6526687ac18
277,MOON|SATURN :: conjunction_orb,8,BULLISH,BEARISH=1; BULLISH=4; CONFLICT=3,LOSS=8; WIN=7,0.04999999999999999,,,,,,,,repeated_across_timeframes; multiple_active_aspects; crowded_regime; unknown_outer_or_node_dignity; hard_aspect,shadbala_avg=50.12 | quote_dignity=neutral=1; unknown=1 | fx_doctrine=CONFLICT | fx_doctrine_net=-0.0251403264409606 | fx_conflict=0.0 | regime_active=5 | ml=LOSS=2,bearish_return,benefic + malefic,hard,2025-08-20 14:30:00+05:30,2025-08-20 18:30:00+05:30,2,1,1,0,LOSS=2,STOP_LOSS=2,-0.2,50.125,Neutral,18.163024430041336,5,CONFLICT,-0.0251403264409606,0.0,,natal unknown 0V; transit neutral 10V,neutral=1; unknown=1,,0,0,0,0,KETU|PLUTO,PLUTO|direct|h0.18|n1.5|d360,KETU|mirror|h0.18|n1.6|d360,5cb335f02774fd8ee819c2b7967689ab5f9fc010cc76feb28d5cebff787f137a
278,MOON|SUN :: square,16,BEARISH,BEARISH=7; BULLISH=3; UNKNOWN=4,LOSS=13; WIN=13,0.04999999999999999,,,,,,,,repeated_across_timeframes; high_recurrence_group; multiple_active_aspects; crowded_regime; swing_duration_1d_to_5d; hard_aspect,shadbala_avg=50.32 | fx_doctrine=UNKNOWN | fx_doctrine_net=0.0 | fx_conflict=0.0 | regime_active=5 | ml=LOSS=2,bearish_return,benefic + malefic,hard,2025-08-20 08:30:00+05:30,2025-08-22 08:30:00+05:30,2,0,1,1,LOSS=2,STOP_LOSS=2,-0.2,50.31597222222222,Neutral,0.0,5,UNKNOWN,0.0,0.0,,,,,0,0,0,0,KETU|PLUTO,PLUTO|direct|h0.18|n1.5|d360,KETU|mirror|h0.18|n1.6|d360,3fc3147e990a6e3f1f53c75f501293c27c4e89936d27f613deb0ccad16c61bc5
279,AVG(ALL)|MOON :: trine,18,BULLISH,BEARISH=2; BULLISH=10; CONFLICT=2; UNKNOWN=2,LOSS=14; WIN=18,0.08124999999999999,,,,,,,,repeated_across_timeframes; high_recurrence_group; multiple_active_aspects; crowded_regime; low_shadbala; quote_enemy_sign; base_enemy_sign; unknown_outer_or_node_dignity; avg_all_composite; soft_aspect,shadbala_avg=49.92 | quote_dignity=enemy=1; friend=1 | base_dignity=enemy=1; unknown=1 | fx_doctrine=BULLISH | fx_doctrine_net=0.4148089555059176 | fx_conflict=0.0 | regime_active=7 | ml=WIN=2,bullish_return,mixed_classical + benefic,soft,2025-08-20 18:30:00+05:30,2025-08-20 20:30:00+05:30,2,1,1,0,WIN=2,TAKE_PROFIT=2,0.3,49.91666666666666,Neutral,0.0,7,BULLISH,0.4148089555059176,0.0,natal own 30V; transit unknown 0V,natal enemy 4V; transit friend 15V,enemy=1; friend=1,enemy=1; unknown=1,1,1,0,0,JUPITER|KETU,KETU|mirror|h0.18|n1.6|d360,JUPITER|mirror|h0.18|n1.5|d360,6c318411710074b966059d27004f1da3c276ae2fd031515db9282d6c9d9b615e
280,AVG(ALL)|VENUS :: trine,6,BULLISH,BEARISH=2; BULLISH=3; UNKNOWN=1,LOSS=6; WIN=6,0.04999999999999999,,,,,,,,repeated_across_timeframes; multiple_active_aspects; crowded_regime; quote_enemy_sign; base_enemy_sign; unknown_outer_or_node_dignity; avg_all_composite; swing_duration_1d_to_5d; soft_aspect,shadbala_avg=50.58 | quote_dignity=enemy=1; friend=1 | base_dignity=enemy=1; unknown=1 | fx_doctrine=BULLISH | fx_doctrine_net=0.2031889673184613 | fx_conflict=0.0 | regime_active=7 | ml=WIN=2,bullish_return,mixed_classical + benefic,soft,2025-08-20 16:30:00+05:30,2025-08-22 07:30:00+05:30,2,0,1,1,WIN=2,TAKE_PROFIT=2,0.3,50.57905982905983,Neutral,0.0,7,BULLISH,0.2031889673184613,0.0,natal own 30V; transit unknown 0V,natal enemy 4V; transit friend 15V,enemy=1; friend=1,enemy=1; unknown=1,1,1,0,0,JUPITER|KETU,KETU|mirror|h0.18|n1.6|d360,JUPITER|mirror|h0.18|n1.5|d360,da8225a845e01e3f26f433719cc11380e4ce4f307608f60ee9ee97c5b52301ef
281,MOON|SUN :: opposition_orb,7,BEARISH,BEARISH=4; BULLISH=3,LOSS=10; WIN=3,-0.057142857142857155,,,,,,,,repeated_across_timeframes; multiple_active_aspects; crowded_regime; low_shadbala; unknown_outer_or_node_dignity; hard_aspect,shadbala_avg=49.92 | quote_dignity=own=1; unknown=1 | fx_doctrine=BEARISH | fx_doctrine_net=-0.1826621757099005 | fx_conflict=0.0 | regime_active=6 | ml=LOSS=2,bearish_return,benefic + malefic,hard,2025-08-21 00:30:00+05:30,2025-08-21 04:30:00+05:30,2,1,1,0,LOSS=2,STOP_LOSS=2,-0.2,49.91666666666666,Neutral,19.892904446131748,6,BEARISH,-0.1826621757099005,0.0,,natal unknown 0V; transit own 30V,own=1; unknown=1,,0,0,0,0,KETU|PLUTO,PLUTO|direct|h0.18|n1.5|d360,KETU|mirror|h0.18|n1.6|d360,88aa19a3b83fe19763bd27c4c7717eddfb1de2dd74855510f2059ec899210feb
282,JUPITER|MOON :: trine,16,BULLISH,BEARISH=1; BULLISH=12; CONFLICT=1; UNKNOWN=1,LOSS=20; WIN=8,-0.03333333333333335,,,,,,,,repeated_across_timeframes; high_recurrence_group; multiple_active_aspects; crowded_regime; soft_aspect,shadbala_avg=50.33 | base_dignity=neutral=1; own=1 | fx_doctrine=CONFLICT | fx_doctrine_net=0.0224438837280129 | fx_conflict=0.0 | regime_active=5 | ml=LOSS=2,bearish_return,benefic + benefic,soft,2025-08-21 16:30:00+05:30,2025-08-21 18:30:00+05:30,2,1,1,0,LOSS=2,STOP_LOSS=2,-0.2,50.333333333333336,Neutral,0.0,5,CONFLICT,0.0224438837280129,0.0,natal neutral 10V; transit own 30V,,,neutral=1; own=1,0,0,0,0,JUPITER|KETU,KETU|mirror|h0.18|n1.6|d360,JUPITER|mirror|h0.18|n1.5|d360,1e4b362364fa43bba53433879725d818c4043a9558ca8d4032841820d5f3a3d1
283,MERCURY|MOON :: opposition_orb,7,BULLISH,BEARISH=2; BULLISH=4,LOSS=6; WIN=5,0.04999999999999999,,,,,,,,repeated_across_timeframes; multiple_active_aspects; crowded_regime; quote_enemy_sign; hard_aspect,shadbala_avg=50.42 | quote_dignity=enemy=1; neutral=1 | base_dignity=neutral=1; own=1 | fx_doctrine=BEARISH | fx_doctrine_net=-0.2980245536116666 | fx_conflict=0.0 | regime_active=5 | ml=LOSS=2,bearish_return,benefic + benefic,hard,2025-08-21 15:30:00+05:30,2025-08-21 20:30:00+05:30,2,1,1,0,LOSS=2,STOP_LOSS=2,-0.2,50.41666666666666,Neutral,0.0,5,BEARISH,-0.2980245536116666,0.0,natal neutral 10V; transit own 30V,natal neutral 10V; transit enemy 4V,enemy=1; neutral=1,neutral=1; own=1,1,0,0,0,JUPITER|KETU,KETU|mirror|h0.18|n1.6|d360,JUPITER|mirror|h0.18|n1.5|d360,4e25620c15d96be8f8f9d55fbc5eb91359a28cb929184585d7761fd1927073cd
284,AVG(ALL)|VENUS :: trine,6,BULLISH,BEARISH=2; BULLISH=3; UNKNOWN=1,LOSS=6; WIN=6,0.04999999999999999,,,,,,,,repeated_across_timeframes; quote_enemy_sign; base_enemy_sign; unknown_outer_or_node_dignity; avg_all_composite; soft_aspect,shadbala_avg=56.26 | quote_dignity=enemy=1; moolatrikona=1; neutral=1; unknown=1 | base_dignity=enemy=1; unknown=1 | fx_doctrine=BULLISH | fx_doctrine_net=0.493727184390221 | fx_conflict=0.0 | regime_active=1 | ml=WIN=2,bullish_return,mixed_classical + benefic,soft,2025-08-22 09:30:00+05:30,2025-08-22 21:30:00+05:30,2,1,1,0,WIN=2,TAKE_PROFIT=2,0.3,56.25694444444444,Neutral,0.0,1,BULLISH,0.493727184390221,0.0,,natal enemy 4V; transit enemy 4V,enemy=1; moolatrikona=1; neutral=1; unknown=1,enemy=1; unknown=1,1,1,0,0,MOON,MOON|mirror|h0.18|n1.6|d360,,ff3068160cab8896bd176b2cbf0e96f3f8b7ff354935966f6647c13e8ddfa34c
285,MARS|SUN :: opposition_orb,1,BEARISH,BEARISH=1,WIN=1,0.3,,,,,,,,quote_enemy_sign; base_enemy_sign; unknown_outer_or_node_dignity; malefic_pair; swing_duration_1d_to_5d; hard_aspect,shadbala_avg=54.07 | quote_dignity=enemy=1; exaltation=1; moolatrikona=2; neutral=1; unknown=1 | base_dignity=enemy=1; unknown=1 | fx_doctrine=BEARISH | fx_doctrine_net=-0.7514839498243414 | fx_conflict=0.1639693845715744 | regime_active=1 | ml=WIN=1,bullish_return,malefic + malefic,hard,2025-08-22 20:30:00+05:30,2025-08-25 21:30:00+05:30,1,0,1,0,WIN=1,TAKE_PROFIT=1,0.3,54.0736301369863,Neutral,0.0,1,BEARISH,-0.7514839498243414,0.1639693845715744,natal unknown 0V; transit enemy 4V,natal neutral 10V; transit enemy 4V,enemy=1; exaltation=1; moolatrikona=2; neutral=1; unknown=1,enemy=1; unknown=1,1,1,0,0,MOON|PLUTO,PLUTO|direct|h0.18|n1.5|d360,MOON|mirror|h0.18|n1.6|d360,3c80dd1cd20aaf317e25ea03fb84b5bc5dca0c4f9bd43977468d3ff253702509
286,AVG(ALL)|SATURN :: conjunction_orb,3,BEARISH,BEARISH=1,WIN=1,0.3,,,,,,,,not_in_current_candidate_csv; multiple_active_aspects; crowded_regime; quote_enemy_sign; unknown_outer_or_node_dignity; avg_all_composite; hard_aspect,shadbala_avg=54.50 | quote_dignity=enemy=1; friend=1; moolatrikona=1; neutral=4; unknown=3 | base_dignity=moolatrikona=1; neutral=1 | regime_active=4,,mixed_classical + malefic,hard,2025-08-25 05:30:00+05:30,2025-08-25 08:30:00+05:30,0,0,0,0,,,,54.5,Neutral,0.0,4,,,,,,enemy=1; friend=1; moolatrikona=1; neutral=4; unknown=3,moolatrikona=1; neutral=1,1,0,0,0,KETU|PLUTO,PLUTO|direct|h0.18|n1.5|d360,KETU|mirror|h0.18|n1.6|d360,b6e3d2e5e822c17f47a604bc16eeaee4d14a815040df74beca63a13e5ab19325
287,SUN|VENUS :: opposition_orb,1,CONFLICT,CONFLICT=1,WIN=2,0.3,,,,,,,,repeated_across_timeframes; multiple_active_aspects; crowded_regime; hard_aspect,shadbala_avg=54.71 | quote_dignity=moolatrikona=1; neutral=1 | base_dignity=moolatrikona=1; neutral=1 | fx_doctrine=CONFLICT | fx_doctrine_net=-0.0293463459333451 | fx_conflict=0.0 | regime_active=4 | ml=WIN=2,bullish_return,malefic + benefic,hard,2025-08-25 05:30:00+05:30,2025-08-25 21:30:00+05:30,2,1,1,0,WIN=2,TAKE_PROFIT=2,0.3,54.708333333333336,Neutral,0.0,4,CONFLICT,-0.0293463459333451,0.0,natal neutral 10V; transit moolatrikona 45V,natal neutral 10V; transit moolatrikona 45V,moolatrikona=1; neutral=1,moolatrikona=1; neutral=1,0,0,0,0,KETU|PLUTO,PLUTO|direct|h0.18|n1.5|d360,KETU|mirror|h0.18|n1.6|d360,68198f0f9b033e7291ac0dff0182d7c83fe200cb9a46173bc5b60180563c3efb
288,AVG(ALL)|MOON :: opposition_orb,10,BEARISH,BEARISH=4; BULLISH=2; CONFLICT=3; UNKNOWN=1,LOSS=10; WIN=10,0.04999999999999999,,,,,,,,repeated_across_timeframes; high_recurrence_group; multiple_active_aspects; crowded_regime; unknown_outer_or_node_dignity; avg_all_composite; hard_aspect,shadbala_avg=54.50 | quote_dignity=moolatrikona=1; neutral=2; unknown=1 | base_dignity=moolatrikona=1; neutral=1 | fx_doctrine=BEARISH | fx_doctrine_net=-0.4158940747581391 | fx_conflict=0.0 | regime_active=5 | ml=WIN=2,bullish_return,mixed_classical + benefic,hard,2025-08-25 07:30:00+05:30,2025-08-25 11:30:00+05:30,2,1,1,0,WIN=2,TAKE_PROFIT=2,0.3,54.5,Neutral,0.0,5,BEARISH,-0.4158940747581391,0.0,natal unknown 0V; transit unknown 0V,natal friend 15V; transit unknown 0V,moolatrikona=1; neutral=2; unknown=1,moolatrikona=1; neutral=1,0,0,0,0,AVG(ALL)|JUPITER,AVG(ALL)|mirror|h0.18|n1.5|d360,JUPITER|mirror|h0.18|n1.5|d360,551c7be3e333ade7d5bcd222ff4606ee71ffce90fa2f5fc39786fbf906d74d05
289,KETU|MOON :: square,14,BULLISH,BULLISH=11; CONFLICT=1,LOSS=20; WIN=4,-0.11666666666666668,,,,,,,,repeated_across_timeframes; high_recurrence_group; multiple_active_aspects; crowded_regime; unknown_outer_or_node_dignity; hard_aspect,shadbala_avg=54.92 | quote_dignity=friend=1; unknown=1 | base_dignity=friend=2 | fx_doctrine=BULLISH | fx_doctrine_net=0.2662725773644752 | fx_conflict=0.0 | regime_active=5 | ml=LOSS=2,bearish_return,malefic + benefic,hard,2025-08-25 13:30:00+05:30,2025-08-25 15:30:00+05:30,2,1,1,0,LOSS=2,STOP_LOSS=2,-0.2,54.91666666666666,Neutral,0.0,5,BULLISH,0.2662725773644752,0.0,natal friend 15V; transit friend 15V,,friend=1; unknown=1,friend=2,0,0,0,0,JUPITER|KETU,KETU|mirror|h0.18|n1.6|d360,JUPITER|mirror|h0.18|n1.5|d360,6590b5e4f99d3673ccf328561fb6822048bfd6c4089acacba990604bd160223e
290,MOON|RAHU :: square,14,BULLISH,BEARISH=2; BULLISH=9; CONFLICT=1,LOSS=20; WIN=4,-0.11666666666666668,,,,,,,,repeated_across_timeframes; high_recurrence_group; multiple_active_aspects; crowded_regime; unknown_outer_or_node_dignity; hard_aspect,shadbala_avg=54.92 | quote_dignity=friend=1; unknown=1 | base_dignity=friend=2 | fx_doctrine=BULLISH | fx_doctrine_net=0.2662725773644752 | fx_conflict=0.0 | regime_active=5 | ml=LOSS=2,bearish_return,benefic + malefic,hard,2025-08-25 13:30:00+05:30,2025-08-25 15:30:00+05:30,2,1,1,0,LOSS=2,STOP_LOSS=2,-0.2,54.91666666666666,Neutral,0.0,5,BULLISH,0.2662725773644752,0.0,natal friend 15V; transit friend 15V,,friend=1; unknown=1,friend=2,0,0,0,0,JUPITER|KETU,KETU|mirror|h0.18|n1.6|d360,JUPITER|mirror|h0.18|n1.5|d360,51af7e422d336c2e385270f30c54502a532a2afe4f3d32ae1512e231bd6d57bf
291,MOON|SUN :: trine,16,BULLISH,BEARISH=4; BULLISH=5; CONFLICT=2; UNKNOWN=4,LOSS=20; WIN=10,-0.03333333333333335,,,,,,,,repeated_across_timeframes; high_recurrence_group; multiple_active_aspects; crowded_regime; unknown_outer_or_node_dignity; soft_aspect,shadbala_avg=55.33 | quote_dignity=friend=1; moolatrikona=1; neutral=1; unknown=1 | base_dignity=friend=2; moolatrikona=1; neutral=1 | fx_doctrine=BEARISH | fx_doctrine_net=-0.4529302157157245 | fx_conflict=0.0829124364612587 | regime_active=7 | ml=LOSS=2,bearish_return,benefic + malefic,soft,2025-08-25 15:30:00+05:30,2025-08-25 18:30:00+05:30,2,1,1,0,LOSS=2,STOP_LOSS=2,-0.2,55.333333333333336,Neutral,0.0,7,BEARISH,-0.4529302157157245,0.0829124364612587,natal neutral 10V; transit moolatrikona 45V,natal neutral 10V; transit moolatrikona 45V,friend=1; moolatrikona=1; neutral=1; unknown=1,friend=2; moolatrikona=1; neutral=1,0,0,0,0,KETU|PLUTO,PLUTO|direct|h0.18|n1.5|d360,KETU|mirror|h0.18|n1.6|d360,c83b188d9c4245b0bdd9ea7620aa31465602a414506581a953908afcc2d413d2
292,AVG(ALL)|SUN :: opposition_orb,3,BEARISH,BEARISH=2; CONFLICT=1,LOSS=2; WIN=4,0.13333333333333333,,,,,,,,repeated_across_timeframes; multiple_active_aspects; quote_enemy_sign; unknown_outer_or_node_dignity; avg_all_composite; swing_duration_1d_to_5d; hard_aspect,shadbala_avg=54.34 | quote_dignity=enemy=2; moolatrikona=1; neutral=2; unknown=1 | base_dignity=friend=2; moolatrikona=2; neutral=2; own=1; unknown=1 | fx_doctrine=BEARISH | fx_doctrine_net=-1.1646932686745457 | fx_conflict=0.0303518983675321 | regime_active=2 | ml=LOSS=2,bearish_return,mixed_classical + malefic,hard,2025-08-26 07:30:00+05:30,2025-08-27 11:30:00+05:30,2,0,1,1,LOSS=2,STOP_LOSS=2,-0.2,54.34375,Neutral,8.883406758038745,2,BEARISH,-1.1646932686745457,0.0303518983675321,natal neutral 10V; transit moolatrikona 45V,natal neutral 10V; transit moolatrikona 45V,enemy=2; moolatrikona=1; neutral=2; unknown=1,friend=2; moolatrikona=2; neutral=2; own=1; unknown=1,2,0,0,0,KETU|PLUTO,PLUTO|direct|h0.18|n1.5|d360,KETU|mirror|h0.18|n1.6|d360,ea6490628dbb34a221b84cf511225058c9f7559344fe0b5173c840ed9a400384
293,MERCURY|MOON :: trine,17,BULLISH,BEARISH=2; BULLISH=8; CONFLICT=2; UNKNOWN=2,LOSS=10; WIN=16,0.0857142857142857,,,,,,,,repeated_across_timeframes; high_recurrence_group; multiple_active_aspects; soft_aspect,shadbala_avg=54.50 | base_dignity=friend=1; neutral=1 | fx_doctrine=BULLISH | fx_doctrine_net=0.1303078421558455 | fx_conflict=0.0 | regime_active=2 | ml=LOSS=2,bearish_return,benefic + benefic,soft,2025-08-26 08:30:00+05:30,2025-08-26 11:30:00+05:30,2,1,1,0,LOSS=2,STOP_LOSS=2,-0.2,54.5,Neutral,0.0,2,BULLISH,0.1303078421558455,0.0,natal neutral 10V; transit friend 15V,,,friend=1; neutral=1,0,0,0,0,KETU|PLUTO,PLUTO|direct|h0.18|n1.5|d360,KETU|mirror|h0.18|n1.6|d360,466cf987cd3f8391becbb8add09ca249016f6088b6a8435aeecc572525724c1e
294,MOON|SATURN :: square,15,CONFLICT,BEARISH=1; BULLISH=5; CONFLICT=7; UNKNOWN=1,LOSS=10; WIN=18,0.12648634697626365,,,,,,,,repeated_across_timeframes; high_recurrence_group; unknown_outer_or_node_dignity; hard_aspect,shadbala_avg=53.25 | quote_dignity=neutral=2; unknown=2 | fx_doctrine=BULLISH | fx_doctrine_net=0.1765513360442509 | fx_conflict=0.0 | regime_active=1 | ml=LOSS=2,bearish_return,benefic + malefic,hard,2025-08-27 15:30:00+05:30,2025-08-27 18:30:00+05:30,2,1,1,0,LOSS=2,STOP_LOSS=2,-0.2,53.25,Neutral,0.0,1,BULLISH,0.1765513360442509,0.0,,natal unknown 0V; transit neutral 10V,neutral=2; unknown=2,,0,0,0,0,MERCURY,MERCURY|mirror|h0.18|n1.6|d360,,c83cb67ea8ae7eede0407b759394c8a280dbe53154a61be117441d37e7c3cd39
295,MOON|RAHU :: trine,12,UNKNOWN,BEARISH=4; BULLISH=1; CONFLICT=2; UNKNOWN=5,LOSS=8; WIN=16,0.11818858220430173,,,,,,,,repeated_across_timeframes; high_recurrence_group; soft_aspect,shadbala_avg=53.25 | fx_doctrine=UNKNOWN | fx_doctrine_net=0.0 | fx_conflict=0.0 | regime_active=1 | ml=WIN=2,bullish_return,benefic + malefic,soft,2025-08-28 00:30:00+05:30,2025-08-28 03:30:00+05:30,2,1,1,0,WIN=2,TAKE_PROFIT=2,0.3,53.25,Neutral,0.0,1,UNKNOWN,0.0,0.0,,,,,0,0,0,0,JUPITER|KETU,KETU|mirror|h0.18|n1.6|d360,JUPITER|mirror|h0.18|n1.5|d360,710b85c5363e606882d349e64de2c959da9a129f159baea3901b493eb0e37a19
296,MOON|SUN :: square,16,BEARISH,BEARISH=7; BULLISH=3; UNKNOWN=4,LOSS=13; WIN=13,0.04999999999999999,,,,,,,,repeated_across_timeframes; high_recurrence_group; multiple_active_aspects; unknown_outer_or_node_dignity; hard_aspect,shadbala_avg=53.25 | quote_dignity=moolatrikona=1; neutral=1 | base_dignity=moolatrikona=1; unknown=1 | fx_doctrine=BULLISH | fx_doctrine_net=0.1619950191394332 | fx_conflict=0.0 | regime_active=2 | ml=WIN=2,bullish_return,benefic + malefic,hard,2025-08-28 02:30:00+05:30,2025-08-28 05:30:00+05:30,2,1,1,0,WIN=2,TAKE_PROFIT=2,0.3,53.25,Neutral,0.0,2,BULLISH,0.1619950191394332,0.0,natal unknown 0V; transit moolatrikona 45V,natal neutral 10V; transit moolatrikona 45V,moolatrikona=1; neutral=1,moolatrikona=1; unknown=1,0,0,0,0,JUPITER|KETU,KETU|mirror|h0.18|n1.6|d360,JUPITER|mirror|h0.18|n1.5|d360,8310a6f4e04ef398a7560bcf675c08aa158327e49a29dec005b2a63824ec4a1d
297,MARS|MOON :: trine,17,BULLISH,BEARISH=2; BULLISH=7; CONFLICT=6,LOSS=17; WIN=12,-1.1102230246251566e-17,,,,,,,,repeated_across_timeframes; high_recurrence_group; unknown_outer_or_node_dignity; soft_aspect,shadbala_avg=53.25 | quote_dignity=neutral=1; unknown=1 | fx_doctrine=CONFLICT | fx_doctrine_net=-0.0109835622842776 | fx_conflict=0.0 | regime_active=1 | ml=WIN=2,bullish_return,malefic + benefic,soft,2025-08-28 07:30:00+05:30,2025-08-28 10:30:00+05:30,2,1,1,0,WIN=2,TAKE_PROFIT=2,0.3,53.25,Neutral,0.0,1,CONFLICT,-0.0109835622842776,0.0,,natal unknown 0V; transit neutral 10V,neutral=1; unknown=1,,0,0,0,0,JUPITER|KETU,KETU|mirror|h0.18|n1.6|d360,JUPITER|mirror|h0.18|n1.5|d360,c632087246a028b4937ce5c2c3719a730c9e93bf42dc0334539b36985e85f75c
298,MERCURY|MOON :: square,16,BEARISH,BEARISH=6; BULLISH=3; CONFLICT=4,LOSS=15; WIN=10,-0.007692307692307703,,,,,,,,repeated_across_timeframes; high_recurrence_group; base_enemy_sign; unknown_outer_or_node_dignity; hard_aspect,shadbala_avg=53.25 | base_dignity=enemy=1; neutral=2; unknown=1 | fx_doctrine=BEARISH | fx_doctrine_net=-0.1037190653029536 | fx_conflict=0.1367418070798822 | regime_active=1 | ml=WIN=2,bullish_return,benefic + benefic,hard,2025-08-28 20:30:00+05:30,2025-08-28 23:30:00+05:30,2,1,1,0,WIN=2,TAKE_PROFIT=2,0.3,53.25,Neutral,0.0,1,BEARISH,-0.1037190653029536,0.1367418070798822,natal unknown 0V; transit enemy 4V,,,enemy=1; neutral=2; unknown=1,0,1,0,0,JUPITER|MOON,MOON|mirror|h0.18|n1.8|d360,JUPITER|mirror|h0.18|n1.5|d360,0bd5611ea0468908dbb868ada0663dc8852b761e5816bb4a8ac1ce74283d2d9e
299,MOON|VENUS :: trine,17,UNKNOWN,BEARISH=3; BULLISH=1; CONFLICT=5; UNKNOWN=6,LOSS=8; WIN=20,0.16666666666666666,,,,,,,,repeated_across_timeframes; high_recurrence_group; unknown_outer_or_node_dignity; soft_aspect,shadbala_avg=52.25 | quote_dignity=neutral=1; unknown=1 | fx_doctrine=CONFLICT | fx_doctrine_net=-0.0085053968909254 | fx_conflict=0.0 | regime_active=1 | ml=LOSS=2,bearish_return,benefic + benefic,soft,2025-08-29 11:30:00+05:30,2025-08-29 14:30:00+05:30,2,1,1,0,LOSS=2,STOP_LOSS=2,-0.2,52.25,Neutral,0.0,1,CONFLICT,-0.0085053968909254,0.0,,natal unknown 0V; transit neutral 10V,neutral=1; unknown=1,,0,0,0,0,MARS|PLUTO,MARS|direct|h0.18|n1.8|d360,PLUTO|direct|h0.18|n1.5|d360,940ffe0cae26fb72d42e0032d6a21e63ca9295a4affef492602b11b568d5bebf
300,JUPITER|SUN :: square,2,BEARISH,BEARISH=1; BULLISH=1,LOSS=3,-0.2,,,,,,,,repeated_across_timeframes; multiple_active_aspects; low_shadbala; quote_enemy_sign; base_enemy_sign; unknown_outer_or_node_dignity; hard_aspect,shadbala_avg=48.41 | quote_dignity=enemy=1; friend=1 | base_dignity=enemy=2; unknown=2 | fx_doctrine=BEARISH | fx_doctrine_net=-0.6122729648028248 | fx_conflict=0.0 | regime_active=2 | ml=LOSS=2,bearish_return,benefic + malefic,hard,2025-08-29 13:30:00+05:30,2025-08-30 04:30:00+05:30,2,1,1,0,LOSS=2,STOP_LOSS=2,-0.2,48.41111111111111,Neutral,0.0,2,BEARISH,-0.6122729648028248,0.0,natal unknown 0V; transit enemy 4V,natal friend 15V; transit enemy 4V,enemy=1; friend=1,enemy=2; unknown=2,1,2,0,0,MARS|PLUTO,PLUTO|direct|h0.18|n1.5|d360,MARS|direct|h0.18|n1.8|d360,521c963577f652cb6347bb035e4942fb279630f72e81389fcc07e0be40f1104d
301,MOON|SATURN :: trine,14,BULLISH,BEARISH=2; BULLISH=6; CONFLICT=3; UNKNOWN=1,LOSS=14; WIN=9,-0.004417769067450145,,,,,,,,repeated_across_timeframes; high_recurrence_group; multiple_active_aspects; low_shadbala; unknown_outer_or_node_dignity; soft_aspect,shadbala_avg=47.42 | quote_dignity=neutral=3; unknown=3 | base_dignity=neutral=1; unknown=1 | fx_doctrine=BULLISH | fx_doctrine_net=0.2141677711036565 | fx_conflict=0.0697237362588783 | regime_active=2 | ml=WIN=2,bullish_return,benefic + malefic,soft,2025-08-30 03:30:00+05:30,2025-08-30 04:30:00+05:30,2,1,1,0,WIN=2,TIME_CLOSE_72H=2,0.1469867711905984,47.41666666666666,Neutral,0.0,2,BULLISH,0.2141677711036565,0.0697237362588783,natal unknown 0V; transit neutral 10V,natal unknown 0V; transit neutral 10V,neutral=3; unknown=3,neutral=1; unknown=1,0,0,0,0,MARS|PLUTO,PLUTO|direct|h0.18|n1.5|d360,MARS|direct|h0.18|n1.8|d360,ec1f60bc23164be07c04f38e5bc0e73f43b656e331dcdb5d70d3fa27f481ac90
302,MERCURY|VENUS :: opposition_orb,2,BEARISH,BEARISH=1,WIN=2,0.3,,,,,,,,repeated_across_timeframes; quote_enemy_sign; unknown_outer_or_node_dignity; swing_duration_1d_to_5d; hard_aspect,shadbala_avg=52.30 | quote_dignity=enemy=1; unknown=1 | fx_doctrine=BEARISH | fx_doctrine_net=-0.097186588208394 | fx_conflict=0.0 | regime_active=1 | ml=WIN=2,bullish_return,benefic + benefic,hard,2025-09-01 05:30:00+05:30,2025-09-02 07:30:00+05:30,2,0,1,1,WIN=2,TAKE_PROFIT=2,0.3,52.29967948717949,Neutral,0.0,1,BEARISH,-0.097186588208394,0.0,,natal unknown 0V; transit enemy 4V,enemy=1; unknown=1,,1,0,0,0,MARS|PLUTO,PLUTO|direct|h0.18|n1.5|d360,MARS|direct|h0.18|n1.8|d360,5b9b3b5c84a14ede6ee632047c61432aa9e9849ce70a14d03648d2363c05857d
303,AVG(ALL)|SUN :: opposition_orb,3,BEARISH,BEARISH=2; CONFLICT=1,LOSS=2; WIN=4,0.13333333333333333,,,,,,,,repeated_across_timeframes; multiple_active_aspects; base_enemy_sign; unknown_outer_or_node_dignity; avg_all_composite; hard_aspect,shadbala_avg=52.82 | quote_dignity=neutral=1; unknown=1 | base_dignity=enemy=1; unknown=1 | fx_doctrine=CONFLICT | fx_doctrine_net=-0.0140454982024865 | fx_conflict=0.0 | regime_active=2 | ml=WIN=2,bullish_return,mixed_classical + malefic,hard,2025-09-01 13:30:00+05:30,2025-09-02 06:30:00+05:30,2,1,1,0,WIN=2,TAKE_PROFIT=2,0.3,52.82107843137255,Neutral,29.880991859835152,2,CONFLICT,-0.0140454982024865,0.0,natal unknown 0V; transit moolatrikona 45V,natal enemy 4V; transit unknown 0V,neutral=1; unknown=1,enemy=1; unknown=1,0,1,0,0,JUPITER|PLUTO,PLUTO|direct|h0.18|n1.5|d360,JUPITER|mirror|h0.18|n1.5|d360,7b71d763404e20fa73cb072ecd847d915e096a5a59967aab8642e1fa724845ae
304,AVG(ALL)|MOON :: square,18,BEARISH,BEARISH=13; BULLISH=2,LOSS=7; WIN=21,0.16666666666666666,,,,,,,,repeated_across_timeframes; high_recurrence_group; multiple_active_aspects; quote_enemy_sign; base_enemy_sign; base_debilitation; unknown_outer_or_node_dignity; avg_all_composite; hard_aspect,shadbala_avg=53.00 | quote_dignity=enemy=1; friend=1; moolatrikona=1; neutral=2; unknown=3 | base_dignity=debilitation=2; enemy=3; moolatrikona=1; unknown=4 | fx_doctrine=BEARISH | fx_doctrine_net=-0.5190773678522291 | fx_conflict=0.0 | regime_active=3 | ml=WIN=2,bullish_return,mixed_classical + benefic,hard,2025-09-01 19:30:00+05:30,2025-09-01 22:30:00+05:30,2,1,1,0,WIN=2,TAKE_PROFIT=2,0.3,53.0,Neutral,0.0,3,BEARISH,-0.5190773678522291,0.0,natal unknown 0V; transit debilitation 0V,,enemy=1; friend=1; moolatrikona=1; neutral=2; unknown=3,debilitation=2; enemy=3; moolatrikona=1; unknown=4,1,3,0,2,JUPITER|KETU,JUPITER|mirror|h0.18|n1.5|d360,KETU|mirror|h0.18|n1.6|d360,470583715b416c140e075d60b282169d942cb8d2430773d603b44def5537c376
305,MARS|MERCURY :: opposition_orb,2,CONFLICT,BEARISH=1; CONFLICT=1,LOSS=2,-0.2,,,,,,,,multiple_active_aspects; base_enemy_sign; unknown_outer_or_node_dignity; swing_duration_1d_to_5d; hard_aspect,shadbala_avg=52.23 | quote_dignity=exaltation=1; friend=2; unknown=1 | base_dignity=enemy=2 | fx_doctrine=BEARISH | fx_doctrine_net=-0.1089036966549099 | fx_conflict=0.3660421620398679 | regime_active=2 | ml=LOSS=1,bearish_return,malefic + benefic,hard,2025-09-02 16:30:00+05:30,2025-09-04 04:30:00+05:30,1,0,1,0,LOSS=1,STOP_LOSS=1,-0.2,52.22569444444444,Neutral,0.0,2,BEARISH,-0.1089036966549099,0.3660421620398679,natal enemy 4V; transit enemy 4V,natal unknown 0V; transit friend 15V,exaltation=1; friend=2; unknown=1,enemy=2,0,2,0,0,MOON|URANUS,MOON|direct|h0.18|n1.6|d360,URANUS|mirror|h0.18|n1.4|d360,8b9af4abdf09116c604400738fdca233faf623f10701eaab4be44da3a32d4665
306,AVG(ALL)|SATURN :: conjunction_orb,3,BEARISH,BEARISH=1,WIN=1,0.3,,,,,,,,not_in_current_candidate_csv; multiple_active_aspects; quote_enemy_sign; base_enemy_sign; unknown_outer_or_node_dignity; avg_all_composite; hard_aspect,shadbala_avg=52.51 | quote_dignity=enemy=3; exaltation=1; friend=5; moolatrikona=1; neutral=4; unknown=4 | base_dignity=enemy=1; unknown=1 | regime_active=3,,mixed_classical + malefic,hard,2025-09-02 19:30:00+05:30,2025-09-03 06:30:00+05:30,0,0,0,0,,,,52.51136363636363,Neutral,44.40385355554327,3,,,,,,enemy=3; exaltation=1; friend=5; moolatrikona=1; neutral=4; unknown=4,enemy=1; unknown=1,3,1,0,0,MOON|URANUS,MOON|direct|h0.18|n1.6|d360,URANUS|mirror|h0.18|n1.4|d360,7dea1a040c93e8d629f363c312b5d228f0154dcd6ceeccb4e6139ab64271c170
307,MOON|SATURN :: opposition_orb,6,CONFLICT,BULLISH=3; CONFLICT=3,LOSS=6; WIN=5,0.04999999999999999,,,,,,,,repeated_across_timeframes; multiple_active_aspects; unknown_outer_or_node_dignity; hard_aspect,shadbala_avg=51.58 | quote_dignity=neutral=1; unknown=1 | fx_doctrine=CONFLICT | fx_doctrine_net=-0.0145552028755774 | fx_conflict=0.0 | regime_active=2 | ml=LOSS=2,bearish_return,benefic + malefic,hard,2025-09-04 00:30:00+05:30,2025-09-04 05:30:00+05:30,2,1,1,0,LOSS=2,STOP_LOSS=2,-0.2,51.583333333333336,Neutral,23.007455248166483,2,CONFLICT,-0.0145552028755774,0.0,,natal unknown 0V; transit neutral 10V,neutral=1; unknown=1,,0,0,0,0,MARS,MARS|direct|h0.18|n1.8|d360,,4b93395aa5314dc847e542451c485d9b049264e8efccdbc77de9884a94cdeade
308,AVG(ALL)|VENUS :: trine,6,BULLISH,BEARISH=2; BULLISH=3; UNKNOWN=1,LOSS=6; WIN=6,0.04999999999999999,,,,,,,,repeated_across_timeframes; base_enemy_sign; unknown_outer_or_node_dignity; avg_all_composite; soft_aspect,shadbala_avg=53.25 | quote_dignity=moolatrikona=1; unknown=1 | base_dignity=enemy=2; friend=1; neutral=1 | fx_doctrine=UNKNOWN | fx_doctrine_net=0.0 | fx_conflict=0.0 | regime_active=1 | ml=LOSS=2,bearish_return,mixed_classical + benefic,soft,2025-09-04 03:30:00+05:30,2025-09-04 08:30:00+05:30,2,1,1,0,LOSS=2,STOP_LOSS=2,-0.2,53.25,Neutral,35.17286756539306,1,UNKNOWN,0.0,0.0,,,moolatrikona=1; unknown=1,enemy=2; friend=1; neutral=1,0,2,0,0,MARS,MARS|direct|h0.18|n1.8|d360,,5fee3cbd480ebd9b448a0434b56d3d6435d94a26e2952692b36aadaacf6da37c
309,MOON|SUN :: conjunction_orb,9,BULLISH,BEARISH=3; BULLISH=4; UNKNOWN=1,LOSS=5; WIN=10,0.11249999999999999,,,,,,,,repeated_across_timeframes; multiple_active_aspects; unknown_outer_or_node_dignity; hard_aspect,shadbala_avg=55.12 | quote_dignity=moolatrikona=1; unknown=1 | fx_doctrine=BEARISH | fx_doctrine_net=-0.2172542534340287 | fx_conflict=0.0 | regime_active=2 | ml=LOSS=2,bearish_return,benefic + malefic,hard,2025-09-04 11:30:00+05:30,2025-09-04 15:30:00+05:30,2,1,1,0,LOSS=2,STOP_LOSS=2,-0.2,55.125,Neutral,14.192775855931355,2,BEARISH,-0.2172542534340287,0.0,,natal unknown 0V; transit moolatrikona 45V,moolatrikona=1; unknown=1,,0,0,0,0,AVG(ALL),AVG(ALL)|mirror|h0.18|n1.5|d360,,75dfb6a3e38adc795945a2e39f45dba8a2de0f802d6932877093ce621859b68a
310,MERCURY|MOON :: conjunction_orb,8,BULLISH,BULLISH=7; CONFLICT=1,LOSS=6; WIN=10,0.11249999999999999,,,,,,,,repeated_across_timeframes; unknown_outer_or_node_dignity; hard_aspect,shadbala_avg=53.82 | quote_dignity=friend=1; neutral=2; unknown=1 | base_dignity=friend=1; unknown=1 | fx_doctrine=CONFLICT | fx_doctrine_net=-0.0097235518866711 | fx_conflict=0.0725843961248362 | regime_active=1 | ml=WIN=2,bullish_return,benefic + benefic,hard,2025-09-05 03:30:00+05:30,2025-09-05 07:30:00+05:30,2,1,1,0,WIN=2,TAKE_PROFIT=2,0.3,53.82291666666666,Neutral,0.0,1,CONFLICT,-0.0097235518866711,0.0725843961248362,natal unknown 0V; transit friend 15V,natal unknown 0V; transit neutral 10V,friend=1; neutral=2; unknown=1,friend=1; unknown=1,0,0,0,0,MOON,MOON|direct|h0.18|n1.5|d360,,063f373c2d9a056118c538453ff48fe25a00f159b6430cadfee66da2fc1acc77
311,JUPITER|MERCURY :: square,2,BULLISH,BULLISH=1; CONFLICT=1,WIN=4,0.3,,,,,,,,repeated_across_timeframes; base_enemy_sign; unknown_outer_or_node_dignity; hard_aspect,shadbala_avg=53.67 | base_dignity=enemy=2; unknown=2 | fx_doctrine=BULLISH | fx_doctrine_net=0.2429419264028896 | fx_conflict=0.0 | regime_active=1 | ml=WIN=2,bullish_return,benefic + benefic,hard,2025-09-06 00:30:00+05:30,2025-09-06 04:30:00+05:30,2,1,1,0,WIN=2,TAKE_PROFIT=2,0.3,53.66666666666666,Neutral,0.0,1,BULLISH,0.2429419264028896,0.0,natal unknown 0V; transit enemy 4V,,,enemy=2; unknown=2,0,2,0,0,KETU|PLUTO,PLUTO|direct|h0.18|n1.5|d360,KETU|mirror|h0.18|n1.6|d360,4a5a6cd70c857e750f1dc5b97307076038c16cae3a67fb3d4b8b0bc5a93c13b2
312,AVG(ALL)|KETU :: opposition_orb,4,UNKNOWN,BEARISH=1; BULLISH=1; UNKNOWN=2,WIN=7,0.3,,,,,,,,repeated_across_timeframes; multiple_active_aspects; base_enemy_sign; unknown_outer_or_node_dignity; avg_all_composite; swing_duration_1d_to_5d; hard_aspect,shadbala_avg=54.96 | quote_dignity=neutral=1; unknown=1 | base_dignity=enemy=1; unknown=1 | fx_doctrine=UNKNOWN | fx_doctrine_net=0.0 | fx_conflict=0.0 | regime_active=2 | ml=WIN=2,bullish_return,mixed_classical + malefic,hard,2025-09-08 05:30:00+05:30,2025-09-09 19:30:00+05:30,2,0,1,1,WIN=2,TAKE_PROFIT=2,0.3,54.96052631578947,Neutral,12.926048114254629,2,UNKNOWN,0.0,0.0,,,neutral=1; unknown=1,enemy=1; unknown=1,0,1,0,0,MARS|VENUS,MARS|direct|h0.18|n1.8|d360,VENUS|mirror|h0.18|n1.6|d360,3e9e8f5c0e8c993f49601a9a6390f85c99180a788fe056d873b1d35220411578
313,AVG(ALL)|RAHU :: conjunction_orb,4,BEARISH,BEARISH=2; UNKNOWN=2,WIN=7,0.3,,,,,,,,repeated_across_timeframes; multiple_active_aspects; base_enemy_sign; unknown_outer_or_node_dignity; avg_all_composite; swing_duration_1d_to_5d; hard_aspect,shadbala_avg=54.96 | quote_dignity=neutral=3; unknown=3 | base_dignity=enemy=1; unknown=1 | fx_doctrine=UNKNOWN | fx_doctrine_net=0.0 | fx_conflict=0.0 | regime_active=2 | ml=WIN=2,bullish_return,mixed_classical + malefic,hard,2025-09-08 05:30:00+05:30,2025-09-09 19:30:00+05:30,2,0,1,1,WIN=2,TAKE_PROFIT=2,0.3,54.96052631578947,Neutral,12.926048114254629,2,UNKNOWN,0.0,0.0,,,neutral=3; unknown=3,enemy=1; unknown=1,0,1,0,0,MARS|VENUS,MARS|direct|h0.18|n1.8|d360,VENUS|mirror|h0.18|n1.6|d360,34068d5b3eafb4a9c05c8dffe60c7fd5c4cd2c2d4f431962d55d2eaf55ff29f9
314,MOON|SATURN :: trine,14,BULLISH,BEARISH=2; BULLISH=6; CONFLICT=3; UNKNOWN=1,LOSS=14; WIN=9,-0.004417769067450145,,,,,,,,repeated_across_timeframes; high_recurrence_group; multiple_active_aspects; unknown_outer_or_node_dignity; soft_aspect,shadbala_avg=54.92 | quote_dignity=neutral=3; unknown=3 | fx_doctrine=BULLISH | fx_doctrine_net=0.5242342668070299 | fx_conflict=0.0225931126368526 | regime_active=3 | ml=WIN=2,bullish_return,benefic + malefic,soft,2025-09-08 11:30:00+05:30,2025-09-08 13:30:00+05:30,2,1,1,0,WIN=2,TAKE_PROFIT=2,0.3,54.91666666666666,Neutral,0.0,3,BULLISH,0.5242342668070299,0.0225931126368526,,natal unknown 0V; transit neutral 10V,neutral=3; unknown=3,,0,0,0,0,MARS|VENUS,MARS|direct|h0.18|n1.8|d360,VENUS|mirror|h0.18|n1.6|d360,bee7d80a1e248c08e51775c355cd07876c3a0d5ac82161fe9df1c4ce660fb6d8
315,AVG(ALL)|MOON :: conjunction_orb,9,BULLISH,BEARISH=2; BULLISH=3; CONFLICT=1; UNKNOWN=2,LOSS=6; WIN=8,0.04999999999999999,,,,,,,,repeated_across_timeframes; multiple_active_aspects; crowded_regime; base_enemy_sign; unknown_outer_or_node_dignity; avg_all_composite; hard_aspect,shadbala_avg=55.54 | quote_dignity=friend=1; moolatrikona=1; neutral=3; unknown=3 | base_dignity=enemy=1; unknown=1 | fx_doctrine=BULLISH | fx_doctrine_net=0.1661377137073635 | fx_conflict=0.0 | regime_active=4 | ml=WIN=2,bullish_return,mixed_classical + benefic,hard,2025-09-08 13:30:00+05:30,2025-09-08 17:30:00+05:30,2,1,1,0,WIN=2,TAKE_PROFIT=2,0.3,55.54166666666666,Neutral,0.0,4,BULLISH,0.1661377137073635,0.0,natal friend 15V; transit unknown 0V,natal unknown 0V; transit unknown 0V,friend=1; moolatrikona=1; neutral=3; unknown=3,enemy=1; unknown=1,0,1,0,0,MARS,MARS|direct|h0.18|n1.8|d360,,6ada2b64a1e2815bca6f2cd99590dead31b40f030b61c9d46b8f94e21a35fe1b
316,JUPITER|MOON :: trine,16,BULLISH,BEARISH=1; BULLISH=12; CONFLICT=1; UNKNOWN=1,LOSS=20; WIN=8,-0.03333333333333335,,,,,,,,repeated_across_timeframes; high_recurrence_group; multiple_active_aspects; base_enemy_sign; unknown_outer_or_node_dignity; soft_aspect,shadbala_avg=54.92 | base_dignity=enemy=2; neutral=1; own=1; unknown=2 | fx_doctrine=BULLISH | fx_doctrine_net=0.6792037778059037 | fx_conflict=0.0 | regime_active=3 | ml=LOSS=2,bearish_return,benefic + benefic,soft,2025-09-09 10:30:00+05:30,2025-09-09 13:30:00+05:30,2,1,1,0,LOSS=2,STOP_LOSS=2,-0.2,54.91666666666666,Neutral,0.0,3,BULLISH,0.6792037778059037,0.0,natal own 30V; transit neutral 10V,,,enemy=2; neutral=1; own=1; unknown=2,0,2,0,0,KETU|PLUTO,PLUTO|direct|h0.18|n1.5|d360,KETU|mirror|h0.18|n1.6|d360,3fcb51065f9cf15fc95c93e491c7d9e8a8d94db9aae891155c9279913e4eefb7
317,MERCURY|VENUS :: opposition_orb,2,BEARISH,BEARISH=1,WIN=2,0.3,,,,,,,,not_in_current_candidate_csv; multiple_active_aspects; unknown_outer_or_node_dignity; swing_duration_1d_to_5d; hard_aspect,shadbala_avg=55.04 | quote_dignity=friend=1; unknown=1 | regime_active=3,,benefic + benefic,hard,2025-09-09 18:30:00+05:30,2025-09-11 06:30:00+05:30,0,0,0,0,,,,55.04166666666666,Neutral,24.385060395428585,3,,,,,,friend=1; unknown=1,,0,0,0,0,JUPITER|MOON,MOON|direct|h0.18|n1.3|d360,JUPITER|mirror|h0.18|n1.5|d360,6cc2b59f2921aa46c3281d075f9760ed83c35f3f1bebbd8e9ba42da96b287452
318,MOON|SATURN :: square,15,CONFLICT,BEARISH=1; BULLISH=5; CONFLICT=7; UNKNOWN=1,LOSS=10; WIN=18,0.12648634697626365,,,,,,,,repeated_across_timeframes; high_recurrence_group; multiple_active_aspects; crowded_regime; unknown_outer_or_node_dignity; hard_aspect,shadbala_avg=54.43 | quote_dignity=neutral=2; unknown=2 | fx_doctrine=BULLISH | fx_doctrine_net=0.4295237333906572 | fx_conflict=0.0 | regime_active=4 | ml=WIN=2,bullish_return,benefic + malefic,hard,2025-09-10 12:30:00+05:30,2025-09-10 15:30:00+05:30,2,1,1,0,WIN=2,TAKE_PROFIT=2,0.3,54.43055555555556,Neutral,0.0,4,BULLISH,0.4295237333906572,0.0,,natal unknown 0V; transit neutral 10V,neutral=2; unknown=2,,0,0,0,0,KETU,KETU|mirror|h0.18|n1.6|d360,,6a35a0c24a2ca8156e057de8975f2942bbc0d1a7898551d57b2b27043a3aa7c5
319,AVG(ALL)|MARS :: trine,4,UNKNOWN,BEARISH=1; BULLISH=1; CONFLICT=1; UNKNOWN=1,LOSS=2; WIN=5,0.175,,,,,,,,repeated_across_timeframes; multiple_active_aspects; crowded_regime; unknown_outer_or_node_dignity; avg_all_composite; soft_aspect,shadbala_avg=55.04 | quote_dignity=friend=1; moolatrikona=1; neutral=3; unknown=3 | base_dignity=moolatrikona=1; unknown=1 | fx_doctrine=CONFLICT | fx_doctrine_net=-0.038227830644061 | fx_conflict=0.0 | regime_active=4 | ml=LOSS=2,bearish_return,mixed_classical + malefic,soft,2025-09-10 09:30:00+05:30,2025-09-10 22:30:00+05:30,2,1,1,0,LOSS=2,STOP_LOSS=2,-0.2,55.03846153846154,Neutral,0.0,4,CONFLICT,-0.038227830644061,0.0,,natal unknown 0V; transit unknown 0V,friend=1; moolatrikona=1; neutral=3; unknown=3,moolatrikona=1; unknown=1,0,0,0,0,KETU|PLUTO,PLUTO|direct|h0.18|n1.5|d360,KETU|mirror|h0.18|n1.6|d360,6c25afc97825f6a25dafa50f10ed950fc2cfde161dd6a953d8b1c0c2e973bd25
320,KETU|MOON :: trine,14,UNKNOWN,BEARISH=1; BULLISH=1; UNKNOWN=10,LOSS=9; WIN=14,0.09166666666666666,,,,,,,,repeated_across_timeframes; high_recurrence_group; multiple_active_aspects; crowded_regime; soft_aspect,shadbala_avg=55.33 | fx_doctrine=UNKNOWN | fx_doctrine_net=0.0 | fx_conflict=0.0 | regime_active=4 | ml=LOSS=2,bearish_return,malefic + benefic,soft,2025-09-10 20:30:00+05:30,2025-09-10 22:30:00+05:30,2,1,1,0,LOSS=2,STOP_LOSS=2,-0.2,55.333333333333336,Neutral,0.0,4,UNKNOWN,0.0,0.0,,,,,0,0,0,0,KETU|PLUTO,PLUTO|direct|h0.18|n1.5|d360,KETU|mirror|h0.18|n1.6|d360,6ecdd584e512a45993c4463ab7198d1f0e4389979a3dae7ea015b3241a8beeee
321,MARS|SATURN :: square,1,BULLISH,BULLISH=1,LOSS=2,-0.2,,,,,,,,repeated_across_timeframes; multiple_active_aspects; crowded_regime; unknown_outer_or_node_dignity; malefic_pair; swing_duration_1d_to_5d; hard_aspect,shadbala_avg=54.34 | quote_dignity=neutral=2; unknown=2 | fx_doctrine=BULLISH | fx_doctrine_net=0.4295237333906572 | fx_conflict=0.0 | regime_active=4 | ml=LOSS=2,bearish_return,malefic + malefic,hard,2025-09-10 09:30:00+05:30,2025-09-13 04:30:00+05:30,2,0,1,1,LOSS=2,STOP_LOSS=2,-0.2,54.34452736318408,Neutral,0.0,4,BULLISH,0.4295237333906572,0.0,,natal unknown 0V; transit neutral 10V,neutral=2; unknown=2,,0,0,0,0,KETU|PLUTO,PLUTO|direct|h0.18|n1.5|d360,KETU|mirror|h0.18|n1.6|d360,4be0a670f9ef17ddd4552c80ee2d52dcda56983031cb6c6cbae9ba49ae4cb85e
322,MOON|SUN :: square,16,BEARISH,BEARISH=7; BULLISH=3; UNKNOWN=4,LOSS=13; WIN=13,0.04999999999999999,,,,,,,,repeated_across_timeframes; high_recurrence_group; multiple_active_aspects; crowded_regime; base_enemy_sign; hard_aspect,shadbala_avg=55.33 | quote_dignity=friend=1; moolatrikona=1 | base_dignity=enemy=1; moolatrikona=1 | fx_doctrine=BEARISH | fx_doctrine_net=-0.5358215339119812 | fx_conflict=0.0 | regime_active=5 | ml=WIN=2,bullish_return,benefic + malefic,hard,2025-09-10 21:30:00+05:30,2025-09-11 00:30:00+05:30,2,1,1,0,WIN=2,TAKE_PROFIT=2,0.3,55.333333333333336,Neutral,0.0,5,BEARISH,-0.5358215339119812,0.0,natal enemy 4V; transit moolatrikona 45V,natal friend 15V; transit moolatrikona 45V,friend=1; moolatrikona=1,enemy=1; moolatrikona=1,0,1,0,0,KETU,KETU|mirror|h0.18|n1.6|d360,,f8ab32dcb60042e7b9a84358a97a440fb4e6f7087497aab9cd1ebf661fc92c85
323,MERCURY|MOON :: square,16,BEARISH,BEARISH=6; BULLISH=3; CONFLICT=4,LOSS=15; WIN=10,-0.007692307692307703,,,,,,,,repeated_across_timeframes; high_recurrence_group; multiple_active_aspects; base_enemy_sign; unknown_outer_or_node_dignity; hard_aspect,shadbala_avg=54.92 | quote_dignity=friend=2; neutral=1; unknown=1 | base_dignity=enemy=1; friend=1 | fx_doctrine=BEARISH | fx_doctrine_net=-0.6155145687264837 | fx_conflict=0.0 | regime_active=2 | ml=LOSS=2,bearish_return,benefic + benefic,hard,2025-09-11 12:30:00+05:30,2025-09-11 14:30:00+05:30,2,1,1,0,LOSS=2,STOP_LOSS=2,-0.2,54.91666666666666,Neutral,0.0,2,BEARISH,-0.6155145687264837,0.0,natal enemy 4V; transit friend 15V,natal friend 15V; transit friend 15V,friend=2; neutral=1; unknown=1,enemy=1; friend=1,0,1,0,0,VENUS,VENUS|mirror|h0.18|n1.6|d360,,3b7b183ef1ae3c4b247e617c96b916efc0115957592facec1ae8d70b0665f65b
324,MOON|SUN :: trine,16,BULLISH,BEARISH=4; BULLISH=5; CONFLICT=2; UNKNOWN=4,LOSS=20; WIN=10,-0.03333333333333335,,,,,,,,repeated_across_timeframes; high_recurrence_group; multiple_active_aspects; unknown_outer_or_node_dignity; soft_aspect,shadbala_avg=53.33 | base_dignity=moolatrikona=1; unknown=1 | fx_doctrine=BULLISH | fx_doctrine_net=0.0546604275915472 | fx_conflict=0.0 | regime_active=3 | ml=WIN=2,bullish_return,benefic + malefic,soft,2025-09-12 23:30:00+05:30,2025-09-13 01:30:00+05:30,2,1,1,0,WIN=2,TAKE_PROFIT=2,0.3,53.333333333333336,Neutral,0.0,3,BULLISH,0.0546604275915472,0.0,natal unknown 0V; transit moolatrikona 45V,,,moolatrikona=1; unknown=1,0,0,0,0,VENUS,VENUS|mirror|h0.18|n1.6|d360,,f4813f3ab1ff189d2a992440eb4262eacb09094e1f6c44a07af18a76ad704e60
325,AVG(ALL)|MERCURY :: opposition_orb,2,BEARISH,BEARISH=1; CONFLICT=1,LOSS=2; WIN=2,0.04999999999999999,,,,,,,,repeated_across_timeframes; multiple_active_aspects; base_enemy_sign; unknown_outer_or_node_dignity; avg_all_composite; swing_duration_1d_to_5d; hard_aspect,shadbala_avg=53.37 | quote_dignity=neutral=1; unknown=1 | base_dignity=enemy=2; friend=3; neutral=2; own=1; unknown=2 | fx_doctrine=BEARISH | fx_doctrine_net=-1.4543754529409056 | fx_conflict=0.036013531625532 | regime_active=2 | ml=WIN=2,bullish_return,mixed_classical + benefic,hard,2025-09-15 05:30:00+05:30,2025-09-16 13:30:00+05:30,2,0,1,1,WIN=2,TAKE_PROFIT=2,0.3,53.37109375,Neutral,0.0,2,BEARISH,-1.4543754529409056,0.036013531625532,natal unknown 0V; transit friend 15V,natal unknown 0V; transit unknown 0V,neutral=1; unknown=1,enemy=2; friend=3; neutral=2; own=1; unknown=2,0,2,0,0,KETU|PLUTO,PLUTO|direct|h0.18|n1.5|d360,KETU|mirror|h0.18|n1.6|d360,a2305b5b5646f471879a4bd88cc986e2983ba0b993afd54332df1d279df4fbbb
326,AVG(ALL)|SUN :: opposition_orb,3,BEARISH,BEARISH=2; CONFLICT=1,LOSS=2; WIN=4,0.13333333333333333,,,,,,,,repeated_across_timeframes; multiple_active_aspects; base_enemy_sign; unknown_outer_or_node_dignity; avg_all_composite; hard_aspect,shadbala_avg=52.15 | quote_dignity=neutral=1; unknown=1 | base_dignity=enemy=2; friend=3; neutral=2; own=1; unknown=2 | fx_doctrine=BEARISH | fx_doctrine_net=-0.0674889124368685 | fx_conflict=0.3129196071707856 | regime_active=2 | ml=WIN=2,bullish_return,mixed_classical + malefic,hard,2025-09-15 18:30:00+05:30,2025-09-16 05:30:00+05:30,2,1,1,0,WIN=2,TAKE_PROFIT=2,0.3,52.14772727272727,Neutral,13.127628051076952,2,BEARISH,-0.0674889124368685,0.3129196071707856,,natal unknown 0V; transit unknown 0V,neutral=1; unknown=1,enemy=2; friend=3; neutral=2; own=1; unknown=2,0,2,0,0,KETU|PLUTO,PLUTO|direct|h0.18|n1.5|d360,KETU|mirror|h0.18|n1.6|d360,ac8097a68c25f461ba39d46b38949fe71ceef4023a3b54a45add929f23e707fa
327,MOON|VENUS :: trine,17,UNKNOWN,BEARISH=3; BULLISH=1; CONFLICT=5; UNKNOWN=6,LOSS=8; WIN=20,0.16666666666666666,,,,,,,,not_in_current_candidate_csv; high_recurrence_group; multiple_active_aspects; soft_aspect,shadbala_avg=51.75 | regime_active=2,,benefic + benefic,soft,2025-09-16 06:30:00+05:30,2025-09-16 09:30:00+05:30,0,0,0,0,,,,51.75,Neutral,0.0,2,,,,,,,,0,0,0,0,MERCURY|MOON,MOON|mirror|h0.18|n1.5|d360,MERCURY|mirror|h0.18|n1.7|d360,f42a230ebb5390f8c02382a63ba7429ef4b8d18ad37bb316f9b351217742b4c0
328,KETU|MERCURY :: square,1,BULLISH,BULLISH=1,LOSS=1,-0.2,,,,,,,,multiple_active_aspects; unknown_outer_or_node_dignity; swing_duration_1d_to_5d; hard_aspect,shadbala_avg=52.93 | quote_dignity=exaltation=1; unknown=1 | base_dignity=exaltation=1; friend=1 | fx_doctrine=BULLISH | fx_doctrine_net=0.3773386566541116 | fx_conflict=0.0 | regime_active=2 | ml=LOSS=1,bearish_return,malefic + benefic,hard,2025-09-16 15:30:00+05:30,2025-09-17 16:30:00+05:30,1,0,1,0,LOSS=1,STOP_LOSS=1,-0.2,52.93333333333333,Neutral,0.0,2,BULLISH,0.3773386566541116,0.0,natal friend 15V; transit exaltation 60V,natal unknown 0V; transit exaltation 60V,exaltation=1; unknown=1,exaltation=1; friend=1,0,0,0,0,MOON|PLUTO,MOON|mirror|h0.18|n1.5|d360,PLUTO|direct|h0.18|n1.5|d360,f2356c8a8ae42983b758bc17f3b2babe65e29d6e01fb8d5f1d66983434dc70cb
329,MERCURY|RAHU :: square,1,BULLISH,BULLISH=1,LOSS=1,-0.2,,,,,,,,multiple_active_aspects; unknown_outer_or_node_dignity; swing_duration_1d_to_5d; hard_aspect,shadbala_avg=52.93 | quote_dignity=exaltation=1; unknown=1 | base_dignity=exaltation=1; friend=1 | fx_doctrine=BULLISH | fx_doctrine_net=0.3773386566541116 | fx_conflict=0.0 | regime_active=2 | ml=LOSS=1,bearish_return,benefic + malefic,hard,2025-09-16 15:30:00+05:30,2025-09-17 16:30:00+05:30,1,0,1,0,LOSS=1,STOP_LOSS=1,-0.2,52.93333333333333,Neutral,0.0,2,BULLISH,0.3773386566541116,0.0,natal friend 15V; transit exaltation 60V,natal unknown 0V; transit exaltation 60V,exaltation=1; unknown=1,exaltation=1; friend=1,0,0,0,0,MOON|PLUTO,MOON|mirror|h0.18|n1.5|d360,PLUTO|direct|h0.18|n1.5|d360,7282848d9df5b9827e5b32dd20b5d722d7f8ce19025b1d19c18ca15a71e66c5d
330,MOON|SATURN :: conjunction_orb,8,BULLISH,BEARISH=1; BULLISH=4; CONFLICT=3,LOSS=8; WIN=7,0.04999999999999999,,,,,,,,repeated_across_timeframes; multiple_active_aspects; unknown_outer_or_node_dignity; hard_aspect,shadbala_avg=52.58 | quote_dignity=neutral=2; unknown=2 | fx_doctrine=BULLISH | fx_doctrine_net=0.1633341192853613 | fx_conflict=0.0 | regime_active=3 | ml=LOSS=2,bearish_return,benefic + malefic,hard,2025-09-16 19:30:00+05:30,2025-09-17 00:30:00+05:30,2,1,1,0,LOSS=2,STOP_LOSS=2,-0.2,52.583333333333336,Neutral,20.62661642088642,3,BULLISH,0.1633341192853613,0.0,,natal unknown 0V; transit neutral 10V,neutral=2; unknown=2,,0,0,0,0,KETU|PLUTO,PLUTO|direct|h0.18|n1.5|d360,KETU|mirror|h0.18|n1.6|d360,e988fe65247df392038328c9eeab11b63d8eacf2aea347f5c629bbb44f7ee700
331,AVG(ALL)|MOON :: trine,18,BULLISH,BEARISH=2; BULLISH=10; CONFLICT=2; UNKNOWN=2,LOSS=14; WIN=18,0.08124999999999999,,,,,,,,repeated_across_timeframes; high_recurrence_group; multiple_active_aspects; crowded_regime; quote_enemy_sign; base_enemy_sign; unknown_outer_or_node_dignity; avg_all_composite; soft_aspect,shadbala_avg=53.42 | quote_dignity=enemy=1; exaltation=1; friend=1; neutral=2; unknown=3 | base_dignity=enemy=1; exaltation=1; friend=1; moolatrikona=2; unknown=1 | fx_doctrine=BULLISH | fx_doctrine_net=0.3767779007651427 | fx_conflict=0.0 | regime_active=4 | ml=LOSS=2,bearish_return,mixed_classical + benefic,soft,2025-09-17 00:30:00+05:30,2025-09-17 02:30:00+05:30,2,1,1,0,LOSS=2,STOP_LOSS=2,-0.2,53.41666666666666,Neutral,0.0,4,BULLISH,0.3767779007651427,0.0,natal neutral 10V; transit unknown 0V,natal enemy 4V; transit friend 15V,enemy=1; exaltation=1; friend=1; neutral=2; unknown=3,enemy=1; exaltation=1; friend=1; moolatrikona=2; unknown=1,1,1,0,0,JUPITER|VENUS,VENUS|mirror|h0.18|n1.6|d360,JUPITER|mirror|h0.18|n1.5|d360,76ea90309b76d2d09f614c31ed6ca821cc080669ad5be78ffd67a61d4f83fd0d
332,MARS|RAHU :: trine,2,UNKNOWN,BEARISH=1; UNKNOWN=1,LOSS=2; WIN=1,0.04999999999999999,,,,,,,,repeated_across_timeframes; multiple_active_aspects; malefic_pair; swing_duration_1d_to_5d; soft_aspect,shadbala_avg=55.30 | fx_doctrine=UNKNOWN | fx_doctrine_net=0.0 | fx_conflict=0.0 | regime_active=3 | ml=LOSS=2,bearish_return,malefic + malefic,soft,2025-09-17 01:30:00+05:30,2025-09-20 00:30:00+05:30,2,0,1,1,LOSS=2,STOP_LOSS=2,-0.2,55.30281690140845,Neutral,0.0,3,UNKNOWN,0.0,0.0,,,,,0,0,0,0,JUPITER|VENUS,VENUS|mirror|h0.18|n1.6|d360,JUPITER|mirror|h0.18|n1.5|d360,7f72b3f951f36e7591e7fa51590e9defe2dbe5e0262a4a4a6c83fddc286aae5a
333,AVG(ALL)|MERCURY :: opposition_orb,2,BEARISH,BEARISH=1; CONFLICT=1,LOSS=2; WIN=2,0.04999999999999999,,,,,,,,repeated_across_timeframes; multiple_active_aspects; crowded_regime; base_enemy_sign; unknown_outer_or_node_dignity; avg_all_composite; hard_aspect,shadbala_avg=53.40 | quote_dignity=exaltation=1; unknown=1 | base_dignity=enemy=1; exaltation=1; friend=1; moolatrikona=2; unknown=1 | fx_doctrine=CONFLICT | fx_doctrine_net=-0.0052608495151377 | fx_conflict=0.0 | regime_active=4 | ml=LOSS=2,bearish_return,mixed_classical + benefic,hard,2025-09-17 04:30:00+05:30,2025-09-17 15:30:00+05:30,2,1,1,0,LOSS=2,STOP_LOSS=2,-0.2,53.39772727272727,Neutral,0.0,4,CONFLICT,-0.0052608495151377,0.0,natal neutral 10V; transit unknown 0V,natal unknown 0V; transit exaltation 60V,exaltation=1; unknown=1,enemy=1; exaltation=1; friend=1; moolatrikona=2; unknown=1,0,1,0,0,JUPITER|VENUS,VENUS|mirror|h0.18|n1.6|d360,JUPITER|mirror|h0.18|n1.5|d360,eb4ea8c5a2e8de882235582c2b619006daa4dcb8dc1fa1f277708c3f65454d1a
334,MOON|SUN :: opposition_orb,7,BEARISH,BEARISH=4; BULLISH=3,LOSS=10; WIN=3,-0.057142857142857155,,,,,,,,repeated_across_timeframes; multiple_active_aspects; crowded_regime; base_enemy_sign; unknown_outer_or_node_dignity; hard_aspect,shadbala_avg=53.42 | quote_dignity=own=1; unknown=1 | base_dignity=enemy=1; moolatrikona=2; unknown=1 | fx_doctrine=BEARISH | fx_doctrine_net=-1.492038991930912 | fx_conflict=0.0 | regime_active=5 | ml=LOSS=2,bearish_return,benefic + malefic,hard,2025-09-17 05:30:00+05:30,2025-09-17 10:30:00+05:30,2,1,1,0,LOSS=2,STOP_LOSS=2,-0.2,53.41666666666666,Neutral,18.68115517854676,5,BEARISH,-1.492038991930912,0.0,natal unknown 0V; transit moolatrikona 45V,natal unknown 0V; transit own 30V,own=1; unknown=1,enemy=1; moolatrikona=2; unknown=1,0,1,0,0,JUPITER|VENUS,VENUS|mirror|h0.18|n1.6|d360,JUPITER|mirror|h0.18|n1.5|d360,71772ccb63e618d0e2717c778c822f9982460b4c4478938bc86663a6f94c62a3
335,AVG(ALL)|JUPITER :: trine,1,,,,,,,,,,,,not_in_current_candidate_csv; multiple_active_aspects; crowded_regime; base_enemy_sign; unknown_outer_or_node_dignity; avg_all_composite; soft_aspect,shadbala_avg=53.42 | quote_dignity=own=1; unknown=1 | base_dignity=enemy=1; exaltation=1; friend=1; moolatrikona=2; unknown=1 | regime_active=6,,mixed_classical + benefic,soft,2025-09-17 06:30:00+05:30,2025-09-17 12:30:00+05:30,0,0,0,0,,,,53.41666666666666,Neutral,0.0,6,,,,,,own=1; unknown=1,enemy=1; exaltation=1; friend=1; moolatrikona=2; unknown=1,0,1,0,0,JUPITER|VENUS,VENUS|mirror|h0.18|n1.6|d360,JUPITER|mirror|h0.18|n1.5|d360,f7b05aec0a9a77fe2897f2f49f3dcefad5ad30bb803fcb413e58e9868215f6d7
336,JUPITER|MOON :: trine,16,BULLISH,BEARISH=1; BULLISH=12; CONFLICT=1; UNKNOWN=1,LOSS=20; WIN=8,-0.03333333333333335,,,,,,,,repeated_across_timeframes; high_recurrence_group; multiple_active_aspects; soft_aspect,shadbala_avg=53.42 | base_dignity=neutral=1; own=1 | fx_doctrine=BULLISH | fx_doctrine_net=0.1009435392031719 | fx_conflict=0.0 | regime_active=2 | ml=LOSS=2,bearish_return,benefic + benefic,soft,2025-09-17 22:30:00+05:30,2025-09-18 01:30:00+05:30,2,1,1,0,LOSS=2,STOP_LOSS=2,-0.2,53.41666666666666,Neutral,0.0,2,BULLISH,0.1009435392031719,0.0,natal neutral 10V; transit own 30V,,,neutral=1; own=1,0,0,0,0,JUPITER|VENUS,VENUS|mirror|h0.18|n1.6|d360,JUPITER|mirror|h0.18|n1.5|d360,b4558963cfbbb9cab6810d5ce9b186fcbcd8e3e2812bc12da1d8e2006dde5eca
337,MARS|SUN :: square,3,CONFLICT,BEARISH=1; CONFLICT=1,LOSS=2; WIN=2,0.04999999999999999,,,,,,,,not_in_current_candidate_csv; multiple_active_aspects; base_enemy_sign; unknown_outer_or_node_dignity; malefic_pair; swing_duration_1d_to_5d; hard_aspect,shadbala_avg=56.34 | quote_dignity=neutral=1; unknown=1 | base_dignity=enemy=1; neutral=1 | regime_active=2,,malefic + malefic,hard,2025-09-18 20:30:00+05:30,2025-09-20 04:30:00+05:30,0,0,0,0,,,,56.33854166666666,Neutral,0.0,2,,,,,,neutral=1; unknown=1,enemy=1; neutral=1,0,1,0,0,MOON|SUN,SUN|mirror|h0.18|n1.7|d360,MOON|mirror|h0.18|n1.6|d360,38ba1b81dca58308169528db8fcf88c75828b2a77dfa9f39f7039cadc60e637d
338,KETU|SUN :: square,2,BEARISH,BEARISH=1,WIN=1,0.3,,,,,,,,not_in_current_candidate_csv; multiple_active_aspects; crowded_regime; unknown_outer_or_node_dignity; malefic_pair; hard_aspect,shadbala_avg=55.91 | quote_dignity=neutral=1; unknown=1 | base_dignity=friend=1; neutral=1 | regime_active=4,,malefic + malefic,hard,2025-09-19 05:30:00+05:30,2025-09-20 04:30:00+05:30,0,0,0,0,,,,55.90579710144928,Neutral,0.0,4,,,,,,neutral=1; unknown=1,friend=1; neutral=1,0,0,0,0,AVG(ALL)|SUN,SUN|mirror|h0.18|n1.7|d360,AVG(ALL)|mirror|h0.18|n1.6|d360,f8c143245d363a435d4ae93a075a7b2ff5327c259086887ba744e51288ef7886
339,RAHU|SUN :: square,2,BEARISH,BEARISH=1,WIN=1,0.3,,,,,,,,not_in_current_candidate_csv; multiple_active_aspects; crowded_regime; unknown_outer_or_node_dignity; malefic_pair; hard_aspect,shadbala_avg=55.91 | quote_dignity=neutral=1; unknown=1 | base_dignity=friend=1; neutral=1 | regime_active=4,,malefic + malefic,hard,2025-09-19 05:30:00+05:30,2025-09-20 04:30:00+05:30,0,0,0,0,,,,55.90579710144928,Neutral,0.0,4,,,,,,neutral=1; unknown=1,friend=1; neutral=1,0,0,0,0,AVG(ALL)|SUN,SUN|mirror|h0.18|n1.7|d360,AVG(ALL)|mirror|h0.18|n1.6|d360,4ba166e46372ac01a3e2af462c1f0f032693a26c0946706a75e2812d64b5cb1f
340,KETU|MOON :: trine,14,UNKNOWN,BEARISH=1; BULLISH=1; UNKNOWN=10,LOSS=9; WIN=14,0.09166666666666666,,,,,,,,not_in_current_candidate_csv; high_recurrence_group; multiple_active_aspects; crowded_regime; soft_aspect,shadbala_avg=55.08 | regime_active=5,,malefic + benefic,soft,2025-09-19 11:30:00+05:30,2025-09-19 14:30:00+05:30,0,0,0,0,,,,55.083333333333336,Neutral,0.0,5,,,,,,,,0,0,0,0,AVG(ALL)|SUN,AVG(ALL)|mirror|h0.18|n1.6|d360,SUN|mirror|h0.18|n1.7|d360,92543c2dc65417cf992b4a2a6d775d5cff7149dca782b3592a3960b3ae2e0d7a
341,MARS|VENUS :: opposition_orb,2,CONFLICT,CONFLICT=1,LOSS=1,-0.2,,,,,,,,not_in_current_candidate_csv; multiple_active_aspects; crowded_regime; quote_enemy_sign; unknown_outer_or_node_dignity; hard_aspect,shadbala_avg=56.38 | quote_dignity=enemy=2; exaltation=1; unknown=1 | regime_active=7,,malefic + benefic,hard,2025-09-19 13:30:00+05:30,2025-09-20 04:30:00+05:30,0,0,0,0,,,,56.37777777777778,Neutral,0.0,7,,,,,,enemy=2; exaltation=1; unknown=1,,2,0,0,0,AVG(ALL)|SUN,AVG(ALL)|mirror|h0.18|n1.6|d360,SUN|mirror|h0.18|n1.7|d360,72b78a7f24e1532d8fc5aeaec6e7b023526c2c2e7d565f4508681061c1ef7e7d
342,MARS|MOON :: opposition_orb,8,BULLISH,BEARISH=2; BULLISH=4,LOSS=6; WIN=6,0.04999999999999999,,,,,,,,not_in_current_candidate_csv; multiple_active_aspects; crowded_regime; unknown_outer_or_node_dignity; hard_aspect,shadbala_avg=56.58 | quote_dignity=exaltation=1; friend=2; unknown=1 | regime_active=6,,malefic + benefic,hard,2025-09-19 17:30:00+05:30,2025-09-19 22:30:00+05:30,0,0,0,0,,,,56.583333333333336,Neutral,0.0,6,,,,,,exaltation=1; friend=2; unknown=1,,0,0,0,0,SUN,SUN|mirror|h0.18|n1.7|d360,,d99555d07717dc2888faf6959a965ed50ef039fcad9db5739e372336f434cf7c
343,MERCURY|MOON :: trine,17,BULLISH,BEARISH=2; BULLISH=8; CONFLICT=2; UNKNOWN=2,LOSS=10; WIN=16,0.0857142857142857,,,,,,,,repeated_across_timeframes; high_recurrence_group; multiple_active_aspects; soft_aspect,shadbala_avg=56.38 | base_dignity=friend=1; neutral=1 | fx_doctrine=CONFLICT | fx_doctrine_net=0.0251135968426049 | fx_conflict=0.0 | regime_active=2 | ml=LOSS=2,bearish_return,benefic + benefic,soft,2025-09-22 16:30:00+05:30,2025-09-22 19:30:00+05:30,2,1,1,0,LOSS=2,STOP_LOSS=2,-0.2,56.375,Neutral,0.0,2,CONFLICT,0.0251135968426049,0.0,natal neutral 10V; transit friend 15V,,,friend=1; neutral=1,0,0,0,0,MARS,MARS|mirror|h0.18|n1.8|d360,,18506039758ee052c973d82ba649f9440802dfa35af23d4feef20d74f6fe0490
344,AVG(ALL)|VENUS :: opposition_orb,1,CONFLICT,CONFLICT=1,LOSS=2,-0.2,,,,,,,,repeated_across_timeframes; multiple_active_aspects; high_legacy_fx_conflict; quote_enemy_sign; base_enemy_sign; unknown_outer_or_node_dignity; avg_all_composite; hard_aspect,shadbala_avg=56.17 | quote_dignity=enemy=1; neutral=1 | base_dignity=enemy=2; friend=1; neutral=1; unknown=2 | fx_doctrine=CONFLICT | fx_doctrine_net=-0.0092215793473211 | fx_conflict=0.4252691671732715 | regime_active=2 | ml=LOSS=2,bearish_return,mixed_classical + benefic,hard,2025-09-22 18:30:00+05:30,2025-09-23 03:30:00+05:30,2,1,1,0,LOSS=2,STOP_LOSS=2,-0.2,56.16666666666666,Neutral,0.0,2,CONFLICT,-0.0092215793473211,0.4252691671732715,natal neutral 10V; transit enemy 4V,natal neutral 10V; transit enemy 4V,enemy=1; neutral=1,enemy=2; friend=1; neutral=1; unknown=2,1,2,0,0,MARS,MARS|mirror|h0.18|n1.8|d360,,6dbf7b1b808001b38a05066845540e1b59a34f05977647ee428dc7458ac41878
345,JUPITER|SATURN :: conjunction_orb,1,,,,,,,,,,,,not_in_current_candidate_csv; unknown_outer_or_node_dignity; long_duration_gt_5d; hard_aspect,shadbala_avg=52.91 | quote_dignity=neutral=1; unknown=1 | regime_active=1,,benefic + malefic,hard,2025-09-23 00:30:00+05:30,2025-10-21 03:30:00+05:30,0,0,0,0,,,,52.91333333333333,Neutral,26.75339010961352,1,,,,,,neutral=1; unknown=1,,0,0,0,0,MARS|MOON,MOON|direct|h0.18|n1.8|d360,MARS|mirror|h0.18|n1.8|d360,0e4eada800916dac9dc3c03e138fbe50e6c3bb8f1f18c58391150a41791e5fc3
346,MOON|SATURN :: square,15,CONFLICT,BEARISH=1; BULLISH=5; CONFLICT=7; UNKNOWN=1,LOSS=10; WIN=18,0.12648634697626365,,,,,,,,repeated_across_timeframes; high_recurrence_group; multiple_active_aspects; unknown_outer_or_node_dignity; hard_aspect,shadbala_avg=54.92 | quote_dignity=neutral=1; unknown=1 | fx_doctrine=CONFLICT | fx_doctrine_net=0.0252883274063348 | fx_conflict=0.0 | regime_active=2 | ml=LOSS=2,bearish_return,benefic + malefic,hard,2025-09-23 22:30:00+05:30,2025-09-24 01:30:00+05:30,2,1,1,0,LOSS=2,STOP_LOSS=2,-0.2,54.91666666666666,Neutral,0.0,2,CONFLICT,0.0252883274063348,0.0,,natal unknown 0V; transit neutral 10V,neutral=1; unknown=1,,0,0,0,0,MARS,MARS|mirror|h0.18|n1.8|d360,,d17273508c61fb73999b385a987d4fc6aed897aaf88dd9d2c3f14a7c719d39fd
347,MOON|SUN :: square,16,BEARISH,BEARISH=7; BULLISH=3; UNKNOWN=4,LOSS=13; WIN=13,0.04999999999999999,,,,,,,,repeated_across_timeframes; high_recurrence_group; multiple_active_aspects; quote_enemy_sign; unknown_outer_or_node_dignity; hard_aspect,shadbala_avg=54.92 | quote_dignity=enemy=1; exaltation=1; neutral=3; unknown=1 | fx_doctrine=BEARISH | fx_doctrine_net=-0.275352149466781 | fx_conflict=0.1100273121745354 | regime_active=2 | ml=WIN=2,bullish_return,benefic + malefic,hard,2025-09-24 10:30:00+05:30,2025-09-24 13:30:00+05:30,2,1,1,0,WIN=2,TAKE_PROFIT=2,0.3,54.91666666666666,Neutral,0.0,2,BEARISH,-0.275352149466781,0.1100273121745354,,natal enemy 4V; transit neutral 10V,enemy=1; exaltation=1; neutral=3; unknown=1,,1,0,0,0,AVG(ALL)|MARS,AVG(ALL)|mirror|h0.18|n1.7|d360,MARS|mirror|h0.18|n1.8|d360,5e3fbb30bf20dca22544a5013ac4a76941ce61301c07be77b1f21fabca29d8fa
348,AVG(ALL)|KETU :: square,2,BEARISH,BEARISH=1,WIN=2,0.3,,,,,,,,repeated_across_timeframes; multiple_active_aspects; crowded_regime; quote_enemy_sign; unknown_outer_or_node_dignity; avg_all_composite; hard_aspect,shadbala_avg=55.33 | quote_dignity=enemy=1; neutral=1 | base_dignity=exaltation=1; unknown=1 | fx_doctrine=BEARISH | fx_doctrine_net=-0.1918788107091284 | fx_conflict=0.0 | regime_active=4 | ml=WIN=2,bullish_return,mixed_classical + malefic,hard,2025-09-24 13:30:00+05:30,2025-09-24 19:30:00+05:30,2,1,1,0,WIN=2,TAKE_PROFIT=2,0.3,55.333333333333336,Neutral,0.0,4,BEARISH,-0.1918788107091284,0.0,natal enemy 4V; transit unknown 0V,natal unknown 0V; transit unknown 0V,enemy=1; neutral=1,exaltation=1; unknown=1,1,0,0,0,AVG(ALL)|MARS,AVG(ALL)|mirror|h0.18|n1.7|d360,MARS|mirror|h0.18|n1.8|d360,3b83788be65319d25ba5a040972a8a0260a1492f083923a01b6110602d4d4a00
349,AVG(ALL)|RAHU :: square,2,BEARISH,BEARISH=1,WIN=2,0.3,,,,,,,,repeated_across_timeframes; multiple_active_aspects; crowded_regime; quote_enemy_sign; unknown_outer_or_node_dignity; avg_all_composite; hard_aspect,shadbala_avg=55.33 | quote_dignity=enemy=1; neutral=1 | base_dignity=exaltation=1; unknown=1 | fx_doctrine=BEARISH | fx_doctrine_net=-0.1918788107091284 | fx_conflict=0.0 | regime_active=4 | ml=WIN=2,bullish_return,mixed_classical + malefic,hard,2025-09-24 13:30:00+05:30,2025-09-24 19:30:00+05:30,2,1,1,0,WIN=2,TAKE_PROFIT=2,0.3,55.333333333333336,Neutral,0.0,4,BEARISH,-0.1918788107091284,0.0,natal enemy 4V; transit unknown 0V,natal unknown 0V; transit unknown 0V,enemy=1; neutral=1,exaltation=1; unknown=1,1,0,0,0,AVG(ALL)|MARS,AVG(ALL)|mirror|h0.18|n1.7|d360,MARS|mirror|h0.18|n1.8|d360,08a2d9e9440f0c958c4aba51790c4ca2b3e54ed27e26fd9800e6fae02cd32261
350,MARS|MOON :: trine,17,BULLISH,BEARISH=2; BULLISH=7; CONFLICT=6,LOSS=17; WIN=12,-1.1102230246251566e-17,,,,,,,,repeated_across_timeframes; high_recurrence_group; multiple_active_aspects; crowded_regime; unknown_outer_or_node_dignity; soft_aspect,shadbala_avg=55.54 | quote_dignity=neutral=1; unknown=1 | fx_doctrine=CONFLICT | fx_doctrine_net=-0.004430766757018 | fx_conflict=0.0 | regime_active=4 | ml=WIN=2,bullish_return,malefic + benefic,soft,2025-09-24 15:30:00+05:30,2025-09-24 18:30:00+05:30,2,1,1,0,WIN=2,TAKE_PROFIT=2,0.3,55.54166666666666,Neutral,0.0,4,CONFLICT,-0.004430766757018,0.0,,natal unknown 0V; transit neutral 10V,neutral=1; unknown=1,,0,0,0,0,MARS|MOON,MARS|mirror|h0.18|n1.8|d360,MOON|mirror|h0.18|n1.8|d360,2f350c291c513d907467db070bf1b8d8da1c5b5f188566157e708f2a9298bfd4
351,JUPITER|VENUS :: square,3,UNKNOWN,BEARISH=1; UNKNOWN=2,WIN=5,0.3,,,,,,,,repeated_across_timeframes; multiple_active_aspects; swing_duration_1d_to_5d; hard_aspect,shadbala_avg=54.39 | fx_doctrine=UNKNOWN | fx_doctrine_net=0.0 | fx_conflict=0.0 | regime_active=2 | ml=WIN=2,bullish_return,benefic + benefic,hard,2025-09-24 21:30:00+05:30,2025-09-26 11:30:00+05:30,2,0,1,1,WIN=2,TAKE_PROFIT=2,0.3,54.39035087719298,Neutral,0.0,2,UNKNOWN,0.0,0.0,,,,,0,0,0,0,URANUS,URANUS|mirror|h0.18|n1.4|d360,,7c68fc0d533df643164a0221ffe85242c2e89cff7ad66e29b0f54ee726e69f3a
352,MERCURY|MOON :: square,16,BEARISH,BEARISH=6; BULLISH=3; CONFLICT=4,LOSS=15; WIN=10,-0.007692307692307703,,,,,,,,repeated_across_timeframes; high_recurrence_group; multiple_active_aspects; hard_aspect,shadbala_avg=54.92 | base_dignity=neutral=2 | fx_doctrine=BULLISH | fx_doctrine_net=0.0540174378744874 | fx_conflict=0.0 | regime_active=3 | ml=LOSS=2,bearish_return,benefic + benefic,hard,2025-09-25 03:30:00+05:30,2025-09-25 06:30:00+05:30,2,1,1,0,LOSS=2,STOP_LOSS=2,-0.2,54.91666666666666,Neutral,0.0,3,BULLISH,0.0540174378744874,0.0,natal neutral 10V; transit neutral 10V,,,neutral=2,0,0,0,0,URANUS,URANUS|mirror|h0.18|n1.4|d360,,c49cbac5541533af969eead90e581e71c25154189c5c51859d72dbf301070240
353,MOON|VENUS :: trine,17,UNKNOWN,BEARISH=3; BULLISH=1; CONFLICT=5; UNKNOWN=6,LOSS=8; WIN=20,0.16666666666666666,,,,,,,,repeated_across_timeframes; high_recurrence_group; multiple_active_aspects; quote_enemy_sign; unknown_outer_or_node_dignity; soft_aspect,shadbala_avg=54.64 | quote_dignity=enemy=1; unknown=1 | fx_doctrine=BEARISH | fx_doctrine_net=-0.1036401477472873 | fx_conflict=0.0 | regime_active=3 | ml=WIN=2,bullish_return,benefic + benefic,soft,2025-09-25 19:30:00+05:30,2025-09-25 22:30:00+05:30,2,1,1,0,WIN=2,TAKE_PROFIT=2,0.3,54.638888888888886,Neutral,0.0,3,BEARISH,-0.1036401477472873,0.0,,natal unknown 0V; transit enemy 4V,enemy=1; unknown=1,,1,0,0,0,URANUS,URANUS|mirror|h0.18|n1.4|d360,,857680b864348110100bec2e21575274e446dd280f5e414e560bb01ed2345226
354,KETU|MOON :: conjunction_orb,6,BULLISH,BEARISH=1; BULLISH=4,LOSS=5; WIN=4,-1.1102230246251566e-17,,,,,,,,repeated_across_timeframes; multiple_active_aspects; strong_shadbala; unknown_outer_or_node_dignity; hard_aspect,shadbala_avg=57.83 | quote_dignity=neutral=1; unknown=1 | base_dignity=friend=1; neutral=1 | fx_doctrine=BULLISH | fx_doctrine_net=0.2424791609958774 | fx_conflict=0.0 | regime_active=3 | ml=WIN=2,bullish_return,malefic + benefic,hard,2025-09-29 07:30:00+05:30,2025-09-29 12:30:00+05:30,2,1,1,0,WIN=2,TAKE_PROFIT=2,0.3,57.833333333333336,Neutral,0.0,3,BULLISH,0.2424791609958774,0.0,natal friend 15V; transit neutral 10V,,neutral=1; unknown=1,friend=1; neutral=1,0,0,0,0,URANUS,URANUS|mirror|h0.18|n1.4|d360,,b120bd589e3da6975a60f6a3d68fa92b44879867bb8b99deb3c73ad57066007f
355,MOON|RAHU :: opposition_orb,6,BULLISH,BEARISH=2; BULLISH=2; CONFLICT=1,LOSS=5; WIN=4,-1.1102230246251566e-17,,,,,,,,repeated_across_timeframes; multiple_active_aspects; strong_shadbala; unknown_outer_or_node_dignity; hard_aspect,shadbala_avg=57.83 | quote_dignity=neutral=1; unknown=1 | base_dignity=friend=1; neutral=1 | fx_doctrine=BULLISH | fx_doctrine_net=0.2424791609958774 | fx_conflict=0.0 | regime_active=3 | ml=WIN=2,bullish_return,benefic + malefic,hard,2025-09-29 07:30:00+05:30,2025-09-29 12:30:00+05:30,2,1,1,0,WIN=2,TAKE_PROFIT=2,0.3,57.833333333333336,Neutral,15.10884301999795,3,BULLISH,0.2424791609958774,0.0,natal friend 15V; transit neutral 10V,,neutral=1; unknown=1,friend=1; neutral=1,0,0,0,0,URANUS,URANUS|mirror|h0.18|n1.4|d360,,340e994f367fd4195e35716ecb50144245b3f34e08809b2772fbd4ca44f6adcf
356,AVG(ALL)|MERCURY :: square,3,BULLISH,BULLISH=2; CONFLICT=1,LOSS=3; WIN=2,-0.03333333333333335,,,,,,,,repeated_across_timeframes; multiple_active_aspects; quote_enemy_sign; unknown_outer_or_node_dignity; avg_all_composite; hard_aspect,shadbala_avg=56.58 | quote_dignity=enemy=1; neutral=1; unknown=2 | base_dignity=exaltation=2; neutral=3; own=1; unknown=2 | fx_doctrine=BULLISH | fx_doctrine_net=0.1265477174953801 | fx_conflict=0.2186106015309277 | regime_active=2 | ml=WIN=2,bullish_return,mixed_classical + benefic,hard,2025-09-29 18:30:00+05:30,2025-09-29 23:30:00+05:30,2,1,1,0,WIN=2,TAKE_PROFIT=2,0.3,56.583333333333336,Neutral,0.0,2,BULLISH,0.1265477174953801,0.2186106015309277,natal unknown 0V; transit exaltation 60V,,enemy=1; neutral=1; unknown=2,exaltation=2; neutral=3; own=1; unknown=2,1,0,0,0,MOON,MOON|direct|h0.18|n1.6|d360,,1e928e517c795fa697a7a1f532ecb6d4e62fc6d6d0a6efe8bb52ca260bc706a2
357,AVG(ALL)|VENUS :: trine,6,BULLISH,BEARISH=2; BULLISH=3; UNKNOWN=1,LOSS=6; WIN=6,0.04999999999999999,,,,,,,,repeated_across_timeframes; multiple_active_aspects; quote_enemy_sign; unknown_outer_or_node_dignity; avg_all_composite; soft_aspect,shadbala_avg=53.79 | quote_dignity=enemy=1; neutral=1; unknown=2 | base_dignity=neutral=1; own=1 | fx_doctrine=BEARISH | fx_doctrine_net=-0.1583560790622304 | fx_conflict=0.0 | regime_active=2 | ml=LOSS=2,bearish_return,mixed_classical + benefic,soft,2025-09-30 16:30:00+05:30,2025-09-30 21:30:00+05:30,2,1,1,0,LOSS=2,STOP_LOSS=2,-0.2,53.79166666666666,Neutral,0.0,2,BEARISH,-0.1583560790622304,0.0,,natal unknown 0V; transit enemy 4V,enemy=1; neutral=1; unknown=2,neutral=1; own=1,1,0,0,0,MERCURY,MERCURY|direct|h0.18|n1.8|d360,,b8833ece3e941912977adf42399ebcf71f5b82a509bd4f4c3ca7869272e8b34c
358,MOON|SATURN :: opposition_orb,6,CONFLICT,BULLISH=3; CONFLICT=3,LOSS=6; WIN=5,0.04999999999999999,,,,,,,,repeated_across_timeframes; multiple_active_aspects; quote_enemy_sign; hard_aspect,shadbala_avg=53.67 | quote_dignity=enemy=1; neutral=1 | base_dignity=friend=1; neutral=1 | fx_doctrine=BULLISH | fx_doctrine_net=0.3718204879658073 | fx_conflict=0.0 | regime_active=2 | ml=LOSS=2,bearish_return,benefic + malefic,hard,2025-10-01 09:30:00+05:30,2025-10-01 14:30:00+05:30,2,1,1,0,LOSS=2,STOP_LOSS=2,-0.2,53.66666666666666,Neutral,20.924907125906884,2,BULLISH,0.3718204879658073,0.0,natal friend 15V; transit neutral 10V,natal enemy 4V; transit neutral 10V,enemy=1; neutral=1,friend=1; neutral=1,1,0,0,0,KETU|MARS,MARS|mirror|h0.18|n1.8|d360,KETU|mirror|h0.18|n1.6|d360,b380e075f693e2eb312eede8b5563e81be31a3cd4ebeb55453216e606eee2549
359,AVG(ALL)|SATURN :: trine,3,,,,,,,,,,,,not_in_current_candidate_csv; multiple_active_aspects; quote_enemy_sign; unknown_outer_or_node_dignity; avg_all_composite; soft_aspect,shadbala_avg=53.51 | quote_dignity=enemy=1; neutral=2; unknown=1 | base_dignity=neutral=1; own=1 | regime_active=2,,mixed_classical + malefic,soft,2025-10-01 15:30:00+05:30,2025-10-01 19:30:00+05:30,0,0,0,0,,,,53.51041666666666,Neutral,0.0,2,,,,,,enemy=1; neutral=2; unknown=1,neutral=1; own=1,1,0,0,0,AVG(ALL)|MARS,MARS|mirror|h0.18|n1.8|d360,AVG(ALL)|direct|h0.18|n1.7|d360,f41b5d8c53183344f52cefed01a0b1d9ba64bab858d990dad75cc41548c2b8ca
360,MERCURY|SATURN :: square,2,CONFLICT,BULLISH=1; CONFLICT=1,LOSS=2; WIN=2,0.04999999999999999,,,,,,,,repeated_across_timeframes; multiple_active_aspects; unknown_outer_or_node_dignity; swing_duration_1d_to_5d; hard_aspect,shadbala_avg=52.39 | quote_dignity=neutral=1; unknown=1 | base_dignity=friend=1; neutral=1 | fx_doctrine=BULLISH | fx_doctrine_net=0.1053008905259152 | fx_conflict=0.0 | regime_active=3 | ml=LOSS=2,bearish_return,benefic + malefic,hard,2025-10-01 16:30:00+05:30,2025-10-02 22:30:00+05:30,2,0,1,1,LOSS=2,STOP_LOSS=2,-0.2,52.388888888888886,Neutral,0.0,3,BULLISH,0.1053008905259152,0.0,natal friend 15V; transit neutral 10V,natal unknown 0V; transit neutral 10V,neutral=1; unknown=1,friend=1; neutral=1,0,0,0,0,KETU|MARS,MARS|mirror|h0.18|n1.8|d360,KETU|mirror|h0.18|n1.6|d360,5ce3f6e880d3d7796dab80f0fa24dc26486c2b7523500aaeaf8e31a71fcea918
361,MOON|SUN :: conjunction_orb,9,BULLISH,BEARISH=3; BULLISH=4; UNKNOWN=1,LOSS=5; WIN=10,0.11249999999999999,,,,,,,,repeated_across_timeframes; multiple_active_aspects; crowded_regime; unknown_outer_or_node_dignity; hard_aspect,shadbala_avg=53.67 | base_dignity=friend=1; neutral=2; unknown=1 | fx_doctrine=BULLISH | fx_doctrine_net=0.115219202181122 | fx_conflict=0.2183300558032563 | regime_active=5 | ml=WIN=2,bullish_return,benefic + malefic,hard,2025-10-01 20:30:00+05:30,2025-10-02 00:30:00+05:30,2,1,1,0,WIN=2,TAKE_PROFIT=2,0.3,53.66666666666666,Neutral,7.499502217601732,5,BULLISH,0.115219202181122,0.2183300558032563,natal friend 15V; transit neutral 10V,,,friend=1; neutral=2; unknown=1,0,0,0,0,KETU|MARS,MARS|mirror|h0.18|n1.8|d360,KETU|mirror|h0.18|n1.6|d360,a1ce0dbcc549326970e07c317d39a5c6f46c7fd3e17815e94e439be1f8460890
362,MARS|MERCURY :: square,4,CONFLICT,BEARISH=1; BULLISH=1; CONFLICT=2,LOSS=6; WIN=2,-0.07500000000000001,,,,,,,,repeated_across_timeframes; multiple_active_aspects; crowded_regime; swing_duration_1d_to_5d; hard_aspect,shadbala_avg=52.30 | base_dignity=neutral=2 | fx_doctrine=CONFLICT | fx_doctrine_net=0.0 | fx_conflict=0.0 | regime_active=5 | ml=LOSS=2,bearish_return,malefic + benefic,hard,2025-10-02 00:30:00+05:30,2025-10-04 04:30:00+05:30,2,0,1,1,LOSS=2,STOP_LOSS=2,-0.2,52.302083333333336,Neutral,0.0,5,CONFLICT,0.0,0.0,,,,neutral=2,0,0,0,0,KETU|MARS,MARS|mirror|h0.18|n1.8|d360,KETU|mirror|h0.18|n1.6|d360,a0c8e6e28575b9a0f3274e5a0d5bcbdce0348101b2ffc0ffbc9f476c66b19ca8
363,AVG(ALL)|MOON :: opposition_orb,10,BEARISH,BEARISH=4; BULLISH=2; CONFLICT=3; UNKNOWN=1,LOSS=10; WIN=10,0.04999999999999999,,,,,,,,repeated_across_timeframes; high_recurrence_group; multiple_active_aspects; crowded_regime; quote_enemy_sign; unknown_outer_or_node_dignity; avg_all_composite; hard_aspect,shadbala_avg=51.17 | quote_dignity=enemy=1; neutral=4; unknown=1 | base_dignity=friend=1; neutral=1 | fx_doctrine=BEARISH | fx_doctrine_net=-0.3341597867301337 | fx_conflict=0.0 | regime_active=4 | ml=LOSS=2,bearish_return,mixed_classical + benefic,hard,2025-10-02 05:30:00+05:30,2025-10-02 12:30:00+05:30,2,1,1,0,LOSS=2,STOP_LOSS=2,-0.2,51.16666666666666,Neutral,4.281913101547161,4,BEARISH,-0.3341597867301337,0.0,natal neutral 10V; transit neutral 10V,natal unknown 0V; transit unknown 0V,enemy=1; neutral=4; unknown=1,friend=1; neutral=1,1,0,0,0,MARS|MOON,MARS|mirror|h0.18|n1.8|d360,MOON|direct|h0.18|n1.5|d360,7813d390e961545b69ed0629ff429f624ade5acf0d5ee03e14d78daff9cb23ab
364,MERCURY|MOON :: conjunction_orb,8,BULLISH,BULLISH=7; CONFLICT=1,LOSS=6; WIN=10,0.11249999999999999,,,,,,,,repeated_across_timeframes; multiple_active_aspects; crowded_regime; hard_aspect,shadbala_avg=51.00 | base_dignity=neutral=2 | fx_doctrine=BULLISH | fx_doctrine_net=0.1236214377293436 | fx_conflict=0.0 | regime_active=5 | ml=LOSS=2,bearish_return,benefic + benefic,hard,2025-10-02 12:30:00+05:30,2025-10-02 17:30:00+05:30,2,1,1,0,LOSS=2,STOP_LOSS=2,-0.2,51.0,Neutral,0.0,5,BULLISH,0.1236214377293436,0.0,natal neutral 10V; transit neutral 10V,,,neutral=2,0,0,0,0,KETU|MARS,MARS|mirror|h0.18|n1.8|d360,KETU|mirror|h0.18|n1.6|d360,b97b8a7dd0c3645c7348b97f99bc84a2f36e42aab7022af83c84d76b974e55b1
365,AVG(ALL)|MARS :: square,4,BEARISH,BEARISH=2; CONFLICT=1; UNKNOWN=1,LOSS=7,-0.2,,,,,,,,repeated_across_timeframes; multiple_active_aspects; crowded_regime; quote_enemy_sign; unknown_outer_or_node_dignity; avg_all_composite; hard_aspect,shadbala_avg=51.50 | quote_dignity=enemy=1; friend=1; neutral=3; unknown=1 | base_dignity=neutral=3; unknown=1 | fx_doctrine=CONFLICT | fx_doctrine_net=0.0463873919334275 | fx_conflict=0.0 | regime_active=5 | ml=LOSS=2,bearish_return,mixed_classical + malefic,hard,2025-10-02 14:30:00+05:30,2025-10-02 19:30:00+05:30,2,1,1,0,LOSS=2,STOP_LOSS=2,-0.2,51.5,Neutral,0.0,5,CONFLICT,0.0463873919334275,0.0,,natal exaltation 60V; transit unknown 0V,enemy=1; friend=1; neutral=3; unknown=1,neutral=3; unknown=1,1,0,0,0,MARS|PLUTO,PLUTO|direct|h0.18|n1.5|d360,MARS|mirror|h0.18|n1.8|d360,e21239059b5ee362a169f38ef12688e806090e2b4ce4b099490d8505ab3117a7
366,AVG(ALL)|JUPITER :: conjunction_orb,2,,,,,,,,,,,,not_in_current_candidate_csv; multiple_active_aspects; base_enemy_sign; unknown_outer_or_node_dignity; avg_all_composite; hard_aspect,shadbala_avg=52.42 | quote_dignity=neutral=1; unknown=1 | base_dignity=enemy=1; exaltation=2; friend=1; neutral=3; own=1; unknown=2 | regime_active=3,,mixed_classical + benefic,hard,2025-10-03 05:30:00+05:30,2025-10-03 13:30:00+05:30,0,0,0,0,,,,52.41666666666666,Neutral,0.0,3,,,,,,neutral=1; unknown=1,enemy=1; exaltation=2; friend=1; neutral=3; own=1; unknown=2,0,1,0,0,KETU,KETU|mirror|h0.18|n1.6|d360,,e59bad1febc798ecb0252a8f745acbb1a81aa463d88b29b20990fc2ab46b4109
367,MOON|RAHU :: trine,12,UNKNOWN,BEARISH=4; BULLISH=1; CONFLICT=2; UNKNOWN=5,LOSS=8; WIN=16,0.11818858220430173,,,,,,,,repeated_across_timeframes; high_recurrence_group; multiple_active_aspects; crowded_regime; soft_aspect,shadbala_avg=53.42 | fx_doctrine=UNKNOWN | fx_doctrine_net=0.0 | fx_conflict=0.0 | regime_active=4 | ml=WIN=2,bullish_return,benefic + malefic,soft,2025-10-04 01:30:00+05:30,2025-10-04 04:30:00+05:30,2,1,1,0,WIN=2,TAKE_PROFIT=2,0.3,53.41666666666666,Neutral,0.0,4,UNKNOWN,0.0,0.0,,,,,0,0,0,0,KETU,KETU|mirror|h0.18|n1.6|d360,,5d7d606bc7290392761dec776584c0700173340d2520c0e82936bb9f70608fa3
368,MERCURY|SUN :: square,4,BULLISH,BEARISH=1; BULLISH=2; CONFLICT=1,LOSS=6; WIN=2,-0.07500000000000001,,,,,,,,repeated_across_timeframes; multiple_active_aspects; unknown_outer_or_node_dignity; hard_aspect,shadbala_avg=56.17 | quote_dignity=friend=1; unknown=1 | fx_doctrine=CONFLICT | fx_doctrine_net=-0.0170601275631525 | fx_conflict=0.0 | regime_active=2 | ml=WIN=2,bullish_return,benefic + malefic,hard,2025-10-06 05:30:00+05:30,2025-10-06 14:30:00+05:30,2,1,1,0,WIN=2,TAKE_PROFIT=2,0.3,56.16666666666666,Neutral,0.0,2,CONFLICT,-0.0170601275631525,0.0,,natal unknown 0V; transit friend 15V,friend=1; unknown=1,,0,0,0,0,URANUS|VENUS,VENUS|mirror|h0.18|n1.7|d360,URANUS|mirror|h0.18|n1.4|d360,71170811e2becd14e023443d68b9f3adf91f2e14fb5c60f1919c72706563f431
369,JUPITER|MOON :: trine,16,BULLISH,BEARISH=1; BULLISH=12; CONFLICT=1; UNKNOWN=1,LOSS=20; WIN=8,-0.03333333333333335,,,,,,,,repeated_across_timeframes; high_recurrence_group; multiple_active_aspects; soft_aspect,shadbala_avg=56.17 | base_dignity=neutral=1; own=1 | fx_doctrine=BULLISH | fx_doctrine_net=0.1935321794604405 | fx_conflict=0.0 | regime_active=2 | ml=WIN=2,bullish_return,benefic + benefic,soft,2025-10-06 21:30:00+05:30,2025-10-06 23:30:00+05:30,2,1,1,0,WIN=2,TAKE_PROFIT=2,0.3,56.16666666666666,Neutral,0.0,2,BULLISH,0.1935321794604405,0.0,natal own 30V; transit neutral 10V,,,neutral=1; own=1,0,0,0,0,MERCURY,MERCURY|direct|h0.18|n1.8|d360,,3c3f621552fff3578efe68668bc00611752ae957beaa577a9de696ca45d584e0
370,AVG(ALL)|KETU :: conjunction_orb,3,CONFLICT,CONFLICT=2,WIN=4,0.3,,,,,,,,repeated_across_timeframes; multiple_active_aspects; base_enemy_sign; unknown_outer_or_node_dignity; avg_all_composite; hard_aspect,shadbala_avg=56.17 | quote_dignity=neutral=1; unknown=1 | base_dignity=enemy=1; friend=1; neutral=2; own=1; unknown=1 | fx_doctrine=CONFLICT | fx_doctrine_net=0.0187138365551419 | fx_conflict=0.0 | regime_active=3 | ml=WIN=2,bullish_return,mixed_classical + malefic,hard,2025-10-07 08:30:00+05:30,2025-10-07 10:30:00+05:30,2,1,1,0,WIN=2,TAKE_PROFIT=2,0.3,56.16666666666666,Neutral,22.45660386617033,3,CONFLICT,0.0187138365551419,0.0,,natal unknown 0V; transit unknown 0V,neutral=1; unknown=1,enemy=1; friend=1; neutral=2; own=1; unknown=1,0,1,0,0,SATURN,SATURN|direct|h0.18|n1.4|d360,,2763b9fb9f5aa80104bfb1b4dd7c718f0edcee48fef888a239e1623f06f18d8e
371,AVG(ALL)|RAHU :: opposition_orb,3,BULLISH,BULLISH=1; CONFLICT=1,WIN=4,0.3,,,,,,,,repeated_across_timeframes; multiple_active_aspects; quote_enemy_sign; unknown_outer_or_node_dignity; avg_all_composite; hard_aspect,shadbala_avg=56.17 | quote_dignity=enemy=1; friend=2; neutral=3; unknown=2 | base_dignity=friend=1; neutral=1 | fx_doctrine=BULLISH | fx_doctrine_net=0.0935691827757049 | fx_conflict=0.0 | regime_active=3 | ml=WIN=2,bullish_return,mixed_classical + malefic,hard,2025-10-07 08:30:00+05:30,2025-10-07 10:30:00+05:30,2,1,1,0,WIN=2,TAKE_PROFIT=2,0.3,56.16666666666666,Neutral,22.456603866169186,3,BULLISH,0.0935691827757049,0.0,,natal unknown 0V; transit unknown 0V,enemy=1; friend=2; neutral=3; unknown=2,friend=1; neutral=1,1,0,0,0,SATURN,SATURN|direct|h0.18|n1.4|d360,,54d0d9913a7bae1673cde54bb8dc319aeeaa96beb7f4c1fd0d4b117dde6d9eb6
372,MOON|SUN :: square,16,BEARISH,BEARISH=7; BULLISH=3; UNKNOWN=4,LOSS=13; WIN=13,0.04999999999999999,,,,,,,,repeated_across_timeframes; high_recurrence_group; multiple_active_aspects; hard_aspect,shadbala_avg=54.50 | base_dignity=neutral=1; own=1 | fx_doctrine=BEARISH | fx_doctrine_net=-0.1876365474931595 | fx_conflict=0.0 | regime_active=2 | ml=LOSS=2,bearish_return,benefic + malefic,hard,2025-10-08 07:30:00+05:30,2025-10-08 09:30:00+05:30,2,1,1,0,LOSS=2,STOP_LOSS=2,-0.2,54.5,Neutral,0.0,2,BEARISH,-0.1876365474931595,0.0,natal own 30V; transit neutral 10V,,,neutral=1; own=1,0,0,0,0,AVG(ALL)|JUPITER,AVG(ALL)|mirror|h0.18|n1.7|d360,JUPITER|mirror|h0.18|n1.6|d360,572c3f3cfdd0929eb9423c6d31c2e6dd229bf9385180737d8224ce494c1a5b2d
373,MERCURY|MOON :: square,16,BEARISH,BEARISH=6; BULLISH=3; CONFLICT=4,LOSS=15; WIN=10,-0.007692307692307703,,,,,,,,repeated_across_timeframes; high_recurrence_group; multiple_active_aspects; unknown_outer_or_node_dignity; hard_aspect,shadbala_avg=54.50 | quote_dignity=friend=1; neutral=2; unknown=1 | base_dignity=neutral=2 | fx_doctrine=BEARISH | fx_doctrine_net=-0.0760371952237208 | fx_conflict=0.0 | regime_active=2 | ml=LOSS=2,bearish_return,benefic + benefic,hard,2025-10-08 21:30:00+05:30,2025-10-08 23:30:00+05:30,2,1,1,0,LOSS=2,STOP_LOSS=2,-0.2,54.5,Neutral,0.0,2,BEARISH,-0.0760371952237208,0.0,natal neutral 10V; transit neutral 10V,natal neutral 10V; transit friend 15V,friend=1; neutral=2; unknown=1,neutral=2,0,0,0,0,JUPITER,JUPITER|mirror|h0.18|n1.6|d360,,997f2e5f90cfcfd0bed827409ebcccedadbc2a52463be7340044bf612c44a91b
374,MOON|SUN :: trine,16,BULLISH,BEARISH=4; BULLISH=5; CONFLICT=2; UNKNOWN=4,LOSS=20; WIN=10,-0.03333333333333335,,,,,,,,repeated_across_timeframes; high_recurrence_group; multiple_active_aspects; base_enemy_sign; soft_aspect,shadbala_avg=53.67 | base_dignity=enemy=1; neutral=1 | fx_doctrine=CONFLICT | fx_doctrine_net=-0.0484844763624349 | fx_conflict=0.0 | regime_active=3 | ml=WIN=2,bullish_return,benefic + malefic,soft,2025-10-10 07:30:00+05:30,2025-10-10 09:30:00+05:30,2,1,1,0,WIN=2,TAKE_PROFIT=2,0.3,53.66666666666666,Neutral,0.0,3,CONFLICT,-0.0484844763624349,0.0,natal enemy 4V; transit neutral 10V,,,enemy=1; neutral=1,0,1,0,0,PLUTO,PLUTO|direct|h0.18|n1.6|d360,,75c5eefe6edc0fca60852b03df3f30aae59f426d37d9a2e6f00ccabbbba45f33
375,MARS|MOON :: square,16,BEARISH,BEARISH=9; BULLISH=4; CONFLICT=1; UNKNOWN=1,LOSS=18; WIN=11,-0.010549230209257576,,,,,,,,repeated_across_timeframes; high_recurrence_group; multiple_active_aspects; quote_enemy_sign; unknown_outer_or_node_dignity; hard_aspect,shadbala_avg=53.67 | quote_dignity=enemy=1; exaltation=4; neutral=1; unknown=2 | fx_doctrine=BEARISH | fx_doctrine_net=-0.720131675354879 | fx_conflict=0.3441068962808122 | regime_active=2 | ml=WIN=2,bullish_return,malefic + benefic,hard,2025-10-10 11:30:00+05:30,2025-10-10 13:30:00+05:30,2,1,1,0,WIN=2,TAKE_PROFIT=2,0.3,53.66666666666666,Neutral,0.0,2,BEARISH,-0.720131675354879,0.3441068962808122,,natal exaltation 60V; transit exaltation 60V,enemy=1; exaltation=4; neutral=1; unknown=2,,1,0,0,0,JUPITER,JUPITER|mirror|h0.18|n1.6|d360,,62e7191ae5e6a3840f35fbe13cd0493d319a3c29c35ca4892cc60b0d229941de
376,AVG(ALL)|KETU :: trine,4,BEARISH,BEARISH=2; UNKNOWN=2,LOSS=4; WIN=4,0.04999999999999999,,,,,,,,repeated_across_timeframes; multiple_active_aspects; base_enemy_sign; quote_debilitation; unknown_outer_or_node_dignity; avg_all_composite; soft_aspect,shadbala_avg=53.67 | quote_dignity=debilitation=1; neutral=2; unknown=3 | base_dignity=enemy=1; friend=1; neutral=1; own=1 | fx_doctrine=UNKNOWN | fx_doctrine_net=0.0 | fx_conflict=0.0 | regime_active=2 | ml=WIN=2,bullish_return,mixed_classical + malefic,soft,2025-10-10 18:30:00+05:30,2025-10-10 22:30:00+05:30,2,1,1,0,WIN=2,TAKE_PROFIT=2,0.3,53.66666666666666,Neutral,0.0,2,UNKNOWN,0.0,0.0,,,debilitation=1; neutral=2; unknown=3,enemy=1; friend=1; neutral=1; own=1,0,1,1,0,JUPITER,JUPITER|mirror|h0.18|n1.6|d360,,ba1ade4c4e1584c69e27a80fadbf8f53388f239c61f9936f4605ee98e949b8a5
377,JUPITER|MOON :: opposition_orb,7,BULLISH,BULLISH=5; CONFLICT=1,LOSS=2; WIN=10,0.21666666666666665,,,,,,,,repeated_across_timeframes; multiple_active_aspects; hard_aspect,shadbala_avg=53.67 | base_dignity=exaltation=1; neutral=1 | fx_doctrine=BULLISH | fx_doctrine_net=0.6277209036061252 | fx_conflict=0.0 | regime_active=3 | ml=WIN=2,bullish_return,benefic + benefic,hard,2025-10-10 20:30:00+05:30,2025-10-11 00:30:00+05:30,2,1,1,0,WIN=2,TAKE_PROFIT=2,0.3,53.66666666666666,Neutral,0.0,3,BULLISH,0.6277209036061252,0.0,natal neutral 10V; transit exaltation 60V,,,exaltation=1; neutral=1,0,0,0,0,JUPITER,JUPITER|mirror|h0.18|n1.6|d360,,dd0d2f3db00f91492ee16e7dec0e05aa4aa4912e4e3e430a2879ee3a0b2e999d
378,AVG(ALL)|MOON :: square,18,BEARISH,BEARISH=13; BULLISH=2,LOSS=7; WIN=21,0.16666666666666666,,,,,,,,repeated_across_timeframes; high_recurrence_group; multiple_active_aspects; crowded_regime; quote_debilitation; unknown_outer_or_node_dignity; avg_all_composite; hard_aspect,shadbala_avg=54.03 | quote_dignity=debilitation=1; neutral=2; unknown=3 | base_dignity=friend=1; neutral=3; unknown=2 | fx_doctrine=BULLISH | fx_doctrine_net=0.1612527531148179 | fx_conflict=0.0 | regime_active=5 | ml=WIN=2,bullish_return,mixed_classical + benefic,hard,2025-10-10 21:30:00+05:30,2025-10-11 01:30:00+05:30,2,1,1,0,WIN=2,TAKE_PROFIT=2,0.3,54.03125,Neutral,0.0,5,BULLISH,0.1612527531148179,0.0,natal neutral 10V; transit exaltation 60V,,debilitation=1; neutral=2; unknown=3,friend=1; neutral=3; unknown=2,0,0,1,0,JUPITER,JUPITER|mirror|h0.18|n1.6|d360,,b8b590efd5a06897483f7369dda249309e30fe66c5492b815ec5a78b8ddf3054
379,MERCURY|MOON :: trine,17,BULLISH,BEARISH=2; BULLISH=8; CONFLICT=2; UNKNOWN=2,LOSS=10; WIN=16,0.0857142857142857,,,,,,,,repeated_across_timeframes; high_recurrence_group; multiple_active_aspects; crowded_regime; soft_aspect,shadbala_avg=53.67 | base_dignity=exaltation=1; friend=1; neutral=1; own=1 | fx_doctrine=BULLISH | fx_doctrine_net=0.9765638381870864 | fx_conflict=0.0 | regime_active=5 | ml=WIN=2,bullish_return,benefic + benefic,soft,2025-10-10 21:30:00+05:30,2025-10-10 23:30:00+05:30,2,1,1,0,WIN=2,TAKE_PROFIT=2,0.3,53.66666666666666,Neutral,0.0,5,BULLISH,0.9765638381870864,0.0,natal own 30V; transit friend 15V,,,exaltation=1; friend=1; neutral=1; own=1,0,0,0,0,JUPITER,JUPITER|mirror|h0.18|n1.6|d360,,47a4d0ff1cb2eb80a257be441c903702e44211e7f6a71b4b7d2c513bafb41a2b
380,MOON|VENUS :: trine,17,UNKNOWN,BEARISH=3; BULLISH=1; CONFLICT=5; UNKNOWN=6,LOSS=8; WIN=20,0.16666666666666666,,,,,,,,repeated_across_timeframes; high_recurrence_group; multiple_active_aspects; low_shadbala; quote_debilitation; unknown_outer_or_node_dignity; soft_aspect,shadbala_avg=49.92 | quote_dignity=debilitation=2; unknown=2 | base_dignity=friend=1; unknown=1 | fx_doctrine=CONFLICT | fx_doctrine_net=0.0181158488688422 | fx_conflict=0.208317211403258 | regime_active=3 | ml=LOSS=2,bearish_return,benefic + benefic,soft,2025-10-13 05:30:00+05:30,2025-10-13 14:30:00+05:30,2,1,1,0,LOSS=2,STOP_LOSS=2,-0.2,49.91666666666666,Neutral,0.0,3,CONFLICT,0.0181158488688422,0.208317211403258,natal unknown 0V; transit friend 15V,natal unknown 0V; transit debilitation 0V,debilitation=2; unknown=2,friend=1; unknown=1,0,0,2,0,MARS,MARS|direct|h0.18|n1.8|d360,,9f895c9bc9e877ecf2425f2ee4ad837d94eb9b7a2df1ca576a19198db1d0d8aa
381,SUN|VENUS :: trine,1,CONFLICT,CONFLICT=1,LOSS=2,-0.2,,,,,,,,repeated_across_timeframes; multiple_active_aspects; quote_debilitation; unknown_outer_or_node_dignity; soft_aspect,shadbala_avg=50.09 | quote_dignity=debilitation=3; unknown=3 | fx_doctrine=CONFLICT | fx_doctrine_net=0.0279574325676868 | fx_conflict=0.4308617701015362 | regime_active=2 | ml=LOSS=2,bearish_return,malefic + benefic,soft,2025-10-13 05:30:00+05:30,2025-10-13 16:30:00+05:30,2,1,1,0,LOSS=2,STOP_LOSS=2,-0.2,50.08712121212121,Neutral,0.0,2,CONFLICT,0.0279574325676868,0.4308617701015362,,natal unknown 0V; transit debilitation 0V,debilitation=3; unknown=3,,0,0,3,0,JUPITER|MARS,MARS|direct|h0.18|n1.8|d360,JUPITER|mirror|h0.18|n1.6|d360,435de18925973c021731d75b0f61816d28a9d9269ea9264f7b33497b9dcbabf3
382,MOON|SATURN :: conjunction_orb,8,BULLISH,BEARISH=1; BULLISH=4; CONFLICT=3,LOSS=8; WIN=7,0.04999999999999999,,,,,,,,repeated_across_timeframes; multiple_active_aspects; unknown_outer_or_node_dignity; hard_aspect,shadbala_avg=50.96 | quote_dignity=neutral=1; unknown=1 | base_dignity=friend=1; neutral=1 | fx_doctrine=BULLISH | fx_doctrine_net=0.2170960787025162 | fx_conflict=0.0 | regime_active=3 | ml=WIN=2,bullish_return,benefic + malefic,hard,2025-10-14 01:30:00+05:30,2025-10-14 05:30:00+05:30,2,1,1,0,WIN=2,TAKE_PROFIT=2,0.3,50.958333333333336,Neutral,9.106700281597568,3,BULLISH,0.2170960787025162,0.0,natal friend 15V; transit neutral 10V,natal unknown 0V; transit neutral 10V,neutral=1; unknown=1,friend=1; neutral=1,0,0,0,0,JUPITER|MOON,JUPITER|mirror|h0.18|n1.6|d360,MOON|mirror|h0.18|n1.6|d360,45ee80cb50e88b8b33d112474086ba6cedf97a35668165af53b12246b8fc1f01
383,AVG(ALL)|MOON :: trine,18,BULLISH,BEARISH=2; BULLISH=10; CONFLICT=2; UNKNOWN=2,LOSS=14; WIN=18,0.08124999999999999,,,,,,,,repeated_across_timeframes; high_recurrence_group; multiple_active_aspects; crowded_regime; quote_enemy_sign; quote_debilitation; avg_all_composite; soft_aspect,shadbala_avg=51.58 | quote_dignity=debilitation=2; enemy=1; exaltation=1 | base_dignity=friend=1; neutral=1 | fx_doctrine=BULLISH | fx_doctrine_net=0.3175128714857983 | fx_conflict=0.0 | regime_active=4 | ml=LOSS=2,bearish_return,mixed_classical + benefic,soft,2025-10-14 05:30:00+05:30,2025-10-14 08:30:00+05:30,2,1,1,0,LOSS=2,STOP_LOSS=2,-0.2,51.583333333333336,Neutral,0.0,4,BULLISH,0.3175128714857983,0.0,natal friend 15V; transit unknown 0V,natal enemy 4V; transit friend 15V,debilitation=2; enemy=1; exaltation=1,friend=1; neutral=1,1,0,2,0,JUPITER|MOON,MOON|mirror|h0.18|n1.6|d360,JUPITER|mirror|h0.18|n1.6|d360,8c0349747eca7e64112d50fc02452d8c64df716b0be68d8abf98dfdb5d3972f7
384,AVG(ALL)|MOON :: trine,18,BULLISH,BEARISH=2; BULLISH=10; CONFLICT=2; UNKNOWN=2,LOSS=14; WIN=18,0.08124999999999999,,,,,,,,repeated_across_timeframes; high_recurrence_group; multiple_active_aspects; quote_enemy_sign; quote_debilitation; unknown_outer_or_node_dignity; avg_all_composite; soft_aspect,shadbala_avg=51.58 | quote_dignity=debilitation=2; enemy=1; exaltation=1; own=1; unknown=1 | base_dignity=friend=1; neutral=1 | fx_doctrine=BULLISH | fx_doctrine_net=0.0990670173276768 | fx_conflict=0.0 | regime_active=3 | ml=WIN=2,bullish_return,mixed_classical + benefic,soft,2025-10-14 09:30:00+05:30,2025-10-14 14:30:00+05:30,2,1,1,0,WIN=2,TAKE_PROFIT=2,0.3,51.583333333333336,Neutral,0.0,3,BULLISH,0.0990670173276768,0.0,natal friend 15V; transit unknown 0V,natal unknown 0V; transit own 30V,debilitation=2; enemy=1; exaltation=1; own=1; unknown=1,friend=1; neutral=1,1,0,2,0,JUPITER|MARS,JUPITER|mirror|h0.18|n1.6|d360,MARS|direct|h0.18|n1.8|d360,8841d73eefc03d45b1624220c546d13a9497aec1a273c9031534a8eda67d112f
385,AVG(ALL)|SUN :: trine,5,CONFLICT,BEARISH=1; BULLISH=2; CONFLICT=2,LOSS=4; WIN=6,0.09999999999999999,,,,,,,,repeated_across_timeframes; multiple_active_aspects; quote_enemy_sign; quote_debilitation; unknown_outer_or_node_dignity; avg_all_composite; soft_aspect,shadbala_avg=51.58 | quote_dignity=debilitation=2; enemy=1; exaltation=1; own=1; unknown=1 | base_dignity=friend=1; neutral=1 | fx_doctrine=BULLISH | fx_doctrine_net=0.1576396887644188 | fx_conflict=0.0 | regime_active=3 | ml=WIN=2,bullish_return,mixed_classical + malefic,soft,2025-10-14 09:30:00+05:30,2025-10-14 14:30:00+05:30,2,1,1,0,WIN=2,TAKE_PROFIT=2,0.3,51.583333333333336,Neutral,0.0,3,BULLISH,0.1576396887644188,0.0,natal friend 15V; transit unknown 0V,natal unknown 0V; transit unknown 0V,debilitation=2; enemy=1; exaltation=1; own=1; unknown=1,friend=1; neutral=1,1,0,2,0,JUPITER|MARS,JUPITER|mirror|h0.18|n1.6|d360,MARS|direct|h0.18|n1.8|d360,37407da5153de6fc3d85ef46d2830face036f5572863981d4892de26b98fca38
386,MOON|SUN :: opposition_orb,7,BEARISH,BEARISH=4; BULLISH=3,LOSS=10; WIN=3,-0.057142857142857155,,,,,,,,repeated_across_timeframes; multiple_active_aspects; crowded_regime; unknown_outer_or_node_dignity; hard_aspect,shadbala_avg=51.53 | quote_dignity=own=1; unknown=1 | fx_doctrine=BEARISH | fx_doctrine_net=-0.280215569733734 | fx_conflict=0.0 | regime_active=4 | ml=WIN=2,bullish_return,benefic + malefic,hard,2025-10-14 11:30:00+05:30,2025-10-14 15:30:00+05:30,2,1,1,0,WIN=2,TAKE_PROFIT=2,0.3,51.53125,Neutral,8.381379014560933,4,BEARISH,-0.280215569733734,0.0,,natal unknown 0V; transit own 30V,own=1; unknown=1,,0,0,0,0,MERCURY|MOON,MOON|mirror|h0.18|n1.6|d360,MERCURY|direct|h0.18|n1.8|d360,66fe241a8017fc620aebfea69ccd7f6e7bd25d8c566a75d621120ffe00a0f38d
387,SATURN|SUN :: square,2,BULLISH,BULLISH=2,LOSS=3,-0.2,,,,,,,,repeated_across_timeframes; multiple_active_aspects; unknown_outer_or_node_dignity; malefic_pair; swing_duration_1d_to_5d; hard_aspect,shadbala_avg=50.84 | quote_dignity=neutral=1; unknown=1 | base_dignity=friend=1; neutral=1 | fx_doctrine=BULLISH | fx_doctrine_net=0.2153329454731657 | fx_conflict=0.0 | regime_active=2 | ml=LOSS=2,bearish_return,malefic + malefic,hard,2025-10-15 05:30:00+05:30,2025-10-17 05:30:00+05:30,2,0,1,1,LOSS=2,STOP_LOSS=2,-0.2,50.83940972222222,Neutral,0.0,2,BULLISH,0.2153329454731657,0.0,natal friend 15V; transit neutral 10V,natal unknown 0V; transit neutral 10V,neutral=1; unknown=1,friend=1; neutral=1,0,0,0,0,NEPTUNE|RAHU,RAHU|direct|h0.18|n1.5|d360,NEPTUNE|direct|h0.18|n1.4|d360,98a59afa0b8da5dbc1a0293372430066c61c156ce5bf2b9306f8b922d3d0810e
388,AVG(ALL)|MERCURY :: trine,6,BULLISH,BULLISH=3; CONFLICT=2; UNKNOWN=1,LOSS=8; WIN=4,-0.03333333333333335,,,,,,,,repeated_across_timeframes; multiple_active_aspects; quote_enemy_sign; quote_debilitation; avg_all_composite; soft_aspect,shadbala_avg=54.08 | quote_dignity=debilitation=1; enemy=1 | base_dignity=friend=1; neutral=1 | fx_doctrine=CONFLICT | fx_doctrine_net=0.0057857153222927 | fx_conflict=0.0 | regime_active=3 | ml=LOSS=2,bearish_return,mixed_classical + benefic,soft,2025-10-15 12:30:00+05:30,2025-10-15 17:30:00+05:30,2,1,1,0,LOSS=2,STOP_LOSS=2,-0.2,54.083333333333336,Neutral,0.0,3,CONFLICT,0.0057857153222927,0.0,natal neutral 10V; transit unknown 0V,natal unknown 0V; transit friend 15V,debilitation=1; enemy=1,friend=1; neutral=1,1,0,1,0,NEPTUNE|RAHU,RAHU|direct|h0.18|n1.5|d360,NEPTUNE|direct|h0.18|n1.4|d360,e98af876ecacfa5ac0baff2ce0bff8fceaaec224be0b782663bd0d8c5e1d72ae
389,MERCURY|VENUS :: trine,4,UNKNOWN,BEARISH=1; BULLISH=1; CONFLICT=1; UNKNOWN=1,LOSS=3; WIN=4,0.04999999999999999,,,,,,,,repeated_across_timeframes; multiple_active_aspects; low_shadbala; base_debilitation; unknown_outer_or_node_dignity; swing_duration_1d_to_5d; soft_aspect,shadbala_avg=49.18 | quote_dignity=friend=1; unknown=1 | base_dignity=debilitation=1; neutral=1 | fx_doctrine=BEARISH | fx_doctrine_net=-0.5296257272472187 | fx_conflict=0.0 | regime_active=3 | ml=WIN=2,bullish_return,benefic + benefic,soft,2025-10-16 14:30:00+05:30,2025-10-18 00:30:00+05:30,2,0,1,1,WIN=2,TAKE_PROFIT=2,0.3,49.18382352941177,Neutral,0.0,3,BEARISH,-0.5296257272472187,0.0,natal neutral 10V; transit debilitation 0V,natal unknown 0V; transit friend 15V,friend=1; unknown=1,debilitation=1; neutral=1,0,0,0,1,NEPTUNE|RAHU,RAHU|direct|h0.18|n1.5|d360,NEPTUNE|direct|h0.18|n1.4|d360,e172cca5bd1a41c1d99389a7df3836a3277d470f86b7409923876d1d89423249
390,KETU|MOON :: trine,14,UNKNOWN,BEARISH=1; BULLISH=1; UNKNOWN=10,LOSS=9; WIN=14,0.09166666666666666,,,,,,,,repeated_across_timeframes; high_recurrence_group; multiple_active_aspects; crowded_regime; low_shadbala; soft_aspect,shadbala_avg=48.00 | fx_doctrine=UNKNOWN | fx_doctrine_net=0.0 | fx_conflict=0.0 | regime_active=4 | ml=WIN=2,bullish_return,malefic + benefic,soft,2025-10-16 17:30:00+05:30,2025-10-16 19:30:00+05:30,2,1,1,0,WIN=2,TAKE_PROFIT=2,0.3,48.0,Neutral,0.0,4,UNKNOWN,0.0,0.0,,,,,0,0,0,0,NEPTUNE,NEPTUNE|direct|h0.18|n1.4|d360,,d81313dbbddf3213e39f90c986ec3f5098ba9f326d13047abe40f97c4f768179
391,MARS|MOON :: opposition_orb,8,BULLISH,BEARISH=2; BULLISH=4,LOSS=6; WIN=6,0.04999999999999999,,,,,,,,repeated_across_timeframes; multiple_active_aspects; crowded_regime; low_shadbala; unknown_outer_or_node_dignity; hard_aspect,shadbala_avg=49.50 | quote_dignity=exaltation=1; friend=3; neutral=1; unknown=1 | fx_doctrine=BEARISH | fx_doctrine_net=-0.2657212396517302 | fx_conflict=0.2964631108007733 | regime_active=4 | ml=WIN=2,bullish_return,malefic + benefic,hard,2025-10-16 23:30:00+05:30,2025-10-17 04:30:00+05:30,2,1,1,0,WIN=2,TAKE_PROFIT=2,0.3,49.5,Neutral,0.0,4,BEARISH,-0.2657212396517302,0.2964631108007733,,natal friend 15V; transit neutral 10V,exaltation=1; friend=3; neutral=1; unknown=1,,0,0,0,0,NEPTUNE|RAHU,RAHU|direct|h0.18|n1.5|d360,NEPTUNE|direct|h0.18|n1.4|d360,1dc14725a5def9359bf739287bb3fd0d57345de15e149941160acd5b87b670ac
392,JUPITER|MOON :: square,13,BEARISH,BEARISH=5; BULLISH=2; CONFLICT=3; UNKNOWN=2,LOSS=14; WIN=10,0.008333333333333323,,,,,,,,not_in_current_candidate_csv; high_recurrence_group; multiple_active_aspects; low_shadbala; quote_enemy_sign; unknown_outer_or_node_dignity; hard_aspect,shadbala_avg=49.50 | quote_dignity=enemy=2; friend=1; unknown=1 | regime_active=3,,benefic + benefic,hard,2025-10-17 11:30:00+05:30,2025-10-17 14:30:00+05:30,0,0,0,0,,,,49.5,Neutral,0.0,3,,,,,,enemy=2; friend=1; unknown=1,,2,0,0,0,AVG(ALL),AVG(ALL)|mirror|h0.18|n1.8|d360,,60247e505df8b01d0e4b6cdb8ee2e68d88bfb410becc10f8ab2f3539d8b20ea8
393,MOON|VENUS :: opposition_orb,8,BEARISH,BEARISH=7; BULLISH=1,LOSS=6; WIN=9,0.11249999999999999,,,,,,,,repeated_across_timeframes; multiple_active_aspects; low_shadbala; base_debilitation; unknown_outer_or_node_dignity; hard_aspect,shadbala_avg=47.83 | quote_dignity=friend=1; unknown=1 | base_dignity=debilitation=1; neutral=1 | fx_doctrine=BEARISH | fx_doctrine_net=-0.0653096731162497 | fx_conflict=0.0 | regime_active=2 | ml=WIN=2,bullish_return,benefic + benefic,hard,2025-10-18 01:30:00+05:30,2025-10-18 04:30:00+05:30,2,1,1,0,WIN=2,TAKE_PROFIT=2,0.3,47.833333333333336,Neutral,0.0,2,BEARISH,-0.0653096731162497,0.0,natal neutral 10V; transit debilitation 0V,natal unknown 0V; transit friend 15V,friend=1; unknown=1,debilitation=1; neutral=1,0,0,0,1,SATURN,SATURN|direct|h0.18|n1.4|d360,,7868e3556a768e6d48d6f6cc449b9f0225ae0d1085bef3db5be4086fc02c0bf6
394,AVG(ALL)|RAHU :: trine,4,BULLISH,BEARISH=1; BULLISH=1; UNKNOWN=1,LOSS=2; WIN=4,0.13333333333333333,,,,,,,,repeated_across_timeframes; multiple_active_aspects; low_shadbala; base_enemy_sign; base_debilitation; unknown_outer_or_node_dignity; avg_all_composite; soft_aspect,shadbala_avg=47.83 | quote_dignity=friend=1; neutral=1 | base_dignity=debilitation=1; enemy=1; neutral=3; unknown=1 | fx_doctrine=BULLISH | fx_doctrine_net=0.3175116062156211 | fx_conflict=0.0 | regime_active=3 | ml=WIN=2,bullish_return,mixed_classical + malefic,soft,2025-10-18 02:30:00+05:30,2025-10-18 04:30:00+05:30,2,1,1,0,WIN=2,TAKE_PROFIT=2,0.3,47.833333333333336,Neutral,0.0,3,BULLISH,0.3175116062156211,0.0,natal enemy 4V; transit unknown 0V,natal enemy 4V; transit unknown 0V,friend=1; neutral=1,debilitation=1; enemy=1; neutral=3; unknown=1,0,1,0,1,SATURN,SATURN|direct|h0.18|n1.4|d360,,41f3c491a836fbdee89eed273782aa1ccfc50c3c95fe000abdfad4cf9c99d61e
395,MERCURY|VENUS :: trine,4,UNKNOWN,BEARISH=1; BULLISH=1; CONFLICT=1; UNKNOWN=1,LOSS=3; WIN=4,0.04999999999999999,,,,,,,,repeated_across_timeframes; multiple_active_aspects; low_shadbala; unknown_outer_or_node_dignity; soft_aspect,shadbala_avg=47.64 | base_dignity=friend=1; unknown=1 | fx_doctrine=BULLISH | fx_doctrine_net=0.2821076761380103 | fx_conflict=0.0 | regime_active=2 | ml=LOSS=2,bearish_return,benefic + benefic,soft,2025-10-20 05:30:00+05:30,2025-10-20 20:30:00+05:30,2,1,1,0,LOSS=2,STOP_LOSS=2,-0.2,47.638888888888886,Neutral,0.0,2,BULLISH,0.2821076761380103,0.0,natal unknown 0V; transit friend 15V,,,friend=1; unknown=1,0,0,0,0,NEPTUNE|RAHU,RAHU|direct|h0.18|n1.5|d360,NEPTUNE|direct|h0.18|n1.4|d360,25530dba29418661b3c313b70568b9a2f3125c888f164c946c459906480ab2d0
396,AVG(ALL)|VENUS :: trine,6,BULLISH,BEARISH=2; BULLISH=3; UNKNOWN=1,LOSS=6; WIN=6,0.04999999999999999,,,,,,,,repeated_across_timeframes; multiple_active_aspects; low_shadbala; quote_enemy_sign; unknown_outer_or_node_dignity; avg_all_composite; soft_aspect,shadbala_avg=47.89 | quote_dignity=enemy=2; neutral=1; unknown=1 | base_dignity=friend=2; neutral=1; own=1; unknown=2 | fx_doctrine=BEARISH | fx_doctrine_net=-0.0928642242422105 | fx_conflict=0.0 | regime_active=3 | ml=LOSS=2,bearish_return,mixed_classical + benefic,soft,2025-10-20 14:30:00+05:30,2025-10-20 21:30:00+05:30,2,1,1,0,LOSS=2,STOP_LOSS=2,-0.2,47.892857142857146,Neutral,0.0,3,BEARISH,-0.0928642242422105,0.0,,natal unknown 0V; transit unknown 0V,enemy=2; neutral=1; unknown=1,friend=2; neutral=1; own=1; unknown=2,2,0,0,0,MOON|RAHU,RAHU|direct|h0.18|n1.5|d360,MOON|mirror|h0.18|n1.8|d360,0c755a5e2faef16993ba6367e5e42689339a4b62db268f311a17eb46e33506b0
397,MOON|SATURN :: square,15,CONFLICT,BEARISH=1; BULLISH=5; CONFLICT=7; UNKNOWN=1,LOSS=10; WIN=18,0.12648634697626365,,,,,,,,repeated_across_timeframes; high_recurrence_group; multiple_active_aspects; low_shadbala; unknown_outer_or_node_dignity; hard_aspect,shadbala_avg=46.17 | quote_dignity=neutral=1; unknown=1 | base_dignity=friend=1; neutral=1 | fx_doctrine=BULLISH | fx_doctrine_net=0.1663334017559448 | fx_conflict=0.0 | regime_active=2 | ml=WIN=2,bullish_return,benefic + malefic,hard,2025-10-21 05:30:00+05:30,2025-10-21 08:30:00+05:30,2,1,1,0,WIN=2,TAKE_PROFIT=2,0.3,46.16666666666666,Neutral,0.0,2,BULLISH,0.1663334017559448,0.0,natal friend 15V; transit neutral 10V,natal unknown 0V; transit neutral 10V,neutral=1; unknown=1,friend=1; neutral=1,0,0,0,0,NEPTUNE|RAHU,RAHU|direct|h0.18|n1.5|d360,NEPTUNE|direct|h0.18|n1.4|d360,cb50b329a1f5d1015986783b391312612f8b2ef61454b178e229cadb93b7b31e
398,MOON|RAHU :: trine,12,UNKNOWN,BEARISH=4; BULLISH=1; CONFLICT=2; UNKNOWN=5,LOSS=8; WIN=16,0.11818858220430173,,,,,,,,repeated_across_timeframes; high_recurrence_group; multiple_active_aspects; low_shadbala; soft_aspect,shadbala_avg=47.62 | fx_doctrine=UNKNOWN | fx_doctrine_net=0.0 | fx_conflict=0.0 | regime_active=2 | ml=WIN=2,bullish_return,benefic + malefic,soft,2025-10-21 14:30:00+05:30,2025-10-21 17:30:00+05:30,2,1,1,0,WIN=2,TAKE_PROFIT=2,0.3,47.625,Neutral,0.0,2,UNKNOWN,0.0,0.0,,,,,0,0,0,0,NEPTUNE,NEPTUNE|direct|h0.18|n1.4|d360,,2251aba0e1203f14d6a19030c3565524a8f51880ab4a5830f5fe258632416184
399,MOON|SUN :: square,16,BEARISH,BEARISH=7; BULLISH=3; UNKNOWN=4,LOSS=13; WIN=13,0.04999999999999999,,,,,,,,repeated_across_timeframes; high_recurrence_group; multiple_active_aspects; low_shadbala; hard_aspect,shadbala_avg=47.83 | fx_doctrine=UNKNOWN | fx_doctrine_net=0.0 | fx_conflict=0.0 | regime_active=3 | ml=LOSS=2,bearish_return,benefic + malefic,hard,2025-10-21 16:30:00+05:30,2025-10-21 19:30:00+05:30,2,1,1,0,LOSS=2,STOP_LOSS=2,-0.2,47.833333333333336,Neutral,0.0,3,UNKNOWN,0.0,0.0,,,,,0,0,0,0,VENUS,VENUS|mirror|h0.18|n1.8|d360,,3e5a34b2fb84b2d60ecbeab15d881dae4de0ee181a4e35783ccffe7fdb4f3c34
400,AVG(ALL)|SATURN :: trine,3,,,,,,,,,,,,not_in_current_candidate_csv; multiple_active_aspects; low_shadbala; quote_debilitation; base_debilitation; unknown_outer_or_node_dignity; avg_all_composite; soft_aspect,shadbala_avg=46.17 | quote_dignity=debilitation=1; neutral=2; unknown=1 | base_dignity=debilitation=1; friend=2; neutral=2; unknown=3 | regime_active=3,,mixed_classical + malefic,soft,2025-10-21 19:30:00+05:30,2025-10-22 02:30:00+05:30,0,0,0,0,,,,46.16666666666666,Neutral,0.0,3,,,,,,debilitation=1; neutral=2; unknown=1,debilitation=1; friend=2; neutral=2; unknown=3,0,0,1,1,VENUS,VENUS|mirror|h0.18|n1.8|d360,,8933edc9cb36e0105a530d21934e5c070fcf1bd3606f2f0e3d8cfe337593471d
401,MARS|MOON :: trine,17,BULLISH,BEARISH=2; BULLISH=7; CONFLICT=6,LOSS=17; WIN=12,-1.1102230246251566e-17,,,,,,,,repeated_across_timeframes; high_recurrence_group; multiple_active_aspects; low_shadbala; unknown_outer_or_node_dignity; soft_aspect,shadbala_avg=46.17 | quote_dignity=neutral=1; unknown=1 | base_dignity=neutral=1; unknown=1 | fx_doctrine=BEARISH | fx_doctrine_net=-0.1610753342713826 | fx_conflict=0.0 | regime_active=3 | ml=LOSS=2,bearish_return,malefic + benefic,soft,2025-10-21 22:30:00+05:30,2025-10-22 01:30:00+05:30,2,1,1,0,LOSS=2,STOP_LOSS=2,-0.2,46.16666666666666,Neutral,0.0,3,BEARISH,-0.1610753342713826,0.0,natal unknown 0V; transit neutral 10V,natal unknown 0V; transit neutral 10V,neutral=1; unknown=1,neutral=1; unknown=1,0,0,0,0,VENUS,VENUS|mirror|h0.18|n1.8|d360,,41e7a0c61ade0f067b14cc6e57fc4389842377614e4b59b8144fe1bb0fc6552c
402,MERCURY|MOON :: square,16,BEARISH,BEARISH=6; BULLISH=3; CONFLICT=4,LOSS=15; WIN=10,-0.007692307692307703,,,,,,,,repeated_across_timeframes; high_recurrence_group; multiple_active_aspects; low_shadbala; unknown_outer_or_node_dignity; hard_aspect,shadbala_avg=46.17 | quote_dignity=neutral=1; unknown=1 | base_dignity=friend=1; unknown=1 | fx_doctrine=BEARISH | fx_doctrine_net=-0.2658413152205517 | fx_conflict=0.0 | regime_active=2 | ml=LOSS=2,bearish_return,benefic + benefic,hard,2025-10-22 10:30:00+05:30,2025-10-22 13:30:00+05:30,2,1,1,0,LOSS=2,STOP_LOSS=2,-0.2,46.16666666666666,Neutral,0.0,2,BEARISH,-0.2658413152205517,0.0,natal unknown 0V; transit friend 15V,natal unknown 0V; transit neutral 10V,neutral=1; unknown=1,friend=1; unknown=1,0,0,0,0,MOON|VENUS,MOON|direct|h0.18|n1.8|d360,VENUS|mirror|h0.18|n1.8|d360,fa7e55416b4487a0de4db95d06785b5436d2b6473cabe3c110ec6c361d2b5d5b
403,AVG(ALL)|MOON :: opposition_orb,10,BEARISH,BEARISH=4; BULLISH=2; CONFLICT=3; UNKNOWN=1,LOSS=10; WIN=10,0.04999999999999999,,,,,,,,repeated_across_timeframes; high_recurrence_group; multiple_active_aspects; low_shadbala; unknown_outer_or_node_dignity; avg_all_composite; hard_aspect,shadbala_avg=46.50 | quote_dignity=neutral=1; unknown=1 | base_dignity=friend=2; neutral=2; unknown=2 | fx_doctrine=BEARISH | fx_doctrine_net=-0.1769628787060128 | fx_conflict=0.0 | regime_active=2 | ml=WIN=2,bullish_return,mixed_classical + benefic,hard,2025-10-22 14:30:00+05:30,2025-10-23 00:30:00+05:30,2,1,1,0,WIN=2,TAKE_PROFIT=2,0.3,46.5,Neutral,7.401769772124,2,BEARISH,-0.1769628787060128,0.0,,natal unknown 0V; transit neutral 10V,neutral=1; unknown=1,friend=2; neutral=2; unknown=2,0,0,0,0,MOON|VENUS,MOON|direct|h0.18|n1.8|d360,VENUS|mirror|h0.18|n1.8|d360,4de3e672d3729bf4a7c0ff39ec1ed9bccd180806b89aa8f1d34dd965d3e20d1a
404,MOON|VENUS :: trine,17,UNKNOWN,BEARISH=3; BULLISH=1; CONFLICT=5; UNKNOWN=6,LOSS=8; WIN=20,0.16666666666666666,,,,,,,,repeated_across_timeframes; high_recurrence_group; low_shadbala; unknown_outer_or_node_dignity; soft_aspect,shadbala_avg=46.17 | quote_dignity=neutral=1; unknown=1 | fx_doctrine=CONFLICT | fx_doctrine_net=-0.0207346933387242 | fx_conflict=0.0 | regime_active=1 | ml=WIN=2,bullish_return,benefic + benefic,soft,2025-10-23 01:30:00+05:30,2025-10-23 04:30:00+05:30,2,1,1,0,WIN=2,TAKE_PROFIT=2,0.3,46.16666666666666,Neutral,0.0,1,CONFLICT,-0.0207346933387242,0.0,,natal unknown 0V; transit neutral 10V,neutral=1; unknown=1,,0,0,0,0,VENUS,VENUS|mirror|h0.18|n1.8|d360,,b4b17c674178320b705ad198e6ff00d660671792d8b587e34bb9d65d67bc0377
405,MARS|SUN :: trine,3,UNKNOWN,BEARISH=1; CONFLICT=1; UNKNOWN=1,LOSS=2; WIN=4,0.13333333333333333,,,,,,,,repeated_across_timeframes; multiple_active_aspects; low_shadbala; quote_debilitation; unknown_outer_or_node_dignity; malefic_pair; swing_duration_1d_to_5d; soft_aspect,shadbala_avg=42.96 | quote_dignity=debilitation=1; unknown=1 | base_dignity=neutral=1; unknown=1 | fx_doctrine=BEARISH | fx_doctrine_net=-0.172436895388011 | fx_conflict=0.0 | regime_active=2 | ml=WIN=2,bullish_return,malefic + malefic,soft,2025-10-23 15:30:00+05:30,2025-10-25 04:30:00+05:30,2,0,1,1,WIN=2,TAKE_PROFIT=2,0.3,42.957207207207205,Neutral,0.0,2,BEARISH,-0.172436895388011,0.0,natal unknown 0V; transit neutral 10V,natal unknown 0V; transit debilitation 0V,debilitation=1; unknown=1,neutral=1; unknown=1,0,0,1,0,JUPITER,JUPITER|mirror|h0.18|n1.6|d360,,c6eae8d6e9ad39082d058aceb36e6c14efd40c326593d218f2c1702155fbfb4c
406,MOON|SATURN :: trine,14,BULLISH,BEARISH=2; BULLISH=6; CONFLICT=3; UNKNOWN=1,LOSS=14; WIN=9,-0.004417769067450145,,,,,,,,repeated_across_timeframes; high_recurrence_group; multiple_active_aspects; low_shadbala; unknown_outer_or_node_dignity; soft_aspect,shadbala_avg=43.46 | quote_dignity=neutral=1; unknown=1 | base_dignity=friend=1; neutral=2; unknown=1 | fx_doctrine=BULLISH | fx_doctrine_net=0.1088437734165149 | fx_conflict=0.2044962284029323 | regime_active=3 | ml=WIN=2,bullish_return,benefic + malefic,soft,2025-10-23 17:30:00+05:30,2025-10-23 20:30:00+05:30,2,1,1,0,WIN=2,TAKE_PROFIT=2,0.3,43.458333333333336,Neutral,0.0,3,BULLISH,0.1088437734165149,0.2044962284029323,natal friend 15V; transit neutral 10V,natal unknown 0V; transit neutral 10V,neutral=1; unknown=1,friend=1; neutral=2; unknown=1,0,0,0,0,JUPITER,JUPITER|mirror|h0.18|n1.6|d360,,b0074ec4334a914294d09158415a1d30938ac6c6ea159887317dff5c52b66d72
407,AVG(ALL)|MOON :: trine,18,BULLISH,BEARISH=2; BULLISH=10; CONFLICT=2; UNKNOWN=2,LOSS=14; WIN=18,0.08124999999999999,,,,,,,,repeated_across_timeframes; high_recurrence_group; multiple_active_aspects; low_shadbala; quote_debilitation; unknown_outer_or_node_dignity; avg_all_composite; soft_aspect,shadbala_avg=42.42 | quote_dignity=debilitation=1; unknown=1 | base_dignity=friend=1; neutral=2; unknown=1 | fx_doctrine=CONFLICT | fx_doctrine_net=-0.0417617993975773 | fx_conflict=0.3160901877388013 | regime_active=3 | ml=LOSS=2,bearish_return,mixed_classical + benefic,soft,2025-10-23 21:30:00+05:30,2025-10-24 00:30:00+05:30,2,1,1,0,LOSS=2,STOP_LOSS=2,-0.2,42.41666666666666,Neutral,0.0,3,CONFLICT,-0.0417617993975773,0.3160901877388013,natal neutral 10V; transit unknown 0V,natal neutral 10V; transit unknown 0V,debilitation=1; unknown=1,friend=1; neutral=2; unknown=1,0,0,1,0,JUPITER,JUPITER|mirror|h0.18|n1.6|d360,,c4a9184f6f7a6e013a2668fbe4691318acaa2e9895afdc2584100aece89f8113
408,AVG(ALL)|JUPITER :: conjunction_orb,2,,,,,,,,,,,,not_in_current_candidate_csv; multiple_active_aspects; crowded_regime; low_shadbala; quote_enemy_sign; unknown_outer_or_node_dignity; avg_all_composite; hard_aspect,shadbala_avg=42.42 | quote_dignity=enemy=2; neutral=1; unknown=1 | base_dignity=friend=1; neutral=2; unknown=1 | regime_active=5,,mixed_classical + benefic,hard,2025-10-24 00:30:00+05:30,2025-10-24 11:30:00+05:30,0,0,0,0,,,,42.41666666666666,Neutral,0.0,5,,,,,,enemy=2; neutral=1; unknown=1,friend=1; neutral=2; unknown=1,2,0,0,0,JUPITER,JUPITER|mirror|h0.18|n1.6|d360,,029d96a4b42a5ac63f6000f67fa56c860395a494319a0a58851c0c66a91a0fc3
409,AVG(ALL)|MERCURY :: trine,6,BULLISH,BULLISH=3; CONFLICT=2; UNKNOWN=1,LOSS=8; WIN=4,-0.03333333333333335,,,,,,,,repeated_across_timeframes; multiple_active_aspects; crowded_regime; low_shadbala; quote_debilitation; unknown_outer_or_node_dignity; avg_all_composite; swing_duration_1d_to_5d; soft_aspect,shadbala_avg=42.83 | quote_dignity=debilitation=1; unknown=1 | base_dignity=friend=1; neutral=2; unknown=1 | fx_doctrine=UNKNOWN | fx_doctrine_net=0.0 | fx_conflict=0.0 | regime_active=5 | ml=WIN=2,bullish_return,mixed_classical + benefic,soft,2025-10-24 03:30:00+05:30,2025-10-25 04:30:00+05:30,2,0,1,1,WIN=2,TAKE_PROFIT=2,0.3,42.825,Neutral,0.0,5,UNKNOWN,0.0,0.0,,,debilitation=1; unknown=1,friend=1; neutral=2; unknown=1,0,0,1,0,JUPITER,JUPITER|mirror|h0.18|n1.6|d360,,81f8a8c3ed4e24c6ed2b25f0f25e77704a5093b7d609bf1de061c2b1258f5a36
410,MARS|SATURN :: trine,1,CONFLICT,CONFLICT=1,LOSS=2,-0.2,,,,,,,,repeated_across_timeframes; multiple_active_aspects; crowded_regime; low_shadbala; quote_enemy_sign; unknown_outer_or_node_dignity; malefic_pair; soft_aspect,shadbala_avg=42.93 | quote_dignity=enemy=1; neutral=1 | base_dignity=friend=1; neutral=2; unknown=1 | fx_doctrine=CONFLICT | fx_doctrine_net=0.0115192564696608 | fx_conflict=0.4242583162637462 | regime_active=6 | ml=LOSS=2,bearish_return,malefic + malefic,soft,2025-10-24 08:30:00+05:30,2025-10-25 04:30:00+05:30,2,1,1,0,LOSS=2,STOP_LOSS=2,-0.2,42.927083333333336,Neutral,0.0,6,CONFLICT,0.0115192564696608,0.4242583162637462,natal unknown 0V; transit neutral 10V,natal enemy 4V; transit neutral 10V,enemy=1; neutral=1,friend=1; neutral=2; unknown=1,1,0,0,0,JUPITER,JUPITER|mirror|h0.18|n1.6|d360,,df2276231d4960dd3fbbedaa05f2e48a8c1d9fb1419a29251af3c70d84d526c8
411,AVG(ALL)|KETU :: conjunction_orb,3,CONFLICT,CONFLICT=2,WIN=4,0.3,,,,,,,,not_in_current_candidate_csv; multiple_active_aspects; crowded_regime; low_shadbala; quote_enemy_sign; unknown_outer_or_node_dignity; avg_all_composite; hard_aspect,shadbala_avg=48.43 | quote_dignity=enemy=2; neutral=1; unknown=1 | base_dignity=friend=1; neutral=2; own=1 | regime_active=5,,mixed_classical + malefic,hard,2025-10-27 12:30:00+05:30,2025-10-28 01:30:00+05:30,0,0,0,0,,,,48.42628205128205,Neutral,26.808613070948013,5,,,,,,enemy=2; neutral=1; unknown=1,friend=1; neutral=2; own=1,2,0,0,0,AVG(ALL)|PLUTO,AVG(ALL)|direct|h0.18|n1.7|d360,PLUTO|direct|h0.18|n1.6|d360,41affa5b68ef45d91704fb314bb90fdb473ebe5b4ada3f83f09d7f61853d43c4
412,AVG(ALL)|MARS :: trine,4,UNKNOWN,BEARISH=1; BULLISH=1; CONFLICT=1; UNKNOWN=1,LOSS=2; WIN=5,0.175,,,,,,,,multiple_active_aspects; crowded_regime; low_shadbala; quote_enemy_sign; quote_debilitation; unknown_outer_or_node_dignity; avg_all_composite; swing_duration_1d_to_5d; soft_aspect,shadbala_avg=48.00 | quote_dignity=debilitation=1; enemy=1; neutral=3; unknown=1 | base_dignity=friend=1; neutral=2; own=1 | fx_doctrine=BEARISH | fx_doctrine_net=-1.1959755917202926 | fx_conflict=0.0 | regime_active=5 | ml=WIN=1,bullish_return,mixed_classical + malefic,soft,2025-10-27 05:30:00+05:30,2025-10-29 18:30:00+05:30,1,0,0,1,WIN=1,TAKE_PROFIT=1,0.3,48.00409836065574,Neutral,0.0,5,BEARISH,-1.1959755917202926,0.0,natal unknown 0V; transit unknown 0V,,debilitation=1; enemy=1; neutral=3; unknown=1,friend=1; neutral=2; own=1,1,0,1,0,AVG(ALL)|PLUTO,AVG(ALL)|direct|h0.18|n1.7|d360,PLUTO|direct|h0.18|n1.6|d360,f5e0b16e1aa20ef8ecd4dd4a724dae679397f8c33579d943ed5c1b933f186405
413,AVG(ALL)|RAHU :: opposition_orb,3,BULLISH,BULLISH=1; CONFLICT=1,WIN=4,0.3,,,,,,,,not_in_current_candidate_csv; multiple_active_aspects; crowded_regime; low_shadbala; quote_enemy_sign; quote_debilitation; unknown_outer_or_node_dignity; avg_all_composite; hard_aspect,shadbala_avg=48.43 | quote_dignity=debilitation=1; enemy=3; neutral=4; unknown=2 | base_dignity=friend=1; neutral=2; own=1 | regime_active=5,,mixed_classical + malefic,hard,2025-10-27 12:30:00+05:30,2025-10-28 01:30:00+05:30,0,0,0,0,,,,48.42628205128205,Neutral,26.808613070950283,5,,,,,,debilitation=1; enemy=3; neutral=4; unknown=2,friend=1; neutral=2; own=1,3,0,1,0,AVG(ALL)|PLUTO,AVG(ALL)|direct|h0.18|n1.7|d360,PLUTO|direct|h0.18|n1.6|d360,a417a41db4185d7a229d484f055e5c161eba4a3c78b91da5cf51e3940e38029c
414,AVG(ALL)|SATURN :: conjunction_orb,3,BEARISH,BEARISH=1,WIN=1,0.3,,,,,,,,multiple_active_aspects; crowded_regime; quote_enemy_sign; unknown_outer_or_node_dignity; avg_all_composite; long_duration_gt_5d; hard_aspect,shadbala_avg=51.19 | quote_dignity=enemy=2; neutral=1; unknown=1 | base_dignity=friend=1; neutral=2; own=1 | fx_doctrine=BEARISH | fx_doctrine_net=-1.0895639228381542 | fx_conflict=0.0472303483662065 | regime_active=5 | ml=WIN=1,bullish_return,mixed_classical + malefic,hard,2025-10-23 12:30:00+05:30,2026-01-02 11:30:00+05:30,1,0,0,1,WIN=1,TAKE_PROFIT=1,0.3,51.18910256410256,Neutral,0.0,5,BEARISH,-1.0895639228381542,0.0472303483662065,natal unknown 0V; transit unknown 0V,natal unknown 0V; transit neutral 10V,enemy=2; neutral=1; unknown=1,friend=1; neutral=2; own=1,2,0,0,0,AVG(ALL)|PLUTO,AVG(ALL)|direct|h0.18|n1.7|d360,PLUTO|direct|h0.18|n1.6|d360,4a1e961d8111fe5c539a4621221529d96e8f4a875f5b2b41b5964a1893c9538b
415,MERCURY|MOON :: opposition_orb,7,BULLISH,BEARISH=2; BULLISH=4,LOSS=6; WIN=5,0.04999999999999999,,,,,,,,multiple_active_aspects; crowded_regime; low_shadbala; unknown_outer_or_node_dignity; swing_duration_1d_to_5d; hard_aspect,shadbala_avg=48.10 | quote_dignity=neutral=1; unknown=1 | base_dignity=neutral=1; own=1 | fx_doctrine=BULLISH | fx_doctrine_net=0.1315737638694038 | fx_conflict=0.0 | regime_active=5 | ml=WIN=1,bullish_return,benefic + benefic,hard,2025-10-27 05:30:00+05:30,2025-10-29 12:30:00+05:30,1,0,0,1,WIN=1,TAKE_PROFIT=1,0.3,48.09848484848485,Neutral,26.641778432318688,5,BULLISH,0.1315737638694038,0.0,natal own 30V; transit neutral 10V,natal unknown 0V; transit neutral 10V,neutral=1; unknown=1,neutral=1; own=1,0,0,0,0,AVG(ALL)|PLUTO,AVG(ALL)|direct|h0.18|n1.7|d360,PLUTO|direct|h0.18|n1.6|d360,6b4ce85906214703e8260f5b8c693873ba68c4bd67713ee81ceca21b89dbb7ad
416,MOON|SATURN :: opposition_orb,6,CONFLICT,BULLISH=3; CONFLICT=3,LOSS=6; WIN=5,0.04999999999999999,,,,,,,,repeated_across_timeframes; multiple_active_aspects; crowded_regime; low_shadbala; quote_enemy_sign; hard_aspect,shadbala_avg=48.00 | quote_dignity=enemy=1; neutral=1 | base_dignity=friend=1; neutral=1 | fx_doctrine=BULLISH | fx_doctrine_net=0.135170463411686 | fx_conflict=0.0 | regime_active=4 | ml=LOSS=2,bearish_return,benefic + malefic,hard,2025-10-28 17:30:00+05:30,2025-10-28 22:30:00+05:30,2,1,1,0,LOSS=2,STOP_LOSS=2,-0.2,48.0,Neutral,25.285846955362103,4,BULLISH,0.135170463411686,0.0,natal friend 15V; transit neutral 10V,natal enemy 4V; transit neutral 10V,enemy=1; neutral=1,friend=1; neutral=1,1,0,0,0,JUPITER|MOON,MOON|direct|h0.18|n1.6|d360,JUPITER|mirror|h0.18|n1.6|d360,4639fba83e08e41469898ba1596839ad8eaf5fe995131d0e8d38bf8d14c72d89
417,MOON|SUN :: conjunction_orb,9,BULLISH,BEARISH=3; BULLISH=4; UNKNOWN=1,LOSS=5; WIN=10,0.11249999999999999,,,,,,,,repeated_across_timeframes; multiple_active_aspects; crowded_regime; low_shadbala; base_debilitation; hard_aspect,shadbala_avg=46.58 | base_dignity=debilitation=2; neutral=1; own=1 | fx_doctrine=BULLISH | fx_doctrine_net=0.65874959533965 | fx_conflict=0.0 | regime_active=5 | ml=LOSS=2,bearish_return,benefic + malefic,hard,2025-10-29 04:30:00+05:30,2025-10-29 08:30:00+05:30,2,1,1,0,LOSS=2,STOP_LOSS=2,-0.2,46.583333333333336,Neutral,6.738629712326654,5,BULLISH,0.65874959533965,0.0,natal own 30V; transit debilitation 0V,,,debilitation=2; neutral=1; own=1,0,0,0,2,JUPITER,JUPITER|mirror|h0.18|n1.6|d360,,7f5c5d079cc3758e63b1fdbd1899a4cb6510f2458ad48fbe112cb017dea35478
418,MERCURY|SUN :: square,4,BULLISH,BEARISH=1; BULLISH=2; CONFLICT=1,LOSS=6; WIN=2,-0.07500000000000001,,,,,,,,repeated_across_timeframes; multiple_active_aspects; low_shadbala; base_debilitation; swing_duration_1d_to_5d; hard_aspect,shadbala_avg=46.23 | quote_dignity=exaltation=1; neutral=1 | base_dignity=debilitation=1; neutral=1 | fx_doctrine=BULLISH | fx_doctrine_net=0.4338143965378372 | fx_conflict=0.0 | regime_active=2 | ml=LOSS=2,bearish_return,benefic + malefic,hard,2025-10-29 19:30:00+05:30,2025-10-31 18:30:00+05:30,2,0,1,1,LOSS=2,STOP_LOSS=2,-0.2,46.2322695035461,Neutral,0.0,2,BULLISH,0.4338143965378372,0.0,natal neutral 10V; transit debilitation 0V,natal exaltation 60V; transit neutral 10V,exaltation=1; neutral=1,debilitation=1; neutral=1,0,0,0,1,JUPITER,JUPITER|mirror|h0.18|n1.6|d360,,bad6e8710c3bd36a80144c237bfe63e492e90164dc9eb9e1e22a0698650cc041
419,MARS|MERCURY :: square,4,CONFLICT,BEARISH=1; BULLISH=1; CONFLICT=2,LOSS=6; WIN=2,-0.07500000000000001,,,,,,,,repeated_across_timeframes; multiple_active_aspects; low_shadbala; quote_enemy_sign; swing_duration_1d_to_5d; hard_aspect,shadbala_avg=46.25 | quote_dignity=enemy=1; exaltation=1; neutral=1; own=1 | fx_doctrine=BULLISH | fx_doctrine_net=0.8204439253489169 | fx_conflict=0.0 | regime_active=3 | ml=WIN=2,bullish_return,malefic + benefic,hard,2025-10-29 22:30:00+05:30,2025-11-01 00:30:00+05:30,2,0,1,1,WIN=2,TAKE_PROFIT=2,0.3,46.25333333333333,Neutral,0.0,3,BULLISH,0.8204439253489169,0.0,,natal exaltation 60V; transit neutral 10V,enemy=1; exaltation=1; neutral=1; own=1,,1,0,0,0,JUPITER,JUPITER|mirror|h0.18|n1.6|d360,,635864ba1f0dd329bb28711864dc40986d4258a8ed92cfc4cce491ca49768ea2
420,MOON|RAHU :: trine,12,UNKNOWN,BEARISH=4; BULLISH=1; CONFLICT=2; UNKNOWN=5,LOSS=8; WIN=16,0.11818858220430173,,,,,,,,repeated_across_timeframes; high_recurrence_group; multiple_active_aspects; crowded_regime; low_shadbala; soft_aspect,shadbala_avg=46.21 | fx_doctrine=UNKNOWN | fx_doctrine_net=0.0 | fx_conflict=0.0 | regime_active=5 | ml=WIN=2,bullish_return,benefic + malefic,soft,2025-10-31 11:30:00+05:30,2025-10-31 13:30:00+05:30,2,1,1,0,WIN=2,TAKE_PROFIT=2,0.3,46.208333333333336,Neutral,0.0,5,UNKNOWN,0.0,0.0,,,,,0,0,0,0,KETU,KETU|mirror|h0.18|n1.7|d360,,d8f203c96034d711a9ceef7784ede5ed4af049e4605f37014845c0615187f4e6
421,MARS|MOON :: conjunction_orb,5,BULLISH,BEARISH=1; BULLISH=4,IGNORE=2; LOSS=6; WIN=2,-0.05779368344548831,,,,,,,,repeated_across_timeframes; multiple_active_aspects; crowded_regime; low_shadbala; unknown_outer_or_node_dignity; hard_aspect,shadbala_avg=46.58 | quote_dignity=exaltation=1; neutral=1; own=1; unknown=1 | fx_doctrine=BULLISH | fx_doctrine_net=0.4163344819553183 | fx_conflict=0.2582402411161824 | regime_active=6 | ml=IGNORE=2,flat_or_small_return,malefic + benefic,hard,2025-10-31 17:30:00+05:30,2025-10-31 21:30:00+05:30,2,1,1,0,IGNORE=2,TIME_CLOSE_72H=2,0.0110315827725585,46.583333333333336,Neutral,0.0,6,BULLISH,0.4163344819553183,0.2582402411161824,,natal exaltation 60V; transit neutral 10V,exaltation=1; neutral=1; own=1; unknown=1,,0,0,0,0,KETU,KETU|mirror|h0.18|n1.7|d360,,9d4deccba119bac59ffdd3c8b551171e376fe521c05e6a7f6411959d9250554a
422,SATURN|VENUS :: square,2,BULLISH,BULLISH=2,IGNORE=2; LOSS=2,-0.09448420861372075,,,,,,,,repeated_across_timeframes; multiple_active_aspects; crowded_regime; low_shadbala; quote_enemy_sign; base_enemy_sign; unknown_outer_or_node_dignity; hard_aspect,shadbala_avg=46.58 | quote_dignity=enemy=1; neutral=2; unknown=1 | base_dignity=enemy=1; neutral=1 | fx_doctrine=BULLISH | fx_doctrine_net=0.2104725704342786 | fx_conflict=0.0 | regime_active=6 | ml=IGNORE=2,flat_or_small_return,malefic + benefic,hard,2025-10-31 16:30:00+05:30,2025-11-01 03:30:00+05:30,2,1,1,0,IGNORE=2,TIME_CLOSE_72H=2,0.0110315827725585,46.583333333333336,Neutral,0.0,6,BULLISH,0.2104725704342786,0.0,natal enemy 4V; transit neutral 10V,natal enemy 4V; transit neutral 10V,enemy=1; neutral=2; unknown=1,enemy=1; neutral=1,1,1,0,0,KETU,KETU|mirror|h0.18|n1.7|d360,,bf40dfcb1ece41c86b3264c52228d2ae138ee907c49e0f818410902ce0349e2c
423,JUPITER|MOON :: trine,16,BULLISH,BEARISH=1; BULLISH=12; CONFLICT=1; UNKNOWN=1,LOSS=20; WIN=8,-0.03333333333333335,,,,,,,,repeated_across_timeframes; high_recurrence_group; multiple_active_aspects; crowded_regime; quote_enemy_sign; soft_aspect,shadbala_avg=51.58 | quote_dignity=enemy=2 | base_dignity=neutral=1; own=1 | fx_doctrine=BULLISH | fx_doctrine_net=0.8891349416177639 | fx_conflict=0.0 | regime_active=5 | ml=LOSS=2,bearish_return,benefic + benefic,soft,2025-11-03 08:30:00+05:30,2025-11-03 10:30:00+05:30,2,1,1,0,LOSS=2,STOP_LOSS=2,-0.2,51.583333333333336,Neutral,0.0,5,BULLISH,0.8891349416177639,0.0,natal own 30V; transit neutral 10V,natal enemy 4V; transit enemy 4V,enemy=2,neutral=1; own=1,2,0,0,0,KETU,KETU|mirror|h0.18|n1.7|d360,,e49343d59da9afa14f1dfa81585f295b1aeabf4b1aab6de4cebcf96971fbd3fa
424,AVG(ALL)|MOON :: trine,18,BULLISH,BEARISH=2; BULLISH=10; CONFLICT=2; UNKNOWN=2,LOSS=14; WIN=18,0.08124999999999999,,,,,,,,not_in_current_candidate_csv; high_recurrence_group; multiple_active_aspects; crowded_regime; quote_enemy_sign; base_enemy_sign; avg_all_composite; soft_aspect,shadbala_avg=51.77 | quote_dignity=enemy=1; neutral=1 | base_dignity=enemy=1; moolatrikona=1 | regime_active=4,,mixed_classical + benefic,soft,2025-11-03 08:30:00+05:30,2025-11-04 02:30:00+05:30,0,0,0,0,,,,51.76851851851852,Neutral,0.0,4,,,,,,enemy=1; neutral=1,enemy=1; moolatrikona=1,1,1,0,0,KETU|MOON,MOON|direct|h0.18|n1.4|d360,KETU|mirror|h0.18|n1.7|d360,cdf5a127535dea69dedb947bb619e9905a74880c08ab87f2063299c7d2519ce7
425,AVG(ALL)|SUN :: conjunction_orb,3,BEARISH,BEARISH=1; BULLISH=1,LOSS=4,-0.2,,,,,,,,not_in_current_candidate_csv; multiple_active_aspects; crowded_regime; quote_enemy_sign; base_enemy_sign; unknown_outer_or_node_dignity; avg_all_composite; swing_duration_1d_to_5d; hard_aspect,shadbala_avg=51.71 | quote_dignity=enemy=2; neutral=1; unknown=1 | base_dignity=enemy=2; friend=1; moolatrikona=1; neutral=6; unknown=2 | regime_active=4,,mixed_classical + malefic,hard,2025-11-03 05:30:00+05:30,2025-11-04 14:30:00+05:30,0,0,0,0,,,,51.71338383838384,Neutral,26.69114698910562,4,,,,,,enemy=2; neutral=1; unknown=1,enemy=2; friend=1; moolatrikona=1; neutral=6; unknown=2,2,2,0,0,KETU|MOON,MOON|direct|h0.18|n1.4|d360,KETU|mirror|h0.18|n1.7|d360,865ac7f0c8dc46359747b08604779815ce09acce1e8bc6ee2187384047101e67
426,MARS|MOON :: opposition_orb,8,BULLISH,BEARISH=2; BULLISH=4,LOSS=6; WIN=6,0.04999999999999999,,,,,,,,not_in_current_candidate_csv; multiple_active_aspects; crowded_regime; low_shadbala; swing_duration_1d_to_5d; hard_aspect,shadbala_avg=48.97 | quote_dignity=exaltation=1; own=1 | regime_active=4,,malefic + benefic,hard,2025-10-31 08:30:00+05:30,2025-11-04 12:30:00+05:30,0,0,0,0,,,,48.96541666666667,Neutral,26.32407548649553,4,,,,,,exaltation=1; own=1,,0,0,0,0,KETU|MOON,MOON|direct|h0.18|n1.4|d360,KETU|mirror|h0.18|n1.7|d360,b20e386d5860e3682d38287f3dcd2c5d307cadaaed7d13d213ef8251ef5f50a4
427,MOON|SATURN :: square,15,CONFLICT,BEARISH=1; BULLISH=5; CONFLICT=7; UNKNOWN=1,LOSS=10; WIN=18,0.12648634697626365,,,,,,,,repeated_across_timeframes; high_recurrence_group; multiple_active_aspects; crowded_regime; quote_enemy_sign; base_enemy_sign; unknown_outer_or_node_dignity; hard_aspect,shadbala_avg=51.00 | quote_dignity=enemy=1; neutral=2; unknown=1 | base_dignity=enemy=1; neutral=2; unknown=1 | fx_doctrine=BULLISH | fx_doctrine_net=0.0661832337842191 | fx_conflict=0.0 | regime_active=5 | ml=WIN=2,bullish_return,benefic + malefic,hard,2025-11-04 09:30:00+05:30,2025-11-04 11:30:00+05:30,2,1,1,0,WIN=2,TAKE_PROFIT=2,0.3,51.0,Neutral,0.0,5,BULLISH,0.0661832337842191,0.0,natal enemy 4V; transit neutral 10V,natal enemy 4V; transit neutral 10V,enemy=1; neutral=2; unknown=1,enemy=1; neutral=2; unknown=1,1,1,0,0,KETU,KETU|mirror|h0.18|n1.7|d360,,58275ce569a01f50e19309739091701c112482f31cfe2078f6036d64cad420bb
428,RAHU|VENUS :: trine,2,UNKNOWN,BEARISH=1; UNKNOWN=1,WIN=4,0.3,,,,,,,,repeated_across_timeframes; multiple_active_aspects; swing_duration_1d_to_5d; soft_aspect,shadbala_avg=52.10 | fx_doctrine=UNKNOWN | fx_doctrine_net=0.0 | fx_conflict=0.0 | regime_active=3 | ml=WIN=2,bullish_return,malefic + benefic,soft,2025-11-04 06:30:00+05:30,2025-11-05 19:30:00+05:30,2,0,1,1,WIN=2,TAKE_PROFIT=2,0.3,52.0990990990991,Neutral,0.0,3,UNKNOWN,0.0,0.0,,,,,0,0,0,0,AVG(ALL)|PLUTO,AVG(ALL)|direct|h0.18|n1.6|d360,PLUTO|direct|h0.18|n1.6|d360,b1dcc1219c08bba5814456b83f1bf19e9ed6e3e9c999146685528f11fae2ed00
429,KETU|MOON :: trine,14,UNKNOWN,BEARISH=1; BULLISH=1; UNKNOWN=10,LOSS=9; WIN=14,0.09166666666666666,,,,,,,,repeated_across_timeframes; high_recurrence_group; multiple_active_aspects; soft_aspect,shadbala_avg=53.25 | fx_doctrine=UNKNOWN | fx_doctrine_net=0.0 | fx_conflict=0.0 | regime_active=3 | ml=LOSS=2,bearish_return,malefic + benefic,soft,2025-11-04 16:30:00+05:30,2025-11-04 18:30:00+05:30,2,1,1,0,LOSS=2,STOP_LOSS=2,-0.2,53.25,Neutral,0.0,3,UNKNOWN,0.0,0.0,,,,,0,0,0,0,AVG(ALL)|PLUTO,AVG(ALL)|direct|h0.18|n1.6|d360,PLUTO|direct|h0.18|n1.6|d360,8218b7d40c4f7c9f67175cf517809d12c6945d9f260b16fcda3392244d6285c1
430,MOON|SUN :: square,16,BEARISH,BEARISH=7; BULLISH=3; UNKNOWN=4,LOSS=13; WIN=13,0.04999999999999999,,,,,,,,repeated_across_timeframes; high_recurrence_group; multiple_active_aspects; crowded_regime; quote_debilitation; unknown_outer_or_node_dignity; hard_aspect,shadbala_avg=52.42 | quote_dignity=debilitation=1; unknown=1 | fx_doctrine=BEARISH | fx_doctrine_net=-0.0862170445139568 | fx_conflict=0.0 | regime_active=4 | ml=WIN=2,bullish_return,benefic + malefic,hard,2025-11-04 18:30:00+05:30,2025-11-04 20:30:00+05:30,2,1,1,0,WIN=2,TAKE_PROFIT=2,0.3,52.41666666666666,Neutral,0.0,4,BEARISH,-0.0862170445139568,0.0,,natal unknown 0V; transit debilitation 0V,debilitation=1; unknown=1,,0,0,1,0,AVG(ALL)|PLUTO,AVG(ALL)|direct|h0.18|n1.6|d360,PLUTO|direct|h0.18|n1.6|d360,8322df8684bb6bf172877e66a91082120e7396a9d0b73e73e168e52d50706dba
431,SUN|VENUS :: square,1,BEARISH,BEARISH=1,WIN=1,0.3,,,,,,,,multiple_active_aspects; crowded_regime; quote_debilitation; unknown_outer_or_node_dignity; swing_duration_1d_to_5d; hard_aspect,shadbala_avg=50.93 | quote_dignity=debilitation=1; unknown=1 | fx_doctrine=BEARISH | fx_doctrine_net=-0.1043497723171825 | fx_conflict=0.0 | regime_active=4 | ml=WIN=1,bullish_return,malefic + benefic,hard,2025-11-05 05:30:00+05:30,2025-11-06 18:30:00+05:30,1,0,1,0,WIN=1,TAKE_PROFIT=1,0.3,50.93018018018018,Neutral,0.0,4,BEARISH,-0.1043497723171825,0.0,,natal unknown 0V; transit debilitation 0V,debilitation=1; unknown=1,,0,0,1,0,KETU|MOON,MOON|mirror|h0.18|n1.4|d360,KETU|mirror|h0.18|n1.7|d360,0251b9f8b53533a795597702d9d85f6b3e69aa39682dc7b0d121fa1a30f554d1
432,MERCURY|MOON :: square,16,BEARISH,BEARISH=6; BULLISH=3; CONFLICT=4,LOSS=15; WIN=10,-0.007692307692307703,,,,,,,,repeated_across_timeframes; high_recurrence_group; multiple_active_aspects; crowded_regime; unknown_outer_or_node_dignity; hard_aspect,shadbala_avg=52.00 | quote_dignity=neutral=1; unknown=1 | base_dignity=neutral=2 | fx_doctrine=CONFLICT | fx_doctrine_net=-0.0001155417637973 | fx_conflict=0.0 | regime_active=5 | ml=WIN=2,bullish_return,benefic + benefic,hard,2025-11-05 08:30:00+05:30,2025-11-05 10:30:00+05:30,2,1,1,0,WIN=2,TAKE_PROFIT=2,0.3,52.0,Neutral,0.0,5,CONFLICT,-0.0001155417637973,0.0,natal neutral 10V; transit neutral 10V,natal unknown 0V; transit neutral 10V,neutral=1; unknown=1,neutral=2,0,0,0,0,AVG(ALL)|MOON,AVG(ALL)|direct|h0.18|n1.6|d360,MOON|mirror|h0.18|n1.4|d360,adeb790c885494481eb494d57d2b7fcdf609da4b4f114c728e128ca7802293ae
433,AVG(ALL)|SUN :: conjunction_orb,3,BEARISH,BEARISH=1; BULLISH=1,LOSS=4,-0.2,,,,,,,,repeated_across_timeframes; multiple_active_aspects; crowded_regime; quote_enemy_sign; base_enemy_sign; unknown_outer_or_node_dignity; avg_all_composite; hard_aspect,shadbala_avg=50.42 | quote_dignity=enemy=2; neutral=2; unknown=2 | base_dignity=enemy=1; friend=1; neutral=3; unknown=1 | fx_doctrine=BEARISH | fx_doctrine_net=-0.1482515092537505 | fx_conflict=0.0 | regime_active=5 | ml=LOSS=2,bearish_return,mixed_classical + malefic,hard,2025-11-05 15:30:00+05:30,2025-11-06 15:30:00+05:30,2,1,1,0,LOSS=2,STOP_LOSS=2,-0.2,50.420138888888886,Neutral,27.79715798507823,5,BEARISH,-0.1482515092537505,0.0,,natal enemy 4V; transit unknown 0V,enemy=2; neutral=2; unknown=2,enemy=1; friend=1; neutral=3; unknown=1,2,1,0,0,AVG(ALL)|PLUTO,AVG(ALL)|direct|h0.18|n1.6|d360,PLUTO|direct|h0.18|n1.6|d360,d367650b809ee2881355348a9dbe43d06c00690d36549d580a380cdad8e0674d
434,AVG(ALL)|MOON :: trine,18,BULLISH,BEARISH=2; BULLISH=10; CONFLICT=2; UNKNOWN=2,LOSS=14; WIN=18,0.08124999999999999,,,,,,,,repeated_across_timeframes; high_recurrence_group; multiple_active_aspects; crowded_regime; low_shadbala; quote_enemy_sign; base_enemy_sign; unknown_outer_or_node_dignity; avg_all_composite; soft_aspect,shadbala_avg=49.47 | quote_dignity=enemy=1; neutral=1 | base_dignity=enemy=1; friend=1; neutral=3; unknown=1 | fx_doctrine=CONFLICT | fx_doctrine_net=-0.0268045281393554 | fx_conflict=0.0002383371690733 | regime_active=6 | ml=WIN=2,bullish_return,mixed_classical + benefic,soft,2025-11-06 00:30:00+05:30,2025-11-06 14:30:00+05:30,2,1,1,0,WIN=2,TAKE_PROFIT=2,0.3,49.470238095238095,Neutral,0.0025566248194763,6,CONFLICT,-0.0268045281393554,0.0002383371690733,,natal unknown 0V; transit unknown 0V,enemy=1; neutral=1,enemy=1; friend=1; neutral=3; unknown=1,1,1,0,0,KETU,KETU|mirror|h0.18|n1.7|d360,,1a264694b4145776a51a0fba8e782b2e15378ab0c90dd1b97af3f5eee7f15f63
435,MOON|SUN :: trine,16,BULLISH,BEARISH=4; BULLISH=5; CONFLICT=2; UNKNOWN=4,LOSS=20; WIN=10,-0.03333333333333335,,,,,,,,repeated_across_timeframes; high_recurrence_group; multiple_active_aspects; crowded_regime; soft_aspect,shadbala_avg=52.00 | fx_doctrine=UNKNOWN | fx_doctrine_net=0.0 | fx_conflict=0.0 | regime_active=6 | ml=LOSS=2,bearish_return,benefic + malefic,soft,2025-11-06 17:30:00+05:30,2025-11-06 19:30:00+05:30,2,1,1,0,LOSS=2,STOP_LOSS=2,-0.2,52.0,Neutral,0.0,6,UNKNOWN,0.0,0.0,,,,,0,0,0,0,PLUTO,PLUTO|direct|h0.18|n1.6|d360,,eb056ba679871611695d5eb412ef07cf7a08c9b0f8e812f362777e9a05a5936d
436,MARS|MOON :: square,16,BEARISH,BEARISH=9; BULLISH=4; CONFLICT=1; UNKNOWN=1,LOSS=18; WIN=11,-0.010549230209257576,,,,,,,,repeated_across_timeframes; high_recurrence_group; multiple_active_aspects; crowded_regime; high_fx_doctrine_conflict; quote_enemy_sign; unknown_outer_or_node_dignity; hard_aspect,shadbala_avg=50.33 | quote_dignity=enemy=1; exaltation=5; own=1; unknown=1 | fx_doctrine=CONFLICT | fx_doctrine_net=-0.1276309122497914 | fx_conflict=0.4746273160731362 | regime_active=4 | ml=LOSS=2,bearish_return,malefic + benefic,hard,2025-11-06 21:30:00+05:30,2025-11-06 23:30:00+05:30,2,1,1,0,LOSS=2,STOP_LOSS=2,-0.2,50.33333333333333,Neutral,0.0,4,CONFLICT,-0.1276309122497914,0.4746273160731362,,natal exaltation 60V; transit exaltation 60V,enemy=1; exaltation=5; own=1; unknown=1,,1,0,0,0,PLUTO,PLUTO|direct|h0.18|n1.6|d360,,7a40e3a76f76a3304147375cada2418a3abe5addab2448c9dd910bf7b391f015
437,AVG(ALL)|SATURN :: opposition_orb,3,,,,,,,,,,,,not_in_current_candidate_csv; multiple_active_aspects; crowded_regime; avg_all_composite; hard_aspect,shadbala_avg=50.63 | quote_dignity=exaltation=1; own=1 | base_dignity=friend=1; neutral=2; own=1 | regime_active=6,,mixed_classical + malefic,hard,2025-11-07 04:30:00+05:30,2025-11-07 13:30:00+05:30,0,0,0,0,,,,50.63425925925926,Neutral,43.30472567313792,6,,,,,,exaltation=1; own=1,friend=1; neutral=2; own=1,0,0,0,0,PLUTO,PLUTO|direct|h0.18|n1.6|d360,,605f446557af0c03e6dbbfc70a4511c17d5976ebda362144c0b8f2817d98b107
438,JUPITER|MOON :: opposition_orb,7,BULLISH,BULLISH=5; CONFLICT=1,LOSS=2; WIN=10,0.21666666666666665,,,,,,,,repeated_across_timeframes; multiple_active_aspects; crowded_regime; low_shadbala; quote_enemy_sign; hard_aspect,shadbala_avg=49.86 | quote_dignity=enemy=1; exaltation=1 | fx_doctrine=BULLISH | fx_doctrine_net=1.3482962241252296 | fx_conflict=0.0 | regime_active=6 | ml=WIN=2,bullish_return,benefic + benefic,hard,2025-11-07 06:30:00+05:30,2025-11-07 10:30:00+05:30,2,1,1,0,WIN=2,TAKE_PROFIT=2,0.3,49.864583333333336,Neutral,0.0,6,BULLISH,1.3482962241252296,0.0,,natal enemy 4V; transit exaltation 60V,enemy=1; exaltation=1,,1,0,0,0,PLUTO,PLUTO|direct|h0.18|n1.6|d360,,61320295626000052a1d096fd52973404b5573f15132072242f938e776e6557b
439,MERCURY|MOON :: trine,17,BULLISH,BEARISH=2; BULLISH=8; CONFLICT=2; UNKNOWN=2,LOSS=10; WIN=16,0.0857142857142857,,,,,,,,repeated_across_timeframes; high_recurrence_group; multiple_active_aspects; crowded_regime; low_shadbala; soft_aspect,shadbala_avg=49.50 | fx_doctrine=UNKNOWN | fx_doctrine_net=0.0 | fx_conflict=0.0 | regime_active=6 | ml=WIN=2,bullish_return,benefic + benefic,soft,2025-11-07 07:30:00+05:30,2025-11-07 09:30:00+05:30,2,1,1,0,WIN=2,TAKE_PROFIT=2,0.3,49.5,Neutral,0.0,6,UNKNOWN,0.0,0.0,,,,,0,0,0,0,PLUTO,PLUTO|direct|h0.18|n1.6|d360,,77f491fc3a5692eb7abe9fabc710245db2e1d2ab5dd6afbfd4626316e398eccc
440,JUPITER|MERCURY :: conjunction_orb,2,BULLISH,BULLISH=1; UNKNOWN=1,LOSS=1; WIN=2,0.04999999999999999,,,,,,,,multiple_active_aspects; low_shadbala; quote_enemy_sign; long_duration_gt_5d; hard_aspect,shadbala_avg=48.09 | quote_dignity=enemy=1; exaltation=1 | fx_doctrine=BULLISH | fx_doctrine_net=1.3506646337246608 | fx_conflict=0.0 | regime_active=3 | ml=LOSS=1,bearish_return,benefic + benefic,hard,2025-11-05 21:30:00+05:30,2025-11-13 18:30:00+05:30,1,0,1,0,LOSS=1,STOP_LOSS=1,-0.2,48.08774250440917,Neutral,0.0,3,BULLISH,1.3506646337246608,0.0,,natal enemy 4V; transit exaltation 60V,enemy=1; exaltation=1,,1,0,0,0,MOON|PLUTO,PLUTO|direct|h0.18|n1.6|d360,MOON|mirror|h0.18|n1.5|d360,a05a2ac4eaab639c777d867cfc7d534e76aa719a6adf0fe0ea7f31fa41e6a711
441,MOON|VENUS :: square,12,BEARISH,BEARISH=8; BULLISH=1; CONFLICT=1,LOSS=12; WIN=7,-1.1102230246251566e-17,,,,,,,,repeated_across_timeframes; high_recurrence_group; multiple_active_aspects; crowded_regime; quote_enemy_sign; hard_aspect,shadbala_avg=51.42 | quote_dignity=enemy=1; moolatrikona=1 | base_dignity=exaltation=1; own=1 | fx_doctrine=BEARISH | fx_doctrine_net=-1.468619678549571 | fx_conflict=0.0 | regime_active=4 | ml=WIN=2,bullish_return,benefic + benefic,hard,2025-11-07 19:30:00+05:30,2025-11-07 21:30:00+05:30,2,1,1,0,WIN=2,TAKE_PROFIT=2,0.3,51.41666666666666,Neutral,0.0,4,BEARISH,-1.468619678549571,0.0,natal own 30V; transit exaltation 60V,natal enemy 4V; transit moolatrikona 45V,enemy=1; moolatrikona=1,exaltation=1; own=1,1,0,0,0,MOON,MOON|mirror|h0.18|n1.5|d360,,0da2d42c47f76729b0b5b744696c5305cd3eeee149fc83b65a6479761d3dde83
442,AVG(ALL)|KETU :: conjunction_orb,3,CONFLICT,CONFLICT=2,WIN=4,0.3,,,,,,,,repeated_across_timeframes; multiple_active_aspects; crowded_regime; low_shadbala; quote_enemy_sign; unknown_outer_or_node_dignity; avg_all_composite; hard_aspect,shadbala_avg=44.02 | quote_dignity=enemy=1; exaltation=1 | base_dignity=friend=1; unknown=1 | fx_doctrine=CONFLICT | fx_doctrine_net=-0.0088490557160829 | fx_conflict=0.0 | regime_active=4 | ml=WIN=2,bullish_return,mixed_classical + malefic,hard,2025-11-10 05:30:00+05:30,2025-11-10 07:30:00+05:30,2,1,1,0,WIN=2,TAKE_PROFIT=2,0.3,44.020833333333336,Neutral,0.0,4,CONFLICT,-0.0088490557160829,0.0,natal unknown 0V; transit unknown 0V,,enemy=1; exaltation=1,friend=1; unknown=1,1,0,0,0,MOON|PLUTO,MOON|mirror|h0.18|n1.6|d360,PLUTO|direct|h0.18|n1.6|d360,0d1910f1849d9d5fa5c8c16acf6da1bc6d2936c1d5298c5c5d341b7f71c63efb
443,AVG(ALL)|RAHU :: opposition_orb,3,BULLISH,BULLISH=1; CONFLICT=1,WIN=4,0.3,,,,,,,,repeated_across_timeframes; multiple_active_aspects; crowded_regime; low_shadbala; quote_enemy_sign; quote_debilitation; unknown_outer_or_node_dignity; avg_all_composite; hard_aspect,shadbala_avg=44.02 | quote_dignity=debilitation=1; enemy=2; exaltation=1; friend=1; moolatrikona=1; neutral=2 | base_dignity=friend=2; neutral=2; own=1; unknown=1 | fx_doctrine=CONFLICT | fx_doctrine_net=0.0088490557160848 | fx_conflict=0.0 | regime_active=4 | ml=WIN=2,bullish_return,mixed_classical + malefic,hard,2025-11-10 05:30:00+05:30,2025-11-10 07:30:00+05:30,2,1,1,0,WIN=2,TAKE_PROFIT=2,0.3,44.020833333333336,Neutral,0.0,4,CONFLICT,0.0088490557160848,0.0,natal unknown 0V; transit unknown 0V,,debilitation=1; enemy=2; exaltation=1; friend=1; moolatrikona=1; neutral=2,friend=2; neutral=2; own=1; unknown=1,2,0,1,0,MOON|PLUTO,MOON|mirror|h0.18|n1.6|d360,PLUTO|direct|h0.18|n1.6|d360,d733ae724590f7c43df16dd09452de10f07bc4dec338b616c0fd77d910a61f09
444,MOON|SATURN :: conjunction_orb,8,BULLISH,BEARISH=1; BULLISH=4; CONFLICT=3,LOSS=8; WIN=7,0.04999999999999999,,,,,,,,repeated_across_timeframes; multiple_active_aspects; low_shadbala; quote_enemy_sign; base_enemy_sign; unknown_outer_or_node_dignity; hard_aspect,shadbala_avg=44.54 | quote_dignity=enemy=1; neutral=1 | base_dignity=enemy=1; friend=1; neutral=3; unknown=1 | fx_doctrine=BEARISH | fx_doctrine_net=-0.1255466761866164 | fx_conflict=0.0134745175196355 | regime_active=3 | ml=WIN=2,bullish_return,benefic + malefic,hard,2025-11-10 08:30:00+05:30,2025-11-10 12:30:00+05:30,2,1,1,0,WIN=2,TAKE_PROFIT=2,0.3,44.54166666666666,Neutral,7.039758488717778,3,BEARISH,-0.1255466761866164,0.0134745175196355,natal enemy 4V; transit neutral 10V,natal enemy 4V; transit neutral 10V,enemy=1; neutral=1,enemy=1; friend=1; neutral=3; unknown=1,1,1,0,0,KETU,KETU|mirror|h0.18|n1.7|d360,,2d8788181ce73c2f982406c846847e7482a34d4476b2b3456fe150d57e671139
445,AVG(ALL)|MOON :: trine,18,BULLISH,BEARISH=2; BULLISH=10; CONFLICT=2; UNKNOWN=2,LOSS=14; WIN=18,0.08124999999999999,,,,,,,,repeated_across_timeframes; high_recurrence_group; multiple_active_aspects; crowded_regime; low_shadbala; quote_enemy_sign; quote_debilitation; base_debilitation; unknown_outer_or_node_dignity; avg_all_composite; soft_aspect,shadbala_avg=45.58 | quote_dignity=debilitation=1; enemy=1; friend=1; moolatrikona=1; neutral=2 | base_dignity=debilitation=1; unknown=1 | fx_doctrine=BEARISH | fx_doctrine_net=-0.4118041310142977 | fx_conflict=0.0289767937931316 | regime_active=5 | ml=WIN=2,bullish_return,mixed_classical + benefic,soft,2025-11-10 12:30:00+05:30,2025-11-10 15:30:00+05:30,2,1,1,0,WIN=2,TAKE_PROFIT=2,0.3,45.583333333333336,Neutral,0.0,5,BEARISH,-0.4118041310142977,0.0289767937931316,natal enemy 4V; transit unknown 0V,natal enemy 4V; transit friend 15V,debilitation=1; enemy=1; friend=1; moolatrikona=1; neutral=2,debilitation=1; unknown=1,1,0,1,1,KETU,KETU|mirror|h0.18|n1.7|d360,,3bac426f3d49b61ff0abe9b3022e59ccbff27061cee8506e6dcaf2d547e163cd
446,MOON|SUN :: opposition_orb,7,BEARISH,BEARISH=4; BULLISH=3,LOSS=10; WIN=3,-0.057142857142857155,,,,,,,,repeated_across_timeframes; multiple_active_aspects; low_shadbala; base_debilitation; unknown_outer_or_node_dignity; hard_aspect,shadbala_avg=45.79 | quote_dignity=own=1; unknown=1 | base_dignity=debilitation=1; unknown=1 | fx_doctrine=BULLISH | fx_doctrine_net=0.0536304202388862 | fx_conflict=0.0 | regime_active=3 | ml=LOSS=2,bearish_return,benefic + malefic,hard,2025-11-10 18:30:00+05:30,2025-11-10 22:30:00+05:30,2,1,1,0,LOSS=2,STOP_LOSS=2,-0.2,45.79166666666666,Neutral,12.943672090939344,3,BULLISH,0.0536304202388862,0.0,natal unknown 0V; transit debilitation 0V,natal unknown 0V; transit own 30V,own=1; unknown=1,debilitation=1; unknown=1,0,0,0,1,KETU,KETU|mirror|h0.18|n1.7|d360,,4b9ff111274aa89743b472822e81e63e9400528853ce574457339802e321ed15
447,JUPITER|MOON :: trine,16,BULLISH,BEARISH=1; BULLISH=12; CONFLICT=1; UNKNOWN=1,LOSS=20; WIN=8,-0.03333333333333335,,,,,,,,repeated_across_timeframes; high_recurrence_group; multiple_active_aspects; crowded_regime; low_shadbala; quote_enemy_sign; soft_aspect,shadbala_avg=45.58 | quote_dignity=enemy=1; exaltation=1 | base_dignity=neutral=1; own=1 | fx_doctrine=BULLISH | fx_doctrine_net=1.4774096245517514 | fx_conflict=0.0 | regime_active=4 | ml=LOSS=2,bearish_return,benefic + benefic,soft,2025-11-11 10:30:00+05:30,2025-11-11 13:30:00+05:30,2,1,1,0,LOSS=2,STOP_LOSS=2,-0.2,45.583333333333336,Neutral,0.0,4,BULLISH,1.4774096245517514,0.0,natal neutral 10V; transit own 30V,natal enemy 4V; transit exaltation 60V,enemy=1; exaltation=1,neutral=1; own=1,1,0,0,0,KETU,KETU|mirror|h0.18|n1.7|d360,,688c51ab05ac7058fde893d3def2a6b97adf048cc3477ab606dfd7b1dfdc7e63
448,MERCURY|MOON :: opposition_orb,7,BULLISH,BEARISH=2; BULLISH=4,LOSS=6; WIN=5,0.04999999999999999,,,,,,,,repeated_across_timeframes; multiple_active_aspects; crowded_regime; low_shadbala; hard_aspect,shadbala_avg=45.58 | base_dignity=neutral=1; own=1 | fx_doctrine=BULLISH | fx_doctrine_net=0.096620404281124 | fx_conflict=0.0 | regime_active=4 | ml=LOSS=2,bearish_return,benefic + benefic,hard,2025-11-11 09:30:00+05:30,2025-11-11 14:30:00+05:30,2,1,1,0,LOSS=2,STOP_LOSS=2,-0.2,45.583333333333336,Neutral,0.0,4,BULLISH,0.096620404281124,0.0,natal neutral 10V; transit own 30V,,,neutral=1; own=1,0,0,0,0,KETU,KETU|mirror|h0.18|n1.7|d360,,3c42cd4378eaa2f3a209498b085eabc1fa670ff9e8520eba8bbf843a044a0030
449,AVG(ALL)|VENUS :: square,6,BEARISH,BEARISH=5; CONFLICT=1,LOSS=6; WIN=4,0.04999999999999999,,,,,,,,repeated_across_timeframes; multiple_active_aspects; low_shadbala; base_enemy_sign; unknown_outer_or_node_dignity; avg_all_composite; swing_duration_1d_to_5d; hard_aspect,shadbala_avg=46.13 | quote_dignity=moolatrikona=1; neutral=1 | base_dignity=enemy=1; neutral=3; unknown=2 | fx_doctrine=BEARISH | fx_doctrine_net=-1.0328351206209234 | fx_conflict=0.0 | regime_active=3 | ml=LOSS=2,bearish_return,mixed_classical + benefic,hard,2025-11-12 12:30:00+05:30,2025-11-14 22:30:00+05:30,2,0,1,1,LOSS=2,STOP_LOSS=2,-0.2,46.13362068965517,Neutral,0.0,3,BEARISH,-1.0328351206209234,0.0,natal own 30V; transit unknown 0V,natal neutral 10V; transit moolatrikona 45V,moolatrikona=1; neutral=1,enemy=1; neutral=3; unknown=2,0,1,0,0,KETU|SUN,SUN|direct|h0.18|n1.8|d360,KETU|mirror|h0.18|n1.7|d360,4106ef95afe8bf67d1efabfdf6d5f2f82458c86cce40d3b2c33a630cb26f6506
450,SATURN|SUN :: trine,1,BEARISH,BEARISH=1,LOSS=2,-0.2,,,,,,,,repeated_across_timeframes; multiple_active_aspects; low_shadbala; quote_enemy_sign; base_enemy_sign; unknown_outer_or_node_dignity; malefic_pair; soft_aspect,shadbala_avg=45.21 | quote_dignity=enemy=1; neutral=1 | base_dignity=enemy=1; friend=1; neutral=3; unknown=1 | fx_doctrine=BEARISH | fx_doctrine_net=-0.2386211159758616 | fx_conflict=0.0067204672941586 | regime_active=3 | ml=LOSS=2,bearish_return,malefic + malefic,soft,2025-11-14 06:30:00+05:30,2025-11-15 04:30:00+05:30,2,1,1,0,LOSS=2,STOP_LOSS=2,-0.2,45.21401515151515,Neutral,0.0,3,BEARISH,-0.2386211159758616,0.0067204672941586,natal enemy 4V; transit neutral 10V,natal enemy 4V; transit neutral 10V,enemy=1; neutral=1,enemy=1; friend=1; neutral=3; unknown=1,1,1,0,0,KETU|SUN,SUN|direct|h0.18|n1.8|d360,KETU|mirror|h0.18|n1.7|d360,cd601e12b7f7c979f8d256bc997c28b59ed335fedeb58ca36c987f463dd79615
451,AVG(ALL)|MOON :: opposition_orb,10,BEARISH,BEARISH=4; BULLISH=2; CONFLICT=3; UNKNOWN=1,LOSS=10; WIN=10,0.04999999999999999,,,,,,,,repeated_across_timeframes; high_recurrence_group; multiple_active_aspects; low_shadbala; quote_enemy_sign; avg_all_composite; hard_aspect,shadbala_avg=46.62 | quote_dignity=enemy=2; exaltation=1; moolatrikona=1; neutral=2 | base_dignity=friend=1; neutral=1 | fx_doctrine=CONFLICT | fx_doctrine_net=-0.0318211605597461 | fx_conflict=0.0 | regime_active=3 | ml=WIN=2,bullish_return,mixed_classical + benefic,hard,2025-11-15 02:30:00+05:30,2025-11-15 04:30:00+05:30,2,1,1,0,WIN=2,TAKE_PROFIT=2,0.3,46.625,Neutral,0.0,3,CONFLICT,-0.0318211605597461,0.0,natal own 30V; transit unknown 0V,,enemy=2; exaltation=1; moolatrikona=1; neutral=2,friend=1; neutral=1,2,0,0,0,MOON,MOON|mirror|h0.18|n1.8|d360,,ccc99edcfd3b3f916ce76c7573096b5ea1a6d9021ff1c076e47724974736e334
452,AVG(ALL)|SUN :: trine,5,CONFLICT,BEARISH=1; BULLISH=2; CONFLICT=2,LOSS=4; WIN=6,0.09999999999999999,,,,,,,,repeated_across_timeframes; multiple_active_aspects; quote_enemy_sign; base_enemy_sign; quote_debilitation; unknown_outer_or_node_dignity; avg_all_composite; soft_aspect,shadbala_avg=50.02 | quote_dignity=debilitation=1; enemy=2; neutral=1 | base_dignity=enemy=1; friend=3; neutral=5; unknown=3 | fx_doctrine=BULLISH | fx_doctrine_net=0.3903773274481258 | fx_conflict=0.0 | regime_active=2 | ml=WIN=2,bullish_return,mixed_classical + malefic,soft,2025-11-17 05:30:00+05:30,2025-11-18 01:30:00+05:30,2,1,1,0,WIN=2,TAKE_PROFIT=2,0.3,50.020833333333336,Neutral,0.0,2,BULLISH,0.3903773274481258,0.0,natal own 30V; transit unknown 0V,natal enemy 4V; transit debilitation 0V,debilitation=1; enemy=2; neutral=1,enemy=1; friend=3; neutral=5; unknown=3,2,1,1,0,SUN,SUN|direct|h0.18|n1.8|d360,,d74e131409378d9a8f99fd4ca53d774ee88fff50765f75c00f9f3dd9b40e69d3
453,MOON|SATURN :: square,15,CONFLICT,BEARISH=1; BULLISH=5; CONFLICT=7; UNKNOWN=1,LOSS=10; WIN=18,0.12648634697626365,,,,,,,,repeated_across_timeframes; high_recurrence_group; multiple_active_aspects; low_shadbala; quote_enemy_sign; base_enemy_sign; unknown_outer_or_node_dignity; hard_aspect,shadbala_avg=49.96 | quote_dignity=enemy=1; neutral=1 | base_dignity=enemy=1; neutral=2; unknown=1 | fx_doctrine=BEARISH | fx_doctrine_net=-0.3126593204507003 | fx_conflict=0.0 | regime_active=3 | ml=WIN=2,bullish_return,benefic + malefic,hard,2025-11-17 11:30:00+05:30,2025-11-17 14:30:00+05:30,2,1,1,0,WIN=2,TAKE_PROFIT=2,0.3,49.958333333333336,Neutral,0.0,3,BEARISH,-0.3126593204507003,0.0,natal enemy 4V; transit neutral 10V,natal enemy 4V; transit neutral 10V,enemy=1; neutral=1,enemy=1; neutral=2; unknown=1,1,1,0,0,SUN,SUN|direct|h0.18|n1.8|d360,,edfc82c62c637462e5e588075d95210f07bf1714bdeab3908e115a7b1e979aa2
454,MERCURY|MOON :: square,16,BEARISH,BEARISH=6; BULLISH=3; CONFLICT=4,LOSS=15; WIN=10,-0.007692307692307703,,,,,,,,repeated_across_timeframes; high_recurrence_group; multiple_active_aspects; unknown_outer_or_node_dignity; hard_aspect,shadbala_avg=51.00 | quote_dignity=exaltation=1; neutral=2; unknown=1 | base_dignity=neutral=1; own=1 | fx_doctrine=BULLISH | fx_doctrine_net=0.6004269753627978 | fx_conflict=0.0726922190198168 | regime_active=3 | ml=LOSS=2,bearish_return,benefic + benefic,hard,2025-11-18 16:30:00+05:30,2025-11-18 19:30:00+05:30,2,1,1,0,LOSS=2,STOP_LOSS=2,-0.2,51.0,Neutral,0.0,3,BULLISH,0.6004269753627978,0.0726922190198168,natal own 30V; transit neutral 10V,natal exaltation 60V; transit neutral 10V,exaltation=1; neutral=2; unknown=1,neutral=1; own=1,0,0,0,0,MERCURY,MERCURY|direct|h0.18|n1.8|d360,,5dc1549792c6448978647fcb327205b10e88886b8534b4a851a77a3c7cf6b606
455,MOON|VENUS :: trine,17,UNKNOWN,BEARISH=3; BULLISH=1; CONFLICT=5; UNKNOWN=6,LOSS=8; WIN=20,0.16666666666666666,,,,,,,,repeated_across_timeframes; high_recurrence_group; multiple_active_aspects; low_shadbala; unknown_outer_or_node_dignity; soft_aspect,shadbala_avg=49.96 | quote_dignity=neutral=1; unknown=1 | fx_doctrine=CONFLICT | fx_doctrine_net=-0.028001879358734 | fx_conflict=0.0 | regime_active=3 | ml=WIN=2,bullish_return,benefic + benefic,soft,2025-11-19 07:30:00+05:30,2025-11-19 10:30:00+05:30,2,1,1,0,WIN=2,TAKE_PROFIT=2,0.3,49.958333333333336,Neutral,0.0,3,CONFLICT,-0.028001879358734,0.0,,natal unknown 0V; transit neutral 10V,neutral=1; unknown=1,,0,0,0,0,MERCURY,MERCURY|direct|h0.18|n1.8|d360,,ebcffbded35187561982bc46b961cd16f43b7ef3525b2213fc3ff936dd5b1ad7
456,MOON|SUN :: opposition_orb,7,BEARISH,BEARISH=4; BULLISH=3,LOSS=10; WIN=3,-0.057142857142857155,,,,,,,,repeated_across_timeframes; multiple_active_aspects; low_shadbala; unknown_outer_or_node_dignity; swing_duration_1d_to_5d; hard_aspect,shadbala_avg=47.59 | quote_dignity=friend=1; unknown=1 | base_dignity=neutral=1; unknown=1 | fx_doctrine=BEARISH | fx_doctrine_net=-0.2906612820588525 | fx_conflict=0.0 | regime_active=2 | ml=LOSS=2,bearish_return,benefic + malefic,hard,2025-11-19 04:30:00+05:30,2025-11-22 02:30:00+05:30,2,0,1,1,LOSS=2,STOP_LOSS=2,-0.2,47.59226190476191,Neutral,0.0,2,BEARISH,-0.2906612820588525,0.0,natal unknown 0V; transit neutral 10V,natal unknown 0V; transit friend 15V,friend=1; unknown=1,neutral=1; unknown=1,0,0,0,0,RAHU|SATURN,SATURN|direct|h0.18|n1.5|d360,RAHU|direct|h0.18|n1.6|d360,7bbfcf00f51647628fcbcdb139da98b201ddfa65df4bb5e26eca7b58597a954a
457,MOON|SATURN :: trine,14,BULLISH,BEARISH=2; BULLISH=6; CONFLICT=3; UNKNOWN=1,LOSS=14; WIN=9,-0.004417769067450145,,,,,,,,repeated_across_timeframes; high_recurrence_group; multiple_active_aspects; low_shadbala; quote_enemy_sign; base_enemy_sign; unknown_outer_or_node_dignity; soft_aspect,shadbala_avg=44.82 | quote_dignity=enemy=1; neutral=1 | base_dignity=enemy=1; friend=1; neutral=3; unknown=1 | fx_doctrine=BEARISH | fx_doctrine_net=-0.3416129098041999 | fx_conflict=0.0022367491901142 | regime_active=3 | ml=LOSS=2,bearish_return,benefic + malefic,soft,2025-11-20 00:30:00+05:30,2025-11-20 03:30:00+05:30,2,1,1,0,LOSS=2,STOP_LOSS=2,-0.2,44.81944444444444,Neutral,0.0,3,BEARISH,-0.3416129098041999,0.0022367491901142,natal enemy 4V; transit neutral 10V,natal enemy 4V; transit neutral 10V,enemy=1; neutral=1,enemy=1; friend=1; neutral=3; unknown=1,1,1,0,0,RAHU|SATURN,SATURN|direct|h0.18|n1.5|d360,RAHU|direct|h0.18|n1.6|d360,d450b909300b65a1352c87b0a6b955914d6aa7df84a7d9b2de3a33fcad247262
458,AVG(ALL)|MOON :: trine,18,BULLISH,BEARISH=2; BULLISH=10; CONFLICT=2; UNKNOWN=2,LOSS=14; WIN=18,0.08124999999999999,,,,,,,,repeated_across_timeframes; high_recurrence_group; multiple_active_aspects; crowded_regime; low_shadbala; quote_enemy_sign; base_enemy_sign; unknown_outer_or_node_dignity; avg_all_composite; soft_aspect,shadbala_avg=44.54 | quote_dignity=enemy=1; friend=2; moolatrikona=1; neutral=1; unknown=1 | base_dignity=enemy=1; friend=1; neutral=3; unknown=1 | fx_doctrine=BULLISH | fx_doctrine_net=0.1837269378139808 | fx_conflict=0.0 | regime_active=4 | ml=LOSS=2,bearish_return,mixed_classical + benefic,soft,2025-11-20 03:30:00+05:30,2025-11-20 06:30:00+05:30,2,1,1,0,LOSS=2,STOP_LOSS=2,-0.2,44.54166666666666,Neutral,0.0,4,BULLISH,0.1837269378139808,0.0,,natal unknown 0V; transit unknown 0V,enemy=1; friend=2; moolatrikona=1; neutral=1; unknown=1,enemy=1; friend=1; neutral=3; unknown=1,1,1,0,0,RAHU,RAHU|direct|h0.18|n1.6|d360,,37e058db39af990797438cb4dfc547c6634a9e54920c6f53b52fb57bb3c10fae
459,MARS|MOON :: square,16,BEARISH,BEARISH=9; BULLISH=4; CONFLICT=1; UNKNOWN=1,LOSS=18; WIN=11,-0.010549230209257576,,,,,,,,repeated_across_timeframes; high_recurrence_group; multiple_active_aspects; low_shadbala; quote_debilitation; hard_aspect,shadbala_avg=49.75 | quote_dignity=debilitation=1; exaltation=1 | fx_doctrine=BULLISH | fx_doctrine_net=0.4471277294266543 | fx_conflict=0.0 | regime_active=3 | ml=LOSS=2,bearish_return,malefic + benefic,hard,2025-11-20 16:30:00+05:30,2025-11-20 19:30:00+05:30,2,1,1,0,LOSS=2,STOP_LOSS=2,-0.2,49.75,Neutral,0.0,3,BULLISH,0.4471277294266543,0.0,,natal exaltation 60V; transit debilitation 0V,debilitation=1; exaltation=1,,0,0,1,0,MARS|NEPTUNE,NEPTUNE|direct|h0.18|n1.5|d360,MARS|direct|h0.18|n1.8|d360,165b8d79d993ab80ee1cfe0765594baa65bbc0b8e624945b8bd61882a5e339a4
460,JUPITER|MOON :: conjunction_orb,5,BULLISH,BULLISH=2; UNKNOWN=1,LOSS=4; WIN=2,-0.03333333333333335,,,,,,,,repeated_across_timeframes; multiple_active_aspects; low_shadbala; quote_enemy_sign; hard_aspect,shadbala_avg=45.00 | quote_dignity=enemy=2 | fx_doctrine=BULLISH | fx_doctrine_net=0.6808770511542707 | fx_conflict=0.0 | regime_active=3 | ml=WIN=2,bullish_return,benefic + benefic,hard,2025-11-21 04:30:00+05:30,2025-11-21 09:30:00+05:30,2,1,1,0,WIN=2,TAKE_PROFIT=2,0.3,45.0,Neutral,0.0,3,BULLISH,0.6808770511542707,0.0,,natal enemy 4V; transit enemy 4V,enemy=2,,2,0,0,0,MARS|NEPTUNE,NEPTUNE|direct|h0.18|n1.5|d360,MARS|direct|h0.18|n1.8|d360,2ad0e4c57f7074a114cf52f2311bd320a3266eddafcc5a83d3a72c3e4add625c
461,MOON|VENUS :: square,12,BEARISH,BEARISH=8; BULLISH=1; CONFLICT=1,LOSS=12; WIN=7,-1.1102230246251566e-17,,,,,,,,repeated_across_timeframes; high_recurrence_group; multiple_active_aspects; low_shadbala; base_debilitation; unknown_outer_or_node_dignity; hard_aspect,shadbala_avg=49.06 | base_dignity=debilitation=1; moolatrikona=1; own=1; unknown=1 | fx_doctrine=BULLISH | fx_doctrine_net=0.3804265270597055 | fx_conflict=0.3325131119216649 | regime_active=3 | ml=LOSS=2,bearish_return,benefic + benefic,hard,2025-11-21 20:30:00+05:30,2025-11-21 23:30:00+05:30,2,1,1,0,LOSS=2,STOP_LOSS=2,-0.2,49.05555555555556,Neutral,0.0,3,BULLISH,0.3804265270597055,0.3325131119216649,natal unknown 0V; transit moolatrikona 45V,,,debilitation=1; moolatrikona=1; own=1; unknown=1,0,0,0,1,RAHU|SATURN,SATURN|direct|h0.18|n1.5|d360,RAHU|direct|h0.18|n1.6|d360,cb2f5399b415bfc2a95bb05c6a7b13b9f7a137c415317f13ca4cbc870a66e11a
462,AVG(ALL)|MERCURY :: trine,6,BULLISH,BULLISH=3; CONFLICT=2; UNKNOWN=1,LOSS=8; WIN=4,-0.03333333333333335,,,,,,,,repeated_across_timeframes; multiple_active_aspects; low_shadbala; quote_enemy_sign; base_enemy_sign; unknown_outer_or_node_dignity; avg_all_composite; soft_aspect,shadbala_avg=48.08 | quote_dignity=enemy=1; neutral=2; unknown=1 | base_dignity=enemy=1; friend=2; moolatrikona=1; neutral=4; unknown=2 | fx_doctrine=BULLISH | fx_doctrine_net=0.4463492603276023 | fx_conflict=0.0 | regime_active=3 | ml=LOSS=2,bearish_return,mixed_classical + benefic,soft,2025-11-24 05:30:00+05:30,2025-11-24 06:30:00+05:30,2,1,1,0,LOSS=2,STOP_LOSS=2,-0.2,48.083333333333336,Neutral,0.0,3,BULLISH,0.4463492603276023,0.0,natal own 30V; transit unknown 0V,,enemy=1; neutral=2; unknown=1,enemy=1; friend=2; moolatrikona=1; neutral=4; unknown=2,1,1,0,0,MOON|SATURN,MOON|direct|h0.18|n1.7|d360,SATURN|direct|h0.18|n1.5|d360,cdd58a48b6006424e481a19492524cf698c8df368099f311aa7c25615f475696
463,MARS|SUN :: square,3,CONFLICT,BEARISH=1; CONFLICT=1,LOSS=2; WIN=2,0.04999999999999999,,,,,,,,repeated_across_timeframes; multiple_active_aspects; low_shadbala; malefic_pair; hard_aspect,shadbala_avg=48.26 | quote_dignity=exaltation=1; friend=1 | base_dignity=friend=1; neutral=1 | fx_doctrine=BEARISH | fx_doctrine_net=-0.1682562257916923 | fx_conflict=0.0 | regime_active=3 | ml=LOSS=2,bearish_return,malefic + malefic,hard,2025-11-24 05:30:00+05:30,2025-11-24 11:30:00+05:30,2,1,1,0,LOSS=2,STOP_LOSS=2,-0.2,48.25694444444444,Neutral,0.0,3,BEARISH,-0.1682562257916923,0.0,natal neutral 10V; transit friend 15V,natal exaltation 60V; transit friend 15V,exaltation=1; friend=1,friend=1; neutral=1,0,0,0,0,MOON|SATURN,MOON|direct|h0.18|n1.7|d360,SATURN|direct|h0.18|n1.5|d360,7f8b72232f2bf0ee36518af5897e7d463d266d36f9cd388f31daa60f4ac2de5b
464,MOON|SATURN :: opposition_orb,6,CONFLICT,BULLISH=3; CONFLICT=3,LOSS=6; WIN=5,0.04999999999999999,,,,,,,,repeated_across_timeframes; multiple_active_aspects; low_shadbala; quote_enemy_sign; hard_aspect,shadbala_avg=49.33 | quote_dignity=enemy=1; neutral=1 | base_dignity=friend=1; neutral=1 | fx_doctrine=BULLISH | fx_doctrine_net=0.7924724738072215 | fx_conflict=0.0 | regime_active=2 | ml=WIN=2,bullish_return,benefic + malefic,hard,2025-11-24 23:30:00+05:30,2025-11-25 04:30:00+05:30,2,1,1,0,WIN=2,TAKE_PROFIT=2,0.3,49.333333333333336,Neutral,21.19461838347888,2,BULLISH,0.7924724738072215,0.0,natal friend 15V; transit neutral 10V,natal enemy 4V; transit neutral 10V,enemy=1; neutral=1,friend=1; neutral=1,1,0,0,0,RAHU|SATURN,SATURN|direct|h0.18|n1.5|d360,RAHU|direct|h0.18|n1.6|d360,a6f2045e4080ebef119f97cf1b3979fcb279490e14207860709924694a33e579
465,MOON|SUN :: conjunction_orb,9,BULLISH,BEARISH=3; BULLISH=4; UNKNOWN=1,LOSS=5; WIN=10,0.11249999999999999,,,,,,,,repeated_across_timeframes; multiple_active_aspects; low_shadbala; hard_aspect,shadbala_avg=47.62 | quote_dignity=friend=1; neutral=1 | base_dignity=friend=2; neutral=2 | fx_doctrine=BEARISH | fx_doctrine_net=-0.7049218712878332 | fx_conflict=0.162445476781178 | regime_active=2 | ml=WIN=2,bullish_return,benefic + malefic,hard,2025-11-25 10:30:00+05:30,2025-11-25 15:30:00+05:30,2,1,1,0,WIN=2,TAKE_PROFIT=2,0.3,47.625,Neutral,20.64068851519096,2,BEARISH,-0.7049218712878332,0.162445476781178,natal neutral 10V; transit friend 15V,natal neutral 10V; transit friend 15V,friend=1; neutral=1,friend=2; neutral=2,0,0,0,0,RAHU|SATURN,SATURN|direct|h0.18|n1.5|d360,RAHU|direct|h0.18|n1.6|d360,2dcc03c01c81ce99938ded5db103ebf57305711bc4ac4484641d2b11c1802ba8
466,AVG(ALL)|VENUS :: trine,6,BULLISH,BEARISH=2; BULLISH=3; UNKNOWN=1,LOSS=6; WIN=6,0.04999999999999999,,,,,,,,repeated_across_timeframes; multiple_active_aspects; low_shadbala; quote_enemy_sign; base_enemy_sign; unknown_outer_or_node_dignity; avg_all_composite; swing_duration_1d_to_5d; soft_aspect,shadbala_avg=46.19 | quote_dignity=enemy=1; neutral=1 | base_dignity=enemy=1; friend=3; neutral=5; own=2; unknown=3 | fx_doctrine=BULLISH | fx_doctrine_net=0.0642383420910782 | fx_conflict=0.0 | regime_active=2 | ml=WIN=2,bullish_return,mixed_classical + benefic,soft,2025-11-26 02:30:00+05:30,2025-11-27 15:30:00+05:30,2,0,1,1,WIN=2,TAKE_PROFIT=2,0.3,46.18806306306306,Neutral,0.0,2,BULLISH,0.0642383420910782,0.0,natal unknown 0V; transit unknown 0V,,enemy=1; neutral=1,enemy=1; friend=3; neutral=5; own=2; unknown=3,1,1,0,0,SUN|URANUS,URANUS|mirror|h0.18|n1.5|d360,SUN|direct|h0.18|n1.8|d360,7c98a55173598bc52b445cc473fdc266d2bde04e964205f3e26dfdc3db804283
467,MERCURY|MOON :: conjunction_orb,8,BULLISH,BULLISH=7; CONFLICT=1,LOSS=6; WIN=10,0.11249999999999999,,,,,,,,repeated_across_timeframes; multiple_active_aspects; low_shadbala; hard_aspect,shadbala_avg=47.67 | base_dignity=neutral=2 | fx_doctrine=BULLISH | fx_doctrine_net=0.1180395091846751 | fx_conflict=0.0 | regime_active=3 | ml=LOSS=2,bearish_return,benefic + benefic,hard,2025-11-26 03:30:00+05:30,2025-11-26 08:30:00+05:30,2,1,1,0,LOSS=2,STOP_LOSS=2,-0.2,47.66666666666666,Neutral,0.0,3,BULLISH,0.1180395091846751,0.0,natal neutral 10V; transit neutral 10V,,,neutral=2,0,0,0,0,SUN|URANUS,URANUS|mirror|h0.18|n1.5|d360,SUN|direct|h0.18|n1.8|d360,71ea9215f3aee394be53985474035845db5d7b01c51e01b24062f8b327dd34f9
468,AVG(ALL)|SATURN :: opposition_orb,3,,,,,,,,,,,,not_in_current_candidate_csv; multiple_active_aspects; crowded_regime; low_shadbala; quote_enemy_sign; unknown_outer_or_node_dignity; avg_all_composite; hard_aspect,shadbala_avg=46.53 | quote_dignity=enemy=3; friend=1; neutral=3; unknown=1 | base_dignity=friend=2; neutral=1; own=2; unknown=1 | regime_active=4,,mixed_classical + malefic,hard,2025-11-26 07:30:00+05:30,2025-11-27 02:30:00+05:30,0,0,0,0,,,,46.52850877192982,Neutral,23.844055625261262,4,,,,,,enemy=3; friend=1; neutral=3; unknown=1,friend=2; neutral=1; own=2; unknown=1,3,0,0,0,SUN|URANUS,URANUS|mirror|h0.18|n1.5|d360,SUN|direct|h0.18|n1.8|d360,7252c0260d70b7caa0cb9272c7abcd2d68535eda2ab50a1cd9d3a76d728b7bca
469,AVG(ALL)|MERCURY :: conjunction_orb,2,BEARISH,BEARISH=1,WIN=2,0.3,,,,,,,,not_in_current_candidate_csv; multiple_active_aspects; crowded_regime; quote_enemy_sign; base_enemy_sign; unknown_outer_or_node_dignity; avg_all_composite; hard_aspect,shadbala_avg=53.23 | quote_dignity=enemy=2; friend=2 | base_dignity=enemy=1; friend=1; neutral=2; unknown=2 | regime_active=4,,mixed_classical + benefic,hard,2025-12-01 05:30:00+05:30,2025-12-01 20:30:00+05:30,0,0,0,0,,,,53.23333333333333,Neutral,26.426720223018943,4,,,,,,enemy=2; friend=2,enemy=1; friend=1; neutral=2; unknown=2,2,1,0,0,AVG(ALL)|MOON,AVG(ALL)|direct|h0.18|n1.6|d360,MOON|direct|h0.18|n1.4|d360,1ed684bbef624a7ef97f59ddb69cdfeabfc19972ad78e5cec9b5b8d39accc2bf
470,MARS|VENUS :: square,2,BULLISH,BULLISH=1,WIN=2,0.3,,,,,,,,not_in_current_candidate_csv; multiple_active_aspects; crowded_regime; swing_duration_1d_to_5d; hard_aspect,shadbala_avg=53.36 | quote_dignity=exaltation=1; neutral=1 | regime_active=4,,malefic + benefic,hard,2025-12-01 06:30:00+05:30,2025-12-02 20:30:00+05:30,0,0,0,0,,,,53.3640350877193,Neutral,28.2694605305403,4,,,,,,exaltation=1; neutral=1,,0,0,0,0,AVG(ALL)|MOON,AVG(ALL)|direct|h0.18|n1.6|d360,MOON|direct|h0.18|n1.4|d360,443debe1552e80683c4ea4e61693b5c22eb32a52e0a4562ea80b4453803286bb
471,MOON|SATURN :: square,15,CONFLICT,BEARISH=1; BULLISH=5; CONFLICT=7; UNKNOWN=1,LOSS=10; WIN=18,0.12648634697626365,,,,,,,,not_in_current_candidate_csv; high_recurrence_group; multiple_active_aspects; crowded_regime; quote_enemy_sign; base_enemy_sign; unknown_outer_or_node_dignity; hard_aspect,shadbala_avg=52.46 | quote_dignity=enemy=1; neutral=1 | base_dignity=enemy=1; neutral=2; unknown=1 | regime_active=4,,benefic + malefic,hard,2025-12-01 19:30:00+05:30,2025-12-01 22:30:00+05:30,0,0,0,0,,,,52.458333333333336,Neutral,0.0,4,,,,,,enemy=1; neutral=1,enemy=1; neutral=2; unknown=1,1,1,0,0,AVG(ALL)|MOON,AVG(ALL)|direct|h0.18|n1.6|d360,MOON|direct|h0.18|n1.4|d360,681abb5ed47fdab06ba52efa4da476d0f5cdc183c020c70d43015ed8e75c1ef9
472,KETU|MOON :: trine,14,UNKNOWN,BEARISH=1; BULLISH=1; UNKNOWN=10,LOSS=9; WIN=14,0.09166666666666666,,,,,,,,not_in_current_candidate_csv; high_recurrence_group; multiple_active_aspects; soft_aspect,shadbala_avg=53.56 | regime_active=3,,malefic + benefic,soft,2025-12-02 03:30:00+05:30,2025-12-02 05:30:00+05:30,0,0,0,0,,,,53.5625,Neutral,0.0,3,,,,,,,,0,0,0,0,VENUS,VENUS|direct|h0.18|n1.8|d360,,19cfd381515e2bc18b6b0dbabbf61ba6813f661318b9a4e03b334a0bcdb906ef
473,MOON|SUN :: square,16,BEARISH,BEARISH=7; BULLISH=3; UNKNOWN=4,LOSS=13; WIN=13,0.04999999999999999,,,,,,,,not_in_current_candidate_csv; high_recurrence_group; multiple_active_aspects; unknown_outer_or_node_dignity; hard_aspect,shadbala_avg=53.35 | quote_dignity=friend=2; neutral=1; unknown=1 | regime_active=3,,benefic + malefic,hard,2025-12-02 05:30:00+05:30,2025-12-02 07:30:00+05:30,0,0,0,0,,,,53.35416666666666,Neutral,0.0,3,,,,,,friend=2; neutral=1; unknown=1,,0,0,0,0,URANUS|VENUS,VENUS|direct|h0.18|n1.8|d360,URANUS|mirror|h0.18|n1.5|d360,0abab62e58ad5afea3e41f1876ac68e726d2302e5e045f53666abcfe62696074
474,MERCURY|MOON :: square,16,BEARISH,BEARISH=6; BULLISH=3; CONFLICT=4,LOSS=15; WIN=10,-0.007692307692307703,,,,,,,,not_in_current_candidate_csv; high_recurrence_group; multiple_active_aspects; hard_aspect,shadbala_avg=53.56 | base_dignity=neutral=2 | regime_active=3,,benefic + benefic,hard,2025-12-02 19:30:00+05:30,2025-12-02 21:30:00+05:30,0,0,0,0,,,,53.5625,Neutral,0.0,3,,,,,,,neutral=2,0,0,0,0,URANUS|VENUS,VENUS|direct|h0.18|n1.8|d360,URANUS|mirror|h0.18|n1.5|d360,90ec1e058bf490b013a50b991752a4a085b5b27b692cb10dfee935f5ae470c4d
475,MOON|SUN :: trine,16,BULLISH,BEARISH=4; BULLISH=5; CONFLICT=2; UNKNOWN=4,LOSS=20; WIN=10,-0.03333333333333335,,,,,,,,repeated_across_timeframes; high_recurrence_group; multiple_active_aspects; soft_aspect,shadbala_avg=52.56 | fx_doctrine=UNKNOWN | fx_doctrine_net=0.0 | fx_conflict=0.0 | regime_active=3 | ml=LOSS=2,bearish_return,benefic + malefic,soft,2025-12-04 04:30:00+05:30,2025-12-04 07:30:00+05:30,2,1,1,0,LOSS=2,STOP_LOSS=2,-0.2,52.55555555555556,Neutral,0.0,3,UNKNOWN,0.0,0.0,,,,,0,0,0,0,AVG(ALL),AVG(ALL)|direct|h0.18|n1.6|d360,,11b02a7c96da766ebf221a8507137a92f336dc5b35937385937d9d692b3b35b6
476,MARS|MOON :: square,16,BEARISH,BEARISH=9; BULLISH=4; CONFLICT=1; UNKNOWN=1,LOSS=18; WIN=11,-0.010549230209257576,,,,,,,,repeated_across_timeframes; high_recurrence_group; multiple_active_aspects; quote_enemy_sign; unknown_outer_or_node_dignity; hard_aspect,shadbala_avg=52.52 | quote_dignity=enemy=1; exaltation=4; unknown=1 | fx_doctrine=BEARISH | fx_doctrine_net=-0.9005204042191897 | fx_conflict=0.3262593172505248 | regime_active=2 | ml=WIN=2,bullish_return,malefic + benefic,hard,2025-12-04 09:30:00+05:30,2025-12-04 11:30:00+05:30,2,1,1,0,WIN=2,TAKE_PROFIT=2,0.3,52.520833333333336,Neutral,0.0,2,BEARISH,-0.9005204042191897,0.3262593172505248,,natal enemy 4V; transit exaltation 60V,enemy=1; exaltation=4; unknown=1,,1,0,0,0,MOON,MOON|mirror|h0.18|n1.5|d360,,8bd3b707a2ba26390d4008e39279a3b50ea1ff1716518632ab63f8379bd3b618
477,JUPITER|MOON :: opposition_orb,7,BULLISH,BULLISH=5; CONFLICT=1,LOSS=2; WIN=10,0.21666666666666665,,,,,,,,repeated_across_timeframes; multiple_active_aspects; quote_enemy_sign; hard_aspect,shadbala_avg=51.94 | quote_dignity=enemy=2 | base_dignity=exaltation=1; neutral=1 | fx_doctrine=BULLISH | fx_doctrine_net=1.059889439193744 | fx_conflict=0.0 | regime_active=2 | ml=WIN=2,bullish_return,benefic + benefic,hard,2025-12-04 17:30:00+05:30,2025-12-04 21:30:00+05:30,2,1,1,0,WIN=2,TAKE_PROFIT=2,0.3,51.9375,Neutral,0.0,2,BULLISH,1.059889439193744,0.0,natal neutral 10V; transit exaltation 60V,natal enemy 4V; transit enemy 4V,enemy=2,exaltation=1; neutral=1,2,0,0,0,AVG(ALL)|MOON,MOON|mirror|h0.18|n1.5|d360,AVG(ALL)|direct|h0.18|n1.6|d360,76c9fadeb2d603309456d40f98b75a8ddb337294053ad61d7ad321de590d2a1f
478,MERCURY|MOON :: trine,17,BULLISH,BEARISH=2; BULLISH=8; CONFLICT=2; UNKNOWN=2,LOSS=10; WIN=16,0.0857142857142857,,,,,,,,repeated_across_timeframes; high_recurrence_group; multiple_active_aspects; soft_aspect,shadbala_avg=51.94 | base_dignity=exaltation=1; neutral=1 | fx_doctrine=BULLISH | fx_doctrine_net=0.2759267150869078 | fx_conflict=0.0 | regime_active=3 | ml=WIN=2,bullish_return,benefic + benefic,soft,2025-12-04 18:30:00+05:30,2025-12-04 20:30:00+05:30,2,1,1,0,WIN=2,TAKE_PROFIT=2,0.3,51.9375,Neutral,0.0,3,BULLISH,0.2759267150869078,0.0,natal neutral 10V; transit exaltation 60V,,,exaltation=1; neutral=1,0,0,0,0,KETU|MOON,KETU|mirror|h0.18|n1.7|d360,MOON|mirror|h0.18|n1.5|d360,b1c6ba354ddc6cc688a0ebe7875063f4f443ff6a9280b6d6dd859e0636350036
479,AVG(ALL)|MERCURY :: conjunction_orb,2,BEARISH,BEARISH=1,WIN=2,0.3,,,,,,,,repeated_across_timeframes; multiple_active_aspects; quote_enemy_sign; base_enemy_sign; avg_all_composite; hard_aspect,shadbala_avg=54.57 | quote_dignity=enemy=2 | base_dignity=enemy=1; exaltation=1 | fx_doctrine=BEARISH | fx_doctrine_net=-0.093785471082603 | fx_conflict=0.0 | regime_active=2 | ml=WIN=2,bullish_return,mixed_classical + benefic,hard,2025-12-04 23:30:00+05:30,2025-12-05 20:30:00+05:30,2,1,1,0,WIN=2,TAKE_PROFIT=2,0.3,54.57142857142857,Neutral,34.949587685809995,2,BEARISH,-0.093785471082603,0.0,,natal unknown 0V; transit unknown 0V,enemy=2,enemy=1; exaltation=1,2,1,0,0,AVG(ALL)|KETU,KETU|mirror|h0.18|n1.7|d360,AVG(ALL)|direct|h0.18|n1.6|d360,01aa5c8fa03ca9e569d9efa63724bdaddee7bc58fe840837e1af0adaa10c4d68
480,JUPITER|VENUS :: conjunction_orb,1,BULLISH,BULLISH=1,WIN=2,0.3,,,,,,,,repeated_across_timeframes; multiple_active_aspects; quote_enemy_sign; hard_aspect,shadbala_avg=52.43 | quote_dignity=enemy=2 | fx_doctrine=BULLISH | fx_doctrine_net=0.2711735330073186 | fx_conflict=0.0 | regime_active=3 | ml=WIN=2,bullish_return,benefic + benefic,hard,2025-12-05 15:30:00+05:30,2025-12-06 04:30:00+05:30,2,1,1,0,WIN=2,TAKE_PROFIT=2,0.3,52.42628205128205,Neutral,0.0,3,BULLISH,0.2711735330073186,0.0,,natal enemy 4V; transit enemy 4V,enemy=2,,2,0,0,0,AVG(ALL)|KETU,AVG(ALL)|direct|h0.18|n1.6|d360,KETU|mirror|h0.18|n1.7|d360,20815655bde3ebfdcc0550e53b58fdf80083ff568d0d6c9d57beab36a4c94d9c
481,AVG(ALL)|MARS :: square,4,BEARISH,BEARISH=2; CONFLICT=1; UNKNOWN=1,LOSS=7,-0.2,,,,,,,,multiple_active_aspects; base_enemy_sign; unknown_outer_or_node_dignity; avg_all_composite; swing_duration_1d_to_5d; hard_aspect,shadbala_avg=56.44 | quote_dignity=friend=2 | base_dignity=enemy=1; neutral=2; unknown=1 | fx_doctrine=BEARISH | fx_doctrine_net=-1.5193983007067693 | fx_conflict=0.0291900771289942 | regime_active=2 | ml=LOSS=1,bearish_return,mixed_classical + malefic,hard,2025-12-08 05:30:00+05:30,2025-12-09 20:30:00+05:30,1,0,1,0,LOSS=1,STOP_LOSS=1,-0.2,56.44337606837607,Neutral,0.0,2,BEARISH,-1.5193983007067693,0.0291900771289942,natal enemy 4V; transit friend 15V,,friend=2,enemy=1; neutral=2; unknown=1,0,1,0,0,MOON|URANUS,URANUS|mirror|h0.18|n1.5|d360,MOON|mirror|h0.18|n1.7|d360,84cb38e58ec35c359ee2c9a2892468168718667821e3dfa47fb7551d55263753
482,KETU|MARS :: conjunction_orb,1,BEARISH,BEARISH=1,WIN=2,0.3,,,,,,,,repeated_across_timeframes; multiple_active_aspects; base_enemy_sign; unknown_outer_or_node_dignity; malefic_pair; swing_duration_1d_to_5d; hard_aspect,shadbala_avg=56.67 | quote_dignity=friend=1; unknown=1 | base_dignity=enemy=1; friend=4; unknown=1 | fx_doctrine=BEARISH | fx_doctrine_net=-0.278766958275757 | fx_conflict=0.1572265856030217 | regime_active=3 | ml=WIN=2,bullish_return,malefic + malefic,hard,2025-12-10 00:30:00+05:30,2025-12-13 04:30:00+05:30,2,0,1,1,WIN=2,TAKE_PROFIT=2,0.3,56.66611842105263,Neutral,0.0,3,BEARISH,-0.278766958275757,0.1572265856030217,natal enemy 4V; transit friend 15V,natal unknown 0V; transit friend 15V,friend=1; unknown=1,enemy=1; friend=4; unknown=1,0,1,0,0,RAHU|SATURN,RAHU|direct|h0.18|n1.6|d360,SATURN|direct|h0.18|n1.5|d360,7196903f797832ff45ba886ff49a2d4e7e61af3cedbc46d9b5fad808c89572f8
483,MARS|RAHU :: opposition_orb,1,BEARISH,BEARISH=1,WIN=2,0.3,,,,,,,,repeated_across_timeframes; multiple_active_aspects; base_enemy_sign; unknown_outer_or_node_dignity; malefic_pair; swing_duration_1d_to_5d; hard_aspect,shadbala_avg=56.67 | quote_dignity=friend=1; unknown=1 | base_dignity=enemy=1; friend=2; unknown=1 | fx_doctrine=BEARISH | fx_doctrine_net=-0.3445235991994504 | fx_conflict=0.0 | regime_active=3 | ml=WIN=2,bullish_return,malefic + malefic,hard,2025-12-10 00:30:00+05:30,2025-12-13 04:30:00+05:30,2,0,1,1,WIN=2,TAKE_PROFIT=2,0.3,56.66611842105263,Neutral,3.0138935322861493,3,BEARISH,-0.3445235991994504,0.0,natal enemy 4V; transit friend 15V,natal unknown 0V; transit friend 15V,friend=1; unknown=1,enemy=1; friend=2; unknown=1,0,1,0,0,RAHU|SATURN,RAHU|direct|h0.18|n1.6|d360,SATURN|direct|h0.18|n1.5|d360,34572c6ae25bf4f8928db275f69d5fa5bc169e7fcc05e1439710c21aa230e5bb
484,JUPITER|MOON :: square,13,BEARISH,BEARISH=5; BULLISH=2; CONFLICT=3; UNKNOWN=2,LOSS=14; WIN=10,0.008333333333333323,,,,,,,,repeated_across_timeframes; high_recurrence_group; multiple_active_aspects; crowded_regime; quote_enemy_sign; hard_aspect,shadbala_avg=56.72 | quote_dignity=enemy=2 | fx_doctrine=CONFLICT | fx_doctrine_net=0.0275715514363896 | fx_conflict=0.0 | regime_active=4 | ml=LOSS=2,bearish_return,benefic + benefic,hard,2025-12-11 00:30:00+05:30,2025-12-11 03:30:00+05:30,2,1,1,0,LOSS=2,STOP_LOSS=2,-0.2,56.72222222222222,Neutral,0.0,4,CONFLICT,0.0275715514363896,0.0,,natal enemy 4V; transit enemy 4V,enemy=2,,2,0,0,0,RAHU|SATURN,RAHU|direct|h0.18|n1.6|d360,SATURN|direct|h0.18|n1.5|d360,39011f7c0b0c8225aba6a30623d02f15943395dcae850d2d200f6f221ee8b24c
485,MOON|VENUS :: opposition_orb,8,BEARISH,BEARISH=7; BULLISH=1,LOSS=6; WIN=9,0.11249999999999999,,,,,,,,repeated_across_timeframes; multiple_active_aspects; crowded_regime; strong_shadbala; hard_aspect,shadbala_avg=57.26 | base_dignity=neutral=1; own=1 | fx_doctrine=BEARISH | fx_doctrine_net=-0.0745309745759854 | fx_conflict=0.0 | regime_active=4 | ml=WIN=2,bullish_return,benefic + benefic,hard,2025-12-11 14:30:00+05:30,2025-12-11 18:30:00+05:30,2,1,1,0,WIN=2,TAKE_PROFIT=2,0.3,57.26041666666666,Neutral,7.3604980635548145,4,BEARISH,-0.0745309745759854,0.0,natal own 30V; transit neutral 10V,,,neutral=1; own=1,0,0,0,0,MOON|URANUS,URANUS|mirror|h0.18|n1.5|d360,MOON|mirror|h0.18|n1.8|d360,5de1d89f97a17dc86697fae8b653944ca9eba510527ae9e32babafd07bbb85b9
486,KETU|MOON :: square,14,BULLISH,BULLISH=11; CONFLICT=1,LOSS=20; WIN=4,-0.11666666666666668,,,,,,,,repeated_across_timeframes; high_recurrence_group; multiple_active_aspects; crowded_regime; unknown_outer_or_node_dignity; hard_aspect,shadbala_avg=56.65 | quote_dignity=friend=1; unknown=1 | base_dignity=friend=2 | fx_doctrine=BULLISH | fx_doctrine_net=0.240571553765335 | fx_conflict=0.0 | regime_active=7 | ml=LOSS=2,bearish_return,malefic + benefic,hard,2025-12-12 14:30:00+05:30,2025-12-12 17:30:00+05:30,2,1,1,0,LOSS=2,STOP_LOSS=2,-0.2,56.65277777777778,Neutral,0.0,7,BULLISH,0.240571553765335,0.0,natal friend 15V; transit friend 15V,,friend=1; unknown=1,friend=2,0,0,0,0,MERCURY,MERCURY|direct|h0.18|n1.8|d360,,aaba6cc036446e89627ac68e27b9da4b2bcc2c3b87ce8972c26ba43bb63a2575
487,MARS|MERCURY :: square,4,CONFLICT,BEARISH=1; BULLISH=1; CONFLICT=2,LOSS=6; WIN=2,-0.07500000000000001,,,,,,,,repeated_across_timeframes; multiple_active_aspects; crowded_regime; unknown_outer_or_node_dignity; hard_aspect,shadbala_avg=56.51 | quote_dignity=friend=1; unknown=1 | fx_doctrine=CONFLICT | fx_doctrine_net=0.0427782065121462 | fx_conflict=0.0 | regime_active=7 | ml=LOSS=2,bearish_return,malefic + benefic,hard,2025-12-12 09:30:00+05:30,2025-12-13 04:30:00+05:30,2,1,1,0,LOSS=2,STOP_LOSS=2,-0.2,56.50657894736842,Neutral,0.0,7,CONFLICT,0.0427782065121462,0.0,,natal unknown 0V; transit friend 15V,friend=1; unknown=1,,0,0,0,0,MERCURY,MERCURY|direct|h0.18|n1.8|d360,,1e68ad81c54cb41fd0c20fc2fd2a4273c4b97b63491ae98f3b8764acf63c1e53
488,MOON|RAHU :: square,14,BULLISH,BEARISH=2; BULLISH=9; CONFLICT=1,LOSS=20; WIN=4,-0.11666666666666668,,,,,,,,repeated_across_timeframes; high_recurrence_group; multiple_active_aspects; crowded_regime; high_legacy_fx_conflict; base_enemy_sign; unknown_outer_or_node_dignity; hard_aspect,shadbala_avg=56.65 | quote_dignity=friend=1; unknown=1 | base_dignity=enemy=1; friend=2; unknown=1 | fx_doctrine=BULLISH | fx_doctrine_net=0.0636950277977613 | fx_conflict=0.4237090420460017 | regime_active=7 | ml=LOSS=2,bearish_return,benefic + malefic,hard,2025-12-12 14:30:00+05:30,2025-12-12 17:30:00+05:30,2,1,1,0,LOSS=2,STOP_LOSS=2,-0.2,56.65277777777778,Neutral,0.0,7,BULLISH,0.0636950277977613,0.4237090420460017,natal friend 15V; transit friend 15V,,friend=1; unknown=1,enemy=1; friend=2; unknown=1,0,1,0,0,MERCURY,MERCURY|direct|h0.18|n1.8|d360,,bc7825118a908de83075554fa5744c5502c6a9d1b8469d668078974f18115ca5
489,MOON|SUN :: trine,16,BULLISH,BEARISH=4; BULLISH=5; CONFLICT=2; UNKNOWN=4,LOSS=20; WIN=10,-0.03333333333333335,,,,,,,,repeated_across_timeframes; high_recurrence_group; multiple_active_aspects; crowded_regime; strong_shadbala; unknown_outer_or_node_dignity; soft_aspect,shadbala_avg=57.00 | quote_dignity=friend=1; unknown=1 | base_dignity=friend=2 | fx_doctrine=BULLISH | fx_doctrine_net=0.0504787738689685 | fx_conflict=0.0 | regime_active=9 | ml=WIN=2,bullish_return,benefic + malefic,soft,2025-12-12 17:30:00+05:30,2025-12-12 20:30:00+05:30,2,1,1,0,WIN=2,TAKE_PROFIT=2,0.3,57.0,Neutral,0.0,9,BULLISH,0.0504787738689685,0.0,natal friend 15V; transit friend 15V,,friend=1; unknown=1,friend=2,0,0,0,0,URANUS,URANUS|mirror|h0.18|n1.5|d360,,819123053cb34c6824cea4e3b8a2339c8efd37c5ee8ada937dc7f217bb4b77de
490,MOON|SUN :: square,16,BEARISH,BEARISH=7; BULLISH=3; UNKNOWN=4,LOSS=13; WIN=13,0.04999999999999999,,,,,,,,repeated_across_timeframes; high_recurrence_group; multiple_active_aspects; hard_aspect,shadbala_avg=55.02 | fx_doctrine=UNKNOWN | fx_doctrine_net=0.0 | fx_conflict=0.0 | regime_active=2 | ml=WIN=2,bullish_return,benefic + malefic,hard,2025-12-15 05:30:00+05:30,2025-12-15 07:30:00+05:30,2,1,1,0,WIN=2,TAKE_PROFIT=2,0.3,55.020833333333336,Neutral,0.0,2,UNKNOWN,0.0,0.0,,,,,0,0,0,0,MERCURY|URANUS,URANUS|mirror|h0.18|n1.5|d360,MERCURY|direct|h0.18|n1.8|d360,1cc6db19f342fc16306a193bb50fc3840acad18a6000021de68b57a322cb12bc
491,MOON|VENUS :: trine,17,UNKNOWN,BEARISH=3; BULLISH=1; CONFLICT=5; UNKNOWN=6,LOSS=8; WIN=20,0.16666666666666666,,,,,,,,repeated_across_timeframes; high_recurrence_group; multiple_active_aspects; soft_aspect,shadbala_avg=55.12 | fx_doctrine=UNKNOWN | fx_doctrine_net=0.0 | fx_conflict=0.0 | regime_active=3 | ml=LOSS=2,bearish_return,benefic + benefic,soft,2025-12-16 14:30:00+05:30,2025-12-16 17:30:00+05:30,2,1,1,0,LOSS=2,STOP_LOSS=2,-0.2,55.125,Neutral,0.0,3,UNKNOWN,0.0,0.0,,,,,0,0,0,0,KETU,KETU|mirror|h0.18|n1.7|d360,,bd1283794453afa7ee069406fd899e98a6f7688405ca0c0cac5118346491333a
492,JUPITER|MERCURY :: conjunction_orb,2,BULLISH,BULLISH=1; UNKNOWN=1,LOSS=1; WIN=2,0.04999999999999999,,,,,,,,repeated_across_timeframes; multiple_active_aspects; swing_duration_1d_to_5d; hard_aspect,shadbala_avg=52.62 | fx_doctrine=UNKNOWN | fx_doctrine_net=0.0 | fx_conflict=0.0 | regime_active=2 | ml=WIN=2,bullish_return,benefic + benefic,hard,2025-12-16 14:30:00+05:30,2025-12-18 17:30:00+05:30,2,0,1,1,WIN=2,TAKE_PROFIT=2,0.3,52.61764705882353,Neutral,0.0,2,UNKNOWN,0.0,0.0,,,,,0,0,0,0,KETU|MARS,MARS|direct|h0.18|n1.7|d360,KETU|mirror|h0.18|n1.7|d360,8c6e923aa0ee6f02cb116d2a94be462ecd642fe9056224f20b8192a33da5aa56
493,AVG(ALL)|SATURN :: opposition_orb,3,,,,,,,,,,,,not_in_current_candidate_csv; multiple_active_aspects; crowded_regime; base_enemy_sign; quote_debilitation; base_debilitation; unknown_outer_or_node_dignity; avg_all_composite; swing_duration_1d_to_5d; hard_aspect,shadbala_avg=52.60 | quote_dignity=debilitation=1; exaltation=1 | base_dignity=debilitation=1; enemy=1; friend=3; neutral=2; unknown=1 | regime_active=6,,mixed_classical + malefic,hard,2025-12-17 17:30:00+05:30,2025-12-18 18:30:00+05:30,0,0,0,0,,,,52.60333333333333,Neutral,4.89874838615151,6,,,,,,debilitation=1; exaltation=1,debilitation=1; enemy=1; friend=3; neutral=2; unknown=1,0,1,1,1,MOON|URANUS,MOON|direct|h0.18|n1.8|d360,URANUS|mirror|h0.18|n1.5|d360,1410c8d95f98576d623ddd946aba09678da59ecb7071d78bf88d5dd8a2a6e5bb
494,KETU|SUN :: conjunction_orb,1,BEARISH,BEARISH=1,LOSS=1,-0.2,,,,,,,,multiple_active_aspects; crowded_regime; strong_shadbala; base_enemy_sign; unknown_outer_or_node_dignity; malefic_pair; swing_duration_1d_to_5d; hard_aspect,shadbala_avg=57.06 | quote_dignity=friend=1; unknown=1 | base_dignity=enemy=1; friend=4; unknown=1 | fx_doctrine=BEARISH | fx_doctrine_net=-0.0968501839998564 | fx_conflict=0.3509973565364445 | regime_active=6 | ml=LOSS=1,bearish_return,malefic + malefic,hard,2025-12-17 18:30:00+05:30,2025-12-20 04:30:00+05:30,1,0,1,0,LOSS=1,STOP_LOSS=1,-0.2,57.0625,Neutral,0.0,6,BEARISH,-0.0968501839998564,0.3509973565364445,natal enemy 4V; transit friend 15V,natal unknown 0V; transit friend 15V,friend=1; unknown=1,enemy=1; friend=4; unknown=1,0,1,0,0,MOON|URANUS,MOON|direct|h0.18|n1.8|d360,URANUS|mirror|h0.18|n1.5|d360,f1a654210cdc25e511dce56288ce25779aa901a33e3f5f66f0e388093e341417
495,MARS|MOON :: square,16,BEARISH,BEARISH=9; BULLISH=4; CONFLICT=1; UNKNOWN=1,LOSS=18; WIN=11,-0.010549230209257576,,,,,,,,repeated_across_timeframes; high_recurrence_group; multiple_active_aspects; crowded_regime; quote_debilitation; base_debilitation; hard_aspect,shadbala_avg=51.38 | quote_dignity=debilitation=1; exaltation=1 | base_dignity=debilitation=1; neutral=1 | fx_doctrine=BEARISH | fx_doctrine_net=-0.327154873898274 | fx_conflict=0.0 | regime_active=6 | ml=LOSS=2,bearish_return,malefic + benefic,hard,2025-12-17 23:30:00+05:30,2025-12-18 02:30:00+05:30,2,1,1,0,LOSS=2,STOP_LOSS=2,-0.2,51.375,Neutral,0.0,6,BEARISH,-0.327154873898274,0.0,natal neutral 10V; transit debilitation 0V,natal exaltation 60V; transit debilitation 0V,debilitation=1; exaltation=1,debilitation=1; neutral=1,0,0,1,1,MOON|URANUS,MOON|direct|h0.18|n1.8|d360,URANUS|mirror|h0.18|n1.5|d360,ce292a072e10c5fe3ea306ef04b6fa7092a345cdc24e3fb4304e39def10a029e
496,RAHU|SUN :: opposition_orb,1,BEARISH,BEARISH=1,LOSS=1,-0.2,,,,,,,,multiple_active_aspects; crowded_regime; strong_shadbala; base_enemy_sign; unknown_outer_or_node_dignity; malefic_pair; swing_duration_1d_to_5d; hard_aspect,shadbala_avg=57.06 | quote_dignity=friend=1; unknown=1 | base_dignity=enemy=1; friend=2; unknown=1 | fx_doctrine=BEARISH | fx_doctrine_net=-0.2233182225442117 | fx_conflict=0.0 | regime_active=6 | ml=LOSS=1,bearish_return,malefic + malefic,hard,2025-12-17 18:30:00+05:30,2025-12-20 04:30:00+05:30,1,0,1,0,LOSS=1,STOP_LOSS=1,-0.2,57.0625,Neutral,0.0,6,BEARISH,-0.2233182225442117,0.0,natal enemy 4V; transit friend 15V,natal unknown 0V; transit friend 15V,friend=1; unknown=1,enemy=1; friend=2; unknown=1,0,1,0,0,MOON|URANUS,MOON|direct|h0.18|n1.8|d360,URANUS|mirror|h0.18|n1.5|d360,da257cc651423fbc970c463a729e6352a171616d2137dcbead82f4c43c1e4f08
497,JUPITER|MOON :: conjunction_orb,5,BULLISH,BULLISH=2; UNKNOWN=1,LOSS=4; WIN=2,-0.03333333333333335,,,,,,,,repeated_across_timeframes; multiple_active_aspects; crowded_regime; hard_aspect,shadbala_avg=52.21 | fx_doctrine=UNKNOWN | fx_doctrine_net=0.0 | fx_conflict=0.0 | regime_active=6 | ml=LOSS=2,bearish_return,benefic + benefic,hard,2025-12-18 10:30:00+05:30,2025-12-18 15:30:00+05:30,2,1,1,0,LOSS=2,STOP_LOSS=2,-0.2,52.208333333333336,Neutral,0.0,6,UNKNOWN,0.0,0.0,,,,,0,0,0,0,URANUS,URANUS|mirror|h0.18|n1.5|d360,,7e14fb45d4af9441d852d0e6666b4034128911e1be26881849a9da1ca3a4e1ae
498,AVG(ALL)|SUN :: conjunction_orb,3,BEARISH,BEARISH=1; BULLISH=1,LOSS=4,-0.2,,,,,,,,repeated_across_timeframes; multiple_active_aspects; crowded_regime; strong_shadbala; base_enemy_sign; unknown_outer_or_node_dignity; avg_all_composite; hard_aspect,shadbala_avg=61.46 | quote_dignity=friend=1; neutral=1 | base_dignity=enemy=1; friend=1; neutral=4; unknown=2 | fx_doctrine=BULLISH | fx_doctrine_net=0.5341397364068432 | fx_conflict=0.0 | regime_active=4 | ml=LOSS=2,bearish_return,mixed_classical + malefic,hard,2025-12-19 17:30:00+05:30,2025-12-20 04:30:00+05:30,2,1,1,0,LOSS=2,STOP_LOSS=2,-0.2,61.458333333333336,Neutral,0.0,4,BULLISH,0.5341397364068432,0.0,natal friend 15V; transit unknown 0V,natal unknown 0V; transit friend 15V,friend=1; neutral=1,enemy=1; friend=1; neutral=4; unknown=2,0,1,0,0,MERCURY|NEPTUNE,MERCURY|direct|h0.18|n1.8|d360,NEPTUNE|direct|h0.18|n1.5|d360,608e9a346e2ef6443db20830c0a6d99eafd43560a5504d6b38b70d05230c9e93
499,AVG(ALL)|MOON :: trine,18,BULLISH,BEARISH=2; BULLISH=10; CONFLICT=2; UNKNOWN=2,LOSS=14; WIN=18,0.08124999999999999,,,,,,,,repeated_across_timeframes; high_recurrence_group; multiple_active_aspects; crowded_regime; strong_shadbala; quote_enemy_sign; base_enemy_sign; unknown_outer_or_node_dignity; avg_all_composite; soft_aspect,shadbala_avg=62.12 | quote_dignity=enemy=1; neutral=1 | base_dignity=enemy=2; friend=1; neutral=5; unknown=2 | fx_doctrine=BULLISH | fx_doctrine_net=0.1200566482982745 | fx_conflict=0.0 | regime_active=5 | ml=LOSS=2,bearish_return,mixed_classical + benefic,soft,2025-12-19 20:30:00+05:30,2025-12-20 04:30:00+05:30,2,1,1,0,LOSS=2,STOP_LOSS=2,-0.2,62.125,Neutral,0.0,5,BULLISH,0.1200566482982745,0.0,natal friend 15V; transit unknown 0V,,enemy=1; neutral=1,enemy=2; friend=1; neutral=5; unknown=2,1,2,0,0,MERCURY|NEPTUNE,MERCURY|direct|h0.18|n1.8|d360,NEPTUNE|direct|h0.18|n1.5|d360,884adfe506193a0330a6be93ab5426b16636df22ab298c7cfa28c28b42532da8
500,AVG(ALL)|MOON :: square,18,BEARISH,BEARISH=13; BULLISH=2,LOSS=7; WIN=21,0.16666666666666666,,,,,,,,repeated_across_timeframes; high_recurrence_group; multiple_active_aspects; crowded_regime; strong_shadbala; base_enemy_sign; unknown_outer_or_node_dignity; avg_all_composite; hard_aspect,shadbala_avg=62.53 | quote_dignity=friend=1; unknown=1 | base_dignity=enemy=1; neutral=2; unknown=1 | fx_doctrine=BEARISH | fx_doctrine_net=-0.4351623931177857 | fx_conflict=0.1777890869269449 | regime_active=6 | ml=WIN=2,bullish_return,mixed_classical + benefic,hard,2025-12-19 22:30:00+05:30,2025-12-20 01:30:00+05:30,2,1,1,0,WIN=2,TAKE_PROFIT=2,0.3,62.52777777777778,Neutral,0.0,6,BEARISH,-0.4351623931177857,0.1777890869269449,natal unknown 0V; transit debilitation 0V,,friend=1; unknown=1,enemy=1; neutral=2; unknown=1,0,1,0,0,MERCURY|NEPTUNE,MERCURY|direct|h0.18|n1.8|d360,NEPTUNE|direct|h0.18|n1.5|d360,627bbedb0135a3a67d3d42818db25dbd8f3d5cef652c5075d9b44158a0a50e91
501,AVG(ALL)|VENUS :: square,6,BEARISH,BEARISH=5; CONFLICT=1,LOSS=6; WIN=4,0.04999999999999999,,,,,,,,repeated_across_timeframes; multiple_active_aspects; crowded_regime; strong_shadbala; quote_enemy_sign; base_enemy_sign; unknown_outer_or_node_dignity; avg_all_composite; hard_aspect,shadbala_avg=62.67 | quote_dignity=enemy=1; friend=1; neutral=2 | base_dignity=enemy=1; neutral=2; unknown=1 | fx_doctrine=BEARISH | fx_doctrine_net=-0.2269283060734571 | fx_conflict=0.2570577173680649 | regime_active=7 | ml=LOSS=2,bearish_return,mixed_classical + benefic,hard,2025-12-19 23:30:00+05:30,2025-12-20 04:30:00+05:30,2,1,1,0,LOSS=2,STOP_LOSS=2,-0.2,62.66666666666666,Neutral,0.0,7,BEARISH,-0.2269283060734571,0.2570577173680649,natal unknown 0V; transit neutral 10V,,enemy=1; friend=1; neutral=2,enemy=1; neutral=2; unknown=1,1,1,0,0,MERCURY|NEPTUNE,MERCURY|direct|h0.18|n1.8|d360,NEPTUNE|direct|h0.18|n1.5|d360,c8bb2e24fec9dda5aa885ba02f7f55bd5d7e27ca047889b68f308d8ea352197f
502,KETU|MOON :: conjunction_orb,6,BULLISH,BEARISH=1; BULLISH=4,LOSS=5; WIN=4,-1.1102230246251566e-17,,,,,,,,repeated_across_timeframes; multiple_active_aspects; crowded_regime; strong_shadbala; base_enemy_sign; unknown_outer_or_node_dignity; hard_aspect,shadbala_avg=62.73 | base_dignity=enemy=1; friend=1; neutral=3; unknown=1 | fx_doctrine=BEARISH | fx_doctrine_net=-0.2221086060592886 | fx_conflict=0.2482097684122988 | regime_active=8 | ml=WIN=2,bullish_return,malefic + benefic,hard,2025-12-20 02:30:00+05:30,2025-12-20 04:30:00+05:30,2,1,1,0,WIN=2,TAKE_PROFIT=2,0.3,62.72916666666666,Neutral,0.0,8,BEARISH,-0.2221086060592886,0.2482097684122988,natal enemy 4V; transit neutral 10V,,,enemy=1; friend=1; neutral=3; unknown=1,0,1,0,0,NEPTUNE,NEPTUNE|direct|h0.18|n1.5|d360,,256680b5196b1b6b35fb6088fb3a5e99f00500059be3af9f2eecb2ff78c87fae
503,MOON|RAHU :: opposition_orb,6,BULLISH,BEARISH=2; BULLISH=2; CONFLICT=1,LOSS=5; WIN=4,-1.1102230246251566e-17,,,,,,,,repeated_across_timeframes; multiple_active_aspects; crowded_regime; strong_shadbala; base_enemy_sign; unknown_outer_or_node_dignity; hard_aspect,shadbala_avg=62.73 | base_dignity=enemy=1; neutral=2; unknown=1 | fx_doctrine=BEARISH | fx_doctrine_net=-0.3315837142172323 | fx_conflict=0.0 | regime_active=8 | ml=WIN=2,bullish_return,benefic + malefic,hard,2025-12-20 02:30:00+05:30,2025-12-20 04:30:00+05:30,2,1,1,0,WIN=2,TAKE_PROFIT=2,0.3,62.72916666666666,Neutral,0.0,8,BEARISH,-0.3315837142172323,0.0,natal enemy 4V; transit neutral 10V,,,enemy=1; neutral=2; unknown=1,0,1,0,0,NEPTUNE,NEPTUNE|direct|h0.18|n1.5|d360,,8d5cf393752bed673c6204a9b33f3e4274465cb01a6b2410bfb7a744e793bf69
504,MOON|SUN :: conjunction_orb,9,BULLISH,BEARISH=3; BULLISH=4; UNKNOWN=1,LOSS=5; WIN=10,0.11249999999999999,,,,,,,,repeated_across_timeframes; multiple_active_aspects; strong_shadbala; unknown_outer_or_node_dignity; hard_aspect,shadbala_avg=57.83 | quote_dignity=friend=1; unknown=1 | base_dignity=friend=1; neutral=1 | fx_doctrine=BULLISH | fx_doctrine_net=0.1201837183880848 | fx_conflict=0.0 | regime_active=3 | ml=WIN=2,bullish_return,benefic + malefic,hard,2025-12-22 16:30:00+05:30,2025-12-22 20:30:00+05:30,2,1,1,0,WIN=2,TAKE_PROFIT=2,0.3,57.833333333333336,Neutral,8.198433986099188,3,BULLISH,0.1201837183880848,0.0,natal friend 15V; transit neutral 10V,natal unknown 0V; transit friend 15V,friend=1; unknown=1,friend=1; neutral=1,0,0,0,0,NEPTUNE,NEPTUNE|direct|h0.18|n1.5|d360,,e9b58ee58e5d7ada8544707d96b6e4788c6e3d8581d20018f0454eecbb73c966
505,MERCURY|MOON :: conjunction_orb,8,BULLISH,BULLISH=7; CONFLICT=1,LOSS=6; WIN=10,0.11249999999999999,,,,,,,,repeated_across_timeframes; multiple_active_aspects; strong_shadbala; hard_aspect,shadbala_avg=57.17 | base_dignity=neutral=2 | fx_doctrine=BULLISH | fx_doctrine_net=0.051835501760095 | fx_conflict=0.0 | regime_active=2 | ml=WIN=2,bullish_return,benefic + benefic,hard,2025-12-23 09:30:00+05:30,2025-12-23 14:30:00+05:30,2,1,1,0,WIN=2,TAKE_PROFIT=2,0.3,57.16666666666666,Neutral,0.0,2,BULLISH,0.051835501760095,0.0,natal neutral 10V; transit neutral 10V,,,neutral=2,0,0,0,0,RAHU|URANUS,URANUS|mirror|h0.18|n1.5|d360,RAHU|direct|h0.18|n1.6|d360,75bbe3d0f420378996aece9ca8540cac929a3540db8f9ee0da179b2b02ebf821
506,MOON|RAHU :: trine,12,UNKNOWN,BEARISH=4; BULLISH=1; CONFLICT=2; UNKNOWN=5,LOSS=8; WIN=16,0.11818858220430173,,,,,,,,repeated_across_timeframes; high_recurrence_group; multiple_active_aspects; strong_shadbala; soft_aspect,shadbala_avg=57.14 | fx_doctrine=UNKNOWN | fx_doctrine_net=0.0 | fx_conflict=0.0 | regime_active=2 | ml=WIN=2,bullish_return,benefic + malefic,soft,2025-12-25 00:30:00+05:30,2025-12-25 03:30:00+05:30,2,1,1,0,WIN=2,TAKE_PROFIT=2,0.3,57.138888888888886,Neutral,0.0,2,UNKNOWN,0.0,0.0,,,,,0,0,0,0,RAHU|URANUS,URANUS|mirror|h0.18|n1.5|d360,RAHU|direct|h0.18|n1.6|d360,9fd675c9d26ef4372e518a899000c376c36ff7c4277a2d6856242202817b6f5d
507,MOON|VENUS :: conjunction_orb,5,CONFLICT,BEARISH=2; CONFLICT=3,IGNORE=2; LOSS=4; WIN=4,0.033601351394587656,,,,,,,,repeated_across_timeframes; multiple_active_aspects; hard_aspect,shadbala_avg=54.45 | base_dignity=neutral=1; own=1 | fx_doctrine=BEARISH | fx_doctrine_net=-0.1607593487836235 | fx_conflict=0.0 | regime_active=2 | ml=IGNORE=2,flat_or_small_return,benefic + benefic,hard,2025-12-26 08:30:00+05:30,2025-12-26 12:30:00+05:30,2,1,1,0,IGNORE=2,TIME_CLOSE_72H=2,-0.0319932430270617,54.44791666666666,Neutral,14.818319691823946,2,BEARISH,-0.1607593487836235,0.0,natal own 30V; transit neutral 10V,,,neutral=1; own=1,0,0,0,0,AVG(ALL)|URANUS,URANUS|mirror|h0.18|n1.5|d360,AVG(ALL)|direct|h0.18|n1.6|d360,b658815a3feacc2cbbf8790a79bb350eb9a8cbc6ca7e59d4fd21122b35117968
508,AVG(ALL)|MOON :: conjunction_orb,9,BULLISH,BEARISH=2; BULLISH=3; CONFLICT=1; UNKNOWN=2,LOSS=6; WIN=8,0.04999999999999999,,,,,,,,repeated_across_timeframes; multiple_active_aspects; unknown_outer_or_node_dignity; avg_all_composite; hard_aspect,shadbala_avg=55.54 | quote_dignity=neutral=1; unknown=1 | base_dignity=friend=1; unknown=1 | fx_doctrine=UNKNOWN | fx_doctrine_net=0.0 | fx_conflict=0.0 | regime_active=2 | ml=WIN=2,bullish_return,mixed_classical + benefic,hard,2025-12-27 01:30:00+05:30,2025-12-27 04:30:00+05:30,2,1,1,0,WIN=2,TAKE_PROFIT=2,0.3,55.54166666666666,Neutral,0.0,2,UNKNOWN,0.0,0.0,,,neutral=1; unknown=1,friend=1; unknown=1,0,0,0,0,AVG(ALL)|SATURN,AVG(ALL)|direct|h0.18|n1.6|d360,SATURN|direct|h0.18|n1.5|d360,e0497eb706d412d426d984c8724a25f3a572d218fb688c664b83f3a4ac9a0470
509,AVG(ALL)|MERCURY :: square,3,BULLISH,BULLISH=2; CONFLICT=1,LOSS=3; WIN=2,-0.03333333333333335,,,,,,,,repeated_across_timeframes; multiple_active_aspects; quote_enemy_sign; base_enemy_sign; unknown_outer_or_node_dignity; avg_all_composite; swing_duration_1d_to_5d; hard_aspect,shadbala_avg=53.28 | quote_dignity=enemy=1; friend=2; neutral=2; unknown=3 | base_dignity=enemy=1; neutral=1 | fx_doctrine=CONFLICT | fx_doctrine_net=-0.008199479897695 | fx_conflict=0.0 | regime_active=3 | ml=LOSS=2,bearish_return,mixed_classical + benefic,hard,2025-12-29 05:30:00+05:30,2025-12-30 06:30:00+05:30,2,0,1,1,LOSS=2,STOP_LOSS=2,-0.2,53.281666666666666,Neutral,0.0,3,CONFLICT,-0.008199479897695,0.0,natal unknown 0V; transit unknown 0V,,enemy=1; friend=2; neutral=2; unknown=3,enemy=1; neutral=1,1,1,0,0,AVG(ALL)|SATURN,AVG(ALL)|direct|h0.18|n1.6|d360,SATURN|direct|h0.18|n1.5|d360,17057219af561312c4e9a4a074003ed901aba308778e1a019856479440d3da09
510,MOON|SATURN :: square,15,CONFLICT,BEARISH=1; BULLISH=5; CONFLICT=7; UNKNOWN=1,LOSS=10; WIN=18,0.12648634697626365,,,,,,,,repeated_across_timeframes; high_recurrence_group; multiple_active_aspects; quote_enemy_sign; base_enemy_sign; unknown_outer_or_node_dignity; hard_aspect,shadbala_avg=53.08 | quote_dignity=enemy=1; neutral=2; unknown=1 | base_dignity=enemy=1; neutral=1 | fx_doctrine=BULLISH | fx_doctrine_net=0.2135990317702315 | fx_conflict=0.0 | regime_active=3 | ml=LOSS=2,bearish_return,benefic + malefic,hard,2025-12-29 05:30:00+05:30,2025-12-29 06:30:00+05:30,2,1,1,0,LOSS=2,STOP_LOSS=2,-0.2,53.083333333333336,Neutral,0.0,3,BULLISH,0.2135990317702315,0.0,natal enemy 4V; transit neutral 10V,natal enemy 4V; transit neutral 10V,enemy=1; neutral=2; unknown=1,enemy=1; neutral=1,1,1,0,0,AVG(ALL)|SATURN,AVG(ALL)|direct|h0.18|n1.6|d360,SATURN|direct|h0.18|n1.5|d360,9bccd8964c1e2fb6cc74cadbb5fce115fe8bf4166c7fda73e971041dfb41448b
511,KETU|MOON :: trine,14,UNKNOWN,BEARISH=1; BULLISH=1; UNKNOWN=10,LOSS=9; WIN=14,0.09166666666666666,,,,,,,,high_recurrence_group; multiple_active_aspects; soft_aspect,shadbala_avg=54.29 | fx_doctrine=UNKNOWN | fx_doctrine_net=0.0 | fx_conflict=0.0 | regime_active=3 | ml=LOSS=1,bearish_return,malefic + benefic,soft,2025-12-29 11:30:00+05:30,2025-12-29 14:30:00+05:30,1,0,1,0,LOSS=1,STOP_LOSS=1,-0.2,54.29166666666666,Neutral,0.0,3,UNKNOWN,0.0,0.0,,,,,0,0,0,0,MARS|URANUS,URANUS|mirror|h0.18|n1.5|d360,MARS|direct|h0.18|n1.7|d360,c1d528655f8ce173f83cb55e733bbc6cf453bd5245e0a286df0063142b4aad1c
512,MOON|SUN :: square,16,BEARISH,BEARISH=7; BULLISH=3; UNKNOWN=4,LOSS=13; WIN=13,0.04999999999999999,,,,,,,,high_recurrence_group; multiple_active_aspects; crowded_regime; unknown_outer_or_node_dignity; hard_aspect,shadbala_avg=54.29 | quote_dignity=friend=1; unknown=1 | fx_doctrine=BEARISH | fx_doctrine_net=-0.3200573390140002 | fx_conflict=0.0 | regime_active=4 | ml=LOSS=1,bearish_return,benefic + malefic,hard,2025-12-29 13:30:00+05:30,2025-12-29 16:30:00+05:30,1,0,1,0,LOSS=1,STOP_LOSS=1,-0.2,54.29166666666666,Neutral,0.0,4,BEARISH,-0.3200573390140002,0.0,,natal unknown 0V; transit friend 15V,friend=1; unknown=1,,0,0,0,0,MARS|URANUS,URANUS|mirror|h0.18|n1.5|d360,MARS|direct|h0.18|n1.7|d360,d33a8f1693aaf110b3f0ae730f129517526090711dde8cb1352d565ad2a4f49e
513,AVG(ALL)|RAHU :: trine,4,BULLISH,BEARISH=1; BULLISH=1; UNKNOWN=1,LOSS=2; WIN=4,0.13333333333333333,,,,,,,,repeated_across_timeframes; multiple_active_aspects; quote_enemy_sign; base_enemy_sign; unknown_outer_or_node_dignity; avg_all_composite; swing_duration_1d_to_5d; soft_aspect,shadbala_avg=51.91 | quote_dignity=enemy=1; friend=1; neutral=1; unknown=1 | base_dignity=enemy=1; friend=3; neutral=4; own=1; unknown=3 | fx_doctrine=UNKNOWN | fx_doctrine_net=0.0 | fx_conflict=0.0 | regime_active=3 | ml=LOSS=2,bearish_return,mixed_classical + malefic,soft,2025-12-29 18:30:00+05:30,2025-12-30 23:30:00+05:30,2,0,1,1,LOSS=2,STOP_LOSS=2,-0.2,51.91379310344828,Neutral,0.0,3,UNKNOWN,0.0,0.0,,,enemy=1; friend=1; neutral=1; unknown=1,enemy=1; friend=3; neutral=4; own=1; unknown=3,1,1,0,0,MARS|URANUS,URANUS|mirror|h0.18|n1.5|d360,MARS|direct|h0.18|n1.7|d360,38c0607aefd6fbe0374844af139b9db81bfdab282464b1b35603d0e7bd4af7c9
514,MERCURY|MOON :: square,16,BEARISH,BEARISH=6; BULLISH=3; CONFLICT=4,LOSS=15; WIN=10,-0.007692307692307703,,,,,,,,repeated_across_timeframes; high_recurrence_group; multiple_active_aspects; crowded_regime; hard_aspect,shadbala_avg=52.14 | base_dignity=neutral=2 | fx_doctrine=CONFLICT | fx_doctrine_net=0.0366720426145623 | fx_conflict=0.0 | regime_active=4 | ml=WIN=2,bullish_return,benefic + benefic,hard,2025-12-30 04:30:00+05:30,2025-12-30 07:30:00+05:30,2,1,1,0,WIN=2,TAKE_PROFIT=2,0.3,52.138888888888886,Neutral,0.0,4,CONFLICT,0.0366720426145623,0.0,natal neutral 10V; transit neutral 10V,,,neutral=2,0,0,0,0,RAHU|URANUS,RAHU|direct|h0.18|n1.6|d360,URANUS|mirror|h0.18|n1.5|d360,5b21a8b2bb8ea6f807ca135561952814f1ab6d88afe355a6c50119d9b4654bdb
515,AVG(ALL)|MOON :: square,18,BEARISH,BEARISH=13; BULLISH=2,LOSS=7; WIN=21,0.16666666666666666,,,,,,,,high_recurrence_group; multiple_active_aspects; crowded_regime; low_shadbala; quote_enemy_sign; unknown_outer_or_node_dignity; avg_all_composite; swing_duration_1d_to_5d; hard_aspect,shadbala_avg=49.63 | quote_dignity=enemy=1; friend=1; neutral=3; unknown=3 | base_dignity=friend=1; neutral=1 | fx_doctrine=BEARISH | fx_doctrine_net=-0.2062544005244188 | fx_conflict=0.0 | regime_active=4 | ml=LOSS=1,bearish_return,mixed_classical + benefic,hard,2025-12-30 07:30:00+05:30,2026-01-03 04:30:00+05:30,1,0,0,1,LOSS=1,STOP_LOSS=1,-0.2,49.62992831541219,Neutral,0.0,4,BEARISH,-0.2062544005244188,0.0,,natal unknown 0V; transit neutral 10V,enemy=1; friend=1; neutral=3; unknown=3,friend=1; neutral=1,1,0,0,0,RAHU|SUN,SUN|direct|h0.18|n1.7|d360,RAHU|direct|h0.18|n1.6|d360,ecd841ef3ba633b81d0cbe1c4b3b6ca6c30c79be972e330e2d12d9863be00914
516,KETU|MERCURY :: conjunction_orb,1,BEARISH,BEARISH=1,LOSS=2,-0.2,,,,,,,,repeated_across_timeframes; multiple_active_aspects; crowded_regime; low_shadbala; base_enemy_sign; unknown_outer_or_node_dignity; swing_duration_1d_to_5d; hard_aspect,shadbala_avg=49.60 | base_dignity=enemy=1; friend=1; neutral=3; unknown=1 | fx_doctrine=BEARISH | fx_doctrine_net=-0.4380423559581244 | fx_conflict=0.1096926493831265 | regime_active=5 | ml=LOSS=2,bearish_return,malefic + benefic,hard,2025-12-30 09:30:00+05:30,2026-01-01 04:30:00+05:30,2,0,1,1,LOSS=2,STOP_LOSS=2,-0.2,49.5968992248062,Neutral,0.0,5,BEARISH,-0.4380423559581244,0.1096926493831265,natal enemy 4V; transit neutral 10V,,,enemy=1; friend=1; neutral=3; unknown=1,0,1,0,0,MARS|RAHU,RAHU|direct|h0.18|n1.6|d360,MARS|direct|h0.18|n1.7|d360,ee353103ebcfcbb8eeea0c42321d29b45db9c3a4b15a813d1d644e11f69c2717
517,MERCURY|RAHU :: opposition_orb,1,BEARISH,BEARISH=1,LOSS=2,-0.2,,,,,,,,repeated_across_timeframes; multiple_active_aspects; crowded_regime; low_shadbala; base_enemy_sign; unknown_outer_or_node_dignity; swing_duration_1d_to_5d; hard_aspect,shadbala_avg=49.60 | base_dignity=enemy=1; neutral=2; unknown=1 | fx_doctrine=BEARISH | fx_doctrine_net=-0.4995964446668447 | fx_conflict=0.0 | regime_active=5 | ml=LOSS=2,bearish_return,benefic + malefic,hard,2025-12-30 09:30:00+05:30,2026-01-01 04:30:00+05:30,2,0,1,1,LOSS=2,STOP_LOSS=2,-0.2,49.5968992248062,Neutral,17.49336089570761,5,BEARISH,-0.4995964446668447,0.0,natal enemy 4V; transit neutral 10V,,,enemy=1; neutral=2; unknown=1,0,1,0,0,MARS|RAHU,RAHU|direct|h0.18|n1.6|d360,MARS|direct|h0.18|n1.7|d360,0df8d0d2e5f6cbfdb01b750725d41f0b8ebdb1d9d730ac3e4f2f322f6e081ed6
518,MARS|MOON :: square,16,BEARISH,BEARISH=9; BULLISH=4; CONFLICT=1; UNKNOWN=1,LOSS=18; WIN=11,-0.010549230209257576,,,,,,,,high_recurrence_group; multiple_active_aspects; crowded_regime; low_shadbala; quote_enemy_sign; unknown_outer_or_node_dignity; hard_aspect,shadbala_avg=48.56 | quote_dignity=enemy=1; exaltation=4; friend=1; unknown=2 | fx_doctrine=BEARISH | fx_doctrine_net=-0.8708469061847526 | fx_conflict=0.3218580916867455 | regime_active=5 | ml=WIN=1,bullish_return,malefic + benefic,hard,2025-12-31 19:30:00+05:30,2025-12-31 21:30:00+05:30,1,0,1,0,WIN=1,TIME_CLOSE_72H=1,0.1417615468611365,48.5625,Neutral,0.0,5,BEARISH,-0.8708469061847526,0.3218580916867455,,natal exaltation 60V; transit exaltation 60V,enemy=1; exaltation=4; friend=1; unknown=2,,1,0,0,0,MARS,MARS|direct|h0.18|n1.7|d360,,272f07392a5368385f7b6c21e04a423188525b3b6e5a01b44f7ccd4dbebbebf9
519,KETU|MOON :: opposition_orb,8,BEARISH,BEARISH=5; BULLISH=1,LOSS=5; WIN=6,0.04999999999999999,,,,,,,,multiple_active_aspects; low_shadbala; base_enemy_sign; unknown_outer_or_node_dignity; hard_aspect,shadbala_avg=48.88 | quote_dignity=friend=1; unknown=1 | base_dignity=enemy=1; friend=4; unknown=1 | fx_doctrine=BEARISH | fx_doctrine_net=-0.1211882631990386 | fx_conflict=0.3504627949442594 | regime_active=3 | ml=LOSS=1,bearish_return,malefic + benefic,hard,2026-01-02 12:30:00+05:30,2026-01-02 16:30:00+05:30,1,0,1,0,LOSS=1,STOP_LOSS=1,-0.2,48.875,Neutral,0.0,3,BEARISH,-0.1211882631990386,0.3504627949442594,natal enemy 4V; transit friend 15V,,friend=1; unknown=1,enemy=1; friend=4; unknown=1,0,1,0,0,MARS|SATURN,MARS|direct|h0.18|n1.7|d360,SATURN|direct|h0.18|n1.5|d360,c3564d60074e8c494b8bd7c3f0a2199fd6856bff892dedce673195df25e49cdb
520,MOON|RAHU :: conjunction_orb,8,BEARISH,BEARISH=5; BULLISH=1,LOSS=5; WIN=6,0.04999999999999999,,,,,,,,multiple_active_aspects; low_shadbala; base_enemy_sign; unknown_outer_or_node_dignity; hard_aspect,shadbala_avg=48.88 | quote_dignity=friend=1; unknown=1 | base_dignity=enemy=1; friend=2; unknown=1 | fx_doctrine=BEARISH | fx_doctrine_net=-0.2631996690540029 | fx_conflict=0.0 | regime_active=3 | ml=LOSS=1,bearish_return,benefic + malefic,hard,2026-01-02 12:30:00+05:30,2026-01-02 16:30:00+05:30,1,0,1,0,LOSS=1,STOP_LOSS=1,-0.2,48.875,Neutral,19.63530581570012,3,BEARISH,-0.2631996690540029,0.0,natal enemy 4V; transit friend 15V,,friend=1; unknown=1,enemy=1; friend=2; unknown=1,0,1,0,0,MARS|SATURN,MARS|direct|h0.18|n1.7|d360,SATURN|direct|h0.18|n1.5|d360,e9ec23a3657c7e7df8a7e7d6dec21c4f5a8a735d76973e3b1e356f596f4d9bf2
521,MARS|MOON :: trine,17,BULLISH,BEARISH=2; BULLISH=7; CONFLICT=6,LOSS=17; WIN=12,-1.1102230246251566e-17,,,,,,,,high_recurrence_group; multiple_active_aspects; low_shadbala; unknown_outer_or_node_dignity; soft_aspect,shadbala_avg=48.98 | quote_dignity=friend=3; unknown=3 | fx_doctrine=CONFLICT | fx_doctrine_net=-0.0427750045050731 | fx_conflict=0.4299297870934187 | regime_active=2 | ml=LOSS=1,bearish_return,malefic + benefic,soft,2026-01-02 19:30:00+05:30,2026-01-02 21:30:00+05:30,1,0,1,0,LOSS=1,STOP_LOSS=1,-0.2,48.97916666666666,Neutral,0.0,2,CONFLICT,-0.0427750045050731,0.4299297870934187,,natal unknown 0V; transit friend 15V,friend=3; unknown=3,,0,0,0,0,MARS|SATURN,MARS|direct|h0.18|n1.7|d360,SATURN|direct|h0.18|n1.5|d360,4ac2d874fd02a6ad139bedb9b127eb5931cb72cd15f59e26d935bd10e4503ff0
522,AVG(ALL)|RAHU :: trine,4,BULLISH,BEARISH=1; BULLISH=1; UNKNOWN=1,LOSS=2; WIN=4,0.13333333333333333,,,,,,,,not_in_current_candidate_csv; multiple_active_aspects; low_shadbala; unknown_outer_or_node_dignity; avg_all_composite; soft_aspect,shadbala_avg=48.91 | quote_dignity=friend=1; unknown=1 | base_dignity=own=1; unknown=1 | regime_active=2,,mixed_classical + malefic,soft,2026-01-02 22:30:00+05:30,2026-01-03 04:30:00+05:30,0,0,0,0,,,,48.90972222222222,Neutral,0.0,2,,,,,,friend=1; unknown=1,own=1; unknown=1,0,0,0,0,MARS|SUN,SUN|direct|h0.18|n1.7|d360,MARS|direct|h0.18|n1.7|d360,2b4b6a429990302bcb6ba66fde3bb411779cf012d1dd9589e0536c68fe6cec7b
523,MERCURY|MOON :: opposition_orb,7,BULLISH,BEARISH=2; BULLISH=4,LOSS=6; WIN=5,0.04999999999999999,,,,,,,,not_in_current_candidate_csv; hard_aspect,shadbala_avg=51.38 | base_dignity=neutral=2; own=2 | regime_active=1,,benefic + benefic,hard,2026-01-05 05:30:00+05:30,2026-01-05 09:30:00+05:30,0,0,0,0,,,,51.375,Neutral,0.0,1,,,,,,,neutral=2; own=2,0,0,0,0,MARS|VENUS,MARS|direct|h0.18|n1.7|d360,VENUS|direct|h0.18|n1.7|d360,84a1a4f42de957a6cc8b1fecf0e053d0aa1881c4f3015b4550e880bebbe3b8f1
524,JUPITER|MOON :: trine,16,BULLISH,BEARISH=1; BULLISH=12; CONFLICT=1; UNKNOWN=1,LOSS=20; WIN=8,-0.03333333333333335,,,,,,,,high_recurrence_group; multiple_active_aspects; soft_aspect,shadbala_avg=51.48 | base_dignity=neutral=1; own=1 | fx_doctrine=BULLISH | fx_doctrine_net=0.0674500477967588 | fx_conflict=0.0 | regime_active=2 | ml=WIN=1,bullish_return,benefic + benefic,soft,2026-01-05 06:30:00+05:30,2026-01-05 08:30:00+05:30,1,0,1,0,WIN=1,TAKE_PROFIT=1,0.3,51.47916666666666,Neutral,0.0,2,BULLISH,0.0674500477967588,0.0,natal neutral 10V; transit own 30V,,,neutral=1; own=1,0,0,0,0,MARS|MOON,MOON|mirror|h0.18|n1.7|d360,MARS|direct|h0.18|n1.7|d360,be0422f26d9ce081db08ed5cd1bd1e548c1ecc863d795b21d8eb8fabcdd810e2
525,KETU|MOON :: trine,14,UNKNOWN,BEARISH=1; BULLISH=1; UNKNOWN=10,LOSS=9; WIN=14,0.09166666666666666,,,,,,,,repeated_across_timeframes; high_recurrence_group; soft_aspect,shadbala_avg=53.81 | fx_doctrine=UNKNOWN | fx_doctrine_net=0.0 | fx_conflict=0.0 | regime_active=1 | ml=WIN=2,bullish_return,malefic + benefic,soft,2026-01-06 16:30:00+05:30,2026-01-06 19:30:00+05:30,2,1,1,0,WIN=2,TAKE_PROFIT=2,0.3,53.80555555555556,Neutral,0.0,1,UNKNOWN,0.0,0.0,,,,,0,0,0,0,URANUS,URANUS|mirror|h0.18|n1.5|d360,,becff2904ae427d6481d3e7eec7b038ff7e93b16b350deb41bf8d14707678e0b
526,MARS|MOON :: opposition_orb,8,BULLISH,BEARISH=2; BULLISH=4,LOSS=6; WIN=6,0.04999999999999999,,,,,,,,repeated_across_timeframes; unknown_outer_or_node_dignity; hard_aspect,shadbala_avg=53.04 | quote_dignity=exaltation=1; friend=2; unknown=1 | fx_doctrine=BULLISH | fx_doctrine_net=0.0631886018204973 | fx_conflict=0.4243608167757663 | regime_active=1 | ml=WIN=2,bullish_return,malefic + benefic,hard,2026-01-06 22:30:00+05:30,2026-01-07 02:30:00+05:30,2,1,1,0,WIN=2,TAKE_PROFIT=2,0.3,53.04166666666666,Neutral,0.0,1,BULLISH,0.0631886018204973,0.4243608167757663,,natal exaltation 60V; transit friend 15V,exaltation=1; friend=2; unknown=1,,0,0,0,0,AVG(ALL)|SATURN,AVG(ALL)|direct|h0.18|n1.6|d360,SATURN|direct|h0.18|n1.5|d360,75bf34e461d604a2fef0c4a72833a8175f84c8ba8db0ca87dd0bc6b706461ec3
527,JUPITER|MOON :: square,13,BEARISH,BEARISH=5; BULLISH=2; CONFLICT=3; UNKNOWN=2,LOSS=14; WIN=10,0.008333333333333323,,,,,,,,repeated_across_timeframes; high_recurrence_group; unknown_outer_or_node_dignity; hard_aspect,shadbala_avg=51.17 | quote_dignity=friend=1; unknown=1 | fx_doctrine=BEARISH | fx_doctrine_net=-0.3504174931126479 | fx_conflict=0.0 | regime_active=1 | ml=WIN=2,bullish_return,benefic + benefic,hard,2026-01-07 10:30:00+05:30,2026-01-07 12:30:00+05:30,2,1,1,0,WIN=2,TAKE_PROFIT=2,0.3,51.16666666666666,Neutral,0.0,1,BEARISH,-0.3504174931126479,0.0,,natal unknown 0V; transit friend 15V,friend=1; unknown=1,,0,0,0,0,AVG(ALL)|URANUS,URANUS|mirror|h0.18|n1.5|d360,AVG(ALL)|direct|h0.18|n1.6|d360,ce1fb0e322ac70974da7b508d7cb6a27e3bc47af7e697834ede66c91ea780b6a
528,MOON|VENUS :: opposition_orb,8,BEARISH,BEARISH=7; BULLISH=1,LOSS=6; WIN=9,0.11249999999999999,,,,,,,,repeated_across_timeframes; unknown_outer_or_node_dignity; hard_aspect,shadbala_avg=53.82 | base_dignity=neutral=1; unknown=1 | fx_doctrine=BULLISH | fx_doctrine_net=0.1158388751135798 | fx_conflict=0.0 | regime_active=1 | ml=WIN=2,bullish_return,benefic + benefic,hard,2026-01-07 23:30:00+05:30,2026-01-08 03:30:00+05:30,2,1,1,0,WIN=2,TAKE_PROFIT=2,0.3,53.82291666666666,Neutral,12.840974681905664,1,BULLISH,0.1158388751135798,0.0,natal unknown 0V; transit neutral 10V,,,neutral=1; unknown=1,0,0,0,0,AVG(ALL)|MOON,AVG(ALL)|direct|h0.18|n1.6|d360,MOON|mirror|h0.18|n1.8|d360,12037ac94a9e5f4402ffc4b1c2e061bfef38fbc10fc81d29af8df57bd205754f
529,AVG(ALL)|MOON :: opposition_orb,10,BEARISH,BEARISH=4; BULLISH=2; CONFLICT=3; UNKNOWN=1,LOSS=10; WIN=10,0.04999999999999999,,,,,,,,repeated_across_timeframes; high_recurrence_group; unknown_outer_or_node_dignity; avg_all_composite; hard_aspect,shadbala_avg=53.30 | quote_dignity=neutral=1; unknown=1 | base_dignity=friend=3; neutral=2; unknown=3 | fx_doctrine=UNKNOWN | fx_doctrine_net=0.0 | fx_conflict=0.0 | regime_active=1 | ml=WIN=2,bullish_return,mixed_classical + benefic,hard,2026-01-08 17:30:00+05:30,2026-01-08 21:30:00+05:30,2,1,1,0,WIN=2,TAKE_PROFIT=2,0.3,53.302083333333336,Neutral,0.0,1,UNKNOWN,0.0,0.0,,,neutral=1; unknown=1,friend=3; neutral=2; unknown=3,0,0,0,0,SATURN,SATURN|direct|h0.18|n1.5|d360,,577d6e0b6ee11c9edf7dfd5142aaa6ab2f5c94d0a3285402087635980b63700f
530,KETU|MOON :: square,14,BULLISH,BULLISH=11; CONFLICT=1,LOSS=20; WIN=4,-0.11666666666666668,,,,,,,,repeated_across_timeframes; high_recurrence_group; multiple_active_aspects; unknown_outer_or_node_dignity; hard_aspect,shadbala_avg=50.75 | quote_dignity=friend=1; unknown=1 | base_dignity=friend=2 | fx_doctrine=BULLISH | fx_doctrine_net=0.2757100548589222 | fx_conflict=0.0 | regime_active=2 | ml=WIN=2,bullish_return,malefic + benefic,hard,2026-01-08 23:30:00+05:30,2026-01-09 01:30:00+05:30,2,1,1,0,WIN=2,TAKE_PROFIT=2,0.3,50.75,Neutral,0.0,2,BULLISH,0.2757100548589222,0.0,natal friend 15V; transit friend 15V,,friend=1; unknown=1,friend=2,0,0,0,0,SATURN,SATURN|direct|h0.18|n1.5|d360,,93409b3a506651fb651dfa31ce8e8bb2bebd77deb2b35ffa0c592901c1c8873a
531,MOON|RAHU :: square,14,BULLISH,BEARISH=2; BULLISH=9; CONFLICT=1,LOSS=20; WIN=4,-0.11666666666666668,,,,,,,,repeated_across_timeframes; high_recurrence_group; multiple_active_aspects; unknown_outer_or_node_dignity; hard_aspect,shadbala_avg=50.75 | quote_dignity=friend=1; unknown=1 | base_dignity=friend=2; own=1; unknown=1 | fx_doctrine=BULLISH | fx_doctrine_net=0.0739521198310279 | fx_conflict=0.4225580338395478 | regime_active=2 | ml=WIN=2,bullish_return,benefic + malefic,hard,2026-01-08 23:30:00+05:30,2026-01-09 01:30:00+05:30,2,1,1,0,WIN=2,TAKE_PROFIT=2,0.3,50.75,Neutral,0.0,2,BULLISH,0.0739521198310279,0.4225580338395478,natal friend 15V; transit friend 15V,,friend=1; unknown=1,friend=2; own=1; unknown=1,0,0,0,0,SATURN,SATURN|direct|h0.18|n1.5|d360,,0aaa582c46728b161c3494f504f9dbad07053d9c8e94cd9440272be1e4dc2076
532,MERCURY|MOON :: trine,17,BULLISH,BEARISH=2; BULLISH=8; CONFLICT=2; UNKNOWN=2,LOSS=10; WIN=16,0.0857142857142857,,,,,,,,not_in_current_candidate_csv; high_recurrence_group; low_shadbala; unknown_outer_or_node_dignity; soft_aspect,shadbala_avg=49.71 | quote_dignity=neutral=1; unknown=1 | base_dignity=friend=1; neutral=1 | regime_active=1,,benefic + benefic,soft,2026-01-09 18:30:00+05:30,2026-01-09 21:30:00+05:30,0,0,0,0,,,,49.708333333333336,Neutral,0.0,1,,,,,,neutral=1; unknown=1,friend=1; neutral=1,0,0,0,0,NEPTUNE|SUN,NEPTUNE|direct|h0.18|n1.5|d360,SUN|direct|h0.18|n1.7|d360,5a8eafe8fe20ebb008a66405c2c4aa885ac0c2c5a0e3a48950c29386b3a5cffe
533,MERCURY|MOON :: square,16,BEARISH,BEARISH=6; BULLISH=3; CONFLICT=4,LOSS=15; WIN=10,-0.007692307692307703,,,,,,,,not_in_current_candidate_csv; high_recurrence_group; multiple_active_aspects; low_shadbala; hard_aspect,shadbala_avg=44.71 | base_dignity=neutral=2 | regime_active=3,,benefic + benefic,hard,2026-01-12 05:30:00+05:30,2026-01-12 08:30:00+05:30,0,0,0,0,,,,44.708333333333336,Neutral,0.0,3,,,,,,,neutral=2,0,0,0,0,MARS|SUN,MARS|direct|h0.18|n1.7|d360,SUN|direct|h0.18|n1.7|d360,a4f1cb421f9f0e0f8c84fb8aefc0aba7dbaa4f3f9c170390b24636b02c40bae5
534,SATURN|SUN :: opposition_orb,1,BULLISH,BULLISH=1,LOSS=1,-0.2,,,,,,,,multiple_active_aspects; low_shadbala; unknown_outer_or_node_dignity; malefic_pair; swing_duration_1d_to_5d; hard_aspect,shadbala_avg=43.03 | quote_dignity=neutral=1; unknown=1 | base_dignity=friend=1; neutral=1 | fx_doctrine=BULLISH | fx_doctrine_net=0.21156607101442 | fx_conflict=0.0 | regime_active=3 | ml=LOSS=1,bearish_return,malefic + malefic,hard,2026-01-12 05:30:00+05:30,2026-01-14 18:30:00+05:30,1,0,0,1,LOSS=1,STOP_LOSS=1,-0.2,43.03142076502732,Neutral,0.0,3,BULLISH,0.21156607101442,0.0,natal friend 15V; transit neutral 10V,natal unknown 0V; transit neutral 10V,neutral=1; unknown=1,friend=1; neutral=1,0,0,0,0,MARS|SUN,MARS|direct|h0.18|n1.7|d360,SUN|direct|h0.18|n1.7|d360,26ed2dacdcd785a9696471d44d509d22d822fecf4cec75f54113287c6c7f62b3
535,SATURN|VENUS :: opposition_orb,1,BULLISH,BULLISH=1,LOSS=1,-0.2,,,,,,,,multiple_active_aspects; low_shadbala; unknown_outer_or_node_dignity; swing_duration_1d_to_5d; hard_aspect,shadbala_avg=44.37 | quote_dignity=neutral=1; unknown=1 | base_dignity=friend=1; neutral=1 | fx_doctrine=BULLISH | fx_doctrine_net=0.21156607101442 | fx_conflict=0.0 | regime_active=3 | ml=LOSS=1,bearish_return,malefic + benefic,hard,2026-01-12 05:30:00+05:30,2026-01-13 06:30:00+05:30,1,0,0,1,LOSS=1,STOP_LOSS=1,-0.2,44.36666666666667,Neutral,0.0,3,BULLISH,0.21156607101442,0.0,natal friend 15V; transit neutral 10V,natal unknown 0V; transit neutral 10V,neutral=1; unknown=1,friend=1; neutral=1,0,0,0,0,MARS|SUN,MARS|direct|h0.18|n1.7|d360,SUN|direct|h0.18|n1.7|d360,8ad8130c784065cd7a4bea9b41e7ca1d82b4520549b96d59f9fdb48a71f0f7cb
536,MOON|VENUS :: trine,17,UNKNOWN,BEARISH=3; BULLISH=1; CONFLICT=5; UNKNOWN=6,LOSS=8; WIN=20,0.16666666666666666,,,,,,,,not_in_current_candidate_csv; high_recurrence_group; multiple_active_aspects; low_shadbala; quote_enemy_sign; soft_aspect,shadbala_avg=44.50 | quote_dignity=enemy=1; neutral=1 | regime_active=3,,benefic + benefic,soft,2026-01-12 20:30:00+05:30,2026-01-13 00:30:00+05:30,0,0,0,0,,,,44.5,Neutral,0.0,3,,,,,,enemy=1; neutral=1,,1,0,0,0,MARS|SUN,MARS|direct|h0.18|n1.7|d360,SUN|direct|h0.18|n1.7|d360,f16ea9d96f8a6c320e60133714da88deda378b61d8f18a03710429f487333464
537,MOON|SATURN :: trine,14,BULLISH,BEARISH=2; BULLISH=6; CONFLICT=3; UNKNOWN=1,LOSS=14; WIN=9,-0.004417769067450145,,,,,,,,not_in_current_candidate_csv; high_recurrence_group; multiple_active_aspects; low_shadbala; unknown_outer_or_node_dignity; soft_aspect,shadbala_avg=41.31 | quote_dignity=neutral=1; unknown=1 | base_dignity=friend=1; neutral=1 | regime_active=2,,benefic + malefic,soft,2026-01-13 13:30:00+05:30,2026-01-13 16:30:00+05:30,0,0,0,0,,,,41.30555555555556,Neutral,0.0,2,,,,,,neutral=1; unknown=1,friend=1; neutral=1,0,0,0,0,VENUS,VENUS|direct|h0.18|n1.7|d360,,92a6b34b51c3a5d9a02a5c315e10fc63e5025bb58a345c127d5eb388b0e08e90
538,AVG(ALL)|MOON :: trine,18,BULLISH,BEARISH=2; BULLISH=10; CONFLICT=2; UNKNOWN=2,LOSS=14; WIN=18,0.08124999999999999,,,,,,,,not_in_current_candidate_csv; high_recurrence_group; multiple_active_aspects; low_shadbala; quote_enemy_sign; base_enemy_sign; unknown_outer_or_node_dignity; avg_all_composite; soft_aspect,shadbala_avg=41.72 | quote_dignity=enemy=1; neutral=2; unknown=1 | base_dignity=enemy=2; friend=1; neutral=3; unknown=4 | regime_active=3,,mixed_classical + benefic,soft,2026-01-13 16:30:00+05:30,2026-01-13 19:30:00+05:30,0,0,0,0,,,,41.72222222222222,Neutral,0.0,3,,,,,,enemy=1; neutral=2; unknown=1,enemy=2; friend=1; neutral=3; unknown=4,1,2,0,0,VENUS,VENUS|direct|h0.18|n1.7|d360,,098c212ac57223626e108b74f0aab8f459c7b2afab5ae0e156019cd705ef36aa
539,JUPITER|MOON :: conjunction_orb,5,BULLISH,BULLISH=2; UNKNOWN=1,LOSS=4; WIN=2,-0.03333333333333335,,,,,,,,not_in_current_candidate_csv; multiple_active_aspects; low_shadbala; base_enemy_sign; unknown_outer_or_node_dignity; hard_aspect,shadbala_avg=44.25 | base_dignity=enemy=1; unknown=1 | regime_active=2,,benefic + benefic,hard,2026-01-14 17:30:00+05:30,2026-01-14 22:30:00+05:30,0,0,0,0,,,,44.25,Neutral,0.0,2,,,,,,,enemy=1; unknown=1,0,1,0,0,MARS|SUN,MARS|direct|h0.18|n1.7|d360,SUN|direct|h0.18|n1.7|d360,e083d20a00e59f003ed23b99c3215eab1eabf012f346314fc51e2609333ca990
540,MOON|VENUS :: square,12,BEARISH,BEARISH=8; BULLISH=1; CONFLICT=1,LOSS=12; WIN=7,-1.1102230246251566e-17,,,,,,,,not_in_current_candidate_csv; high_recurrence_group; low_shadbala; base_debilitation; hard_aspect,shadbala_avg=48.04 | base_dignity=debilitation=1; friend=2; own=1 | regime_active=1,,benefic + benefic,hard,2026-01-15 09:30:00+05:30,2026-01-15 12:30:00+05:30,0,0,0,0,,,,48.04166666666666,Neutral,0.0,1,,,,,,,debilitation=1; friend=2; own=1,0,0,0,1,MARS|SUN,MARS|direct|h0.18|n1.7|d360,SUN|direct|h0.18|n1.7|d360,b03495ba1089a594346c848986c797f79ad96181fcbc1ed7ba1945553e4b2368
541,MOON|VENUS :: trine,17,UNKNOWN,BEARISH=3; BULLISH=1; CONFLICT=5; UNKNOWN=6,LOSS=8; WIN=20,0.16666666666666666,,,,,,,,high_recurrence_group; low_shadbala; quote_debilitation; swing_duration_1d_to_5d; soft_aspect,shadbala_avg=49.51 | quote_dignity=debilitation=1; friend=1 | base_dignity=friend=2 | fx_doctrine=CONFLICT | fx_doctrine_net=-0.0042385058906827 | fx_conflict=0.0 | regime_active=1 | ml=WIN=1,bullish_return,benefic + benefic,soft,2026-01-15 15:30:00+05:30,2026-01-17 04:30:00+05:30,1,0,0,1,WIN=1,TAKE_PROFIT=1,0.3,49.51013513513514,Neutral,0.0,1,CONFLICT,-0.0042385058906827,0.0,natal friend 15V; transit friend 15V,natal friend 15V; transit debilitation 0V,debilitation=1; friend=1,friend=2,0,0,1,0,MARS|SUN,MARS|direct|h0.18|n1.7|d360,SUN|direct|h0.18|n1.7|d360,3bfa864e7f0ff3981b6607351a45d44db9679a6062127f7ec090848fe73ab26f
542,MERCURY|SATURN :: opposition_orb,1,BULLISH,BULLISH=1,LOSS=1,-0.2,,,,,,,,multiple_active_aspects; low_shadbala; unknown_outer_or_node_dignity; swing_duration_1d_to_5d; hard_aspect,shadbala_avg=49.57 | quote_dignity=neutral=1; unknown=1 | base_dignity=friend=1; neutral=1 | fx_doctrine=BULLISH | fx_doctrine_net=0.2180153009461602 | fx_conflict=0.0 | regime_active=2 | ml=LOSS=1,bearish_return,benefic + malefic,hard,2026-01-15 17:30:00+05:30,2026-01-17 04:30:00+05:30,1,0,1,0,LOSS=1,STOP_LOSS=1,-0.2,49.570238095238096,Neutral,4.210576619509537,2,BULLISH,0.2180153009461602,0.0,natal friend 15V; transit neutral 10V,natal unknown 0V; transit neutral 10V,neutral=1; unknown=1,friend=1; neutral=1,0,0,0,0,MARS|MOON,MARS|direct|h0.18|n1.7|d360,MOON|direct|h0.18|n1.8|d360,300c5d8987a1ba4e63bba6cf95924757eea89ec694036c81845ff5f4fd8f584f
543,AVG(ALL)|MOON :: square,18,BEARISH,BEARISH=13; BULLISH=2,LOSS=7; WIN=21,0.16666666666666666,,,,,,,,not_in_current_candidate_csv; high_recurrence_group; multiple_active_aspects; quote_enemy_sign; base_enemy_sign; base_debilitation; unknown_outer_or_node_dignity; avg_all_composite; hard_aspect,shadbala_avg=50.12 | quote_dignity=enemy=3; friend=1; neutral=1; unknown=1 | base_dignity=debilitation=2; enemy=4; friend=2; neutral=1; unknown=3 | regime_active=3,,mixed_classical + benefic,hard,2026-01-16 05:30:00+05:30,2026-01-16 08:30:00+05:30,0,0,0,0,,,,50.125,Neutral,0.0,3,,,,,,enemy=3; friend=1; neutral=1; unknown=1,debilitation=2; enemy=4; friend=2; neutral=1; unknown=3,3,4,0,2,MARS|SUN,MARS|direct|h0.18|n1.7|d360,SUN|direct|h0.18|n1.7|d360,aa2f3158ef4e20ff4de6b37a6e144473d1b2712ba8e67c7daa06aa559b5c3546
544,AVG(ALL)|RAHU :: trine,4,BULLISH,BEARISH=1; BULLISH=1; UNKNOWN=1,LOSS=2; WIN=4,0.13333333333333333,,,,,,,,repeated_across_timeframes; multiple_active_aspects; crowded_regime; low_shadbala; unknown_outer_or_node_dignity; avg_all_composite; soft_aspect,shadbala_avg=47.36 | quote_dignity=exaltation=1; neutral=2; unknown=1 | base_dignity=exaltation=1; friend=2; neutral=1; own=1; unknown=1 | fx_doctrine=BEARISH | fx_doctrine_net=-0.3735815082215665 | fx_conflict=0.0 | regime_active=4 | ml=WIN=2,bullish_return,mixed_classical + malefic,soft,2026-01-19 06:30:00+05:30,2026-01-19 23:30:00+05:30,2,1,1,0,WIN=2,TAKE_PROFIT=2,0.3,47.35539215686274,Neutral,0.0,4,BEARISH,-0.3735815082215665,0.0,natal own 30V; transit unknown 0V,,exaltation=1; neutral=2; unknown=1,exaltation=1; friend=2; neutral=1; own=1; unknown=1,0,0,0,0,NEPTUNE,NEPTUNE|direct|h0.18|n1.5|d360,,e3a1ea7184276bc0f15c9bcc37004686e8ef1d4d94b60f370179bbb1a29f1872
545,MERCURY|SUN :: conjunction_orb,2,BULLISH,BEARISH=1; BULLISH=1,LOSS=1; WIN=2,0.04999999999999999,,,,,,,,repeated_across_timeframes; multiple_active_aspects; crowded_regime; low_shadbala; swing_duration_1d_to_5d; hard_aspect,shadbala_avg=46.92 | base_dignity=friend=1; neutral=1 | fx_doctrine=BULLISH | fx_doctrine_net=0.2696266555064989 | fx_conflict=0.0 | regime_active=4 | ml=WIN=2,bullish_return,benefic + malefic,hard,2026-01-19 05:30:00+05:30,2026-01-20 21:30:00+05:30,2,0,1,1,WIN=2,TAKE_PROFIT=2,0.3,46.92083333333333,Neutral,24.07407616250793,4,BULLISH,0.2696266555064989,0.0,natal friend 15V; transit neutral 10V,,,friend=1; neutral=1,0,0,0,0,NEPTUNE,NEPTUNE|direct|h0.18|n1.5|d360,,3b92e45fcd01c53cbd19f6394d1cc4672e95581dde7894e03b7586c546da520d
546,MOON|SUN :: trine,16,BULLISH,BEARISH=4; BULLISH=5; CONFLICT=2; UNKNOWN=4,LOSS=20; WIN=10,-0.03333333333333335,,,,,,,,repeated_across_timeframes; high_recurrence_group; multiple_active_aspects; crowded_regime; low_shadbala; unknown_outer_or_node_dignity; soft_aspect,shadbala_avg=47.19 | quote_dignity=exaltation=1; neutral=2; unknown=1 | fx_doctrine=BEARISH | fx_doctrine_net=-0.0579728095043433 | fx_conflict=0.243909472131026 | regime_active=4 | ml=WIN=2,bullish_return,benefic + malefic,soft,2026-01-19 05:30:00+05:30,2026-01-19 15:30:00+05:30,2,1,1,0,WIN=2,TAKE_PROFIT=2,0.3,47.1875,Neutral,0.0,4,BEARISH,-0.0579728095043433,0.243909472131026,,natal unknown 0V; transit neutral 10V,exaltation=1; neutral=2; unknown=1,,0,0,0,0,NEPTUNE,NEPTUNE|direct|h0.18|n1.5|d360,,26ec4d54ed514cdc3e1ac4bd7662f5e5ed761ecb0b6f131920f0cef3aa9ae57d
547,MERCURY|MOON :: trine,17,BULLISH,BEARISH=2; BULLISH=8; CONFLICT=2; UNKNOWN=2,LOSS=10; WIN=16,0.0857142857142857,,,,,,,,repeated_across_timeframes; high_recurrence_group; multiple_active_aspects; crowded_regime; low_shadbala; swing_duration_1d_to_5d; soft_aspect,shadbala_avg=46.95 | base_dignity=friend=1; neutral=3 | fx_doctrine=BEARISH | fx_doctrine_net=-0.0653525055690383 | fx_conflict=0.4228917838532295 | regime_active=5 | ml=WIN=2,bullish_return,benefic + benefic,soft,2026-01-19 08:30:00+05:30,2026-01-20 12:30:00+05:30,2,0,1,1,WIN=2,TAKE_PROFIT=2,0.3,46.94940476190475,Neutral,0.0,5,BEARISH,-0.0653525055690383,0.4228917838532295,natal neutral 10V; transit neutral 10V,,,friend=1; neutral=3,0,0,0,0,NEPTUNE,NEPTUNE|direct|h0.18|n1.5|d360,,78fc5661a934787d8688bc7f219d8d6cadaaf97180db4dff28a7fddfa6eec060
548,AVG(ALL)|MOON :: square,18,BEARISH,BEARISH=13; BULLISH=2,LOSS=7; WIN=21,0.16666666666666666,,,,,,,,repeated_across_timeframes; high_recurrence_group; multiple_active_aspects; crowded_regime; low_shadbala; base_enemy_sign; unknown_outer_or_node_dignity; avg_all_composite; hard_aspect,shadbala_avg=47.07 | quote_dignity=neutral=1; unknown=1 | base_dignity=enemy=2; exaltation=1; friend=3; neutral=4; unknown=2 | fx_doctrine=BULLISH | fx_doctrine_net=0.1109777016391793 | fx_conflict=0.0 | regime_active=7 | ml=WIN=2,bullish_return,mixed_classical + benefic,hard,2026-01-19 15:30:00+05:30,2026-01-20 09:30:00+05:30,2,1,1,0,WIN=2,TAKE_PROFIT=2,0.3,47.067129629629626,Neutral,0.0,7,BULLISH,0.1109777016391793,0.0,natal neutral 10V; transit neutral 10V,,neutral=1; unknown=1,enemy=2; exaltation=1; friend=3; neutral=4; unknown=2,0,2,0,0,AVG(ALL),AVG(ALL)|direct|h0.18|n1.6|d360,,e7283e4f63d18efbb375c89d8d68d97c99b931d7140d88fda26c8a0a42116136
549,MERCURY|MOON :: conjunction_orb,8,BULLISH,BULLISH=7; CONFLICT=1,LOSS=6; WIN=10,0.11249999999999999,,,,,,,,repeated_across_timeframes; multiple_active_aspects; crowded_regime; low_shadbala; hard_aspect,shadbala_avg=47.75 | base_dignity=neutral=2 | fx_doctrine=BULLISH | fx_doctrine_net=0.1109777016391793 | fx_conflict=0.0 | regime_active=7 | ml=WIN=2,bullish_return,benefic + benefic,hard,2026-01-19 15:30:00+05:30,2026-01-19 20:30:00+05:30,2,1,1,0,WIN=2,TAKE_PROFIT=2,0.3,47.75,Neutral,0.0,7,BULLISH,0.1109777016391793,0.0,natal neutral 10V; transit neutral 10V,,,neutral=2,0,0,0,0,AVG(ALL),AVG(ALL)|direct|h0.18|n1.6|d360,,10defff27f5f2fbd8b155bde3536d5ce3b2215111c12c535c895b97ba07b3392
550,MARS|MOON :: trine,17,BULLISH,BEARISH=2; BULLISH=7; CONFLICT=6,LOSS=17; WIN=12,-1.1102230246251566e-17,,,,,,,,repeated_across_timeframes; high_recurrence_group; multiple_active_aspects; crowded_regime; low_shadbala; swing_duration_1d_to_5d; soft_aspect,shadbala_avg=49.26 | base_dignity=exaltation=1; friend=1; neutral=1; own=1 | fx_doctrine=BULLISH | fx_doctrine_net=0.1493639014699791 | fx_conflict=0.2666798677653654 | regime_active=6 | ml=LOSS=2,bearish_return,malefic + benefic,soft,2026-01-20 05:30:00+05:30,2026-01-22 17:30:00+05:30,2,0,1,1,LOSS=2,STOP_LOSS=2,-0.2,49.26319444444445,Neutral,0.0,6,BULLISH,0.1493639014699791,0.2666798677653654,natal friend 15V; transit exaltation 60V,,,exaltation=1; friend=1; neutral=1; own=1,0,0,0,0,AVG(ALL),AVG(ALL)|direct|h0.18|n1.6|d360,,61648da4937589ec4d0cc28d4706d76d4d54f5716ea310f560b7bf33f03184ca
551,AVG(ALL)|MARS :: conjunction_orb,1,CONFLICT,CONFLICT=1,LOSS=2,-0.2,,,,,,,,repeated_across_timeframes; multiple_active_aspects; crowded_regime; low_shadbala; quote_enemy_sign; base_enemy_sign; unknown_outer_or_node_dignity; avg_all_composite; swing_duration_1d_to_5d; hard_aspect,shadbala_avg=49.12 | quote_dignity=enemy=3; neutral=2; unknown=1 | base_dignity=enemy=1; unknown=1 | fx_doctrine=CONFLICT | fx_doctrine_net=0.0305301626818849 | fx_conflict=0.0 | regime_active=4 | ml=LOSS=2,bearish_return,mixed_classical + malefic,hard,2026-01-20 14:30:00+05:30,2026-01-21 16:30:00+05:30,2,0,1,1,LOSS=2,STOP_LOSS=2,-0.2,49.11538461538461,Neutral,21.89364279484835,4,CONFLICT,0.0305301626818849,0.0,natal friend 15V; transit exaltation 60V,natal unknown 0V; transit unknown 0V,enemy=3; neutral=2; unknown=1,enemy=1; unknown=1,3,1,0,0,AVG(ALL),AVG(ALL)|direct|h0.18|n1.6|d360,,e17dc5533bd52a5f73dba2e1fabb8870dc889dab11fb9e7a1fa06178abb49c8f
552,MOON|RAHU :: trine,12,UNKNOWN,BEARISH=4; BULLISH=1; CONFLICT=2; UNKNOWN=5,LOSS=8; WIN=16,0.11818858220430173,,,,,,,,repeated_across_timeframes; high_recurrence_group; multiple_active_aspects; crowded_regime; unknown_outer_or_node_dignity; soft_aspect,shadbala_avg=51.06 | base_dignity=own=1; unknown=1 | fx_doctrine=BEARISH | fx_doctrine_net=-0.2304029634036954 | fx_conflict=0.0 | regime_active=4 | ml=LOSS=2,bearish_return,benefic + malefic,soft,2026-01-21 06:30:00+05:30,2026-01-21 08:30:00+05:30,2,1,1,0,LOSS=2,STOP_LOSS=2,-0.2,51.0625,Neutral,0.0,4,BEARISH,-0.2304029634036954,0.0,natal own 30V; transit unknown 0V,,,own=1; unknown=1,0,0,0,0,MOON,MOON|direct|h0.18|n1.6|d360,,40d8d618fb74eb820215c718da2cf3e12e02d4fe5b502480fdf21ee466599990
553,KETU|MOON :: square,14,BULLISH,BULLISH=11; CONFLICT=1,LOSS=20; WIN=4,-0.11666666666666668,,,,,,,,repeated_across_timeframes; high_recurrence_group; multiple_active_aspects; unknown_outer_or_node_dignity; hard_aspect,shadbala_avg=50.47 | quote_dignity=neutral=1; unknown=1 | base_dignity=friend=1; neutral=1 | fx_doctrine=BULLISH | fx_doctrine_net=0.1202894774304225 | fx_conflict=0.0 | regime_active=3 | ml=LOSS=2,bearish_return,malefic + benefic,hard,2026-01-23 12:30:00+05:30,2026-01-23 15:30:00+05:30,2,1,1,0,LOSS=2,STOP_LOSS=2,-0.2,50.47222222222222,Neutral,0.0,3,BULLISH,0.1202894774304225,0.0,natal friend 15V; transit neutral 10V,,neutral=1; unknown=1,friend=1; neutral=1,0,0,0,0,MOON|SATURN,MOON|direct|h0.18|n1.5|d360,SATURN|direct|h0.18|n1.5|d360,926a5c0c08641cb2c17db7c302f02ab1623d3dc303c4f3187f5deb1dffb09486
554,MARS|SUN :: conjunction_orb,2,BEARISH,BEARISH=2,LOSS=1; WIN=2,0.04999999999999999,,,,,,,,multiple_active_aspects; low_shadbala; quote_enemy_sign; base_enemy_sign; malefic_pair; swing_duration_1d_to_5d; hard_aspect,shadbala_avg=49.08 | quote_dignity=enemy=1; exaltation=1 | base_dignity=enemy=1; neutral=1 | fx_doctrine=BEARISH | fx_doctrine_net=-0.6710558838974456 | fx_conflict=0.0 | regime_active=3 | ml=LOSS=1,bearish_return,malefic + malefic,hard,2026-01-19 19:30:00+05:30,2026-01-23 14:30:00+05:30,1,0,1,0,LOSS=1,STOP_LOSS=1,-0.2,49.0782967032967,Neutral,24.31975609553092,3,BEARISH,-0.6710558838974456,0.0,natal neutral 10V; transit enemy 4V,natal enemy 4V; transit exaltation 60V,enemy=1; exaltation=1,enemy=1; neutral=1,1,1,0,0,MOON|SATURN,MOON|direct|h0.18|n1.5|d360,SATURN|direct|h0.18|n1.5|d360,481de5eb8d96ecf6da9463e46456b716c7b20faf4cd0d05f0313f689a3cf83d3
555,MOON|RAHU :: square,14,BULLISH,BEARISH=2; BULLISH=9; CONFLICT=1,LOSS=20; WIN=4,-0.11666666666666668,,,,,,,,repeated_across_timeframes; high_recurrence_group; multiple_active_aspects; unknown_outer_or_node_dignity; hard_aspect,shadbala_avg=50.47 | quote_dignity=neutral=1; unknown=1 | base_dignity=friend=1; neutral=1; own=1; unknown=1 | fx_doctrine=BEARISH | fx_doctrine_net=-0.0955028861145479 | fx_conflict=0.3579172176673174 | regime_active=3 | ml=LOSS=2,bearish_return,benefic + malefic,hard,2026-01-23 12:30:00+05:30,2026-01-23 15:30:00+05:30,2,1,1,0,LOSS=2,STOP_LOSS=2,-0.2,50.47222222222222,Neutral,0.0,3,BEARISH,-0.0955028861145479,0.3579172176673174,natal own 30V; transit unknown 0V,,neutral=1; unknown=1,friend=1; neutral=1; own=1; unknown=1,0,0,0,0,MOON|SATURN,MOON|direct|h0.18|n1.5|d360,SATURN|direct|h0.18|n1.5|d360,2b8f0f3695e964024618f7cd98daae9fe1d7ad2c42d59732f823eb625ca347a7
556,AVG(ALL)|VENUS :: conjunction_orb,3,BEARISH,BEARISH=2; BULLISH=1,LOSS=3; WIN=1,-0.03333333333333335,,,,,,,,multiple_active_aspects; low_shadbala; quote_enemy_sign; base_enemy_sign; unknown_outer_or_node_dignity; avg_all_composite; swing_duration_1d_to_5d; hard_aspect,shadbala_avg=47.98 | quote_dignity=enemy=1; exaltation=1; friend=1; neutral=4; unknown=1 | base_dignity=enemy=2; neutral=1; unknown=1 | fx_doctrine=BEARISH | fx_doctrine_net=-0.2790054122730351 | fx_conflict=0.0 | regime_active=2 | ml=LOSS=1,bearish_return,mixed_classical + benefic,hard,2026-01-26 05:30:00+05:30,2026-01-27 10:30:00+05:30,1,0,0,1,LOSS=1,STOP_LOSS=1,-0.2,47.97701149425287,Neutral,25.050796011103103,2,BEARISH,-0.2790054122730351,0.0,,natal neutral 10V; transit friend 15V,enemy=1; exaltation=1; friend=1; neutral=4; unknown=1,enemy=2; neutral=1; unknown=1,1,2,0,0,KETU|VENUS,VENUS|direct|h0.18|n1.6|d360,KETU|mirror|h0.18|n1.7|d360,4be8969b7d88ef3cd4eccb1bfd689102e125bf01b77909d55afb82a33200cc9d
557,MERCURY|SUN :: conjunction_orb,2,BULLISH,BEARISH=1; BULLISH=1,LOSS=1; WIN=2,0.04999999999999999,,,,,,,,multiple_active_aspects; low_shadbala; base_enemy_sign; swing_duration_1d_to_5d; hard_aspect,shadbala_avg=47.97 | quote_dignity=neutral=2 | base_dignity=enemy=1; neutral=1 | fx_doctrine=BEARISH | fx_doctrine_net=-0.2271332509160782 | fx_conflict=0.0 | regime_active=2 | ml=LOSS=1,bearish_return,benefic + malefic,hard,2026-01-26 05:30:00+05:30,2026-01-29 00:30:00+05:30,1,0,0,1,LOSS=1,STOP_LOSS=1,-0.2,47.973880597014926,Neutral,0.0,2,BEARISH,-0.2271332509160782,0.0,natal neutral 10V; transit enemy 4V,natal neutral 10V; transit neutral 10V,neutral=2,enemy=1; neutral=1,0,1,0,0,KETU|VENUS,VENUS|direct|h0.18|n1.6|d360,KETU|mirror|h0.18|n1.7|d360,6ea9bd2d9c3066644a94aa19e3a7bc2313848f2473f303f8bc51dea583222f41
558,MERCURY|MOON :: square,16,BEARISH,BEARISH=6; BULLISH=3; CONFLICT=4,LOSS=15; WIN=10,-0.007692307692307703,,,,,,,,repeated_across_timeframes; high_recurrence_group; multiple_active_aspects; low_shadbala; unknown_outer_or_node_dignity; hard_aspect,shadbala_avg=48.98 | quote_dignity=neutral=3; unknown=1 | fx_doctrine=BEARISH | fx_doctrine_net=-0.4952484205083301 | fx_conflict=0.0 | regime_active=3 | ml=LOSS=2,bearish_return,benefic + benefic,hard,2026-01-26 11:30:00+05:30,2026-01-26 13:30:00+05:30,2,1,1,0,LOSS=2,STOP_LOSS=2,-0.2,48.97916666666666,Neutral,0.0,3,BEARISH,-0.4952484205083301,0.0,,natal neutral 10V; transit neutral 10V,neutral=3; unknown=1,,0,0,0,0,MARS|PLUTO,MARS|direct|h0.18|n1.6|d360,PLUTO|direct|h0.18|n1.6|d360,07f79ab995d4ce5626cae61a1beb1622361cc437405e7682cce65c624363e1df
559,MOON|VENUS :: square,12,BEARISH,BEARISH=8; BULLISH=1; CONFLICT=1,LOSS=12; WIN=7,-1.1102230246251566e-17,,,,,,,,repeated_across_timeframes; high_recurrence_group; low_shadbala; hard_aspect,shadbala_avg=48.06 | base_dignity=exaltation=1; friend=1; own=2 | fx_doctrine=BEARISH | fx_doctrine_net=-0.8092137824001313 | fx_conflict=0.0 | regime_active=1 | ml=LOSS=2,bearish_return,benefic + benefic,hard,2026-01-29 02:30:00+05:30,2026-01-29 04:30:00+05:30,2,1,1,0,LOSS=2,STOP_LOSS=2,-0.2,48.0625,Neutral,0.0,1,BEARISH,-0.8092137824001313,0.0,natal own 30V; transit exaltation 60V,,,exaltation=1; friend=1; own=2,0,0,0,0,JUPITER|PLUTO,JUPITER|mirror|h0.18|n1.6|d360,PLUTO|direct|h0.18|n1.6|d360,7e1d9677256fbec48b89076009558f42a331a6578b691d69e29021f4771ceaf0
560,AVG(ALL)|MOON :: square,18,BEARISH,BEARISH=13; BULLISH=2,LOSS=7; WIN=21,0.16666666666666666,,,,,,,,repeated_across_timeframes; high_recurrence_group; low_shadbala; quote_enemy_sign; base_enemy_sign; unknown_outer_or_node_dignity; avg_all_composite; hard_aspect,shadbala_avg=45.88 | quote_dignity=enemy=2; friend=1; neutral=2; unknown=1 | base_dignity=enemy=3; exaltation=2; friend=1; neutral=1; own=2; unknown=3 | fx_doctrine=BEARISH | fx_doctrine_net=-1.20106025499972 | fx_conflict=0.1029137222635931 | regime_active=1 | ml=LOSS=2,bearish_return,mixed_classical + benefic,hard,2026-01-29 18:30:00+05:30,2026-01-29 20:30:00+05:30,2,1,1,0,LOSS=2,STOP_LOSS=2,-0.2,45.875,Neutral,0.0,1,BEARISH,-1.20106025499972,0.1029137222635931,natal unknown 0V; transit exaltation 60V,,enemy=2; friend=1; neutral=2; unknown=1,enemy=3; exaltation=2; friend=1; neutral=1; own=2; unknown=3,2,3,0,0,JUPITER,JUPITER|mirror|h0.18|n1.6|d360,,e62f01516806938e2c9a70d6af45043f3ae08e1b3c73d504ea75decc5008c258
561,KETU|MOON :: opposition_orb,8,BEARISH,BEARISH=5; BULLISH=1,LOSS=5; WIN=6,0.04999999999999999,,,,,,,,repeated_across_timeframes; multiple_active_aspects; low_shadbala; unknown_outer_or_node_dignity; hard_aspect,shadbala_avg=45.46 | quote_dignity=friend=1; unknown=1 | base_dignity=friend=2 | fx_doctrine=BULLISH | fx_doctrine_net=0.2909046512753889 | fx_conflict=0.0 | regime_active=2 | ml=WIN=2,bullish_return,malefic + benefic,hard,2026-01-29 21:30:00+05:30,2026-01-30 01:30:00+05:30,2,1,1,0,WIN=2,TAKE_PROFIT=2,0.3,45.458333333333336,Neutral,0.0,2,BULLISH,0.2909046512753889,0.0,natal friend 15V; transit friend 15V,,friend=1; unknown=1,friend=2,0,0,0,0,JUPITER,JUPITER|mirror|h0.18|n1.6|d360,,661308e26b47f9faa1accc648f7b778202bdbdd4b6fb9d716f06d57bfa493a6d
562,MOON|RAHU :: conjunction_orb,8,BEARISH,BEARISH=5; BULLISH=1,LOSS=5; WIN=6,0.04999999999999999,,,,,,,,repeated_across_timeframes; multiple_active_aspects; low_shadbala; unknown_outer_or_node_dignity; hard_aspect,shadbala_avg=45.46 | quote_dignity=friend=1; unknown=1 | base_dignity=friend=2; own=1; unknown=1 | fx_doctrine=BULLISH | fx_doctrine_net=0.0812301389076204 | fx_conflict=0.4188638433165727 | regime_active=2 | ml=WIN=2,bullish_return,benefic + malefic,hard,2026-01-29 21:30:00+05:30,2026-01-30 01:30:00+05:30,2,1,1,0,WIN=2,TAKE_PROFIT=2,0.3,45.458333333333336,Neutral,12.087309825269587,2,BULLISH,0.0812301389076204,0.4188638433165727,natal friend 15V; transit friend 15V,,friend=1; unknown=1,friend=2; own=1; unknown=1,0,0,0,0,JUPITER,JUPITER|mirror|h0.18|n1.6|d360,,534c88ad105f1056e25c0e581b66e62ed65be917e2e9aa4c3d1f6b71d2aba275
563,MARS|MOON :: trine,17,BULLISH,BEARISH=2; BULLISH=7; CONFLICT=6,LOSS=17; WIN=12,-1.1102230246251566e-17,,,,,,,,repeated_across_timeframes; high_recurrence_group; low_shadbala; soft_aspect,shadbala_avg=45.39 | base_dignity=exaltation=1; neutral=1 | fx_doctrine=CONFLICT | fx_doctrine_net=0.0 | fx_conflict=0.0 | regime_active=1 | ml=WIN=2,bullish_return,malefic + benefic,soft,2026-01-30 04:30:00+05:30,2026-01-30 07:30:00+05:30,2,1,1,0,WIN=2,TAKE_PROFIT=2,0.3,45.388888888888886,Neutral,0.0,1,CONFLICT,0.0,0.0,,,,exaltation=1; neutral=1,0,0,0,0,JUPITER|PLUTO,JUPITER|mirror|h0.18|n1.6|d360,PLUTO|direct|h0.18|n1.6|d360,c11bcc2b53b9df2871251a3f06ef0e02342a752737137a6abff38ec8985e9e73
564,MARS|MERCURY :: conjunction_orb,2,BEARISH,BEARISH=1; BULLISH=1,LOSS=4,-0.2,,,,,,,,repeated_across_timeframes; low_shadbala; unknown_outer_or_node_dignity; swing_duration_1d_to_5d; hard_aspect,shadbala_avg=46.93 | quote_dignity=exaltation=1; unknown=1 | base_dignity=neutral=1; unknown=1 | fx_doctrine=BEARISH | fx_doctrine_net=-0.1408338942577315 | fx_conflict=0.0 | regime_active=1 | ml=LOSS=2,bearish_return,malefic + benefic,hard,2026-01-31 04:30:00+05:30,2026-02-03 23:30:00+05:30,2,0,1,1,LOSS=2,STOP_LOSS=2,-0.2,46.93131868131868,Neutral,23.199487970839524,1,BEARISH,-0.1408338942577315,0.0,natal unknown 0V; transit neutral 10V,natal unknown 0V; transit exaltation 60V,exaltation=1; unknown=1,neutral=1; unknown=1,0,0,0,0,AVG(ALL)|KETU,KETU|mirror|h0.18|n1.7|d360,AVG(ALL)|direct|h0.18|n1.5|d360,b55d7b0219341c8bceb1ff52edfd16924057340b237561dbd38f15f3b20d365f
565,KETU|MOON :: trine,14,UNKNOWN,BEARISH=1; BULLISH=1; UNKNOWN=10,LOSS=9; WIN=14,0.09166666666666666,,,,,,,,repeated_across_timeframes; high_recurrence_group; multiple_active_aspects; low_shadbala; soft_aspect,shadbala_avg=48.94 | fx_doctrine=UNKNOWN | fx_doctrine_net=0.0 | fx_conflict=0.0 | regime_active=2 | ml=LOSS=2,bearish_return,malefic + benefic,soft,2026-02-03 02:30:00+05:30,2026-02-03 05:30:00+05:30,2,1,1,0,LOSS=2,STOP_LOSS=2,-0.2,48.94444444444444,Neutral,0.0,2,UNKNOWN,0.0,0.0,,,,,0,0,0,0,RAHU|SUN,RAHU|direct|h0.18|n1.6|d360,SUN|direct|h0.18|n1.6|d360,ccfa803aba5af202b6376ff6c09604a0c667b9b8486496c83943ecbcfdcc1e10
566,JUPITER|MOON :: square,13,BEARISH,BEARISH=5; BULLISH=2; CONFLICT=3; UNKNOWN=2,LOSS=14; WIN=10,0.008333333333333323,,,,,,,,repeated_across_timeframes; high_recurrence_group; multiple_active_aspects; low_shadbala; quote_enemy_sign; base_enemy_sign; unknown_outer_or_node_dignity; hard_aspect,shadbala_avg=48.77 | quote_dignity=enemy=1; friend=1 | base_dignity=enemy=2; unknown=2 | fx_doctrine=BEARISH | fx_doctrine_net=-0.6272230241340402 | fx_conflict=0.0 | regime_active=2 | ml=LOSS=2,bearish_return,benefic + benefic,hard,2026-02-03 20:30:00+05:30,2026-02-03 22:30:00+05:30,2,1,1,0,LOSS=2,STOP_LOSS=2,-0.2,48.770833333333336,Neutral,0.0,2,BEARISH,-0.6272230241340402,0.0,natal unknown 0V; transit enemy 4V,natal friend 15V; transit enemy 4V,enemy=1; friend=1,enemy=2; unknown=2,1,2,0,0,RAHU|SUN,RAHU|direct|h0.18|n1.6|d360,SUN|direct|h0.18|n1.6|d360,4b2747c8cf87e7c95ea249a609ef9c6643910656520755af304ce6ea1790de7c
567,MOON|VENUS :: opposition_orb,8,BEARISH,BEARISH=7; BULLISH=1,LOSS=6; WIN=9,0.11249999999999999,,,,,,,,repeated_across_timeframes; low_shadbala; hard_aspect,shadbala_avg=48.82 | base_dignity=friend=1; own=1 | fx_doctrine=BEARISH | fx_doctrine_net=-0.120948800975367 | fx_conflict=0.0 | regime_active=1 | ml=WIN=2,bullish_return,benefic + benefic,hard,2026-02-04 09:30:00+05:30,2026-02-04 13:30:00+05:30,2,1,1,0,WIN=2,TAKE_PROFIT=2,0.3,48.82291666666666,Neutral,13.295888630121908,1,BEARISH,-0.120948800975367,0.0,natal own 30V; transit friend 15V,,,friend=1; own=1,0,0,0,0,MOON|URANUS,URANUS|mirror|h0.18|n1.5|d360,MOON|mirror|h0.18|n1.8|d360,bfab583e0bb18a622a508be67d7e4b318ed8ae316b5a3f744b2053e940e6ceb6
568,MERCURY|MOON :: square,16,BEARISH,BEARISH=6; BULLISH=3; CONFLICT=4,LOSS=15; WIN=10,-0.007692307692307703,,,,,,,,high_recurrence_group; multiple_active_aspects; low_shadbala; quote_enemy_sign; unknown_outer_or_node_dignity; swing_duration_1d_to_5d; hard_aspect,shadbala_avg=48.93 | quote_dignity=enemy=1; exaltation=1; friend=3; unknown=1 | fx_doctrine=BEARISH | fx_doctrine_net=-0.7611909697956781 | fx_conflict=0.1045701662479736 | regime_active=2 | ml=LOSS=1,bearish_return,benefic + benefic,hard,2026-02-05 16:30:00+05:30,2026-02-06 18:30:00+05:30,1,0,0,1,LOSS=1,STOP_LOSS=1,-0.2,48.93269230769231,Neutral,0.0,2,BEARISH,-0.7611909697956781,0.1045701662479736,,natal enemy 4V; transit friend 15V,enemy=1; exaltation=1; friend=3; unknown=1,,1,0,0,0,SATURN|VENUS,SATURN|direct|h0.18|n1.5|d360,VENUS|direct|h0.18|n1.6|d360,3a75dd75b1e924c9ad5eb3978c80c688229245174a65743675e7f04267c33c67
569,MERCURY|RAHU :: trine,1,BEARISH,BEARISH=1,LOSS=1,-0.2,,,,,,,,multiple_active_aspects; unknown_outer_or_node_dignity; swing_duration_1d_to_5d; soft_aspect,shadbala_avg=50.88 | base_dignity=own=1; unknown=1 | fx_doctrine=BEARISH | fx_doctrine_net=-0.0921282767169973 | fx_conflict=0.0 | regime_active=2 | ml=LOSS=1,bearish_return,benefic + malefic,soft,2026-02-05 02:30:00+05:30,2026-02-06 04:30:00+05:30,1,0,0,1,LOSS=1,STOP_LOSS=1,-0.2,50.87820512820513,Neutral,0.0,2,BEARISH,-0.0921282767169973,0.0,natal own 30V; transit unknown 0V,,,own=1; unknown=1,0,0,0,0,SATURN|VENUS,SATURN|direct|h0.18|n1.5|d360,VENUS|direct|h0.18|n1.6|d360,217ae4948ed899eed488560b3c4f338be3c571b34e3e810e268df03fa31d2dae
570,MARS|MERCURY :: conjunction_orb,2,BEARISH,BEARISH=1; BULLISH=1,LOSS=4,-0.2,,,,,,,,repeated_across_timeframes; low_shadbala; unknown_outer_or_node_dignity; hard_aspect,shadbala_avg=47.42 | quote_dignity=exaltation=1; neutral=2; unknown=1 | fx_doctrine=BULLISH | fx_doctrine_net=0.1893947100265439 | fx_conflict=0.1137744316080435 | regime_active=1 | ml=LOSS=2,bearish_return,malefic + benefic,hard,2026-02-07 01:30:00+05:30,2026-02-07 04:30:00+05:30,2,1,1,0,LOSS=2,STOP_LOSS=2,-0.2,47.41666666666666,Neutral,6.639407482230126,1,BULLISH,0.1893947100265439,0.1137744316080435,,natal exaltation 60V; transit neutral 10V,exaltation=1; neutral=2; unknown=1,,0,0,0,0,SATURN,SATURN|direct|h0.18|n1.5|d360,,b7fb7e1189eee1a17765a889fe5911ee875ff015fb456d4ec26944a87dca311a
571,MOON|VENUS :: trine,17,UNKNOWN,BEARISH=3; BULLISH=1; CONFLICT=5; UNKNOWN=6,LOSS=8; WIN=20,0.16666666666666666,,,,,,,,repeated_across_timeframes; high_recurrence_group; multiple_active_aspects; low_shadbala; soft_aspect,shadbala_avg=47.10 | fx_doctrine=UNKNOWN | fx_doctrine_net=0.0 | fx_conflict=0.0 | regime_active=2 | ml=WIN=2,bullish_return,benefic + benefic,soft,2026-02-09 05:30:00+05:30,2026-02-09 07:30:00+05:30,2,1,1,0,WIN=2,TAKE_PROFIT=2,0.3,47.10416666666666,Neutral,0.0,2,UNKNOWN,0.0,0.0,,,,,0,0,0,0,NEPTUNE|SATURN,SATURN|direct|h0.18|n1.5|d360,NEPTUNE|direct|h0.18|n1.5|d360,ed8c52edf2c04c79044b5025d0c253b9a09c3f28e8f0bb30ea301f7904d8f4d6
572,RAHU|VENUS :: trine,2,UNKNOWN,BEARISH=1; UNKNOWN=1,WIN=4,0.3,,,,,,,,repeated_across_timeframes; multiple_active_aspects; low_shadbala; unknown_outer_or_node_dignity; soft_aspect,shadbala_avg=47.10 | base_dignity=own=1; unknown=1 | fx_doctrine=BEARISH | fx_doctrine_net=-0.1016517668211278 | fx_conflict=0.0 | regime_active=2 | ml=WIN=2,bullish_return,malefic + benefic,soft,2026-02-09 05:30:00+05:30,2026-02-09 07:30:00+05:30,2,1,1,0,WIN=2,TAKE_PROFIT=2,0.3,47.10416666666666,Neutral,0.0,2,BEARISH,-0.1016517668211278,0.0,natal own 30V; transit unknown 0V,,,own=1; unknown=1,0,0,0,0,NEPTUNE|SATURN,SATURN|direct|h0.18|n1.5|d360,NEPTUNE|direct|h0.18|n1.5|d360,16c3e48fe9b79f0a394f816dcf8e3a0268380ce22b6d3b3f4e17e84f6cda2190
573,MOON|SATURN :: trine,14,BULLISH,BEARISH=2; BULLISH=6; CONFLICT=3; UNKNOWN=1,LOSS=14; WIN=9,-0.004417769067450145,,,,,,,,repeated_across_timeframes; high_recurrence_group; low_shadbala; unknown_outer_or_node_dignity; soft_aspect,shadbala_avg=42.74 | quote_dignity=neutral=3; unknown=3 | fx_doctrine=BULLISH | fx_doctrine_net=0.2882338887138415 | fx_conflict=0.0036040408784672 | regime_active=1 | ml=LOSS=2,bearish_return,benefic + malefic,soft,2026-02-09 20:30:00+05:30,2026-02-10 00:30:00+05:30,2,1,1,0,LOSS=2,STOP_LOSS=2,-0.2,42.739583333333336,Neutral,0.0,1,BULLISH,0.2882338887138415,0.0036040408784672,,natal unknown 0V; transit neutral 10V,neutral=3; unknown=3,,0,0,0,0,MARS|RAHU,MARS|direct|h0.18|n1.6|d360,RAHU|direct|h0.18|n1.6|d360,b1f9c672478e5615561d0dbb0a88535ae030d6eb6185ec25ab74a4dae3b14ed7
574,AVG(ALL)|MOON :: trine,18,BULLISH,BEARISH=2; BULLISH=10; CONFLICT=2; UNKNOWN=2,LOSS=14; WIN=18,0.08124999999999999,,,,,,,,repeated_across_timeframes; high_recurrence_group; low_shadbala; quote_enemy_sign; base_enemy_sign; unknown_outer_or_node_dignity; avg_all_composite; soft_aspect,shadbala_avg=41.89 | quote_dignity=enemy=2; friend=2; neutral=1; unknown=1 | base_dignity=enemy=1; neutral=1; unknown=2 | fx_doctrine=BULLISH | fx_doctrine_net=0.4423013443819364 | fx_conflict=0.0 | regime_active=1 | ml=LOSS=2,bearish_return,mixed_classical + benefic,soft,2026-02-10 00:30:00+05:30,2026-02-10 03:30:00+05:30,2,1,1,0,LOSS=2,STOP_LOSS=2,-0.2,41.888888888888886,Neutral,0.0,1,BULLISH,0.4423013443819364,0.0,,natal enemy 4V; transit neutral 10V,enemy=2; friend=2; neutral=1; unknown=1,enemy=1; neutral=1; unknown=2,2,1,0,0,MARS|RAHU,MARS|direct|h0.18|n1.6|d360,RAHU|direct|h0.18|n1.6|d360,708f89bddacf7599b80a3ad76910eea815552c2fbb36a42a5dd5c26c1a131585
575,MARS|VENUS :: conjunction_orb,1,BEARISH,BEARISH=1,LOSS=1,-0.2,,,,,,,,multiple_active_aspects; low_shadbala; unknown_outer_or_node_dignity; swing_duration_1d_to_5d; hard_aspect,shadbala_avg=47.12 | quote_dignity=exaltation=1; friend=2; unknown=1 | base_dignity=exaltation=1; own=1 | fx_doctrine=BEARISH | fx_doctrine_net=-0.209861205525879 | fx_conflict=0.172514790221169 | regime_active=2 | ml=LOSS=1,bearish_return,malefic + benefic,hard,2026-02-10 11:30:00+05:30,2026-02-12 19:30:00+05:30,1,0,1,0,LOSS=1,STOP_LOSS=1,-0.2,47.117559523809526,Neutral,0.0,2,BEARISH,-0.209861205525879,0.172514790221169,natal own 30V; transit exaltation 60V,natal unknown 0V; transit friend 15V,exaltation=1; friend=2; unknown=1,exaltation=1; own=1,0,0,0,0,KETU|MOON,MOON|direct|h0.18|n1.8|d360,KETU|mirror|h0.18|n1.7|d360,498e0f8c991c46af67668bbbd026b7f215653a024ef6ca0bfed393a33aac6738
576,JUPITER|MERCURY :: square,2,BULLISH,BULLISH=1; CONFLICT=1,WIN=4,0.3,,,,,,,,repeated_across_timeframes; multiple_active_aspects; low_shadbala; quote_enemy_sign; swing_duration_1d_to_5d; hard_aspect,shadbala_avg=46.61 | quote_dignity=enemy=1; friend=1 | base_dignity=neutral=1; own=1 | fx_doctrine=CONFLICT | fx_doctrine_net=-0.0099356328517263 | fx_conflict=0.0 | regime_active=2 | ml=WIN=2,bullish_return,benefic + benefic,hard,2026-02-10 19:30:00+05:30,2026-02-11 23:30:00+05:30,2,0,1,1,WIN=2,TAKE_PROFIT=2,0.3,46.60863095238095,Neutral,0.0,2,CONFLICT,-0.0099356328517263,0.0,natal own 30V; transit neutral 10V,natal friend 15V; transit enemy 4V,enemy=1; friend=1,neutral=1; own=1,1,0,0,0,JUPITER|PLUTO,JUPITER|mirror|h0.18|n1.6|d360,PLUTO|direct|h0.18|n1.6|d360,55a1c86807b2f39aab396be2b97b0fb50dfa7efb62b2fdc9dbc9222b19706fb3
577,MOON|VENUS :: square,12,BEARISH,BEARISH=8; BULLISH=1; CONFLICT=1,LOSS=12; WIN=7,-1.1102230246251566e-17,,,,,,,,repeated_across_timeframes; high_recurrence_group; multiple_active_aspects; low_shadbala; base_debilitation; hard_aspect,shadbala_avg=49.04 | quote_dignity=exaltation=1; friend=1 | base_dignity=debilitation=1; own=1 | fx_doctrine=BEARISH | fx_doctrine_net=-0.1332498443268278 | fx_conflict=0.0 | regime_active=3 | ml=LOSS=2,bearish_return,benefic + benefic,hard,2026-02-11 17:30:00+05:30,2026-02-11 20:30:00+05:30,2,1,1,0,LOSS=2,STOP_LOSS=2,-0.2,49.04166666666666,Neutral,0.0,3,BEARISH,-0.1332498443268278,0.0,natal own 30V; transit debilitation 0V,natal exaltation 60V; transit friend 15V,exaltation=1; friend=1,debilitation=1; own=1,0,0,0,1,AVG(ALL)|JUPITER,AVG(ALL)|direct|h0.18|n1.5|d360,JUPITER|mirror|h0.18|n1.6|d360,50e22392bcc415e1077d502c4d92ac288d93c067bbd1103acbb77d9ca94c85f4
578,AVG(ALL)|MOON :: square,18,BEARISH,BEARISH=13; BULLISH=2,LOSS=7; WIN=21,0.16666666666666666,,,,,,,,repeated_across_timeframes; high_recurrence_group; multiple_active_aspects; unknown_outer_or_node_dignity; avg_all_composite; hard_aspect,shadbala_avg=50.29 | quote_dignity=friend=1; neutral=3; unknown=2 | base_dignity=friend=1; neutral=1 | fx_doctrine=BEARISH | fx_doctrine_net=-0.5489599316760807 | fx_conflict=0.0 | regime_active=2 | ml=WIN=2,bullish_return,mixed_classical + benefic,hard,2026-02-12 13:30:00+05:30,2026-02-12 16:30:00+05:30,2,1,1,0,WIN=2,TAKE_PROFIT=2,0.3,50.29166666666666,Neutral,0.0,2,BEARISH,-0.5489599316760807,0.0,natal unknown 0V; transit debilitation 0V,natal friend 15V; transit unknown 0V,friend=1; neutral=3; unknown=2,friend=1; neutral=1,0,0,0,0,MOON,MOON|direct|h0.18|n1.7|d360,,65be524872732b063c5537073d9e45656da6338069991ba9012cb51d61ebc632
579,KETU|MOON :: conjunction_orb,6,BULLISH,BEARISH=1; BULLISH=4,LOSS=5; WIN=4,-1.1102230246251566e-17,,,,,,,,not_in_current_candidate_csv; multiple_active_aspects; unknown_outer_or_node_dignity; hard_aspect,shadbala_avg=50.75 | quote_dignity=neutral=1; unknown=1 | base_dignity=friend=1; neutral=1 | regime_active=3,,malefic + benefic,hard,2026-02-12 17:30:00+05:30,2026-02-12 22:30:00+05:30,0,0,0,0,,,,50.75,Neutral,0.0,3,,,,,,neutral=1; unknown=1,friend=1; neutral=1,0,0,0,0,MERCURY|MOON,MOON|direct|h0.18|n1.7|d360,MERCURY|direct|h0.18|n1.5|d360,f6d8564ef9afa33f05387c06e418d4fd83f9ab45999622c0a4810e65eb9c1288
580,MOON|RAHU :: opposition_orb,6,BULLISH,BEARISH=2; BULLISH=2; CONFLICT=1,LOSS=5; WIN=4,-1.1102230246251566e-17,,,,,,,,not_in_current_candidate_csv; multiple_active_aspects; unknown_outer_or_node_dignity; hard_aspect,shadbala_avg=50.75 | quote_dignity=neutral=1; unknown=1 | base_dignity=friend=1; neutral=1; own=1; unknown=1 | regime_active=3,,benefic + malefic,hard,2026-02-12 17:30:00+05:30,2026-02-12 22:30:00+05:30,0,0,0,0,,,,50.75,Neutral,18.78852456383356,3,,,,,,neutral=1; unknown=1,friend=1; neutral=1; own=1; unknown=1,0,0,0,0,MERCURY|MOON,MOON|direct|h0.18|n1.7|d360,MERCURY|direct|h0.18|n1.5|d360,555220be4d013d9f1d7ef735b4cd02b5a81182757d788a2a993816f27a98b82a
581,JUPITER|VENUS :: square,3,UNKNOWN,BEARISH=1; UNKNOWN=2,WIN=5,0.3,,,,,,,,repeated_across_timeframes; multiple_active_aspects; crowded_regime; low_shadbala; hard_aspect,shadbala_avg=47.05 | fx_doctrine=UNKNOWN | fx_doctrine_net=0.0 | fx_conflict=0.0 | regime_active=4 | ml=WIN=2,bullish_return,benefic + benefic,hard,2026-02-16 05:30:00+05:30,2026-02-17 05:30:00+05:30,2,1,1,0,WIN=2,TAKE_PROFIT=2,0.3,47.045138888888886,Neutral,0.0,4,UNKNOWN,0.0,0.0,,,,,0,0,0,0,VENUS,VENUS|direct|h0.18|n1.5|d360,,c6488c6f821f4357e434512102cac7afb7bfef12624e17197ab1a1ef63b1ea78
582,MERCURY|VENUS :: conjunction_orb,1,BEARISH,BEARISH=1,WIN=2,0.3,,,,,,,,repeated_across_timeframes; multiple_active_aspects; crowded_regime; low_shadbala; swing_duration_1d_to_5d; hard_aspect,shadbala_avg=47.72 | base_dignity=neutral=1; own=1 | fx_doctrine=BEARISH | fx_doctrine_net=-0.4343741585326057 | fx_conflict=0.0 | regime_active=4 | ml=WIN=2,bullish_return,benefic + benefic,hard,2026-02-16 05:30:00+05:30,2026-02-17 12:30:00+05:30,2,0,1,1,WIN=2,TAKE_PROFIT=2,0.3,47.72043010752688,Neutral,25.59266271218804,4,BEARISH,-0.4343741585326057,0.0,natal own 30V; transit neutral 10V,,,neutral=1; own=1,0,0,0,0,VENUS,VENUS|direct|h0.18|n1.5|d360,,d7bee972875f37a2bb0387d9a7c67e60c4c760672987b127557dc131133dc261
583,RAHU|SUN :: trine,1,BEARISH,BEARISH=1,WIN=2,0.3,,,,,,,,repeated_across_timeframes; multiple_active_aspects; crowded_regime; low_shadbala; unknown_outer_or_node_dignity; malefic_pair; soft_aspect,shadbala_avg=46.97 | base_dignity=own=1; unknown=1 | fx_doctrine=BEARISH | fx_doctrine_net=-0.0585890736365733 | fx_conflict=0.0 | regime_active=4 | ml=WIN=2,bullish_return,malefic + malefic,soft,2026-02-16 05:30:00+05:30,2026-02-17 04:30:00+05:30,2,1,1,0,WIN=2,TAKE_PROFIT=2,0.3,46.96557971014493,Neutral,0.0,4,BEARISH,-0.0585890736365733,0.0,natal own 30V; transit unknown 0V,,,own=1; unknown=1,0,0,0,0,VENUS,VENUS|direct|h0.18|n1.5|d360,,31c21cb9b0730fb781534bb7abb145a6ed39acecaf9119213ab506a3880e482a
584,MARS|MOON :: conjunction_orb,5,BULLISH,BEARISH=1; BULLISH=4,IGNORE=2; LOSS=6; WIN=2,-0.05779368344548831,,,,,,,,repeated_across_timeframes; multiple_active_aspects; unknown_outer_or_node_dignity; hard_aspect,shadbala_avg=51.83 | quote_dignity=exaltation=1; neutral=1 | base_dignity=exaltation=1; unknown=1 | fx_doctrine=BULLISH | fx_doctrine_net=0.0596529372194481 | fx_conflict=0.0 | regime_active=2 | ml=LOSS=2,bearish_return,malefic + benefic,hard,2026-02-17 19:30:00+05:30,2026-02-18 00:30:00+05:30,2,1,1,0,LOSS=2,STOP_LOSS=2,-0.2,51.833333333333336,Neutral,0.0,2,BULLISH,0.0596529372194481,0.0,natal unknown 0V; transit exaltation 60V,natal exaltation 60V; transit neutral 10V,exaltation=1; neutral=1,exaltation=1; unknown=1,0,0,0,0,JUPITER|PLUTO,PLUTO|direct|h0.18|n1.6|d360,JUPITER|mirror|h0.18|n1.6|d360,91eb06701c2f93d335d2fcf0256970f297c28680d4aebba909b416ca587c6aac
585,MOON|SUN :: square,16,BEARISH,BEARISH=7; BULLISH=3; UNKNOWN=4,LOSS=13; WIN=13,0.04999999999999999,,,,,,,,repeated_across_timeframes; high_recurrence_group; multiple_active_aspects; low_shadbala; swing_duration_1d_to_5d; hard_aspect,shadbala_avg=49.28 | quote_dignity=exaltation=1; neutral=1 | fx_doctrine=BULLISH | fx_doctrine_net=0.0641051577246628 | fx_conflict=0.0 | regime_active=2 | ml=LOSS=2,bearish_return,benefic + malefic,hard,2026-02-16 06:30:00+05:30,2026-02-18 05:30:00+05:30,2,0,1,1,LOSS=2,STOP_LOSS=2,-0.2,49.27570921985816,Neutral,0.0,2,BULLISH,0.0641051577246628,0.0,,natal exaltation 60V; transit neutral 10V,exaltation=1; neutral=1,,0,0,0,0,JUPITER|PLUTO,PLUTO|direct|h0.18|n1.6|d360,JUPITER|mirror|h0.18|n1.6|d360,f7ad17d28e7f455eb14d7cee13031c7b34f102c56d75797781721e94dfd4fcb4
586,JUPITER|MOON :: square,13,BEARISH,BEARISH=5; BULLISH=2; CONFLICT=3; UNKNOWN=2,LOSS=14; WIN=10,0.008333333333333323,,,,,,,,repeated_across_timeframes; high_recurrence_group; hard_aspect,shadbala_avg=51.79 | fx_doctrine=UNKNOWN | fx_doctrine_net=0.0 | fx_conflict=0.0 | regime_active=1 | ml=WIN=2,bullish_return,benefic + benefic,hard,2026-02-18 07:30:00+05:30,2026-02-18 10:30:00+05:30,2,1,1,0,WIN=2,TAKE_PROFIT=2,0.3,51.79166666666666,Neutral,0.0,1,UNKNOWN,0.0,0.0,,,,,0,0,0,0,MOON|VENUS,MOON|direct|h0.18|n1.5|d360,VENUS|direct|h0.18|n1.5|d360,d004b1c51dca77d9bd0195cdecb90536a6c3f656ec8e1ec59316f71cb4573666
587,AVG(ALL)|SATURN :: trine,3,,,,,,,,,,,,not_in_current_candidate_csv; quote_enemy_sign; unknown_outer_or_node_dignity; avg_all_composite; soft_aspect,shadbala_avg=52.54 | quote_dignity=enemy=1; unknown=1 | base_dignity=neutral=1; unknown=1 | regime_active=1,,mixed_classical + malefic,soft,2026-02-18 14:30:00+05:30,2026-02-19 09:30:00+05:30,0,0,0,0,,,,52.53728070175438,Neutral,0.0,1,,,,,,enemy=1; unknown=1,neutral=1; unknown=1,1,0,0,0,MOON|VENUS,VENUS|direct|h0.18|n1.5|d360,MOON|direct|h0.18|n1.5|d360,4bc1be1b488819a016f704696b319476ad4709f1e593ec1e7170a1a44feb17d4
588,MARS|SUN :: conjunction_orb,2,BEARISH,BEARISH=2,LOSS=1; WIN=2,0.04999999999999999,,,,,,,,repeated_across_timeframes; multiple_active_aspects; quote_enemy_sign; unknown_outer_or_node_dignity; malefic_pair; swing_duration_1d_to_5d; hard_aspect,shadbala_avg=52.91 | quote_dignity=enemy=2; exaltation=1; unknown=1 | base_dignity=exaltation=1; unknown=1 | fx_doctrine=BEARISH | fx_doctrine_net=-0.1447710301463295 | fx_conflict=0.0 | regime_active=2 | ml=WIN=2,bullish_return,malefic + malefic,hard,2026-02-18 15:30:00+05:30,2026-02-21 04:30:00+05:30,2,0,1,1,WIN=2,TAKE_PROFIT=2,0.3,52.90505464480874,Neutral,0.0,2,BEARISH,-0.1447710301463295,0.0,natal unknown 0V; transit exaltation 60V,natal exaltation 60V; transit enemy 4V,enemy=2; exaltation=1; unknown=1,exaltation=1; unknown=1,2,0,0,0,PLUTO|VENUS,VENUS|direct|h0.18|n1.5|d360,PLUTO|direct|h0.18|n1.6|d360,2fb09dca8fd160ae6e8d2587d375f48df331d2d380f2e3f506fa5bd897e17e70
589,MOON|VENUS :: conjunction_orb,5,CONFLICT,BEARISH=2; CONFLICT=3,IGNORE=2; LOSS=4; WIN=4,0.033601351394587656,,,,,,,,repeated_across_timeframes; multiple_active_aspects; hard_aspect,shadbala_avg=51.79 | quote_dignity=friend=2 | base_dignity=neutral=1; own=1 | fx_doctrine=CONFLICT | fx_doctrine_net=0.0460273947960042 | fx_conflict=0.0 | regime_active=3 | ml=WIN=2,bullish_return,benefic + benefic,hard,2026-02-18 20:30:00+05:30,2026-02-19 00:30:00+05:30,2,1,1,0,WIN=2,TAKE_PROFIT=2,0.3,51.79166666666666,Neutral,11.15374455252322,3,CONFLICT,0.0460273947960042,0.0,natal own 30V; transit neutral 10V,natal friend 15V; transit friend 15V,friend=2,neutral=1; own=1,0,0,0,0,JUPITER|VENUS,VENUS|direct|h0.18|n1.5|d360,JUPITER|mirror|h0.18|n1.6|d360,c66ff4adb752ca4b9509d8be7aeb937c16626370c00ae0c569c4957a26cfdb3c
590,MOON|SATURN :: trine,14,BULLISH,BEARISH=2; BULLISH=6; CONFLICT=3; UNKNOWN=1,LOSS=14; WIN=9,-0.004417769067450145,,,,,,,,not_in_current_candidate_csv; high_recurrence_group; multiple_active_aspects; unknown_outer_or_node_dignity; soft_aspect,shadbala_avg=53.15 | quote_dignity=neutral=3; unknown=3 | regime_active=3,,benefic + malefic,soft,2026-02-19 11:30:00+05:30,2026-02-19 13:30:00+05:30,0,0,0,0,,,,53.145833333333336,Neutral,0.0,3,,,,,,neutral=3; unknown=3,,0,0,0,0,KETU|MERCURY,KETU|mirror|h0.18|n1.7|d360,MERCURY|direct|h0.18|n1.5|d360,a9f1b98bf24913dc61647860a7c7422568720327c7aa5dcdbf2a6153c769a793
591,AVG(ALL)|MOON :: conjunction_orb,9,BULLISH,BEARISH=2; BULLISH=3; CONFLICT=1; UNKNOWN=2,LOSS=6; WIN=8,0.04999999999999999,,,,,,,,not_in_current_candidate_csv; multiple_active_aspects; crowded_regime; quote_enemy_sign; unknown_outer_or_node_dignity; avg_all_composite; hard_aspect,shadbala_avg=53.00 | quote_dignity=enemy=1; exaltation=1; neutral=3; unknown=3 | base_dignity=exaltation=1; neutral=1; unknown=2 | regime_active=4,,mixed_classical + benefic,hard,2026-02-19 13:30:00+05:30,2026-02-19 18:30:00+05:30,0,0,0,0,,,,53.0,Neutral,0.0,4,,,,,,enemy=1; exaltation=1; neutral=3; unknown=3,exaltation=1; neutral=1; unknown=2,1,0,0,0,KETU|MERCURY,KETU|mirror|h0.18|n1.7|d360,MERCURY|direct|h0.18|n1.5|d360,747133fd2c38cc2dd39bb50a5a8267253b496f3d4f2e19bba6019e346884b6e3
592,KETU|MOON :: square,14,BULLISH,BULLISH=11; CONFLICT=1,LOSS=20; WIN=4,-0.11666666666666668,,,,,,,,repeated_across_timeframes; high_recurrence_group; multiple_active_aspects; crowded_regime; unknown_outer_or_node_dignity; hard_aspect,shadbala_avg=53.15 | quote_dignity=neutral=1; unknown=1 | base_dignity=friend=1; neutral=1 | fx_doctrine=CONFLICT | fx_doctrine_net=0.0463081921897971 | fx_conflict=0.0 | regime_active=4 | ml=LOSS=2,bearish_return,malefic + benefic,hard,2026-02-19 19:30:00+05:30,2026-02-19 21:30:00+05:30,2,1,1,0,LOSS=2,STOP_LOSS=2,-0.2,53.145833333333336,Neutral,0.0,4,CONFLICT,0.0463081921897971,0.0,natal friend 15V; transit neutral 10V,,neutral=1; unknown=1,friend=1; neutral=1,0,0,0,0,KETU,KETU|mirror|h0.18|n1.7|d360,,8ee40a620163c142b7bac71bfa06025e2bbf2fee4bfc228c4cfd1e5861bbbcb0
593,MOON|RAHU :: square,14,BULLISH,BEARISH=2; BULLISH=9; CONFLICT=1,LOSS=20; WIN=4,-0.11666666666666668,,,,,,,,repeated_across_timeframes; high_recurrence_group; multiple_active_aspects; crowded_regime; high_fx_doctrine_conflict; high_legacy_fx_conflict; unknown_outer_or_node_dignity; hard_aspect,shadbala_avg=53.15 | quote_dignity=neutral=1; unknown=1 | base_dignity=friend=1; neutral=1; own=1; unknown=1 | fx_doctrine=CONFLICT | fx_doctrine_net=-0.0050527106760113 | fx_conflict=0.4741335236436118 | regime_active=4 | ml=LOSS=2,bearish_return,benefic + malefic,hard,2026-02-19 19:30:00+05:30,2026-02-19 21:30:00+05:30,2,1,1,0,LOSS=2,STOP_LOSS=2,-0.2,53.145833333333336,Neutral,0.0,4,CONFLICT,-0.0050527106760113,0.4741335236436118,natal own 30V; transit unknown 0V,,neutral=1; unknown=1,friend=1; neutral=1; own=1; unknown=1,0,0,0,0,KETU,KETU|mirror|h0.18|n1.7|d360,,9a14bc7bfac40636b60c5f439db266544894fa692d72e26c4d2c27005bb38d88
594,AVG(ALL)|KETU :: square,2,BEARISH,BEARISH=1,WIN=2,0.3,,,,,,,,not_in_current_candidate_csv; multiple_active_aspects; crowded_regime; quote_enemy_sign; avg_all_composite; hard_aspect,shadbala_avg=53.05 | quote_dignity=enemy=1; exaltation=1 | base_dignity=neutral=1; own=1 | regime_active=4,,mixed_classical + malefic,hard,2026-02-20 11:30:00+05:30,2026-02-21 04:30:00+05:30,0,0,0,0,,,,53.05392156862745,Neutral,0.0,4,,,,,,enemy=1; exaltation=1,neutral=1; own=1,1,0,0,0,KETU|MERCURY,KETU|mirror|h0.18|n1.7|d360,MERCURY|direct|h0.18|n1.5|d360,34125120fcf64943bb5355edb18e26b2c1ccf19bc74bacebf9d3dfd3388ae1eb
595,AVG(ALL)|RAHU :: square,2,BEARISH,BEARISH=1,WIN=2,0.3,,,,,,,,not_in_current_candidate_csv; multiple_active_aspects; crowded_regime; quote_enemy_sign; avg_all_composite; hard_aspect,shadbala_avg=53.05 | quote_dignity=enemy=1; exaltation=1 | base_dignity=neutral=1; own=1 | regime_active=4,,mixed_classical + malefic,hard,2026-02-20 11:30:00+05:30,2026-02-21 04:30:00+05:30,0,0,0,0,,,,53.05392156862745,Neutral,0.0,4,,,,,,enemy=1; exaltation=1,neutral=1; own=1,1,0,0,0,KETU|MERCURY,KETU|mirror|h0.18|n1.7|d360,MERCURY|direct|h0.18|n1.5|d360,bb6e74b381a4834130c755a9c52f5c4b2fba5830614bd7b0eca5b7579d09a14b
596,JUPITER|MOON :: trine,16,BULLISH,BEARISH=1; BULLISH=12; CONFLICT=1; UNKNOWN=1,LOSS=20; WIN=8,-0.03333333333333335,,,,,,,,not_in_current_candidate_csv; high_recurrence_group; multiple_active_aspects; crowded_regime; soft_aspect,shadbala_avg=52.97 | base_dignity=neutral=1; own=1 | regime_active=4,,benefic + benefic,soft,2026-02-20 12:30:00+05:30,2026-02-20 15:30:00+05:30,0,0,0,0,,,,52.97222222222222,Neutral,0.0,4,,,,,,,neutral=1; own=1,0,0,0,0,KETU|MERCURY,KETU|mirror|h0.18|n1.7|d360,MERCURY|direct|h0.18|n1.5|d360,5bc1c371f9b35c4c2df47d3362aab2f9562a0070c158408f3b118032bd5b7eb2
597,MARS|MOON :: square,16,BEARISH,BEARISH=9; BULLISH=4; CONFLICT=1; UNKNOWN=1,LOSS=18; WIN=11,-0.010549230209257576,,,,,,,,repeated_across_timeframes; high_recurrence_group; multiple_active_aspects; quote_enemy_sign; base_enemy_sign; unknown_outer_or_node_dignity; hard_aspect,shadbala_avg=51.31 | quote_dignity=enemy=1; exaltation=4; unknown=1 | base_dignity=enemy=1; exaltation=2; unknown=1 | fx_doctrine=BEARISH | fx_doctrine_net=-2.121655190194816 | fx_conflict=0.1954658155074746 | regime_active=2 | ml=WIN=2,bullish_return,malefic + benefic,hard,2026-02-24 08:30:00+05:30,2026-02-24 11:30:00+05:30,2,1,1,0,WIN=2,TAKE_PROFIT=2,0.3,51.30555555555556,Neutral,0.0,2,BEARISH,-2.121655190194816,0.1954658155074746,natal enemy 4V; transit exaltation 60V,natal exaltation 60V; transit exaltation 60V,enemy=1; exaltation=4; unknown=1,enemy=1; exaltation=2; unknown=1,1,1,0,0,KETU|VENUS,VENUS|direct|h0.18|n1.5|d360,KETU|mirror|h0.18|n1.7|d360,053ebb63db1e1bae38f49c008915b927cec3d1eccce7e4fec280db2f439b95ed
598,MERCURY|SATURN :: trine,1,CONFLICT,CONFLICT=1,WIN=2,0.3,,,,,,,,repeated_across_timeframes; multiple_active_aspects; unknown_outer_or_node_dignity; swing_duration_1d_to_5d; soft_aspect,shadbala_avg=50.99 | quote_dignity=neutral=1; unknown=1 | fx_doctrine=CONFLICT | fx_doctrine_net=-0.0202950470277998 | fx_conflict=0.0 | regime_active=2 | ml=WIN=2,bullish_return,benefic + malefic,soft,2026-02-23 15:30:00+05:30,2026-02-28 04:30:00+05:30,2,0,1,1,WIN=2,TAKE_PROFIT=2,0.3,50.9927370030581,Neutral,0.0,2,CONFLICT,-0.0202950470277998,0.0,,natal unknown 0V; transit neutral 10V,neutral=1; unknown=1,,0,0,0,0,KETU|VENUS,VENUS|direct|h0.18|n1.5|d360,KETU|mirror|h0.18|n1.7|d360,c48705e5c0c7b18b74c1297796ba3da828f512c526cda2ac8c41315cd2d71369
599,JUPITER|MOON :: opposition_orb,7,BULLISH,BULLISH=5; CONFLICT=1,LOSS=2; WIN=10,0.21666666666666665,,,,,,,,repeated_across_timeframes; multiple_active_aspects; hard_aspect,shadbala_avg=51.74 | base_dignity=exaltation=1; neutral=1 | fx_doctrine=BULLISH | fx_doctrine_net=0.4991229840645638 | fx_conflict=0.0 | regime_active=2 | ml=LOSS=2,bearish_return,benefic + benefic,hard,2026-02-24 18:30:00+05:30,2026-02-24 22:30:00+05:30,2,1,1,0,LOSS=2,STOP_LOSS=2,-0.2,51.739583333333336,Neutral,0.0,2,BULLISH,0.4991229840645638,0.0,natal neutral 10V; transit exaltation 60V,,,exaltation=1; neutral=1,0,0,0,0,KETU|RAHU,KETU|mirror|h0.18|n1.7|d360,RAHU|direct|h0.18|n1.6|d360,89a410eaffa2327eb1fa94d7ce575bf7fceee40f25dd5e0c7d8b3a52b9beb566
600,MERCURY|MOON :: trine,17,BULLISH,BEARISH=2; BULLISH=8; CONFLICT=2; UNKNOWN=2,LOSS=10; WIN=16,0.0857142857142857,,,,,,,,not_in_current_candidate_csv; high_recurrence_group; multiple_active_aspects; soft_aspect,shadbala_avg=51.48 | base_dignity=exaltation=1; neutral=1 | regime_active=3,,benefic + benefic,soft,2026-02-24 19:30:00+05:30,2026-02-24 21:30:00+05:30,0,0,0,0,,,,51.47916666666666,Neutral,0.0,3,,,,,,,exaltation=1; neutral=1,0,0,0,0,MERCURY|URANUS,MERCURY|direct|h0.18|n1.5|d360,URANUS|mirror|h0.18|n1.5|d360,18031e2b9838aea231b920645ad84c05bf2005cd286a1b0461ceedc2e20a0d27
601,JUPITER|SUN :: square,2,BEARISH,BEARISH=1; BULLISH=1,LOSS=3,-0.2,,,,,,,,multiple_active_aspects; base_enemy_sign; swing_duration_1d_to_5d; hard_aspect,shadbala_avg=52.76 | base_dignity=enemy=1; own=1 | fx_doctrine=BULLISH | fx_doctrine_net=0.6342041892691449 | fx_conflict=0.0 | regime_active=2 | ml=LOSS=1,bearish_return,benefic + malefic,hard,2026-02-25 02:30:00+05:30,2026-02-27 01:30:00+05:30,1,0,0,1,LOSS=1,STOP_LOSS=1,-0.2,52.76241134751773,Neutral,0.0,2,BULLISH,0.6342041892691449,0.0,natal own 30V; transit enemy 4V,,,enemy=1; own=1,0,1,0,0,MERCURY|URANUS,MERCURY|direct|h0.18|n1.5|d360,URANUS|mirror|h0.18|n1.5|d360,04897d2ca594e3bfe41ba877288e77cbb91541a920ee63209b6a0b8c4b8d5f76
602,MOON|VENUS :: square,12,BEARISH,BEARISH=8; BULLISH=1; CONFLICT=1,LOSS=12; WIN=7,-1.1102230246251566e-17,,,,,,,,repeated_across_timeframes; high_recurrence_group; multiple_active_aspects; base_enemy_sign; hard_aspect,shadbala_avg=54.19 | quote_dignity=friend=2 | base_dignity=enemy=1; friend=1 | fx_doctrine=BEARISH | fx_doctrine_net=-0.255300350743315 | fx_conflict=0.0 | regime_active=3 | ml=LOSS=2,bearish_return,benefic + benefic,hard,2026-02-25 08:30:00+05:30,2026-02-25 10:30:00+05:30,2,1,1,0,LOSS=2,STOP_LOSS=2,-0.2,54.1875,Neutral,0.0,3,BEARISH,-0.255300350743315,0.0,natal enemy 4V; transit friend 15V,natal friend 15V; transit friend 15V,friend=2,enemy=1; friend=1,0,1,0,0,RAHU|VENUS,VENUS|direct|h0.18|n1.5|d360,RAHU|direct|h0.18|n1.6|d360,8123422ba86343a276ce983131a525e08757c2b657656bbbf9be54df3aa22fe0
603,AVG(ALL)|MOON :: square,18,BEARISH,BEARISH=13; BULLISH=2,LOSS=7; WIN=21,0.16666666666666666,,,,,,,,not_in_current_candidate_csv; high_recurrence_group; multiple_active_aspects; base_enemy_sign; unknown_outer_or_node_dignity; avg_all_composite; hard_aspect,shadbala_avg=51.69 | quote_dignity=neutral=1; unknown=1 | base_dignity=enemy=1; exaltation=2; friend=1; unknown=2 | regime_active=3,,mixed_classical + benefic,hard,2026-02-26 00:30:00+05:30,2026-02-26 02:30:00+05:30,0,0,0,0,,,,51.6875,Neutral,0.0,3,,,,,,neutral=1; unknown=1,enemy=1; exaltation=2; friend=1; unknown=2,0,1,0,0,MERCURY|URANUS,MERCURY|direct|h0.18|n1.5|d360,URANUS|mirror|h0.18|n1.5|d360,bcc1d72ff9b244066aae29be3ddb686071f37d5c3de78f0d5de4f9e5e5eb033e
604,KETU|MOON :: opposition_orb,8,BEARISH,BEARISH=5; BULLISH=1,LOSS=5; WIN=6,0.04999999999999999,,,,,,,,not_in_current_candidate_csv; multiple_active_aspects; crowded_regime; unknown_outer_or_node_dignity; hard_aspect,shadbala_avg=51.79 | quote_dignity=friend=1; unknown=1 | base_dignity=friend=2 | regime_active=5,,malefic + benefic,hard,2026-02-26 04:30:00+05:30,2026-02-26 08:30:00+05:30,0,0,0,0,,,,51.79166666666666,Neutral,0.0,5,,,,,,friend=1; unknown=1,friend=2,0,0,0,0,MERCURY|URANUS,URANUS|mirror|h0.18|n1.5|d360,MERCURY|direct|h0.18|n1.5|d360,4df60d9a93505ca0febc068724adc57f9c3bae6e4373a5bb757949c2043dcb62
605,MARS|RAHU :: trine,2,UNKNOWN,BEARISH=1; UNKNOWN=1,LOSS=2; WIN=1,0.04999999999999999,,,,,,,,multiple_active_aspects; crowded_regime; low_shadbala; unknown_outer_or_node_dignity; malefic_pair; swing_duration_1d_to_5d; soft_aspect,shadbala_avg=49.15 | base_dignity=own=1; unknown=1 | fx_doctrine=BEARISH | fx_doctrine_net=-0.0658828676320037 | fx_conflict=0.0 | regime_active=5 | ml=WIN=1,bullish_return,malefic + malefic,soft,2026-02-26 04:30:00+05:30,2026-02-28 04:30:00+05:30,1,0,0,1,WIN=1,TAKE_PROFIT=1,0.3,49.15277777777778,Neutral,0.0,5,BEARISH,-0.0658828676320037,0.0,natal own 30V; transit unknown 0V,,,own=1; unknown=1,0,0,0,0,MERCURY|URANUS,URANUS|mirror|h0.18|n1.5|d360,MERCURY|direct|h0.18|n1.5|d360,0aa9a87643d8d32eab07dab60034beabd69beeae1cd1fcbb1ea995cd2b8c69cd
606,MOON|RAHU :: conjunction_orb,8,BEARISH,BEARISH=5; BULLISH=1,LOSS=5; WIN=6,0.04999999999999999,,,,,,,,not_in_current_candidate_csv; multiple_active_aspects; crowded_regime; unknown_outer_or_node_dignity; hard_aspect,shadbala_avg=51.79 | quote_dignity=friend=1; unknown=1 | base_dignity=friend=2; own=1; unknown=1 | regime_active=5,,benefic + malefic,hard,2026-02-26 04:30:00+05:30,2026-02-26 08:30:00+05:30,0,0,0,0,,,,51.79166666666666,Neutral,21.930463307444374,5,,,,,,friend=1; unknown=1,friend=2; own=1; unknown=1,0,0,0,0,MERCURY|URANUS,URANUS|mirror|h0.18|n1.5|d360,MERCURY|direct|h0.18|n1.5|d360,11163905b76d966b99e3af0b30750e7ccb6f95d1ee64a0837cfa79505c76d3c5
607,MARS|MOON :: trine,17,BULLISH,BEARISH=2; BULLISH=7; CONFLICT=6,LOSS=17; WIN=12,-1.1102230246251566e-17,,,,,,,,not_in_current_candidate_csv; high_recurrence_group; multiple_active_aspects; crowded_regime; unknown_outer_or_node_dignity; soft_aspect,shadbala_avg=51.44 | quote_dignity=friend=3; unknown=3 | regime_active=4,,malefic + benefic,soft,2026-02-26 11:30:00+05:30,2026-02-26 14:30:00+05:30,0,0,0,0,,,,51.44444444444444,Neutral,0.0,4,,,,,,friend=3; unknown=3,,0,0,0,0,MERCURY|URANUS,URANUS|mirror|h0.18|n1.5|d360,MERCURY|direct|h0.18|n1.5|d360,827be7c35409bcbe88d4ed29a15171dc145f9c8187702a93a61d50f0315cda0c
608,MOON|VENUS :: trine,17,UNKNOWN,BEARISH=3; BULLISH=1; CONFLICT=5; UNKNOWN=6,LOSS=8; WIN=20,0.16666666666666666,,,,,,,,repeated_across_timeframes; high_recurrence_group; multiple_active_aspects; low_shadbala; soft_aspect,shadbala_avg=46.79 | fx_doctrine=UNKNOWN | fx_doctrine_net=0.0 | fx_conflict=0.0 | regime_active=3 | ml=WIN=2,bullish_return,benefic + benefic,soft,2026-02-27 10:30:00+05:30,2026-02-27 13:30:00+05:30,2,1,1,0,WIN=2,TAKE_PROFIT=2,0.3,46.79166666666666,Neutral,0.0,3,UNKNOWN,0.0,0.0,,,,,0,0,0,0,RAHU|VENUS,RAHU|direct|h0.18|n1.6|d360,VENUS|direct|h0.18|n1.5|d360,e52e95e5349e4e69cd4c0362b298b48cb06a274a609faf38b6bd72312194a72b
609,MARS|MOON :: square,16,BEARISH,BEARISH=9; BULLISH=4; CONFLICT=1; UNKNOWN=1,LOSS=18; WIN=11,-0.010549230209257576,,,,,,,,repeated_across_timeframes; high_recurrence_group; multiple_active_aspects; crowded_regime; low_shadbala; hard_aspect,shadbala_avg=47.33 | fx_doctrine=UNKNOWN | fx_doctrine_net=0.0 | fx_conflict=0.0 | regime_active=4 | ml=WIN=2,bullish_return,malefic + benefic,hard,2026-02-27 11:30:00+05:30,2026-02-28 04:30:00+05:30,2,1,1,0,WIN=2,TAKE_PROFIT=2,0.3,47.33088235294117,Neutral,0.0,4,UNKNOWN,0.0,0.0,,,,,0,0,0,0,KETU|RAHU,KETU|mirror|h0.18|n1.7|d360,RAHU|direct|h0.18|n1.6|d360,24e8bf6655b8a018a4d99214d1001a9e985961a5fd03ebea034f43cbeca928e6
610,AVG(ALL)|VENUS :: conjunction_orb,3,BEARISH,BEARISH=2; BULLISH=1,LOSS=3; WIN=1,-0.03333333333333335,,,,,,,,quote_enemy_sign; base_enemy_sign; unknown_outer_or_node_dignity; avg_all_composite; swing_duration_1d_to_5d; hard_aspect,shadbala_avg=52.57 | quote_dignity=enemy=1; friend=1; neutral=2; unknown=2 | base_dignity=enemy=1; friend=2; unknown=1 | fx_doctrine=BEARISH | fx_doctrine_net=-0.4123851514892157 | fx_conflict=0.1932378932008839 | regime_active=1 | ml=WIN=1,bullish_return,mixed_classical + benefic,hard,2026-03-02 05:30:00+05:30,2026-03-03 15:30:00+05:30,1,0,0,1,WIN=1,TAKE_PROFIT=1,0.3,52.57475490196079,Neutral,0.0,1,BEARISH,-0.4123851514892157,0.1932378932008839,natal unknown 0V; transit friend 15V,natal enemy 4V; transit friend 15V,enemy=1; friend=1; neutral=2; unknown=2,enemy=1; friend=2; unknown=1,1,1,0,0,MERCURY|RAHU,RAHU|direct|h0.18|n1.6|d360,MERCURY|direct|h0.18|n1.5|d360,29685544565119e6b51b2f42859c48a53f75feee0e031d9d5da203aee7a20702
611,KETU|MOON :: trine,14,UNKNOWN,BEARISH=1; BULLISH=1; UNKNOWN=10,LOSS=9; WIN=14,0.09166666666666666,,,,,,,,repeated_across_timeframes; high_recurrence_group; multiple_active_aspects; soft_aspect,shadbala_avg=52.73 | fx_doctrine=UNKNOWN | fx_doctrine_net=0.0 | fx_conflict=0.0 | regime_active=3 | ml=WIN=2,bullish_return,malefic + benefic,soft,2026-03-02 12:30:00+05:30,2026-03-02 14:30:00+05:30,2,1,1,0,WIN=2,TAKE_PROFIT=2,0.3,52.72916666666666,Neutral,0.0,3,UNKNOWN,0.0,0.0,,,,,0,0,0,0,VENUS,VENUS|direct|h0.18|n1.5|d360,,a68956a38426826380be9a5d180d5585d50a93b1cc811405b14aa5ddadad7221
612,MARS|MOON :: opposition_orb,8,BULLISH,BEARISH=2; BULLISH=4,LOSS=6; WIN=6,0.04999999999999999,,,,,,,,repeated_across_timeframes; multiple_active_aspects; unknown_outer_or_node_dignity; hard_aspect,shadbala_avg=52.62 | quote_dignity=exaltation=2; friend=1; neutral=2; unknown=1 | fx_doctrine=BULLISH | fx_doctrine_net=0.4930347546825157 | fx_conflict=0.0 | regime_active=3 | ml=LOSS=2,bearish_return,malefic + benefic,hard,2026-03-02 18:30:00+05:30,2026-03-02 22:30:00+05:30,2,1,1,0,LOSS=2,STOP_LOSS=2,-0.2,52.625,Neutral,0.0,3,BULLISH,0.4930347546825157,0.0,,natal exaltation 60V; transit neutral 10V,exaltation=2; friend=1; neutral=2; unknown=1,,0,0,0,0,NEPTUNE|SATURN,NEPTUNE|direct|h0.18|n1.5|d360,SATURN|direct|h0.18|n1.5|d360,a064494788e9d3d6998ce8830902ce8ca0adde65b628eb82f6d23101e4ab60d6
613,JUPITER|MOON :: square,13,BEARISH,BEARISH=5; BULLISH=2; CONFLICT=3; UNKNOWN=2,LOSS=14; WIN=10,0.008333333333333323,,,,,,,,repeated_across_timeframes; high_recurrence_group; multiple_active_aspects; unknown_outer_or_node_dignity; hard_aspect,shadbala_avg=52.56 | quote_dignity=friend=1; unknown=1 | fx_doctrine=BEARISH | fx_doctrine_net=-0.1672456258435435 | fx_conflict=0.0 | regime_active=3 | ml=LOSS=2,bearish_return,benefic + benefic,hard,2026-03-03 05:30:00+05:30,2026-03-03 08:30:00+05:30,2,1,1,0,LOSS=2,STOP_LOSS=2,-0.2,52.55555555555556,Neutral,0.0,3,BEARISH,-0.1672456258435435,0.0,,natal unknown 0V; transit friend 15V,friend=1; unknown=1,,0,0,0,0,MOON|NEPTUNE,MOON|mirror|h0.18|n1.8|d360,NEPTUNE|direct|h0.18|n1.5|d360,700fea694fd0e65d32948ecfc45c1fe166cdb94332320983f8102c5494a630af
614,KETU|VENUS :: square,2,BULLISH,BULLISH=2,LOSS=2; WIN=2,0.04999999999999999,,,,,,,,repeated_across_timeframes; multiple_active_aspects; unknown_outer_or_node_dignity; swing_duration_1d_to_5d; hard_aspect,shadbala_avg=52.44 | quote_dignity=exaltation=1; unknown=1 | base_dignity=exaltation=1; friend=1 | fx_doctrine=BULLISH | fx_doctrine_net=0.4051844514263945 | fx_conflict=0.0 | regime_active=3 | ml=LOSS=2,bearish_return,malefic + benefic,hard,2026-03-03 17:30:00+05:30,2026-03-05 07:30:00+05:30,2,0,1,1,LOSS=2,STOP_LOSS=2,-0.2,52.43859649122807,Neutral,0.0,3,BULLISH,0.4051844514263945,0.0,natal friend 15V; transit exaltation 60V,natal unknown 0V; transit exaltation 60V,exaltation=1; unknown=1,exaltation=1; friend=1,0,0,0,0,NEPTUNE|SATURN,NEPTUNE|direct|h0.18|n1.5|d360,SATURN|direct|h0.18|n1.5|d360,3f61a04a0ae19fe43efbda02c0fcf735712645b52894517aaa75c007592c5d16
615,RAHU|VENUS :: square,2,BULLISH,BULLISH=2,LOSS=2; WIN=2,0.04999999999999999,,,,,,,,repeated_across_timeframes; multiple_active_aspects; unknown_outer_or_node_dignity; swing_duration_1d_to_5d; hard_aspect,shadbala_avg=52.44 | quote_dignity=exaltation=1; unknown=1 | base_dignity=exaltation=1; friend=1; own=1; unknown=1 | fx_doctrine=BULLISH | fx_doctrine_net=0.3383662784378984 | fx_conflict=0.1070834325501467 | regime_active=3 | ml=LOSS=2,bearish_return,malefic + benefic,hard,2026-03-03 17:30:00+05:30,2026-03-05 07:30:00+05:30,2,0,1,1,LOSS=2,STOP_LOSS=2,-0.2,52.43859649122807,Neutral,0.0,3,BULLISH,0.3383662784378984,0.1070834325501467,natal friend 15V; transit exaltation 60V,natal unknown 0V; transit exaltation 60V,exaltation=1; unknown=1,exaltation=1; friend=1; own=1; unknown=1,0,0,0,0,NEPTUNE|SATURN,NEPTUNE|direct|h0.18|n1.5|d360,SATURN|direct|h0.18|n1.5|d360,ce7191622d47cf5dd406ea809287fd9063af05e26915fd1722fbe98b773245c4
616,AVG(ALL)|MOON :: opposition_orb,10,BEARISH,BEARISH=4; BULLISH=2; CONFLICT=3; UNKNOWN=1,LOSS=10; WIN=10,0.04999999999999999,,,,,,,,repeated_across_timeframes; high_recurrence_group; multiple_active_aspects; crowded_regime; unknown_outer_or_node_dignity; avg_all_composite; hard_aspect,shadbala_avg=52.21 | quote_dignity=neutral=1; unknown=1 | base_dignity=exaltation=1; friend=1 | fx_doctrine=CONFLICT | fx_doctrine_net=-0.0203736307968872 | fx_conflict=0.0 | regime_active=4 | ml=LOSS=2,bearish_return,mixed_classical + benefic,hard,2026-03-04 12:30:00+05:30,2026-03-04 16:30:00+05:30,2,1,1,0,LOSS=2,STOP_LOSS=2,-0.2,52.208333333333336,Neutral,0.0,4,CONFLICT,-0.0203736307968872,0.0,,natal unknown 0V; transit unknown 0V,neutral=1; unknown=1,exaltation=1; friend=1,0,0,0,0,AVG(ALL)|NEPTUNE,NEPTUNE|direct|h0.18|n1.5|d360,AVG(ALL)|direct|h0.18|n1.5|d360,058f960c2f1ff29a74fff4d137cc25ca2217909e786d88a664a02969654d25d4
617,KETU|MOON :: square,14,BULLISH,BULLISH=11; CONFLICT=1,LOSS=20; WIN=4,-0.11666666666666668,,,,,,,,repeated_across_timeframes; high_recurrence_group; multiple_active_aspects; crowded_regime; unknown_outer_or_node_dignity; hard_aspect,shadbala_avg=52.10 | quote_dignity=friend=1; unknown=1 | base_dignity=friend=2 | fx_doctrine=BULLISH | fx_doctrine_net=0.2755992763050074 | fx_conflict=0.0 | regime_active=5 | ml=LOSS=2,bearish_return,malefic + benefic,hard,2026-03-04 18:30:00+05:30,2026-03-04 20:30:00+05:30,2,1,1,0,LOSS=2,STOP_LOSS=2,-0.2,52.10416666666666,Neutral,0.0,5,BULLISH,0.2755992763050074,0.0,natal friend 15V; transit friend 15V,,friend=1; unknown=1,friend=2,0,0,0,0,VENUS,VENUS|direct|h0.18|n1.5|d360,,afa58c4ea178b278d9ba3636b554ef69d3d2fc79457888075c8b16cdf450dc35
618,MOON|RAHU :: square,14,BULLISH,BEARISH=2; BULLISH=9; CONFLICT=1,LOSS=20; WIN=4,-0.11666666666666668,,,,,,,,repeated_across_timeframes; high_recurrence_group; multiple_active_aspects; crowded_regime; unknown_outer_or_node_dignity; hard_aspect,shadbala_avg=52.10 | quote_dignity=friend=1; unknown=1 | base_dignity=friend=2; own=1; unknown=1 | fx_doctrine=BULLISH | fx_doctrine_net=0.2100929077325741 | fx_conflict=0.1920412914772187 | regime_active=5 | ml=LOSS=2,bearish_return,benefic + malefic,hard,2026-03-04 18:30:00+05:30,2026-03-04 20:30:00+05:30,2,1,1,0,LOSS=2,STOP_LOSS=2,-0.2,52.10416666666666,Neutral,0.0,5,BULLISH,0.2100929077325741,0.1920412914772187,natal friend 15V; transit friend 15V,,friend=1; unknown=1,friend=2; own=1; unknown=1,0,0,0,0,VENUS,VENUS|direct|h0.18|n1.5|d360,,ca2e50914577d5d8ecf07ac74707c2b996c9f00f4b88f8532d88f57ba31f55b7
619,MOON|SUN :: trine,16,BULLISH,BEARISH=4; BULLISH=5; CONFLICT=2; UNKNOWN=4,LOSS=20; WIN=10,-0.03333333333333335,,,,,,,,repeated_across_timeframes; high_recurrence_group; multiple_active_aspects; crowded_regime; base_enemy_sign; unknown_outer_or_node_dignity; soft_aspect,shadbala_avg=53.04 | quote_dignity=friend=1; unknown=1 | base_dignity=enemy=1; friend=2; own=1 | fx_doctrine=BEARISH | fx_doctrine_net=-0.1737684644550202 | fx_conflict=0.2024100352262542 | regime_active=7 | ml=LOSS=2,bearish_return,benefic + malefic,soft,2026-03-04 20:30:00+05:30,2026-03-04 23:30:00+05:30,2,1,1,0,LOSS=2,STOP_LOSS=2,-0.2,53.04166666666666,Neutral,0.0,7,BEARISH,-0.1737684644550202,0.2024100352262542,natal own 30V; transit enemy 4V,,friend=1; unknown=1,enemy=1; friend=2; own=1,0,1,0,0,VENUS,VENUS|direct|h0.18|n1.5|d360,,99ddef30af6bb6a64a14c2360250ac3a836d71f07e52b294a88c42cc4495a25d
620,MERCURY|MOON :: trine,17,BULLISH,BEARISH=2; BULLISH=8; CONFLICT=2; UNKNOWN=2,LOSS=10; WIN=16,0.0857142857142857,,,,,,,,repeated_across_timeframes; high_recurrence_group; multiple_active_aspects; unknown_outer_or_node_dignity; soft_aspect,shadbala_avg=52.21 | base_dignity=friend=1; neutral=2; unknown=1 | fx_doctrine=BULLISH | fx_doctrine_net=0.4227128435172673 | fx_conflict=0.0 | regime_active=2 | ml=WIN=2,bullish_return,benefic + benefic,soft,2026-03-05 12:30:00+05:30,2026-03-05 15:30:00+05:30,2,1,1,0,WIN=2,TAKE_PROFIT=2,0.3,52.208333333333336,Neutral,0.0,2,BULLISH,0.4227128435172673,0.0,natal unknown 0V; transit neutral 10V,,,friend=1; neutral=2; unknown=1,0,0,0,0,AVG(ALL)|VENUS,VENUS|direct|h0.18|n1.5|d360,AVG(ALL)|direct|h0.18|n1.5|d360,f8fae84b8713955d654d67414857ab9a6d2f25637278dd86b893710f5c492685
621,MOON|SATURN :: square,15,CONFLICT,BEARISH=1; BULLISH=5; CONFLICT=7; UNKNOWN=1,LOSS=10; WIN=18,0.12648634697626365,,,,,,,,repeated_across_timeframes; high_recurrence_group; hard_aspect,shadbala_avg=51.17 | fx_doctrine=UNKNOWN | fx_doctrine_net=0.0 | fx_conflict=0.0 | regime_active=1 | ml=LOSS=2,bearish_return,benefic + malefic,hard,2026-03-06 18:30:00+05:30,2026-03-06 21:30:00+05:30,2,1,1,0,LOSS=2,STOP_LOSS=2,-0.2,51.16666666666666,Neutral,0.0,1,UNKNOWN,0.0,0.0,,,,,0,0,0,0,NEPTUNE|SATURN,NEPTUNE|direct|h0.18|n1.5|d360,SATURN|direct|h0.18|n1.5|d360,ad66df42462a789ac93946aa26fc1fd9f6e26318ad3a7a56add5998f5c5b6427
