contract,sample_id,planet,measure,jhora_value_virupa,pyjhora_value_virupa,signed_delta_virupa,absolute_delta_virupa,tolerance_virupa,pass_fail,jhora_evidence_path,jhora_evidence_sha256,pyjhora_source,notes
GANN_JHORA_PYJHORA_COMPARISON_V1,case_8_event_start,SUN,sthana,174.200000000,174.210000000,-0.010000000,0.010000000,0.5,pass,status\evidence\jhora_shadbala_20260723\case_8_event_start_shadbala_breakup_locked.jpg,CC3008068069F93EDBB85C66764B379A7CCE20FF2838A877CCBE1EC4ABBA44F2,PyJHora 4.8.7 Tier B isolated export; Raman ayanamsa; wheel sha256 D8D8014573A38DDEFEDCAE57D3B8D84687CAC2AD31BB5B1DD70D945906A4D54D; event civil timezone; Tokyo reference coordinates; Dig uses _dig_bala(method=2) canonical bounded circular-distance variant because the package default method=1 can exceed 60 virupa,Locked independent JHora GUI witness versus pinned PyJHora Tier B export; diagnostic comparison only; no tolerance widening.
GANN_JHORA_PYJHORA_COMPARISON_V1,case_8_event_start,SUN,kaala,81.530000000,61.570000000,19.960000000,19.960000000,0.5,fail,status\evidence\jhora_shadbala_20260723\case_8_event_start_shadbala_breakup_locked.jpg,CC3008068069F93EDBB85C66764B379A7CCE20FF2838A877CCBE1EC4ABBA44F2,PyJHora 4.8.7 Tier B isolated export; Raman ayanamsa; wheel sha256 D8D8014573A38DDEFEDCAE57D3B8D84687CAC2AD31BB5B1DD70D945906A4D54D; event civil timezone; Tokyo reference coordinates; Dig uses _dig_bala(method=2) canonical bounded circular-distance variant because the package default method=1 can exceed 60 virupa,Locked independent JHora GUI witness versus pinned PyJHora Tier B export; diagnostic comparison only; no tolerance widening.
GANN_JHORA_PYJHORA_COMPARISON_V1,case_8_event_start,SUN,dig,7.900000000,4.660000000,3.240000000,3.240000000,0.5,fail,status\evidence\jhora_shadbala_20260723\case_8_event_start_shadbala_breakup_locked.jpg,CC3008068069F93EDBB85C66764B379A7CCE20FF2838A877CCBE1EC4ABBA44F2,PyJHora 4.8.7 Tier B isolated export; Raman ayanamsa; wheel sha256 D8D8014573A38DDEFEDCAE57D3B8D84687CAC2AD31BB5B1DD70D945906A4D54D; event civil timezone; Tokyo reference coordinates; Dig uses _dig_bala(method=2) canonical bounded circular-distance variant because the package default method=1 can exceed 60 virupa,Locked independent JHora GUI witness versus pinned PyJHora Tier B export; diagnostic comparison only; no tolerance widening.
GANN_JHORA_PYJHORA_COMPARISON_V1,case_8_event_start,SUN,chesta,25.830000000,0.000000000,25.830000000,25.830000000,0.5,fail,status\evidence\jhora_shadbala_20260723\case_8_event_start_shadbala_breakup_locked.jpg,CC3008068069F93EDBB85C66764B379A7CCE20FF2838A877CCBE1EC4ABBA44F2,PyJHora 4.8.7 Tier B isolated export; Raman ayanamsa; wheel sha256 D8D8014573A38DDEFEDCAE57D3B8D84687CAC2AD31BB5B1DD70D945906A4D54D; event civil timezone; Tokyo reference coordinates; Dig uses _dig_bala(method=2) canonical bounded circular-distance variant because the package default method=1 can exceed 60 virupa,Locked independent JHora GUI witness versus pinned PyJHora Tier B export; diagnostic comparison only; no tolerance widening.
GANN_JHORA_PYJHORA_COMPARISON_V1,case_8_event_start,SUN,naisargika,60.000000000,60.000000000,0.000000000,0.000000000,0.5,pass,status\evidence\jhora_shadbala_20260723\case_8_event_start_shadbala_breakup_locked.jpg,CC3008068069F93EDBB85C66764B379A7CCE20FF2838A877CCBE1EC4ABBA44F2,PyJHora 4.8.7 Tier B isolated export; Raman ayanamsa; wheel sha256 D8D8014573A38DDEFEDCAE57D3B8D84687CAC2AD31BB5B1DD70D945906A4D54D; event civil timezone; Tokyo reference coordinates; Dig uses _dig_bala(method=2) canonical bounded circular-distance variant because the package default method=1 can exceed 60 virupa,Locked independent JHora GUI witness versus pinned PyJHora Tier B export; diagnostic comparison only; no tolerance widening.
GANN_JHORA_PYJHORA_COMPARISON_V1,case_8_event_start,SUN,drik,0.730000000,-2.950000000,3.680000000,3.680000000,0.5,fail,status\evidence\jhora_shadbala_20260723\case_8_event_start_shadbala_breakup_locked.jpg,CC3008068069F93EDBB85C66764B379A7CCE20FF2838A877CCBE1EC4ABBA44F2,PyJHora 4.8.7 Tier B isolated export; Raman ayanamsa; wheel sha256 D8D8014573A38DDEFEDCAE57D3B8D84687CAC2AD31BB5B1DD70D945906A4D54D; event civil timezone; Tokyo reference coordinates; Dig uses _dig_bala(method=2) canonical bounded circular-distance variant because the package default method=1 can exceed 60 virupa,Locked independent JHora GUI witness versus pinned PyJHora Tier B export; diagnostic comparison only; no tolerance widening.
GANN_JHORA_PYJHORA_COMPARISON_V1,case_8_event_start,SUN,total,324.370000000,297.490000000,26.880000000,26.880000000,0.5,fail,status\evidence\jhora_shadbala_20260723\case_8_event_start_shadbala_summary_locked.jpg,E8F55477A3313A632FAD10A85A3C33E4D683ECB0408DB7BDD36E4DCAD710FC13,PyJHora 4.8.7 Tier B isolated export; Raman ayanamsa; wheel sha256 D8D8014573A38DDEFEDCAE57D3B8D84687CAC2AD31BB5B1DD70D945906A4D54D; event civil timezone; Tokyo reference coordinates; Dig uses _dig_bala(method=2) canonical bounded circular-distance variant because the package default method=1 can exceed 60 virupa,Locked independent JHora GUI witness versus pinned PyJHora Tier B export; diagnostic comparison only; no tolerance widening.
GANN_JHORA_PYJHORA_COMPARISON_V1,case_8_event_start,MOON,sthana,191.550000000,191.550000000,0.000000000,0.000000000,0.5,pass,status\evidence\jhora_shadbala_20260723\case_8_event_start_shadbala_breakup_locked.jpg,CC3008068069F93EDBB85C66764B379A7CCE20FF2838A877CCBE1EC4ABBA44F2,PyJHora 4.8.7 Tier B isolated export; Raman ayanamsa; wheel sha256 D8D8014573A38DDEFEDCAE57D3B8D84687CAC2AD31BB5B1DD70D945906A4D54D; event civil timezone; Tokyo reference coordinates; Dig uses _dig_bala(method=2) canonical bounded circular-distance variant because the package default method=1 can exceed 60 virupa,Locked independent JHora GUI witness versus pinned PyJHora Tier B export; diagnostic comparison only; no tolerance widening.
GANN_JHORA_PYJHORA_COMPARISON_V1,case_8_event_start,MOON,kaala,194.750000000,206.810000000,-12.060000000,12.060000000,0.5,fail,status\evidence\jhora_shadbala_20260723\case_8_event_start_shadbala_breakup_locked.jpg,CC3008068069F93EDBB85C66764B379A7CCE20FF2838A877CCBE1EC4ABBA44F2,PyJHora 4.8.7 Tier B isolated export; Raman ayanamsa; wheel sha256 D8D8014573A38DDEFEDCAE57D3B8D84687CAC2AD31BB5B1DD70D945906A4D54D; event civil timezone; Tokyo reference coordinates; Dig uses _dig_bala(method=2) canonical bounded circular-distance variant because the package default method=1 can exceed 60 virupa,Locked independent JHora GUI witness versus pinned PyJHora Tier B export; diagnostic comparison only; no tolerance widening.
GANN_JHORA_PYJHORA_COMPARISON_V1,case_8_event_start,MOON,dig,18.320000000,21.550000000,-3.230000000,3.230000000,0.5,fail,status\evidence\jhora_shadbala_20260723\case_8_event_start_shadbala_breakup_locked.jpg,CC3008068069F93EDBB85C66764B379A7CCE20FF2838A877CCBE1EC4ABBA44F2,PyJHora 4.8.7 Tier B isolated export; Raman ayanamsa; wheel sha256 D8D8014573A38DDEFEDCAE57D3B8D84687CAC2AD31BB5B1DD70D945906A4D54D; event civil timezone; Tokyo reference coordinates; Dig uses _dig_bala(method=2) canonical bounded circular-distance variant because the package default method=1 can exceed 60 virupa,Locked independent JHora GUI witness versus pinned PyJHora Tier B export; diagnostic comparison only; no tolerance widening.
GANN_JHORA_PYJHORA_COMPARISON_V1,case_8_event_start,MOON,chesta,33.780000000,0.000000000,33.780000000,33.780000000,0.5,fail,status\evidence\jhora_shadbala_20260723\case_8_event_start_shadbala_breakup_locked.jpg,CC3008068069F93EDBB85C66764B379A7CCE20FF2838A877CCBE1EC4ABBA44F2,PyJHora 4.8.7 Tier B isolated export; Raman ayanamsa; wheel sha256 D8D8014573A38DDEFEDCAE57D3B8D84687CAC2AD31BB5B1DD70D945906A4D54D; event civil timezone; Tokyo reference coordinates; Dig uses _dig_bala(method=2) canonical bounded circular-distance variant because the package default method=1 can exceed 60 virupa,Locked independent JHora GUI witness versus pinned PyJHora Tier B export; diagnostic comparison only; no tolerance widening.
GANN_JHORA_PYJHORA_COMPARISON_V1,case_8_event_start,MOON,naisargika,51.430000000,51.430000000,0.000000000,0.000000000,0.5,pass,status\evidence\jhora_shadbala_20260723\case_8_event_start_shadbala_breakup_locked.jpg,CC3008068069F93EDBB85C66764B379A7CCE20FF2838A877CCBE1EC4ABBA44F2,PyJHora 4.8.7 Tier B isolated export; Raman ayanamsa; wheel sha256 D8D8014573A38DDEFEDCAE57D3B8D84687CAC2AD31BB5B1DD70D945906A4D54D; event civil timezone; Tokyo reference coordinates; Dig uses _dig_bala(method=2) canonical bounded circular-distance variant because the package default method=1 can exceed 60 virupa,Locked independent JHora GUI witness versus pinned PyJHora Tier B export; diagnostic comparison only; no tolerance widening.
GANN_JHORA_PYJHORA_COMPARISON_V1,case_8_event_start,MOON,drik,-21.390000000,-2.290000000,-19.100000000,19.100000000,0.5,fail,status\evidence\jhora_shadbala_20260723\case_8_event_start_shadbala_breakup_locked.jpg,CC3008068069F93EDBB85C66764B379A7CCE20FF2838A877CCBE1EC4ABBA44F2,PyJHora 4.8.7 Tier B isolated export; Raman ayanamsa; wheel sha256 D8D8014573A38DDEFEDCAE57D3B8D84687CAC2AD31BB5B1DD70D945906A4D54D; event civil timezone; Tokyo reference coordinates; Dig uses _dig_bala(method=2) canonical bounded circular-distance variant because the package default method=1 can exceed 60 virupa,Locked independent JHora GUI witness versus pinned PyJHora Tier B export; diagnostic comparison only; no tolerance widening.
GANN_JHORA_PYJHORA_COMPARISON_V1,case_8_event_start,MOON,total,434.660000000,469.050000000,-34.390000000,34.390000000,0.5,fail,status\evidence\jhora_shadbala_20260723\case_8_event_start_shadbala_summary_locked.jpg,E8F55477A3313A632FAD10A85A3C33E4D683ECB0408DB7BDD36E4DCAD710FC13,PyJHora 4.8.7 Tier B isolated export; Raman ayanamsa; wheel sha256 D8D8014573A38DDEFEDCAE57D3B8D84687CAC2AD31BB5B1DD70D945906A4D54D; event civil timezone; Tokyo reference coordinates; Dig uses _dig_bala(method=2) canonical bounded circular-distance variant because the package default method=1 can exceed 60 virupa,Locked independent JHora GUI witness versus pinned PyJHora Tier B export; diagnostic comparison only; no tolerance widening.
GANN_JHORA_PYJHORA_COMPARISON_V1,case_8_event_start,MARS,sthana,164.740000000,164.740000000,0.000000000,0.000000000,0.5,pass,status\evidence\jhora_shadbala_20260723\case_8_event_start_shadbala_breakup_locked.jpg,CC3008068069F93EDBB85C66764B379A7CCE20FF2838A877CCBE1EC4ABBA44F2,PyJHora 4.8.7 Tier B isolated export; Raman ayanamsa; wheel sha256 D8D8014573A38DDEFEDCAE57D3B8D84687CAC2AD31BB5B1DD70D945906A4D54D; event civil timezone; Tokyo reference coordinates; Dig uses _dig_bala(method=2) canonical bounded circular-distance variant because the package default method=1 can exceed 60 virupa,Locked independent JHora GUI witness versus pinned PyJHora Tier B export; diagnostic comparison only; no tolerance widening.
GANN_JHORA_PYJHORA_COMPARISON_V1,case_8_event_start,MARS,kaala,136.600000000,111.620000000,24.980000000,24.980000000,0.5,fail,status\evidence\jhora_shadbala_20260723\case_8_event_start_shadbala_breakup_locked.jpg,CC3008068069F93EDBB85C66764B379A7CCE20FF2838A877CCBE1EC4ABBA44F2,PyJHora 4.8.7 Tier B isolated export; Raman ayanamsa; wheel sha256 D8D8014573A38DDEFEDCAE57D3B8D84687CAC2AD31BB5B1DD70D945906A4D54D; event civil timezone; Tokyo reference coordinates; Dig uses _dig_bala(method=2) canonical bounded circular-distance variant because the package default method=1 can exceed 60 virupa,Locked independent JHora GUI witness versus pinned PyJHora Tier B export; diagnostic comparison only; no tolerance widening.
GANN_JHORA_PYJHORA_COMPARISON_V1,case_8_event_start,MARS,dig,48.080000000,44.850000000,3.230000000,3.230000000,0.5,fail,status\evidence\jhora_shadbala_20260723\case_8_event_start_shadbala_breakup_locked.jpg,CC3008068069F93EDBB85C66764B379A7CCE20FF2838A877CCBE1EC4ABBA44F2,PyJHora 4.8.7 Tier B isolated export; Raman ayanamsa; wheel sha256 D8D8014573A38DDEFEDCAE57D3B8D84687CAC2AD31BB5B1DD70D945906A4D54D; event civil timezone; Tokyo reference coordinates; Dig uses _dig_bala(method=2) canonical bounded circular-distance variant because the package default method=1 can exceed 60 virupa,Locked independent JHora GUI witness versus pinned PyJHora Tier B export; diagnostic comparison only; no tolerance widening.
GANN_JHORA_PYJHORA_COMPARISON_V1,case_8_event_start,MARS,chesta,45.440000000,74.610000000,-29.170000000,29.170000000,0.5,fail,status\evidence\jhora_shadbala_20260723\case_8_event_start_shadbala_breakup_locked.jpg,CC3008068069F93EDBB85C66764B379A7CCE20FF2838A877CCBE1EC4ABBA44F2,PyJHora 4.8.7 Tier B isolated export; Raman ayanamsa; wheel sha256 D8D8014573A38DDEFEDCAE57D3B8D84687CAC2AD31BB5B1DD70D945906A4D54D; event civil timezone; Tokyo reference coordinates; Dig uses _dig_bala(method=2) canonical bounded circular-distance variant because the package default method=1 can exceed 60 virupa,Locked independent JHora GUI witness versus pinned PyJHora Tier B export; diagnostic comparison only; no tolerance widening.
GANN_JHORA_PYJHORA_COMPARISON_V1,case_8_event_start,MARS,naisargika,17.140000000,17.140000000,0.000000000,0.000000000,0.5,pass,status\evidence\jhora_shadbala_20260723\case_8_event_start_shadbala_breakup_locked.jpg,CC3008068069F93EDBB85C66764B379A7CCE20FF2838A877CCBE1EC4ABBA44F2,PyJHora 4.8.7 Tier B isolated export; Raman ayanamsa; wheel sha256 D8D8014573A38DDEFEDCAE57D3B8D84687CAC2AD31BB5B1DD70D945906A4D54D; event civil timezone; Tokyo reference coordinates; Dig uses _dig_bala(method=2) canonical bounded circular-distance variant because the package default method=1 can exceed 60 virupa,Locked independent JHora GUI witness versus pinned PyJHora Tier B export; diagnostic comparison only; no tolerance widening.
GANN_JHORA_PYJHORA_COMPARISON_V1,case_8_event_start,MARS,drik,-14.110000000,5.290000000,-19.400000000,19.400000000,0.5,fail,status\evidence\jhora_shadbala_20260723\case_8_event_start_shadbala_breakup_locked.jpg,CC3008068069F93EDBB85C66764B379A7CCE20FF2838A877CCBE1EC4ABBA44F2,PyJHora 4.8.7 Tier B isolated export; Raman ayanamsa; wheel sha256 D8D8014573A38DDEFEDCAE57D3B8D84687CAC2AD31BB5B1DD70D945906A4D54D; event civil timezone; Tokyo reference coordinates; Dig uses _dig_bala(method=2) canonical bounded circular-distance variant because the package default method=1 can exceed 60 virupa,Locked independent JHora GUI witness versus pinned PyJHora Tier B export; diagnostic comparison only; no tolerance widening.
GANN_JHORA_PYJHORA_COMPARISON_V1,case_8_event_start,MARS,total,397.890000000,448.550000000,-50.660000000,50.660000000,0.5,fail,status\evidence\jhora_shadbala_20260723\case_8_event_start_shadbala_summary_locked.jpg,E8F55477A3313A632FAD10A85A3C33E4D683ECB0408DB7BDD36E4DCAD710FC13,PyJHora 4.8.7 Tier B isolated export; Raman ayanamsa; wheel sha256 D8D8014573A38DDEFEDCAE57D3B8D84687CAC2AD31BB5B1DD70D945906A4D54D; event civil timezone; Tokyo reference coordinates; Dig uses _dig_bala(method=2) canonical bounded circular-distance variant because the package default method=1 can exceed 60 virupa,Locked independent JHora GUI witness versus pinned PyJHora Tier B export; diagnostic comparison only; no tolerance widening.
GANN_JHORA_PYJHORA_COMPARISON_V1,case_8_event_start,MERCURY,sthana,150.790000000,150.790000000,0.000000000,0.000000000,0.5,pass,status\evidence\jhora_shadbala_20260723\case_8_event_start_shadbala_breakup_locked.jpg,CC3008068069F93EDBB85C66764B379A7CCE20FF2838A877CCBE1EC4ABBA44F2,PyJHora 4.8.7 Tier B isolated export; Raman ayanamsa; wheel sha256 D8D8014573A38DDEFEDCAE57D3B8D84687CAC2AD31BB5B1DD70D945906A4D54D; event civil timezone; Tokyo reference coordinates; Dig uses _dig_bala(method=2) canonical bounded circular-distance variant because the package default method=1 can exceed 60 virupa,Locked independent JHora GUI witness versus pinned PyJHora Tier B export; diagnostic comparison only; no tolerance widening.
GANN_JHORA_PYJHORA_COMPARISON_V1,case_8_event_start,MERCURY,kaala,149.040000000,208.950000000,-59.910000000,59.910000000,0.5,fail,status\evidence\jhora_shadbala_20260723\case_8_event_start_shadbala_breakup_locked.jpg,CC3008068069F93EDBB85C66764B379A7CCE20FF2838A877CCBE1EC4ABBA44F2,PyJHora 4.8.7 Tier B isolated export; Raman ayanamsa; wheel sha256 D8D8014573A38DDEFEDCAE57D3B8D84687CAC2AD31BB5B1DD70D945906A4D54D; event civil timezone; Tokyo reference coordinates; Dig uses _dig_bala(method=2) canonical bounded circular-distance variant because the package default method=1 can exceed 60 virupa,Locked independent JHora GUI witness versus pinned PyJHora Tier B export; diagnostic comparison only; no tolerance widening.
GANN_JHORA_PYJHORA_COMPARISON_V1,case_8_event_start,MERCURY,dig,16.050000000,16.050000000,0.000000000,0.000000000,0.5,pass,status\evidence\jhora_shadbala_20260723\case_8_event_start_shadbala_breakup_locked.jpg,CC3008068069F93EDBB85C66764B379A7CCE20FF2838A877CCBE1EC4ABBA44F2,PyJHora 4.8.7 Tier B isolated export; Raman ayanamsa; wheel sha256 D8D8014573A38DDEFEDCAE57D3B8D84687CAC2AD31BB5B1DD70D945906A4D54D; event civil timezone; Tokyo reference coordinates; Dig uses _dig_bala(method=2) canonical bounded circular-distance variant because the package default method=1 can exceed 60 virupa,Locked independent JHora GUI witness versus pinned PyJHora Tier B export; diagnostic comparison only; no tolerance widening.
GANN_JHORA_PYJHORA_COMPARISON_V1,case_8_event_start,MERCURY,chesta,35.410000000,84.570000000,-49.160000000,49.160000000,0.5,fail,status\evidence\jhora_shadbala_20260723\case_8_event_start_shadbala_breakup_locked.jpg,CC3008068069F93EDBB85C66764B379A7CCE20FF2838A877CCBE1EC4ABBA44F2,PyJHora 4.8.7 Tier B isolated export; Raman ayanamsa; wheel sha256 D8D8014573A38DDEFEDCAE57D3B8D84687CAC2AD31BB5B1DD70D945906A4D54D; event civil timezone; Tokyo reference coordinates; Dig uses _dig_bala(method=2) canonical bounded circular-distance variant because the package default method=1 can exceed 60 virupa,Locked independent JHora GUI witness versus pinned PyJHora Tier B export; diagnostic comparison only; no tolerance widening.
GANN_JHORA_PYJHORA_COMPARISON_V1,case_8_event_start,MERCURY,naisargika,25.700000000,25.710000000,-0.010000000,0.010000000,0.5,pass,status\evidence\jhora_shadbala_20260723\case_8_event_start_shadbala_breakup_locked.jpg,CC3008068069F93EDBB85C66764B379A7CCE20FF2838A877CCBE1EC4ABBA44F2,PyJHora 4.8.7 Tier B isolated export; Raman ayanamsa; wheel sha256 D8D8014573A38DDEFEDCAE57D3B8D84687CAC2AD31BB5B1DD70D945906A4D54D; event civil timezone; Tokyo reference coordinates; Dig uses _dig_bala(method=2) canonical bounded circular-distance variant because the package default method=1 can exceed 60 virupa,Locked independent JHora GUI witness versus pinned PyJHora Tier B export; diagnostic comparison only; no tolerance widening.
GANN_JHORA_PYJHORA_COMPARISON_V1,case_8_event_start,MERCURY,drik,-1.470000000,-1.470000000,0.000000000,0.000000000,0.5,pass,status\evidence\jhora_shadbala_20260723\case_8_event_start_shadbala_breakup_locked.jpg,CC3008068069F93EDBB85C66764B379A7CCE20FF2838A877CCBE1EC4ABBA44F2,PyJHora 4.8.7 Tier B isolated export; Raman ayanamsa; wheel sha256 D8D8014573A38DDEFEDCAE57D3B8D84687CAC2AD31BB5B1DD70D945906A4D54D; event civil timezone; Tokyo reference coordinates; Dig uses _dig_bala(method=2) canonical bounded circular-distance variant because the package default method=1 can exceed 60 virupa,Locked independent JHora GUI witness versus pinned PyJHora Tier B export; diagnostic comparison only; no tolerance widening.
GANN_JHORA_PYJHORA_COMPARISON_V1,case_8_event_start,MERCURY,total,375.530000000,572.500000000,-196.970000000,196.970000000,0.5,fail,status\evidence\jhora_shadbala_20260723\case_8_event_start_shadbala_summary_locked.jpg,E8F55477A3313A632FAD10A85A3C33E4D683ECB0408DB7BDD36E4DCAD710FC13,PyJHora 4.8.7 Tier B isolated export; Raman ayanamsa; wheel sha256 D8D8014573A38DDEFEDCAE57D3B8D84687CAC2AD31BB5B1DD70D945906A4D54D; event civil timezone; Tokyo reference coordinates; Dig uses _dig_bala(method=2) canonical bounded circular-distance variant because the package default method=1 can exceed 60 virupa,Locked independent JHora GUI witness versus pinned PyJHora Tier B export; diagnostic comparison only; no tolerance widening.
GANN_JHORA_PYJHORA_COMPARISON_V1,case_8_event_start,JUPITER,sthana,232.530000000,232.530000000,0.000000000,0.000000000,0.5,pass,status\evidence\jhora_shadbala_20260723\case_8_event_start_shadbala_breakup_locked.jpg,CC3008068069F93EDBB85C66764B379A7CCE20FF2838A877CCBE1EC4ABBA44F2,PyJHora 4.8.7 Tier B isolated export; Raman ayanamsa; wheel sha256 D8D8014573A38DDEFEDCAE57D3B8D84687CAC2AD31BB5B1DD70D945906A4D54D; event civil timezone; Tokyo reference coordinates; Dig uses _dig_bala(method=2) canonical bounded circular-distance variant because the package default method=1 can exceed 60 virupa,Locked independent JHora GUI witness versus pinned PyJHora Tier B export; diagnostic comparison only; no tolerance widening.
GANN_JHORA_PYJHORA_COMPARISON_V1,case_8_event_start,JUPITER,kaala,160.200000000,245.470000000,-85.270000000,85.270000000,0.5,fail,status\evidence\jhora_shadbala_20260723\case_8_event_start_shadbala_breakup_locked.jpg,CC3008068069F93EDBB85C66764B379A7CCE20FF2838A877CCBE1EC4ABBA44F2,PyJHora 4.8.7 Tier B isolated export; Raman ayanamsa; wheel sha256 D8D8014573A38DDEFEDCAE57D3B8D84687CAC2AD31BB5B1DD70D945906A4D54D; event civil timezone; Tokyo reference coordinates; Dig uses _dig_bala(method=2) canonical bounded circular-distance variant because the package default method=1 can exceed 60 virupa,Locked independent JHora GUI witness versus pinned PyJHora Tier B export; diagnostic comparison only; no tolerance widening.
GANN_JHORA_PYJHORA_COMPARISON_V1,case_8_event_start,JUPITER,dig,6.440000000,6.440000000,0.000000000,0.000000000,0.5,pass,status\evidence\jhora_shadbala_20260723\case_8_event_start_shadbala_breakup_locked.jpg,CC3008068069F93EDBB85C66764B379A7CCE20FF2838A877CCBE1EC4ABBA44F2,PyJHora 4.8.7 Tier B isolated export; Raman ayanamsa; wheel sha256 D8D8014573A38DDEFEDCAE57D3B8D84687CAC2AD31BB5B1DD70D945906A4D54D; event civil timezone; Tokyo reference coordinates; Dig uses _dig_bala(method=2) canonical bounded circular-distance variant because the package default method=1 can exceed 60 virupa,Locked independent JHora GUI witness versus pinned PyJHora Tier B export; diagnostic comparison only; no tolerance widening.
GANN_JHORA_PYJHORA_COMPARISON_V1,case_8_event_start,JUPITER,chesta,30.600000000,89.350000000,-58.750000000,58.750000000,0.5,fail,status\evidence\jhora_shadbala_20260723\case_8_event_start_shadbala_breakup_locked.jpg,CC3008068069F93EDBB85C66764B379A7CCE20FF2838A877CCBE1EC4ABBA44F2,PyJHora 4.8.7 Tier B isolated export; Raman ayanamsa; wheel sha256 D8D8014573A38DDEFEDCAE57D3B8D84687CAC2AD31BB5B1DD70D945906A4D54D; event civil timezone; Tokyo reference coordinates; Dig uses _dig_bala(method=2) canonical bounded circular-distance variant because the package default method=1 can exceed 60 virupa,Locked independent JHora GUI witness versus pinned PyJHora Tier B export; diagnostic comparison only; no tolerance widening.
GANN_JHORA_PYJHORA_COMPARISON_V1,case_8_event_start,JUPITER,naisargika,34.280000000,34.290000000,-0.010000000,0.010000000,0.5,pass,status\evidence\jhora_shadbala_20260723\case_8_event_start_shadbala_breakup_locked.jpg,CC3008068069F93EDBB85C66764B379A7CCE20FF2838A877CCBE1EC4ABBA44F2,PyJHora 4.8.7 Tier B isolated export; Raman ayanamsa; wheel sha256 D8D8014573A38DDEFEDCAE57D3B8D84687CAC2AD31BB5B1DD70D945906A4D54D; event civil timezone; Tokyo reference coordinates; Dig uses _dig_bala(method=2) canonical bounded circular-distance variant because the package default method=1 can exceed 60 virupa,Locked independent JHora GUI witness versus pinned PyJHora Tier B export; diagnostic comparison only; no tolerance widening.
GANN_JHORA_PYJHORA_COMPARISON_V1,case_8_event_start,JUPITER,drik,-23.680000000,-20.460000000,-3.220000000,3.220000000,0.5,fail,status\evidence\jhora_shadbala_20260723\case_8_event_start_shadbala_breakup_locked.jpg,CC3008068069F93EDBB85C66764B379A7CCE20FF2838A877CCBE1EC4ABBA44F2,PyJHora 4.8.7 Tier B isolated export; Raman ayanamsa; wheel sha256 D8D8014573A38DDEFEDCAE57D3B8D84687CAC2AD31BB5B1DD70D945906A4D54D; event civil timezone; Tokyo reference coordinates; Dig uses _dig_bala(method=2) canonical bounded circular-distance variant because the package default method=1 can exceed 60 virupa,Locked independent JHora GUI witness versus pinned PyJHora Tier B export; diagnostic comparison only; no tolerance widening.
GANN_JHORA_PYJHORA_COMPARISON_V1,case_8_event_start,JUPITER,total,440.370000000,587.620000000,-147.250000000,147.250000000,0.5,fail,status\evidence\jhora_shadbala_20260723\case_8_event_start_shadbala_summary_locked.jpg,E8F55477A3313A632FAD10A85A3C33E4D683ECB0408DB7BDD36E4DCAD710FC13,PyJHora 4.8.7 Tier B isolated export; Raman ayanamsa; wheel sha256 D8D8014573A38DDEFEDCAE57D3B8D84687CAC2AD31BB5B1DD70D945906A4D54D; event civil timezone; Tokyo reference coordinates; Dig uses _dig_bala(method=2) canonical bounded circular-distance variant because the package default method=1 can exceed 60 virupa,Locked independent JHora GUI witness versus pinned PyJHora Tier B export; diagnostic comparison only; no tolerance widening.
GANN_JHORA_PYJHORA_COMPARISON_V1,case_8_event_start,VENUS,sthana,191.810000000,191.810000000,0.000000000,0.000000000,0.5,pass,status\evidence\jhora_shadbala_20260723\case_8_event_start_shadbala_breakup_locked.jpg,CC3008068069F93EDBB85C66764B379A7CCE20FF2838A877CCBE1EC4ABBA44F2,PyJHora 4.8.7 Tier B isolated export; Raman ayanamsa; wheel sha256 D8D8014573A38DDEFEDCAE57D3B8D84687CAC2AD31BB5B1DD70D945906A4D54D; event civil timezone; Tokyo reference coordinates; Dig uses _dig_bala(method=2) canonical bounded circular-distance variant because the package default method=1 can exceed 60 virupa,Locked independent JHora GUI witness versus pinned PyJHora Tier B export; diagnostic comparison only; no tolerance widening.
GANN_JHORA_PYJHORA_COMPARISON_V1,case_8_event_start,VENUS,kaala,181.930000000,256.720000000,-74.790000000,74.790000000,0.5,fail,status\evidence\jhora_shadbala_20260723\case_8_event_start_shadbala_breakup_locked.jpg,CC3008068069F93EDBB85C66764B379A7CCE20FF2838A877CCBE1EC4ABBA44F2,PyJHora 4.8.7 Tier B isolated export; Raman ayanamsa; wheel sha256 D8D8014573A38DDEFEDCAE57D3B8D84687CAC2AD31BB5B1DD70D945906A4D54D; event civil timezone; Tokyo reference coordinates; Dig uses _dig_bala(method=2) canonical bounded circular-distance variant because the package default method=1 can exceed 60 virupa,Locked independent JHora GUI witness versus pinned PyJHora Tier B export; diagnostic comparison only; no tolerance widening.
GANN_JHORA_PYJHORA_COMPARISON_V1,case_8_event_start,VENUS,dig,44.450000000,47.690000000,-3.240000000,3.240000000,0.5,fail,status\evidence\jhora_shadbala_20260723\case_8_event_start_shadbala_breakup_locked.jpg,CC3008068069F93EDBB85C66764B379A7CCE20FF2838A877CCBE1EC4ABBA44F2,PyJHora 4.8.7 Tier B isolated export; Raman ayanamsa; wheel sha256 D8D8014573A38DDEFEDCAE57D3B8D84687CAC2AD31BB5B1DD70D945906A4D54D; event civil timezone; Tokyo reference coordinates; Dig uses _dig_bala(method=2) canonical bounded circular-distance variant because the package default method=1 can exceed 60 virupa,Locked independent JHora GUI witness versus pinned PyJHora Tier B export; diagnostic comparison only; no tolerance widening.
GANN_JHORA_PYJHORA_COMPARISON_V1,case_8_event_start,VENUS,chesta,54.000000000,65.940000000,-11.940000000,11.940000000,0.5,fail,status\evidence\jhora_shadbala_20260723\case_8_event_start_shadbala_breakup_locked.jpg,CC3008068069F93EDBB85C66764B379A7CCE20FF2838A877CCBE1EC4ABBA44F2,PyJHora 4.8.7 Tier B isolated export; Raman ayanamsa; wheel sha256 D8D8014573A38DDEFEDCAE57D3B8D84687CAC2AD31BB5B1DD70D945906A4D54D; event civil timezone; Tokyo reference coordinates; Dig uses _dig_bala(method=2) canonical bounded circular-distance variant because the package default method=1 can exceed 60 virupa,Locked independent JHora GUI witness versus pinned PyJHora Tier B export; diagnostic comparison only; no tolerance widening.
GANN_JHORA_PYJHORA_COMPARISON_V1,case_8_event_start,VENUS,naisargika,42.850000000,42.860000000,-0.010000000,0.010000000,0.5,pass,status\evidence\jhora_shadbala_20260723\case_8_event_start_shadbala_breakup_locked.jpg,CC3008068069F93EDBB85C66764B379A7CCE20FF2838A877CCBE1EC4ABBA44F2,PyJHora 4.8.7 Tier B isolated export; Raman ayanamsa; wheel sha256 D8D8014573A38DDEFEDCAE57D3B8D84687CAC2AD31BB5B1DD70D945906A4D54D; event civil timezone; Tokyo reference coordinates; Dig uses _dig_bala(method=2) canonical bounded circular-distance variant because the package default method=1 can exceed 60 virupa,Locked independent JHora GUI witness versus pinned PyJHora Tier B export; diagnostic comparison only; no tolerance widening.
GANN_JHORA_PYJHORA_COMPARISON_V1,case_8_event_start,VENUS,drik,-2.070000000,-2.060000000,-0.010000000,0.010000000,0.5,pass,status\evidence\jhora_shadbala_20260723\case_8_event_start_shadbala_breakup_locked.jpg,CC3008068069F93EDBB85C66764B379A7CCE20FF2838A877CCBE1EC4ABBA44F2,PyJHora 4.8.7 Tier B isolated export; Raman ayanamsa; wheel sha256 D8D8014573A38DDEFEDCAE57D3B8D84687CAC2AD31BB5B1DD70D945906A4D54D; event civil timezone; Tokyo reference coordinates; Dig uses _dig_bala(method=2) canonical bounded circular-distance variant because the package default method=1 can exceed 60 virupa,Locked independent JHora GUI witness versus pinned PyJHora Tier B export; diagnostic comparison only; no tolerance widening.
GANN_JHORA_PYJHORA_COMPARISON_V1,case_8_event_start,VENUS,total,512.970000000,627.580000000,-114.610000000,114.610000000,0.5,fail,status\evidence\jhora_shadbala_20260723\case_8_event_start_shadbala_summary_locked.jpg,E8F55477A3313A632FAD10A85A3C33E4D683ECB0408DB7BDD36E4DCAD710FC13,PyJHora 4.8.7 Tier B isolated export; Raman ayanamsa; wheel sha256 D8D8014573A38DDEFEDCAE57D3B8D84687CAC2AD31BB5B1DD70D945906A4D54D; event civil timezone; Tokyo reference coordinates; Dig uses _dig_bala(method=2) canonical bounded circular-distance variant because the package default method=1 can exceed 60 virupa,Locked independent JHora GUI witness versus pinned PyJHora Tier B export; diagnostic comparison only; no tolerance widening.
GANN_JHORA_PYJHORA_COMPARISON_V1,case_8_event_start,SATURN,sthana,238.340000000,253.340000000,-15.000000000,15.000000000,0.5,fail,status\evidence\jhora_shadbala_20260723\case_8_event_start_shadbala_breakup_locked.jpg,CC3008068069F93EDBB85C66764B379A7CCE20FF2838A877CCBE1EC4ABBA44F2,PyJHora 4.8.7 Tier B isolated export; Raman ayanamsa; wheel sha256 D8D8014573A38DDEFEDCAE57D3B8D84687CAC2AD31BB5B1DD70D945906A4D54D; event civil timezone; Tokyo reference coordinates; Dig uses _dig_bala(method=2) canonical bounded circular-distance variant because the package default method=1 can exceed 60 virupa,Locked independent JHora GUI witness versus pinned PyJHora Tier B export; diagnostic comparison only; no tolerance widening.
GANN_JHORA_PYJHORA_COMPARISON_V1,case_8_event_start,SATURN,kaala,112.470000000,27.420000000,85.050000000,85.050000000,0.5,fail,status\evidence\jhora_shadbala_20260723\case_8_event_start_shadbala_breakup_locked.jpg,CC3008068069F93EDBB85C66764B379A7CCE20FF2838A877CCBE1EC4ABBA44F2,PyJHora 4.8.7 Tier B isolated export; Raman ayanamsa; wheel sha256 D8D8014573A38DDEFEDCAE57D3B8D84687CAC2AD31BB5B1DD70D945906A4D54D; event civil timezone; Tokyo reference coordinates; Dig uses _dig_bala(method=2) canonical bounded circular-distance variant because the package default method=1 can exceed 60 virupa,Locked independent JHora GUI witness versus pinned PyJHora Tier B export; diagnostic comparison only; no tolerance widening.
GANN_JHORA_PYJHORA_COMPARISON_V1,case_8_event_start,SATURN,dig,39.320000000,39.320000000,0.000000000,0.000000000,0.5,pass,status\evidence\jhora_shadbala_20260723\case_8_event_start_shadbala_breakup_locked.jpg,CC3008068069F93EDBB85C66764B379A7CCE20FF2838A877CCBE1EC4ABBA44F2,PyJHora 4.8.7 Tier B isolated export; Raman ayanamsa; wheel sha256 D8D8014573A38DDEFEDCAE57D3B8D84687CAC2AD31BB5B1DD70D945906A4D54D; event civil timezone; Tokyo reference coordinates; Dig uses _dig_bala(method=2) canonical bounded circular-distance variant because the package default method=1 can exceed 60 virupa,Locked independent JHora GUI witness versus pinned PyJHora Tier B export; diagnostic comparison only; no tolerance widening.
GANN_JHORA_PYJHORA_COMPARISON_V1,case_8_event_start,SATURN,chesta,2.980000000,3.020000000,-0.040000000,0.040000000,0.5,pass,status\evidence\jhora_shadbala_20260723\case_8_event_start_shadbala_breakup_locked.jpg,CC3008068069F93EDBB85C66764B379A7CCE20FF2838A877CCBE1EC4ABBA44F2,PyJHora 4.8.7 Tier B isolated export; Raman ayanamsa; wheel sha256 D8D8014573A38DDEFEDCAE57D3B8D84687CAC2AD31BB5B1DD70D945906A4D54D; event civil timezone; Tokyo reference coordinates; Dig uses _dig_bala(method=2) canonical bounded circular-distance variant because the package default method=1 can exceed 60 virupa,Locked independent JHora GUI witness versus pinned PyJHora Tier B export; diagnostic comparison only; no tolerance widening.
GANN_JHORA_PYJHORA_COMPARISON_V1,case_8_event_start,SATURN,naisargika,8.570000000,8.570000000,0.000000000,0.000000000,0.5,pass,status\evidence\jhora_shadbala_20260723\case_8_event_start_shadbala_breakup_locked.jpg,CC3008068069F93EDBB85C66764B379A7CCE20FF2838A877CCBE1EC4ABBA44F2,PyJHora 4.8.7 Tier B isolated export; Raman ayanamsa; wheel sha256 D8D8014573A38DDEFEDCAE57D3B8D84687CAC2AD31BB5B1DD70D945906A4D54D; event civil timezone; Tokyo reference coordinates; Dig uses _dig_bala(method=2) canonical bounded circular-distance variant because the package default method=1 can exceed 60 virupa,Locked independent JHora GUI witness versus pinned PyJHora Tier B export; diagnostic comparison only; no tolerance widening.
GANN_JHORA_PYJHORA_COMPARISON_V1,case_8_event_start,SATURN,drik,0.270000000,0.270000000,0.000000000,0.000000000,0.5,pass,status\evidence\jhora_shadbala_20260723\case_8_event_start_shadbala_breakup_locked.jpg,CC3008068069F93EDBB85C66764B379A7CCE20FF2838A877CCBE1EC4ABBA44F2,PyJHora 4.8.7 Tier B isolated export; Raman ayanamsa; wheel sha256 D8D8014573A38DDEFEDCAE57D3B8D84687CAC2AD31BB5B1DD70D945906A4D54D; event civil timezone; Tokyo reference coordinates; Dig uses _dig_bala(method=2) canonical bounded circular-distance variant because the package default method=1 can exceed 60 virupa,Locked independent JHora GUI witness versus pinned PyJHora Tier B export; diagnostic comparison only; no tolerance widening.
GANN_JHORA_PYJHORA_COMPARISON_V1,case_8_event_start,SATURN,total,401.940000000,331.940000000,70.000000000,70.000000000,0.5,fail,status\evidence\jhora_shadbala_20260723\case_8_event_start_shadbala_summary_locked.jpg,E8F55477A3313A632FAD10A85A3C33E4D683ECB0408DB7BDD36E4DCAD710FC13,PyJHora 4.8.7 Tier B isolated export; Raman ayanamsa; wheel sha256 D8D8014573A38DDEFEDCAE57D3B8D84687CAC2AD31BB5B1DD70D945906A4D54D; event civil timezone; Tokyo reference coordinates; Dig uses _dig_bala(method=2) canonical bounded circular-distance variant because the package default method=1 can exceed 60 virupa,Locked independent JHora GUI witness versus pinned PyJHora Tier B export; diagnostic comparison only; no tolerance widening.
GANN_JHORA_PYJHORA_COMPARISON_V1,case_43_event_start,SUN,sthana,141.990000000,141.980000000,0.010000000,0.010000000,0.5,pass,status\evidence\jhora_shadbala_20260723\case_43_event_start_shadbala_breakup_locked.jpg,592F520E46DBDE9A7896E4498980BE98ED24A3662755AAA6491672851281008D,PyJHora 4.8.7 Tier B isolated export; Raman ayanamsa; wheel sha256 D8D8014573A38DDEFEDCAE57D3B8D84687CAC2AD31BB5B1DD70D945906A4D54D; event civil timezone; Tokyo reference coordinates; Dig uses _dig_bala(method=2) canonical bounded circular-distance variant because the package default method=1 can exceed 60 virupa,Locked independent JHora GUI witness versus pinned PyJHora Tier B export; diagnostic comparison only; no tolerance widening.
GANN_JHORA_PYJHORA_COMPARISON_V1,case_43_event_start,SUN,kaala,143.830000000,4.090000000,139.740000000,139.740000000,0.5,fail,status\evidence\jhora_shadbala_20260723\case_43_event_start_shadbala_breakup_locked.jpg,592F520E46DBDE9A7896E4498980BE98ED24A3662755AAA6491672851281008D,PyJHora 4.8.7 Tier B isolated export; Raman ayanamsa; wheel sha256 D8D8014573A38DDEFEDCAE57D3B8D84687CAC2AD31BB5B1DD70D945906A4D54D; event civil timezone; Tokyo reference coordinates; Dig uses _dig_bala(method=2) canonical bounded circular-distance variant because the package default method=1 can exceed 60 virupa,Locked independent JHora GUI witness versus pinned PyJHora Tier B export; diagnostic comparison only; no tolerance widening.
GANN_JHORA_PYJHORA_COMPARISON_V1,case_43_event_start,SUN,dig,34.030000000,30.470000000,3.560000000,3.560000000,0.5,fail,status\evidence\jhora_shadbala_20260723\case_43_event_start_shadbala_breakup_locked.jpg,592F520E46DBDE9A7896E4498980BE98ED24A3662755AAA6491672851281008D,PyJHora 4.8.7 Tier B isolated export; Raman ayanamsa; wheel sha256 D8D8014573A38DDEFEDCAE57D3B8D84687CAC2AD31BB5B1DD70D945906A4D54D; event civil timezone; Tokyo reference coordinates; Dig uses _dig_bala(method=2) canonical bounded circular-distance variant because the package default method=1 can exceed 60 virupa,Locked independent JHora GUI witness versus pinned PyJHora Tier B export; diagnostic comparison only; no tolerance widening.
GANN_JHORA_PYJHORA_COMPARISON_V1,case_43_event_start,SUN,chesta,34.860000000,0.000000000,34.860000000,34.860000000,0.5,fail,status\evidence\jhora_shadbala_20260723\case_43_event_start_shadbala_breakup_locked.jpg,592F520E46DBDE9A7896E4498980BE98ED24A3662755AAA6491672851281008D,PyJHora 4.8.7 Tier B isolated export; Raman ayanamsa; wheel sha256 D8D8014573A38DDEFEDCAE57D3B8D84687CAC2AD31BB5B1DD70D945906A4D54D; event civil timezone; Tokyo reference coordinates; Dig uses _dig_bala(method=2) canonical bounded circular-distance variant because the package default method=1 can exceed 60 virupa,Locked independent JHora GUI witness versus pinned PyJHora Tier B export; diagnostic comparison only; no tolerance widening.
GANN_JHORA_PYJHORA_COMPARISON_V1,case_43_event_start,SUN,naisargika,60.000000000,60.000000000,0.000000000,0.000000000,0.5,pass,status\evidence\jhora_shadbala_20260723\case_43_event_start_shadbala_breakup_locked.jpg,592F520E46DBDE9A7896E4498980BE98ED24A3662755AAA6491672851281008D,PyJHora 4.8.7 Tier B isolated export; Raman ayanamsa; wheel sha256 D8D8014573A38DDEFEDCAE57D3B8D84687CAC2AD31BB5B1DD70D945906A4D54D; event civil timezone; Tokyo reference coordinates; Dig uses _dig_bala(method=2) canonical bounded circular-distance variant because the package default method=1 can exceed 60 virupa,Locked independent JHora GUI witness versus pinned PyJHora Tier B export; diagnostic comparison only; no tolerance widening.
GANN_JHORA_PYJHORA_COMPARISON_V1,case_43_event_start,SUN,drik,-6.590000000,-2.940000000,-3.650000000,3.650000000,0.5,fail,status\evidence\jhora_shadbala_20260723\case_43_event_start_shadbala_breakup_locked.jpg,592F520E46DBDE9A7896E4498980BE98ED24A3662755AAA6491672851281008D,PyJHora 4.8.7 Tier B isolated export; Raman ayanamsa; wheel sha256 D8D8014573A38DDEFEDCAE57D3B8D84687CAC2AD31BB5B1DD70D945906A4D54D; event civil timezone; Tokyo reference coordinates; Dig uses _dig_bala(method=2) canonical bounded circular-distance variant because the package default method=1 can exceed 60 virupa,Locked independent JHora GUI witness versus pinned PyJHora Tier B export; diagnostic comparison only; no tolerance widening.
GANN_JHORA_PYJHORA_COMPARISON_V1,case_43_event_start,SUN,total,373.250000000,292.660000000,80.590000000,80.590000000,0.5,fail,status\evidence\jhora_shadbala_20260723\case_43_event_start_shadbala_summary_locked.jpg,FF3C57C5B8351C0C949DF2AA3C8CD418BD443EF0A0FCF36F5EBEFF25099B82B5,PyJHora 4.8.7 Tier B isolated export; Raman ayanamsa; wheel sha256 D8D8014573A38DDEFEDCAE57D3B8D84687CAC2AD31BB5B1DD70D945906A4D54D; event civil timezone; Tokyo reference coordinates; Dig uses _dig_bala(method=2) canonical bounded circular-distance variant because the package default method=1 can exceed 60 virupa,Locked independent JHora GUI witness versus pinned PyJHora Tier B export; diagnostic comparison only; no tolerance widening.
GANN_JHORA_PYJHORA_COMPARISON_V1,case_43_event_start,MOON,sthana,228.940000000,228.940000000,0.000000000,0.000000000,0.5,pass,status\evidence\jhora_shadbala_20260723\case_43_event_start_shadbala_breakup_locked.jpg,592F520E46DBDE9A7896E4498980BE98ED24A3662755AAA6491672851281008D,PyJHora 4.8.7 Tier B isolated export; Raman ayanamsa; wheel sha256 D8D8014573A38DDEFEDCAE57D3B8D84687CAC2AD31BB5B1DD70D945906A4D54D; event civil timezone; Tokyo reference coordinates; Dig uses _dig_bala(method=2) canonical bounded circular-distance variant because the package default method=1 can exceed 60 virupa,Locked independent JHora GUI witness versus pinned PyJHora Tier B export; diagnostic comparison only; no tolerance widening.
GANN_JHORA_PYJHORA_COMPARISON_V1,case_43_event_start,MOON,kaala,111.310000000,331.600000000,-220.290000000,220.290000000,0.5,fail,status\evidence\jhora_shadbala_20260723\case_43_event_start_shadbala_breakup_locked.jpg,592F520E46DBDE9A7896E4498980BE98ED24A3662755AAA6491672851281008D,PyJHora 4.8.7 Tier B isolated export; Raman ayanamsa; wheel sha256 D8D8014573A38DDEFEDCAE57D3B8D84687CAC2AD31BB5B1DD70D945906A4D54D; event civil timezone; Tokyo reference coordinates; Dig uses _dig_bala(method=2) canonical bounded circular-distance variant because the package default method=1 can exceed 60 virupa,Locked independent JHora GUI witness versus pinned PyJHora Tier B export; diagnostic comparison only; no tolerance widening.
GANN_JHORA_PYJHORA_COMPARISON_V1,case_43_event_start,MOON,dig,50.840000000,54.400000000,-3.560000000,3.560000000,0.5,fail,status\evidence\jhora_shadbala_20260723\case_43_event_start_shadbala_breakup_locked.jpg,592F520E46DBDE9A7896E4498980BE98ED24A3662755AAA6491672851281008D,PyJHora 4.8.7 Tier B isolated export; Raman ayanamsa; wheel sha256 D8D8014573A38DDEFEDCAE57D3B8D84687CAC2AD31BB5B1DD70D945906A4D54D; event civil timezone; Tokyo reference coordinates; Dig uses _dig_bala(method=2) canonical bounded circular-distance variant because the package default method=1 can exceed 60 virupa,Locked independent JHora GUI witness versus pinned PyJHora Tier B export; diagnostic comparison only; no tolerance widening.
GANN_JHORA_PYJHORA_COMPARISON_V1,case_43_event_start,MOON,chesta,24.860000000,0.000000000,24.860000000,24.860000000,0.5,fail,status\evidence\jhora_shadbala_20260723\case_43_event_start_shadbala_breakup_locked.jpg,592F520E46DBDE9A7896E4498980BE98ED24A3662755AAA6491672851281008D,PyJHora 4.8.7 Tier B isolated export; Raman ayanamsa; wheel sha256 D8D8014573A38DDEFEDCAE57D3B8D84687CAC2AD31BB5B1DD70D945906A4D54D; event civil timezone; Tokyo reference coordinates; Dig uses _dig_bala(method=2) canonical bounded circular-distance variant because the package default method=1 can exceed 60 virupa,Locked independent JHora GUI witness versus pinned PyJHora Tier B export; diagnostic comparison only; no tolerance widening.
GANN_JHORA_PYJHORA_COMPARISON_V1,case_43_event_start,MOON,naisargika,51.430000000,51.430000000,0.000000000,0.000000000,0.5,pass,status\evidence\jhora_shadbala_20260723\case_43_event_start_shadbala_breakup_locked.jpg,592F520E46DBDE9A7896E4498980BE98ED24A3662755AAA6491672851281008D,PyJHora 4.8.7 Tier B isolated export; Raman ayanamsa; wheel sha256 D8D8014573A38DDEFEDCAE57D3B8D84687CAC2AD31BB5B1DD70D945906A4D54D; event civil timezone; Tokyo reference coordinates; Dig uses _dig_bala(method=2) canonical bounded circular-distance variant because the package default method=1 can exceed 60 virupa,Locked independent JHora GUI witness versus pinned PyJHora Tier B export; diagnostic comparison only; no tolerance widening.
GANN_JHORA_PYJHORA_COMPARISON_V1,case_43_event_start,MOON,drik,-18.270000000,-18.270000000,0.000000000,0.000000000,0.5,pass,status\evidence\jhora_shadbala_20260723\case_43_event_start_shadbala_breakup_locked.jpg,592F520E46DBDE9A7896E4498980BE98ED24A3662755AAA6491672851281008D,PyJHora 4.8.7 Tier B isolated export; Raman ayanamsa; wheel sha256 D8D8014573A38DDEFEDCAE57D3B8D84687CAC2AD31BB5B1DD70D945906A4D54D; event civil timezone; Tokyo reference coordinates; Dig uses _dig_bala(method=2) canonical bounded circular-distance variant because the package default method=1 can exceed 60 virupa,Locked independent JHora GUI witness versus pinned PyJHora Tier B export; diagnostic comparison only; no tolerance widening.
GANN_JHORA_PYJHORA_COMPARISON_V1,case_43_event_start,MOON,total,424.250000000,659.300000000,-235.050000000,235.050000000,0.5,fail,status\evidence\jhora_shadbala_20260723\case_43_event_start_shadbala_summary_locked.jpg,FF3C57C5B8351C0C949DF2AA3C8CD418BD443EF0A0FCF36F5EBEFF25099B82B5,PyJHora 4.8.7 Tier B isolated export; Raman ayanamsa; wheel sha256 D8D8014573A38DDEFEDCAE57D3B8D84687CAC2AD31BB5B1DD70D945906A4D54D; event civil timezone; Tokyo reference coordinates; Dig uses _dig_bala(method=2) canonical bounded circular-distance variant because the package default method=1 can exceed 60 virupa,Locked independent JHora GUI witness versus pinned PyJHora Tier B export; diagnostic comparison only; no tolerance widening.
GANN_JHORA_PYJHORA_COMPARISON_V1,case_43_event_start,MARS,sthana,203.730000000,203.730000000,0.000000000,0.000000000,0.5,pass,status\evidence\jhora_shadbala_20260723\case_43_event_start_shadbala_breakup_locked.jpg,592F520E46DBDE9A7896E4498980BE98ED24A3662755AAA6491672851281008D,PyJHora 4.8.7 Tier B isolated export; Raman ayanamsa; wheel sha256 D8D8014573A38DDEFEDCAE57D3B8D84687CAC2AD31BB5B1DD70D945906A4D54D; event civil timezone; Tokyo reference coordinates; Dig uses _dig_bala(method=2) canonical bounded circular-distance variant because the package default method=1 can exceed 60 virupa,Locked independent JHora GUI witness versus pinned PyJHora Tier B export; diagnostic comparison only; no tolerance widening.
GANN_JHORA_PYJHORA_COMPARISON_V1,case_43_event_start,MARS,kaala,117.990000000,88.320000000,29.670000000,29.670000000,0.5,fail,status\evidence\jhora_shadbala_20260723\case_43_event_start_shadbala_breakup_locked.jpg,592F520E46DBDE9A7896E4498980BE98ED24A3662755AAA6491672851281008D,PyJHora 4.8.7 Tier B isolated export; Raman ayanamsa; wheel sha256 D8D8014573A38DDEFEDCAE57D3B8D84687CAC2AD31BB5B1DD70D945906A4D54D; event civil timezone; Tokyo reference coordinates; Dig uses _dig_bala(method=2) canonical bounded circular-distance variant because the package default method=1 can exceed 60 virupa,Locked independent JHora GUI witness versus pinned PyJHora Tier B export; diagnostic comparison only; no tolerance widening.
GANN_JHORA_PYJHORA_COMPARISON_V1,case_43_event_start,MARS,dig,0.620000000,2.940000000,-2.320000000,2.320000000,0.5,fail,status\evidence\jhora_shadbala_20260723\case_43_event_start_shadbala_breakup_locked.jpg,592F520E46DBDE9A7896E4498980BE98ED24A3662755AAA6491672851281008D,PyJHora 4.8.7 Tier B isolated export; Raman ayanamsa; wheel sha256 D8D8014573A38DDEFEDCAE57D3B8D84687CAC2AD31BB5B1DD70D945906A4D54D; event civil timezone; Tokyo reference coordinates; Dig uses _dig_bala(method=2) canonical bounded circular-distance variant because the package default method=1 can exceed 60 virupa,Locked independent JHora GUI witness versus pinned PyJHora Tier B export; diagnostic comparison only; no tolerance widening.
GANN_JHORA_PYJHORA_COMPARISON_V1,case_43_event_start,MARS,chesta,39.980000000,80.670000000,-40.690000000,40.690000000,0.5,fail,status\evidence\jhora_shadbala_20260723\case_43_event_start_shadbala_breakup_locked.jpg,592F520E46DBDE9A7896E4498980BE98ED24A3662755AAA6491672851281008D,PyJHora 4.8.7 Tier B isolated export; Raman ayanamsa; wheel sha256 D8D8014573A38DDEFEDCAE57D3B8D84687CAC2AD31BB5B1DD70D945906A4D54D; event civil timezone; Tokyo reference coordinates; Dig uses _dig_bala(method=2) canonical bounded circular-distance variant because the package default method=1 can exceed 60 virupa,Locked independent JHora GUI witness versus pinned PyJHora Tier B export; diagnostic comparison only; no tolerance widening.
GANN_JHORA_PYJHORA_COMPARISON_V1,case_43_event_start,MARS,naisargika,17.140000000,17.140000000,0.000000000,0.000000000,0.5,pass,status\evidence\jhora_shadbala_20260723\case_43_event_start_shadbala_breakup_locked.jpg,592F520E46DBDE9A7896E4498980BE98ED24A3662755AAA6491672851281008D,PyJHora 4.8.7 Tier B isolated export; Raman ayanamsa; wheel sha256 D8D8014573A38DDEFEDCAE57D3B8D84687CAC2AD31BB5B1DD70D945906A4D54D; event civil timezone; Tokyo reference coordinates; Dig uses _dig_bala(method=2) canonical bounded circular-distance variant because the package default method=1 can exceed 60 virupa,Locked independent JHora GUI witness versus pinned PyJHora Tier B export; diagnostic comparison only; no tolerance widening.
GANN_JHORA_PYJHORA_COMPARISON_V1,case_43_event_start,MARS,drik,-16.630000000,-16.620000000,-0.010000000,0.010000000,0.5,pass,status\evidence\jhora_shadbala_20260723\case_43_event_start_shadbala_breakup_locked.jpg,592F520E46DBDE9A7896E4498980BE98ED24A3662755AAA6491672851281008D,PyJHora 4.8.7 Tier B isolated export; Raman ayanamsa; wheel sha256 D8D8014573A38DDEFEDCAE57D3B8D84687CAC2AD31BB5B1DD70D945906A4D54D; event civil timezone; Tokyo reference coordinates; Dig uses _dig_bala(method=2) canonical bounded circular-distance variant because the package default method=1 can exceed 60 virupa,Locked independent JHora GUI witness versus pinned PyJHora Tier B export; diagnostic comparison only; no tolerance widening.
GANN_JHORA_PYJHORA_COMPARISON_V1,case_43_event_start,MARS,total,362.840000000,376.180000000,-13.340000000,13.340000000,0.5,fail,status\evidence\jhora_shadbala_20260723\case_43_event_start_shadbala_summary_locked.jpg,FF3C57C5B8351C0C949DF2AA3C8CD418BD443EF0A0FCF36F5EBEFF25099B82B5,PyJHora 4.8.7 Tier B isolated export; Raman ayanamsa; wheel sha256 D8D8014573A38DDEFEDCAE57D3B8D84687CAC2AD31BB5B1DD70D945906A4D54D; event civil timezone; Tokyo reference coordinates; Dig uses _dig_bala(method=2) canonical bounded circular-distance variant because the package default method=1 can exceed 60 virupa,Locked independent JHora GUI witness versus pinned PyJHora Tier B export; diagnostic comparison only; no tolerance widening.
GANN_JHORA_PYJHORA_COMPARISON_V1,case_43_event_start,MERCURY,sthana,97.200000000,97.200000000,0.000000000,0.000000000,0.5,pass,status\evidence\jhora_shadbala_20260723\case_43_event_start_shadbala_breakup_locked.jpg,592F520E46DBDE9A7896E4498980BE98ED24A3662755AAA6491672851281008D,PyJHora 4.8.7 Tier B isolated export; Raman ayanamsa; wheel sha256 D8D8014573A38DDEFEDCAE57D3B8D84687CAC2AD31BB5B1DD70D945906A4D54D; event civil timezone; Tokyo reference coordinates; Dig uses _dig_bala(method=2) canonical bounded circular-distance variant because the package default method=1 can exceed 60 virupa,Locked independent JHora GUI witness versus pinned PyJHora Tier B export; diagnostic comparison only; no tolerance widening.
GANN_JHORA_PYJHORA_COMPARISON_V1,case_43_event_start,MERCURY,kaala,186.320000000,111.880000000,74.440000000,74.440000000,0.5,fail,status\evidence\jhora_shadbala_20260723\case_43_event_start_shadbala_breakup_locked.jpg,592F520E46DBDE9A7896E4498980BE98ED24A3662755AAA6491672851281008D,PyJHora 4.8.7 Tier B isolated export; Raman ayanamsa; wheel sha256 D8D8014573A38DDEFEDCAE57D3B8D84687CAC2AD31BB5B1DD70D945906A4D54D; event civil timezone; Tokyo reference coordinates; Dig uses _dig_bala(method=2) canonical bounded circular-distance variant because the package default method=1 can exceed 60 virupa,Locked independent JHora GUI witness versus pinned PyJHora Tier B export; diagnostic comparison only; no tolerance widening.
GANN_JHORA_PYJHORA_COMPARISON_V1,case_43_event_start,MERCURY,dig,50.330000000,50.330000000,0.000000000,0.000000000,0.5,pass,status\evidence\jhora_shadbala_20260723\case_43_event_start_shadbala_breakup_locked.jpg,592F520E46DBDE9A7896E4498980BE98ED24A3662755AAA6491672851281008D,PyJHora 4.8.7 Tier B isolated export; Raman ayanamsa; wheel sha256 D8D8014573A38DDEFEDCAE57D3B8D84687CAC2AD31BB5B1DD70D945906A4D54D; event civil timezone; Tokyo reference coordinates; Dig uses _dig_bala(method=2) canonical bounded circular-distance variant because the package default method=1 can exceed 60 virupa,Locked independent JHora GUI witness versus pinned PyJHora Tier B export; diagnostic comparison only; no tolerance widening.
GANN_JHORA_PYJHORA_COMPARISON_V1,case_43_event_start,MERCURY,chesta,50.520000000,50.490000000,0.030000000,0.030000000,0.5,pass,status\evidence\jhora_shadbala_20260723\case_43_event_start_shadbala_breakup_locked.jpg,592F520E46DBDE9A7896E4498980BE98ED24A3662755AAA6491672851281008D,PyJHora 4.8.7 Tier B isolated export; Raman ayanamsa; wheel sha256 D8D8014573A38DDEFEDCAE57D3B8D84687CAC2AD31BB5B1DD70D945906A4D54D; event civil timezone; Tokyo reference coordinates; Dig uses _dig_bala(method=2) canonical bounded circular-distance variant because the package default method=1 can exceed 60 virupa,Locked independent JHora GUI witness versus pinned PyJHora Tier B export; diagnostic comparison only; no tolerance widening.
GANN_JHORA_PYJHORA_COMPARISON_V1,case_43_event_start,MERCURY,naisargika,25.700000000,25.710000000,-0.010000000,0.010000000,0.5,pass,status\evidence\jhora_shadbala_20260723\case_43_event_start_shadbala_breakup_locked.jpg,592F520E46DBDE9A7896E4498980BE98ED24A3662755AAA6491672851281008D,PyJHora 4.8.7 Tier B isolated export; Raman ayanamsa; wheel sha256 D8D8014573A38DDEFEDCAE57D3B8D84687CAC2AD31BB5B1DD70D945906A4D54D; event civil timezone; Tokyo reference coordinates; Dig uses _dig_bala(method=2) canonical bounded circular-distance variant because the package default method=1 can exceed 60 virupa,Locked independent JHora GUI witness versus pinned PyJHora Tier B export; diagnostic comparison only; no tolerance widening.
GANN_JHORA_PYJHORA_COMPARISON_V1,case_43_event_start,MERCURY,drik,-8.710000000,-0.830000000,-7.880000000,7.880000000,0.5,fail,status\evidence\jhora_shadbala_20260723\case_43_event_start_shadbala_breakup_locked.jpg,592F520E46DBDE9A7896E4498980BE98ED24A3662755AAA6491672851281008D,PyJHora 4.8.7 Tier B isolated export; Raman ayanamsa; wheel sha256 D8D8014573A38DDEFEDCAE57D3B8D84687CAC2AD31BB5B1DD70D945906A4D54D; event civil timezone; Tokyo reference coordinates; Dig uses _dig_bala(method=2) canonical bounded circular-distance variant because the package default method=1 can exceed 60 virupa,Locked independent JHora GUI witness versus pinned PyJHora Tier B export; diagnostic comparison only; no tolerance widening.
GANN_JHORA_PYJHORA_COMPARISON_V1,case_43_event_start,MERCURY,total,401.350000000,334.780000000,66.570000000,66.570000000,0.5,fail,status\evidence\jhora_shadbala_20260723\case_43_event_start_shadbala_summary_locked.jpg,FF3C57C5B8351C0C949DF2AA3C8CD418BD443EF0A0FCF36F5EBEFF25099B82B5,PyJHora 4.8.7 Tier B isolated export; Raman ayanamsa; wheel sha256 D8D8014573A38DDEFEDCAE57D3B8D84687CAC2AD31BB5B1DD70D945906A4D54D; event civil timezone; Tokyo reference coordinates; Dig uses _dig_bala(method=2) canonical bounded circular-distance variant because the package default method=1 can exceed 60 virupa,Locked independent JHora GUI witness versus pinned PyJHora Tier B export; diagnostic comparison only; no tolerance widening.
GANN_JHORA_PYJHORA_COMPARISON_V1,case_43_event_start,JUPITER,sthana,211.220000000,211.220000000,0.000000000,0.000000000,0.5,pass,status\evidence\jhora_shadbala_20260723\case_43_event_start_shadbala_breakup_locked.jpg,592F520E46DBDE9A7896E4498980BE98ED24A3662755AAA6491672851281008D,PyJHora 4.8.7 Tier B isolated export; Raman ayanamsa; wheel sha256 D8D8014573A38DDEFEDCAE57D3B8D84687CAC2AD31BB5B1DD70D945906A4D54D; event civil timezone; Tokyo reference coordinates; Dig uses _dig_bala(method=2) canonical bounded circular-distance variant because the package default method=1 can exceed 60 virupa,Locked independent JHora GUI witness versus pinned PyJHora Tier B export; diagnostic comparison only; no tolerance widening.
GANN_JHORA_PYJHORA_COMPARISON_V1,case_43_event_start,JUPITER,kaala,177.930000000,207.940000000,-30.010000000,30.010000000,0.5,fail,status\evidence\jhora_shadbala_20260723\case_43_event_start_shadbala_breakup_locked.jpg,592F520E46DBDE9A7896E4498980BE98ED24A3662755AAA6491672851281008D,PyJHora 4.8.7 Tier B isolated export; Raman ayanamsa; wheel sha256 D8D8014573A38DDEFEDCAE57D3B8D84687CAC2AD31BB5B1DD70D945906A4D54D; event civil timezone; Tokyo reference coordinates; Dig uses _dig_bala(method=2) canonical bounded circular-distance variant because the package default method=1 can exceed 60 virupa,Locked independent JHora GUI witness versus pinned PyJHora Tier B export; diagnostic comparison only; no tolerance widening.
GANN_JHORA_PYJHORA_COMPARISON_V1,case_43_event_start,JUPITER,dig,43.330000000,43.330000000,0.000000000,0.000000000,0.5,pass,status\evidence\jhora_shadbala_20260723\case_43_event_start_shadbala_breakup_locked.jpg,592F520E46DBDE9A7896E4498980BE98ED24A3662755AAA6491672851281008D,PyJHora 4.8.7 Tier B isolated export; Raman ayanamsa; wheel sha256 D8D8014573A38DDEFEDCAE57D3B8D84687CAC2AD31BB5B1DD70D945906A4D54D; event civil timezone; Tokyo reference coordinates; Dig uses _dig_bala(method=2) canonical bounded circular-distance variant because the package default method=1 can exceed 60 virupa,Locked independent JHora GUI witness versus pinned PyJHora Tier B export; diagnostic comparison only; no tolerance widening.
GANN_JHORA_PYJHORA_COMPARISON_V1,case_43_event_start,JUPITER,chesta,22.610000000,97.340000000,-74.730000000,74.730000000,0.5,fail,status\evidence\jhora_shadbala_20260723\case_43_event_start_shadbala_breakup_locked.jpg,592F520E46DBDE9A7896E4498980BE98ED24A3662755AAA6491672851281008D,PyJHora 4.8.7 Tier B isolated export; Raman ayanamsa; wheel sha256 D8D8014573A38DDEFEDCAE57D3B8D84687CAC2AD31BB5B1DD70D945906A4D54D; event civil timezone; Tokyo reference coordinates; Dig uses _dig_bala(method=2) canonical bounded circular-distance variant because the package default method=1 can exceed 60 virupa,Locked independent JHora GUI witness versus pinned PyJHora Tier B export; diagnostic comparison only; no tolerance widening.
GANN_JHORA_PYJHORA_COMPARISON_V1,case_43_event_start,JUPITER,naisargika,34.280000000,34.290000000,-0.010000000,0.010000000,0.5,pass,status\evidence\jhora_shadbala_20260723\case_43_event_start_shadbala_breakup_locked.jpg,592F520E46DBDE9A7896E4498980BE98ED24A3662755AAA6491672851281008D,PyJHora 4.8.7 Tier B isolated export; Raman ayanamsa; wheel sha256 D8D8014573A38DDEFEDCAE57D3B8D84687CAC2AD31BB5B1DD70D945906A4D54D; event civil timezone; Tokyo reference coordinates; Dig uses _dig_bala(method=2) canonical bounded circular-distance variant because the package default method=1 can exceed 60 virupa,Locked independent JHora GUI witness versus pinned PyJHora Tier B export; diagnostic comparison only; no tolerance widening.
GANN_JHORA_PYJHORA_COMPARISON_V1,case_43_event_start,JUPITER,drik,-16.300000000,-24.400000000,8.100000000,8.100000000,0.5,fail,status\evidence\jhora_shadbala_20260723\case_43_event_start_shadbala_breakup_locked.jpg,592F520E46DBDE9A7896E4498980BE98ED24A3662755AAA6491672851281008D,PyJHora 4.8.7 Tier B isolated export; Raman ayanamsa; wheel sha256 D8D8014573A38DDEFEDCAE57D3B8D84687CAC2AD31BB5B1DD70D945906A4D54D; event civil timezone; Tokyo reference coordinates; Dig uses _dig_bala(method=2) canonical bounded circular-distance variant because the package default method=1 can exceed 60 virupa,Locked independent JHora GUI witness versus pinned PyJHora Tier B export; diagnostic comparison only; no tolerance widening.
GANN_JHORA_PYJHORA_COMPARISON_V1,case_43_event_start,JUPITER,total,473.070000000,569.720000000,-96.650000000,96.650000000,0.5,fail,status\evidence\jhora_shadbala_20260723\case_43_event_start_shadbala_summary_locked.jpg,FF3C57C5B8351C0C949DF2AA3C8CD418BD443EF0A0FCF36F5EBEFF25099B82B5,PyJHora 4.8.7 Tier B isolated export; Raman ayanamsa; wheel sha256 D8D8014573A38DDEFEDCAE57D3B8D84687CAC2AD31BB5B1DD70D945906A4D54D; event civil timezone; Tokyo reference coordinates; Dig uses _dig_bala(method=2) canonical bounded circular-distance variant because the package default method=1 can exceed 60 virupa,Locked independent JHora GUI witness versus pinned PyJHora Tier B export; diagnostic comparison only; no tolerance widening.
GANN_JHORA_PYJHORA_COMPARISON_V1,case_43_event_start,VENUS,sthana,162.810000000,162.810000000,0.000000000,0.000000000,0.5,pass,status\evidence\jhora_shadbala_20260723\case_43_event_start_shadbala_breakup_locked.jpg,592F520E46DBDE9A7896E4498980BE98ED24A3662755AAA6491672851281008D,PyJHora 4.8.7 Tier B isolated export; Raman ayanamsa; wheel sha256 D8D8014573A38DDEFEDCAE57D3B8D84687CAC2AD31BB5B1DD70D945906A4D54D; event civil timezone; Tokyo reference coordinates; Dig uses _dig_bala(method=2) canonical bounded circular-distance variant because the package default method=1 can exceed 60 virupa,Locked independent JHora GUI witness versus pinned PyJHora Tier B export; diagnostic comparison only; no tolerance widening.
GANN_JHORA_PYJHORA_COMPARISON_V1,case_43_event_start,VENUS,kaala,222.160000000,196.250000000,25.910000000,25.910000000,0.5,fail,status\evidence\jhora_shadbala_20260723\case_43_event_start_shadbala_breakup_locked.jpg,592F520E46DBDE9A7896E4498980BE98ED24A3662755AAA6491672851281008D,PyJHora 4.8.7 Tier B isolated export; Raman ayanamsa; wheel sha256 D8D8014573A38DDEFEDCAE57D3B8D84687CAC2AD31BB5B1DD70D945906A4D54D; event civil timezone; Tokyo reference coordinates; Dig uses _dig_bala(method=2) canonical bounded circular-distance variant because the package default method=1 can exceed 60 virupa,Locked independent JHora GUI witness versus pinned PyJHora Tier B export; diagnostic comparison only; no tolerance widening.
GANN_JHORA_PYJHORA_COMPARISON_V1,case_43_event_start,VENUS,dig,19.970000000,23.520000000,-3.550000000,3.550000000,0.5,fail,status\evidence\jhora_shadbala_20260723\case_43_event_start_shadbala_breakup_locked.jpg,592F520E46DBDE9A7896E4498980BE98ED24A3662755AAA6491672851281008D,PyJHora 4.8.7 Tier B isolated export; Raman ayanamsa; wheel sha256 D8D8014573A38DDEFEDCAE57D3B8D84687CAC2AD31BB5B1DD70D945906A4D54D; event civil timezone; Tokyo reference coordinates; Dig uses _dig_bala(method=2) canonical bounded circular-distance variant because the package default method=1 can exceed 60 virupa,Locked independent JHora GUI witness versus pinned PyJHora Tier B export; diagnostic comparison only; no tolerance widening.
GANN_JHORA_PYJHORA_COMPARISON_V1,case_43_event_start,VENUS,chesta,53.600000000,53.530000000,0.070000000,0.070000000,0.5,pass,status\evidence\jhora_shadbala_20260723\case_43_event_start_shadbala_breakup_locked.jpg,592F520E46DBDE9A7896E4498980BE98ED24A3662755AAA6491672851281008D,PyJHora 4.8.7 Tier B isolated export; Raman ayanamsa; wheel sha256 D8D8014573A38DDEFEDCAE57D3B8D84687CAC2AD31BB5B1DD70D945906A4D54D; event civil timezone; Tokyo reference coordinates; Dig uses _dig_bala(method=2) canonical bounded circular-distance variant because the package default method=1 can exceed 60 virupa,Locked independent JHora GUI witness versus pinned PyJHora Tier B export; diagnostic comparison only; no tolerance widening.
GANN_JHORA_PYJHORA_COMPARISON_V1,case_43_event_start,VENUS,naisargika,42.850000000,42.860000000,-0.010000000,0.010000000,0.5,pass,status\evidence\jhora_shadbala_20260723\case_43_event_start_shadbala_breakup_locked.jpg,592F520E46DBDE9A7896E4498980BE98ED24A3662755AAA6491672851281008D,PyJHora 4.8.7 Tier B isolated export; Raman ayanamsa; wheel sha256 D8D8014573A38DDEFEDCAE57D3B8D84687CAC2AD31BB5B1DD70D945906A4D54D; event civil timezone; Tokyo reference coordinates; Dig uses _dig_bala(method=2) canonical bounded circular-distance variant because the package default method=1 can exceed 60 virupa,Locked independent JHora GUI witness versus pinned PyJHora Tier B export; diagnostic comparison only; no tolerance widening.
GANN_JHORA_PYJHORA_COMPARISON_V1,case_43_event_start,VENUS,drik,-8.840000000,-0.690000000,-8.150000000,8.150000000,0.5,fail,status\evidence\jhora_shadbala_20260723\case_43_event_start_shadbala_breakup_locked.jpg,592F520E46DBDE9A7896E4498980BE98ED24A3662755AAA6491672851281008D,PyJHora 4.8.7 Tier B isolated export; Raman ayanamsa; wheel sha256 D8D8014573A38DDEFEDCAE57D3B8D84687CAC2AD31BB5B1DD70D945906A4D54D; event civil timezone; Tokyo reference coordinates; Dig uses _dig_bala(method=2) canonical bounded circular-distance variant because the package default method=1 can exceed 60 virupa,Locked independent JHora GUI witness versus pinned PyJHora Tier B export; diagnostic comparison only; no tolerance widening.
GANN_JHORA_PYJHORA_COMPARISON_V1,case_43_event_start,VENUS,total,492.550000000,478.280000000,14.270000000,14.270000000,0.5,fail,status\evidence\jhora_shadbala_20260723\case_43_event_start_shadbala_summary_locked.jpg,FF3C57C5B8351C0C949DF2AA3C8CD418BD443EF0A0FCF36F5EBEFF25099B82B5,PyJHora 4.8.7 Tier B isolated export; Raman ayanamsa; wheel sha256 D8D8014573A38DDEFEDCAE57D3B8D84687CAC2AD31BB5B1DD70D945906A4D54D; event civil timezone; Tokyo reference coordinates; Dig uses _dig_bala(method=2) canonical bounded circular-distance variant because the package default method=1 can exceed 60 virupa,Locked independent JHora GUI witness versus pinned PyJHora Tier B export; diagnostic comparison only; no tolerance widening.
GANN_JHORA_PYJHORA_COMPARISON_V1,case_43_event_start,SATURN,sthana,105.980000000,105.970000000,0.010000000,0.010000000,0.5,pass,status\evidence\jhora_shadbala_20260723\case_43_event_start_shadbala_breakup_locked.jpg,592F520E46DBDE9A7896E4498980BE98ED24A3662755AAA6491672851281008D,PyJHora 4.8.7 Tier B isolated export; Raman ayanamsa; wheel sha256 D8D8014573A38DDEFEDCAE57D3B8D84687CAC2AD31BB5B1DD70D945906A4D54D; event civil timezone; Tokyo reference coordinates; Dig uses _dig_bala(method=2) canonical bounded circular-distance variant because the package default method=1 can exceed 60 virupa,Locked independent JHora GUI witness versus pinned PyJHora Tier B export; diagnostic comparison only; no tolerance widening.
GANN_JHORA_PYJHORA_COMPARISON_V1,case_43_event_start,SATURN,kaala,93.590000000,63.780000000,29.810000000,29.810000000,0.5,fail,status\evidence\jhora_shadbala_20260723\case_43_event_start_shadbala_breakup_locked.jpg,592F520E46DBDE9A7896E4498980BE98ED24A3662755AAA6491672851281008D,PyJHora 4.8.7 Tier B isolated export; Raman ayanamsa; wheel sha256 D8D8014573A38DDEFEDCAE57D3B8D84687CAC2AD31BB5B1DD70D945906A4D54D; event civil timezone; Tokyo reference coordinates; Dig uses _dig_bala(method=2) canonical bounded circular-distance variant because the package default method=1 can exceed 60 virupa,Locked independent JHora GUI witness versus pinned PyJHora Tier B export; diagnostic comparison only; no tolerance widening.
GANN_JHORA_PYJHORA_COMPARISON_V1,case_43_event_start,SATURN,dig,10.530000000,10.530000000,0.000000000,0.000000000,0.5,pass,status\evidence\jhora_shadbala_20260723\case_43_event_start_shadbala_breakup_locked.jpg,592F520E46DBDE9A7896E4498980BE98ED24A3662755AAA6491672851281008D,PyJHora 4.8.7 Tier B isolated export; Raman ayanamsa; wheel sha256 D8D8014573A38DDEFEDCAE57D3B8D84687CAC2AD31BB5B1DD70D945906A4D54D; event civil timezone; Tokyo reference coordinates; Dig uses _dig_bala(method=2) canonical bounded circular-distance variant because the package default method=1 can exceed 60 virupa,Locked independent JHora GUI witness versus pinned PyJHora Tier B export; diagnostic comparison only; no tolerance widening.
GANN_JHORA_PYJHORA_COMPARISON_V1,case_43_event_start,SATURN,chesta,5.280000000,5.240000000,0.040000000,0.040000000,0.5,pass,status\evidence\jhora_shadbala_20260723\case_43_event_start_shadbala_breakup_locked.jpg,592F520E46DBDE9A7896E4498980BE98ED24A3662755AAA6491672851281008D,PyJHora 4.8.7 Tier B isolated export; Raman ayanamsa; wheel sha256 D8D8014573A38DDEFEDCAE57D3B8D84687CAC2AD31BB5B1DD70D945906A4D54D; event civil timezone; Tokyo reference coordinates; Dig uses _dig_bala(method=2) canonical bounded circular-distance variant because the package default method=1 can exceed 60 virupa,Locked independent JHora GUI witness versus pinned PyJHora Tier B export; diagnostic comparison only; no tolerance widening.
GANN_JHORA_PYJHORA_COMPARISON_V1,case_43_event_start,SATURN,naisargika,8.570000000,8.570000000,0.000000000,0.000000000,0.5,pass,status\evidence\jhora_shadbala_20260723\case_43_event_start_shadbala_breakup_locked.jpg,592F520E46DBDE9A7896E4498980BE98ED24A3662755AAA6491672851281008D,PyJHora 4.8.7 Tier B isolated export; Raman ayanamsa; wheel sha256 D8D8014573A38DDEFEDCAE57D3B8D84687CAC2AD31BB5B1DD70D945906A4D54D; event civil timezone; Tokyo reference coordinates; Dig uses _dig_bala(method=2) canonical bounded circular-distance variant because the package default method=1 can exceed 60 virupa,Locked independent JHora GUI witness versus pinned PyJHora Tier B export; diagnostic comparison only; no tolerance widening.
GANN_JHORA_PYJHORA_COMPARISON_V1,case_43_event_start,SATURN,drik,-9.030000000,-0.500000000,-8.530000000,8.530000000,0.5,fail,status\evidence\jhora_shadbala_20260723\case_43_event_start_shadbala_breakup_locked.jpg,592F520E46DBDE9A7896E4498980BE98ED24A3662755AAA6491672851281008D,PyJHora 4.8.7 Tier B isolated export; Raman ayanamsa; wheel sha256 D8D8014573A38DDEFEDCAE57D3B8D84687CAC2AD31BB5B1DD70D945906A4D54D; event civil timezone; Tokyo reference coordinates; Dig uses _dig_bala(method=2) canonical bounded circular-distance variant because the package default method=1 can exceed 60 virupa,Locked independent JHora GUI witness versus pinned PyJHora Tier B export; diagnostic comparison only; no tolerance widening.
GANN_JHORA_PYJHORA_COMPARISON_V1,case_43_event_start,SATURN,total,214.920000000,292.530000000,-77.610000000,77.610000000,0.5,fail,status\evidence\jhora_shadbala_20260723\case_43_event_start_shadbala_summary_locked.jpg,FF3C57C5B8351C0C949DF2AA3C8CD418BD443EF0A0FCF36F5EBEFF25099B82B5,PyJHora 4.8.7 Tier B isolated export; Raman ayanamsa; wheel sha256 D8D8014573A38DDEFEDCAE57D3B8D84687CAC2AD31BB5B1DD70D945906A4D54D; event civil timezone; Tokyo reference coordinates; Dig uses _dig_bala(method=2) canonical bounded circular-distance variant because the package default method=1 can exceed 60 virupa,Locked independent JHora GUI witness versus pinned PyJHora Tier B export; diagnostic comparison only; no tolerance widening.
GANN_JHORA_PYJHORA_COMPARISON_V1,case_103_event_start,SUN,sthana,150.050000000,150.050000000,0.000000000,0.000000000,0.5,pass,status\evidence\jhora_shadbala_20260723\case_103_event_start_shadbala_breakup_locked.jpg,05E292BC8D1B42B9277C28997801AE615F399BBAF8FD55DD4FFD0548A4F9AE37,PyJHora 4.8.7 Tier B isolated export; Raman ayanamsa; wheel sha256 D8D8014573A38DDEFEDCAE57D3B8D84687CAC2AD31BB5B1DD70D945906A4D54D; event civil timezone; Tokyo reference coordinates; Dig uses _dig_bala(method=2) canonical bounded circular-distance variant because the package default method=1 can exceed 60 virupa,Locked independent JHora GUI witness versus pinned PyJHora Tier B export; diagnostic comparison only; no tolerance widening.
GANN_JHORA_PYJHORA_COMPARISON_V1,case_103_event_start,SUN,kaala,130.400000000,124.470000000,5.930000000,5.930000000,0.5,fail,status\evidence\jhora_shadbala_20260723\case_103_event_start_shadbala_breakup_locked.jpg,05E292BC8D1B42B9277C28997801AE615F399BBAF8FD55DD4FFD0548A4F9AE37,PyJHora 4.8.7 Tier B isolated export; Raman ayanamsa; wheel sha256 D8D8014573A38DDEFEDCAE57D3B8D84687CAC2AD31BB5B1DD70D945906A4D54D; event civil timezone; Tokyo reference coordinates; Dig uses _dig_bala(method=2) canonical bounded circular-distance variant because the package default method=1 can exceed 60 virupa,Locked independent JHora GUI witness versus pinned PyJHora Tier B export; diagnostic comparison only; no tolerance widening.
GANN_JHORA_PYJHORA_COMPARISON_V1,case_103_event_start,SUN,dig,10.750000000,11.120000000,-0.370000000,0.370000000,0.5,pass,status\evidence\jhora_shadbala_20260723\case_103_event_start_shadbala_breakup_locked.jpg,05E292BC8D1B42B9277C28997801AE615F399BBAF8FD55DD4FFD0548A4F9AE37,PyJHora 4.8.7 Tier B isolated export; Raman ayanamsa; wheel sha256 D8D8014573A38DDEFEDCAE57D3B8D84687CAC2AD31BB5B1DD70D945906A4D54D; event civil timezone; Tokyo reference coordinates; Dig uses _dig_bala(method=2) canonical bounded circular-distance variant because the package default method=1 can exceed 60 virupa,Locked independent JHora GUI witness versus pinned PyJHora Tier B export; diagnostic comparison only; no tolerance widening.
GANN_JHORA_PYJHORA_COMPARISON_V1,case_103_event_start,SUN,chesta,48.450000000,0.000000000,48.450000000,48.450000000,0.5,fail,status\evidence\jhora_shadbala_20260723\case_103_event_start_shadbala_breakup_locked.jpg,05E292BC8D1B42B9277C28997801AE615F399BBAF8FD55DD4FFD0548A4F9AE37,PyJHora 4.8.7 Tier B isolated export; Raman ayanamsa; wheel sha256 D8D8014573A38DDEFEDCAE57D3B8D84687CAC2AD31BB5B1DD70D945906A4D54D; event civil timezone; Tokyo reference coordinates; Dig uses _dig_bala(method=2) canonical bounded circular-distance variant because the package default method=1 can exceed 60 virupa,Locked independent JHora GUI witness versus pinned PyJHora Tier B export; diagnostic comparison only; no tolerance widening.
GANN_JHORA_PYJHORA_COMPARISON_V1,case_103_event_start,SUN,naisargika,60.000000000,60.000000000,0.000000000,0.000000000,0.5,pass,status\evidence\jhora_shadbala_20260723\case_103_event_start_shadbala_breakup_locked.jpg,05E292BC8D1B42B9277C28997801AE615F399BBAF8FD55DD4FFD0548A4F9AE37,PyJHora 4.8.7 Tier B isolated export; Raman ayanamsa; wheel sha256 D8D8014573A38DDEFEDCAE57D3B8D84687CAC2AD31BB5B1DD70D945906A4D54D; event civil timezone; Tokyo reference coordinates; Dig uses _dig_bala(method=2) canonical bounded circular-distance variant because the package default method=1 can exceed 60 virupa,Locked independent JHora GUI witness versus pinned PyJHora Tier B export; diagnostic comparison only; no tolerance widening.
GANN_JHORA_PYJHORA_COMPARISON_V1,case_103_event_start,SUN,drik,-12.450000000,-4.430000000,-8.020000000,8.020000000,0.5,fail,status\evidence\jhora_shadbala_20260723\case_103_event_start_shadbala_breakup_locked.jpg,05E292BC8D1B42B9277C28997801AE615F399BBAF8FD55DD4FFD0548A4F9AE37,PyJHora 4.8.7 Tier B isolated export; Raman ayanamsa; wheel sha256 D8D8014573A38DDEFEDCAE57D3B8D84687CAC2AD31BB5B1DD70D945906A4D54D; event civil timezone; Tokyo reference coordinates; Dig uses _dig_bala(method=2) canonical bounded circular-distance variant because the package default method=1 can exceed 60 virupa,Locked independent JHora GUI witness versus pinned PyJHora Tier B export; diagnostic comparison only; no tolerance widening.
GANN_JHORA_PYJHORA_COMPARISON_V1,case_103_event_start,SUN,total,338.760000000,341.210000000,-2.450000000,2.450000000,0.5,fail,status\evidence\jhora_shadbala_20260723\case_103_event_start_shadbala_summary_locked.jpg,065FB8C8583B0047605A5D3DF7473B8B9DB982511FD934B1B2CCC78CB18C69B6,PyJHora 4.8.7 Tier B isolated export; Raman ayanamsa; wheel sha256 D8D8014573A38DDEFEDCAE57D3B8D84687CAC2AD31BB5B1DD70D945906A4D54D; event civil timezone; Tokyo reference coordinates; Dig uses _dig_bala(method=2) canonical bounded circular-distance variant because the package default method=1 can exceed 60 virupa,Locked independent JHora GUI witness versus pinned PyJHora Tier B export; diagnostic comparison only; no tolerance widening.
GANN_JHORA_PYJHORA_COMPARISON_V1,case_103_event_start,MOON,sthana,160.910000000,160.910000000,0.000000000,0.000000000,0.5,pass,status\evidence\jhora_shadbala_20260723\case_103_event_start_shadbala_breakup_locked.jpg,05E292BC8D1B42B9277C28997801AE615F399BBAF8FD55DD4FFD0548A4F9AE37,PyJHora 4.8.7 Tier B isolated export; Raman ayanamsa; wheel sha256 D8D8014573A38DDEFEDCAE57D3B8D84687CAC2AD31BB5B1DD70D945906A4D54D; event civil timezone; Tokyo reference coordinates; Dig uses _dig_bala(method=2) canonical bounded circular-distance variant because the package default method=1 can exceed 60 virupa,Locked independent JHora GUI witness versus pinned PyJHora Tier B export; diagnostic comparison only; no tolerance widening.
GANN_JHORA_PYJHORA_COMPARISON_V1,case_103_event_start,MOON,kaala,221.910000000,145.870000000,76.040000000,76.040000000,0.5,fail,status\evidence\jhora_shadbala_20260723\case_103_event_start_shadbala_breakup_locked.jpg,05E292BC8D1B42B9277C28997801AE615F399BBAF8FD55DD4FFD0548A4F9AE37,PyJHora 4.8.7 Tier B isolated export; Raman ayanamsa; wheel sha256 D8D8014573A38DDEFEDCAE57D3B8D84687CAC2AD31BB5B1DD70D945906A4D54D; event civil timezone; Tokyo reference coordinates; Dig uses _dig_bala(method=2) canonical bounded circular-distance variant because the package default method=1 can exceed 60 virupa,Locked independent JHora GUI witness versus pinned PyJHora Tier B export; diagnostic comparison only; no tolerance widening.
GANN_JHORA_PYJHORA_COMPARISON_V1,case_103_event_start,MOON,dig,0.380000000,0.010000000,0.370000000,0.370000000,0.5,pass,status\evidence\jhora_shadbala_20260723\case_103_event_start_shadbala_breakup_locked.jpg,05E292BC8D1B42B9277C28997801AE615F399BBAF8FD55DD4FFD0548A4F9AE37,PyJHora 4.8.7 Tier B isolated export; Raman ayanamsa; wheel sha256 D8D8014573A38DDEFEDCAE57D3B8D84687CAC2AD31BB5B1DD70D945906A4D54D; event civil timezone; Tokyo reference coordinates; Dig uses _dig_bala(method=2) canonical bounded circular-distance variant because the package default method=1 can exceed 60 virupa,Locked independent JHora GUI witness versus pinned PyJHora Tier B export; diagnostic comparison only; no tolerance widening.
GANN_JHORA_PYJHORA_COMPARISON_V1,case_103_event_start,MOON,chesta,48.870000000,0.000000000,48.870000000,48.870000000,0.5,fail,status\evidence\jhora_shadbala_20260723\case_103_event_start_shadbala_breakup_locked.jpg,05E292BC8D1B42B9277C28997801AE615F399BBAF8FD55DD4FFD0548A4F9AE37,PyJHora 4.8.7 Tier B isolated export; Raman ayanamsa; wheel sha256 D8D8014573A38DDEFEDCAE57D3B8D84687CAC2AD31BB5B1DD70D945906A4D54D; event civil timezone; Tokyo reference coordinates; Dig uses _dig_bala(method=2) canonical bounded circular-distance variant because the package default method=1 can exceed 60 virupa,Locked independent JHora GUI witness versus pinned PyJHora Tier B export; diagnostic comparison only; no tolerance widening.
GANN_JHORA_PYJHORA_COMPARISON_V1,case_103_event_start,MOON,naisargika,51.430000000,51.430000000,0.000000000,0.000000000,0.5,pass,status\evidence\jhora_shadbala_20260723\case_103_event_start_shadbala_breakup_locked.jpg,05E292BC8D1B42B9277C28997801AE615F399BBAF8FD55DD4FFD0548A4F9AE37,PyJHora 4.8.7 Tier B isolated export; Raman ayanamsa; wheel sha256 D8D8014573A38DDEFEDCAE57D3B8D84687CAC2AD31BB5B1DD70D945906A4D54D; event civil timezone; Tokyo reference coordinates; Dig uses _dig_bala(method=2) canonical bounded circular-distance variant because the package default method=1 can exceed 60 virupa,Locked independent JHora GUI witness versus pinned PyJHora Tier B export; diagnostic comparison only; no tolerance widening.
GANN_JHORA_PYJHORA_COMPARISON_V1,case_103_event_start,MOON,drik,-0.610000000,10.360000000,-10.970000000,10.970000000,0.5,fail,status\evidence\jhora_shadbala_20260723\case_103_event_start_shadbala_breakup_locked.jpg,05E292BC8D1B42B9277C28997801AE615F399BBAF8FD55DD4FFD0548A4F9AE37,PyJHora 4.8.7 Tier B isolated export; Raman ayanamsa; wheel sha256 D8D8014573A38DDEFEDCAE57D3B8D84687CAC2AD31BB5B1DD70D945906A4D54D; event civil timezone; Tokyo reference coordinates; Dig uses _dig_bala(method=2) canonical bounded circular-distance variant because the package default method=1 can exceed 60 virupa,Locked independent JHora GUI witness versus pinned PyJHora Tier B export; diagnostic comparison only; no tolerance widening.
GANN_JHORA_PYJHORA_COMPARISON_V1,case_103_event_start,MOON,total,434.010000000,368.580000000,65.430000000,65.430000000,0.5,fail,status\evidence\jhora_shadbala_20260723\case_103_event_start_shadbala_summary_locked.jpg,065FB8C8583B0047605A5D3DF7473B8B9DB982511FD934B1B2CCC78CB18C69B6,PyJHora 4.8.7 Tier B isolated export; Raman ayanamsa; wheel sha256 D8D8014573A38DDEFEDCAE57D3B8D84687CAC2AD31BB5B1DD70D945906A4D54D; event civil timezone; Tokyo reference coordinates; Dig uses _dig_bala(method=2) canonical bounded circular-distance variant because the package default method=1 can exceed 60 virupa,Locked independent JHora GUI witness versus pinned PyJHora Tier B export; diagnostic comparison only; no tolerance widening.
GANN_JHORA_PYJHORA_COMPARISON_V1,case_103_event_start,MARS,sthana,160.210000000,160.200000000,0.010000000,0.010000000,0.5,pass,status\evidence\jhora_shadbala_20260723\case_103_event_start_shadbala_breakup_locked.jpg,05E292BC8D1B42B9277C28997801AE615F399BBAF8FD55DD4FFD0548A4F9AE37,PyJHora 4.8.7 Tier B isolated export; Raman ayanamsa; wheel sha256 D8D8014573A38DDEFEDCAE57D3B8D84687CAC2AD31BB5B1DD70D945906A4D54D; event civil timezone; Tokyo reference coordinates; Dig uses _dig_bala(method=2) canonical bounded circular-distance variant because the package default method=1 can exceed 60 virupa,Locked independent JHora GUI witness versus pinned PyJHora Tier B export; diagnostic comparison only; no tolerance widening.
GANN_JHORA_PYJHORA_COMPARISON_V1,case_103_event_start,MARS,kaala,201.950000000,103.750000000,98.200000000,98.200000000,0.5,fail,status\evidence\jhora_shadbala_20260723\case_103_event_start_shadbala_breakup_locked.jpg,05E292BC8D1B42B9277C28997801AE615F399BBAF8FD55DD4FFD0548A4F9AE37,PyJHora 4.8.7 Tier B isolated export; Raman ayanamsa; wheel sha256 D8D8014573A38DDEFEDCAE57D3B8D84687CAC2AD31BB5B1DD70D945906A4D54D; event civil timezone; Tokyo reference coordinates; Dig uses _dig_bala(method=2) canonical bounded circular-distance variant because the package default method=1 can exceed 60 virupa,Locked independent JHora GUI witness versus pinned PyJHora Tier B export; diagnostic comparison only; no tolerance widening.
GANN_JHORA_PYJHORA_COMPARISON_V1,case_103_event_start,MARS,dig,15.100000000,14.730000000,0.370000000,0.370000000,0.5,pass,status\evidence\jhora_shadbala_20260723\case_103_event_start_shadbala_breakup_locked.jpg,05E292BC8D1B42B9277C28997801AE615F399BBAF8FD55DD4FFD0548A4F9AE37,PyJHora 4.8.7 Tier B isolated export; Raman ayanamsa; wheel sha256 D8D8014573A38DDEFEDCAE57D3B8D84687CAC2AD31BB5B1DD70D945906A4D54D; event civil timezone; Tokyo reference coordinates; Dig uses _dig_bala(method=2) canonical bounded circular-distance variant because the package default method=1 can exceed 60 virupa,Locked independent JHora GUI witness versus pinned PyJHora Tier B export; diagnostic comparison only; no tolerance widening.
GANN_JHORA_PYJHORA_COMPARISON_V1,case_103_event_start,MARS,chesta,32.910000000,32.950000000,-0.040000000,0.040000000,0.5,pass,status\evidence\jhora_shadbala_20260723\case_103_event_start_shadbala_breakup_locked.jpg,05E292BC8D1B42B9277C28997801AE615F399BBAF8FD55DD4FFD0548A4F9AE37,PyJHora 4.8.7 Tier B isolated export; Raman ayanamsa; wheel sha256 D8D8014573A38DDEFEDCAE57D3B8D84687CAC2AD31BB5B1DD70D945906A4D54D; event civil timezone; Tokyo reference coordinates; Dig uses _dig_bala(method=2) canonical bounded circular-distance variant because the package default method=1 can exceed 60 virupa,Locked independent JHora GUI witness versus pinned PyJHora Tier B export; diagnostic comparison only; no tolerance widening.
GANN_JHORA_PYJHORA_COMPARISON_V1,case_103_event_start,MARS,naisargika,17.140000000,17.140000000,0.000000000,0.000000000,0.5,pass,status\evidence\jhora_shadbala_20260723\case_103_event_start_shadbala_breakup_locked.jpg,05E292BC8D1B42B9277C28997801AE615F399BBAF8FD55DD4FFD0548A4F9AE37,PyJHora 4.8.7 Tier B isolated export; Raman ayanamsa; wheel sha256 D8D8014573A38DDEFEDCAE57D3B8D84687CAC2AD31BB5B1DD70D945906A4D54D; event civil timezone; Tokyo reference coordinates; Dig uses _dig_bala(method=2) canonical bounded circular-distance variant because the package default method=1 can exceed 60 virupa,Locked independent JHora GUI witness versus pinned PyJHora Tier B export; diagnostic comparison only; no tolerance widening.
GANN_JHORA_PYJHORA_COMPARISON_V1,case_103_event_start,MARS,drik,17.230000000,-1.730000000,18.960000000,18.960000000,0.5,fail,status\evidence\jhora_shadbala_20260723\case_103_event_start_shadbala_breakup_locked.jpg,05E292BC8D1B42B9277C28997801AE615F399BBAF8FD55DD4FFD0548A4F9AE37,PyJHora 4.8.7 Tier B isolated export; Raman ayanamsa; wheel sha256 D8D8014573A38DDEFEDCAE57D3B8D84687CAC2AD31BB5B1DD70D945906A4D54D; event civil timezone; Tokyo reference coordinates; Dig uses _dig_bala(method=2) canonical bounded circular-distance variant because the package default method=1 can exceed 60 virupa,Locked independent JHora GUI witness versus pinned PyJHora Tier B export; diagnostic comparison only; no tolerance widening.
GANN_JHORA_PYJHORA_COMPARISON_V1,case_103_event_start,MARS,total,444.530000000,327.040000000,117.490000000,117.490000000,0.5,fail,status\evidence\jhora_shadbala_20260723\case_103_event_start_shadbala_summary_locked.jpg,065FB8C8583B0047605A5D3DF7473B8B9DB982511FD934B1B2CCC78CB18C69B6,PyJHora 4.8.7 Tier B isolated export; Raman ayanamsa; wheel sha256 D8D8014573A38DDEFEDCAE57D3B8D84687CAC2AD31BB5B1DD70D945906A4D54D; event civil timezone; Tokyo reference coordinates; Dig uses _dig_bala(method=2) canonical bounded circular-distance variant because the package default method=1 can exceed 60 virupa,Locked independent JHora GUI witness versus pinned PyJHora Tier B export; diagnostic comparison only; no tolerance widening.
GANN_JHORA_PYJHORA_COMPARISON_V1,case_103_event_start,MERCURY,sthana,186.720000000,186.730000000,-0.010000000,0.010000000,0.5,pass,status\evidence\jhora_shadbala_20260723\case_103_event_start_shadbala_breakup_locked.jpg,05E292BC8D1B42B9277C28997801AE615F399BBAF8FD55DD4FFD0548A4F9AE37,PyJHora 4.8.7 Tier B isolated export; Raman ayanamsa; wheel sha256 D8D8014573A38DDEFEDCAE57D3B8D84687CAC2AD31BB5B1DD70D945906A4D54D; event civil timezone; Tokyo reference coordinates; Dig uses _dig_bala(method=2) canonical bounded circular-distance variant because the package default method=1 can exceed 60 virupa,Locked independent JHora GUI witness versus pinned PyJHora Tier B export; diagnostic comparison only; no tolerance widening.
GANN_JHORA_PYJHORA_COMPARISON_V1,case_103_event_start,MERCURY,kaala,157.430000000,179.720000000,-22.290000000,22.290000000,0.5,fail,status\evidence\jhora_shadbala_20260723\case_103_event_start_shadbala_breakup_locked.jpg,05E292BC8D1B42B9277C28997801AE615F399BBAF8FD55DD4FFD0548A4F9AE37,PyJHora 4.8.7 Tier B isolated export; Raman ayanamsa; wheel sha256 D8D8014573A38DDEFEDCAE57D3B8D84687CAC2AD31BB5B1DD70D945906A4D54D; event civil timezone; Tokyo reference coordinates; Dig uses _dig_bala(method=2) canonical bounded circular-distance variant because the package default method=1 can exceed 60 virupa,Locked independent JHora GUI witness versus pinned PyJHora Tier B export; diagnostic comparison only; no tolerance widening.
GANN_JHORA_PYJHORA_COMPARISON_V1,case_103_event_start,MERCURY,dig,46.050000000,46.050000000,0.000000000,0.000000000,0.5,pass,status\evidence\jhora_shadbala_20260723\case_103_event_start_shadbala_breakup_locked.jpg,05E292BC8D1B42B9277C28997801AE615F399BBAF8FD55DD4FFD0548A4F9AE37,PyJHora 4.8.7 Tier B isolated export; Raman ayanamsa; wheel sha256 D8D8014573A38DDEFEDCAE57D3B8D84687CAC2AD31BB5B1DD70D945906A4D54D; event civil timezone; Tokyo reference coordinates; Dig uses _dig_bala(method=2) canonical bounded circular-distance variant because the package default method=1 can exceed 60 virupa,Locked independent JHora GUI witness versus pinned PyJHora Tier B export; diagnostic comparison only; no tolerance widening.
GANN_JHORA_PYJHORA_COMPARISON_V1,case_103_event_start,MERCURY,chesta,7.290000000,7.260000000,0.030000000,0.030000000,0.5,pass,status\evidence\jhora_shadbala_20260723\case_103_event_start_shadbala_breakup_locked.jpg,05E292BC8D1B42B9277C28997801AE615F399BBAF8FD55DD4FFD0548A4F9AE37,PyJHora 4.8.7 Tier B isolated export; Raman ayanamsa; wheel sha256 D8D8014573A38DDEFEDCAE57D3B8D84687CAC2AD31BB5B1DD70D945906A4D54D; event civil timezone; Tokyo reference coordinates; Dig uses _dig_bala(method=2) canonical bounded circular-distance variant because the package default method=1 can exceed 60 virupa,Locked independent JHora GUI witness versus pinned PyJHora Tier B export; diagnostic comparison only; no tolerance widening.
GANN_JHORA_PYJHORA_COMPARISON_V1,case_103_event_start,MERCURY,naisargika,25.700000000,25.710000000,-0.010000000,0.010000000,0.5,pass,status\evidence\jhora_shadbala_20260723\case_103_event_start_shadbala_breakup_locked.jpg,05E292BC8D1B42B9277C28997801AE615F399BBAF8FD55DD4FFD0548A4F9AE37,PyJHora 4.8.7 Tier B isolated export; Raman ayanamsa; wheel sha256 D8D8014573A38DDEFEDCAE57D3B8D84687CAC2AD31BB5B1DD70D945906A4D54D; event civil timezone; Tokyo reference coordinates; Dig uses _dig_bala(method=2) canonical bounded circular-distance variant because the package default method=1 can exceed 60 virupa,Locked independent JHora GUI witness versus pinned PyJHora Tier B export; diagnostic comparison only; no tolerance widening.
GANN_JHORA_PYJHORA_COMPARISON_V1,case_103_event_start,MERCURY,drik,-4.330000000,-10.250000000,5.920000000,5.920000000,0.5,fail,status\evidence\jhora_shadbala_20260723\case_103_event_start_shadbala_breakup_locked.jpg,05E292BC8D1B42B9277C28997801AE615F399BBAF8FD55DD4FFD0548A4F9AE37,PyJHora 4.8.7 Tier B isolated export; Raman ayanamsa; wheel sha256 D8D8014573A38DDEFEDCAE57D3B8D84687CAC2AD31BB5B1DD70D945906A4D54D; event civil timezone; Tokyo reference coordinates; Dig uses _dig_bala(method=2) canonical bounded circular-distance variant because the package default method=1 can exceed 60 virupa,Locked independent JHora GUI witness versus pinned PyJHora Tier B export; diagnostic comparison only; no tolerance widening.
GANN_JHORA_PYJHORA_COMPARISON_V1,case_103_event_start,MERCURY,total,418.860000000,435.220000000,-16.360000000,16.360000000,0.5,fail,status\evidence\jhora_shadbala_20260723\case_103_event_start_shadbala_summary_locked.jpg,065FB8C8583B0047605A5D3DF7473B8B9DB982511FD934B1B2CCC78CB18C69B6,PyJHora 4.8.7 Tier B isolated export; Raman ayanamsa; wheel sha256 D8D8014573A38DDEFEDCAE57D3B8D84687CAC2AD31BB5B1DD70D945906A4D54D; event civil timezone; Tokyo reference coordinates; Dig uses _dig_bala(method=2) canonical bounded circular-distance variant because the package default method=1 can exceed 60 virupa,Locked independent JHora GUI witness versus pinned PyJHora Tier B export; diagnostic comparison only; no tolerance widening.
GANN_JHORA_PYJHORA_COMPARISON_V1,case_103_event_start,JUPITER,sthana,236.390000000,236.390000000,0.000000000,0.000000000,0.5,pass,status\evidence\jhora_shadbala_20260723\case_103_event_start_shadbala_breakup_locked.jpg,05E292BC8D1B42B9277C28997801AE615F399BBAF8FD55DD4FFD0548A4F9AE37,PyJHora 4.8.7 Tier B isolated export; Raman ayanamsa; wheel sha256 D8D8014573A38DDEFEDCAE57D3B8D84687CAC2AD31BB5B1DD70D945906A4D54D; event civil timezone; Tokyo reference coordinates; Dig uses _dig_bala(method=2) canonical bounded circular-distance variant because the package default method=1 can exceed 60 virupa,Locked independent JHora GUI witness versus pinned PyJHora Tier B export; diagnostic comparison only; no tolerance widening.
GANN_JHORA_PYJHORA_COMPARISON_V1,case_103_event_start,JUPITER,kaala,284.240000000,262.820000000,21.420000000,21.420000000,0.5,fail,status\evidence\jhora_shadbala_20260723\case_103_event_start_shadbala_breakup_locked.jpg,05E292BC8D1B42B9277C28997801AE615F399BBAF8FD55DD4FFD0548A4F9AE37,PyJHora 4.8.7 Tier B isolated export; Raman ayanamsa; wheel sha256 D8D8014573A38DDEFEDCAE57D3B8D84687CAC2AD31BB5B1DD70D945906A4D54D; event civil timezone; Tokyo reference coordinates; Dig uses _dig_bala(method=2) canonical bounded circular-distance variant because the package default method=1 can exceed 60 virupa,Locked independent JHora GUI witness versus pinned PyJHora Tier B export; diagnostic comparison only; no tolerance widening.
GANN_JHORA_PYJHORA_COMPARISON_V1,case_103_event_start,JUPITER,dig,30.980000000,30.970000000,0.010000000,0.010000000,0.5,pass,status\evidence\jhora_shadbala_20260723\case_103_event_start_shadbala_breakup_locked.jpg,05E292BC8D1B42B9277C28997801AE615F399BBAF8FD55DD4FFD0548A4F9AE37,PyJHora 4.8.7 Tier B isolated export; Raman ayanamsa; wheel sha256 D8D8014573A38DDEFEDCAE57D3B8D84687CAC2AD31BB5B1DD70D945906A4D54D; event civil timezone; Tokyo reference coordinates; Dig uses _dig_bala(method=2) canonical bounded circular-distance variant because the package default method=1 can exceed 60 virupa,Locked independent JHora GUI witness versus pinned PyJHora Tier B export; diagnostic comparison only; no tolerance widening.
GANN_JHORA_PYJHORA_COMPARISON_V1,case_103_event_start,JUPITER,chesta,10.780000000,10.820000000,-0.040000000,0.040000000,0.5,pass,status\evidence\jhora_shadbala_20260723\case_103_event_start_shadbala_breakup_locked.jpg,05E292BC8D1B42B9277C28997801AE615F399BBAF8FD55DD4FFD0548A4F9AE37,PyJHora 4.8.7 Tier B isolated export; Raman ayanamsa; wheel sha256 D8D8014573A38DDEFEDCAE57D3B8D84687CAC2AD31BB5B1DD70D945906A4D54D; event civil timezone; Tokyo reference coordinates; Dig uses _dig_bala(method=2) canonical bounded circular-distance variant because the package default method=1 can exceed 60 virupa,Locked independent JHora GUI witness versus pinned PyJHora Tier B export; diagnostic comparison only; no tolerance widening.
GANN_JHORA_PYJHORA_COMPARISON_V1,case_103_event_start,JUPITER,naisargika,34.280000000,34.290000000,-0.010000000,0.010000000,0.5,pass,status\evidence\jhora_shadbala_20260723\case_103_event_start_shadbala_breakup_locked.jpg,05E292BC8D1B42B9277C28997801AE615F399BBAF8FD55DD4FFD0548A4F9AE37,PyJHora 4.8.7 Tier B isolated export; Raman ayanamsa; wheel sha256 D8D8014573A38DDEFEDCAE57D3B8D84687CAC2AD31BB5B1DD70D945906A4D54D; event civil timezone; Tokyo reference coordinates; Dig uses _dig_bala(method=2) canonical bounded circular-distance variant because the package default method=1 can exceed 60 virupa,Locked independent JHora GUI witness versus pinned PyJHora Tier B export; diagnostic comparison only; no tolerance widening.
GANN_JHORA_PYJHORA_COMPARISON_V1,case_103_event_start,JUPITER,drik,10.280000000,-25.110000000,35.390000000,35.390000000,0.5,fail,status\evidence\jhora_shadbala_20260723\case_103_event_start_shadbala_breakup_locked.jpg,05E292BC8D1B42B9277C28997801AE615F399BBAF8FD55DD4FFD0548A4F9AE37,PyJHora 4.8.7 Tier B isolated export; Raman ayanamsa; wheel sha256 D8D8014573A38DDEFEDCAE57D3B8D84687CAC2AD31BB5B1DD70D945906A4D54D; event civil timezone; Tokyo reference coordinates; Dig uses _dig_bala(method=2) canonical bounded circular-distance variant because the package default method=1 can exceed 60 virupa,Locked independent JHora GUI witness versus pinned PyJHora Tier B export; diagnostic comparison only; no tolerance widening.
GANN_JHORA_PYJHORA_COMPARISON_V1,case_103_event_start,JUPITER,total,606.940000000,550.180000000,56.760000000,56.760000000,0.5,fail,status\evidence\jhora_shadbala_20260723\case_103_event_start_shadbala_summary_locked.jpg,065FB8C8583B0047605A5D3DF7473B8B9DB982511FD934B1B2CCC78CB18C69B6,PyJHora 4.8.7 Tier B isolated export; Raman ayanamsa; wheel sha256 D8D8014573A38DDEFEDCAE57D3B8D84687CAC2AD31BB5B1DD70D945906A4D54D; event civil timezone; Tokyo reference coordinates; Dig uses _dig_bala(method=2) canonical bounded circular-distance variant because the package default method=1 can exceed 60 virupa,Locked independent JHora GUI witness versus pinned PyJHora Tier B export; diagnostic comparison only; no tolerance widening.
GANN_JHORA_PYJHORA_COMPARISON_V1,case_103_event_start,VENUS,sthana,229.380000000,229.380000000,0.000000000,0.000000000,0.5,pass,status\evidence\jhora_shadbala_20260723\case_103_event_start_shadbala_breakup_locked.jpg,05E292BC8D1B42B9277C28997801AE615F399BBAF8FD55DD4FFD0548A4F9AE37,PyJHora 4.8.7 Tier B isolated export; Raman ayanamsa; wheel sha256 D8D8014573A38DDEFEDCAE57D3B8D84687CAC2AD31BB5B1DD70D945906A4D54D; event civil timezone; Tokyo reference coordinates; Dig uses _dig_bala(method=2) canonical bounded circular-distance variant because the package default method=1 can exceed 60 virupa,Locked independent JHora GUI witness versus pinned PyJHora Tier B export; diagnostic comparison only; no tolerance widening.
GANN_JHORA_PYJHORA_COMPARISON_V1,case_103_event_start,VENUS,kaala,94.970000000,181.140000000,-86.170000000,86.170000000,0.5,fail,status\evidence\jhora_shadbala_20260723\case_103_event_start_shadbala_breakup_locked.jpg,05E292BC8D1B42B9277C28997801AE615F399BBAF8FD55DD4FFD0548A4F9AE37,PyJHora 4.8.7 Tier B isolated export; Raman ayanamsa; wheel sha256 D8D8014573A38DDEFEDCAE57D3B8D84687CAC2AD31BB5B1DD70D945906A4D54D; event civil timezone; Tokyo reference coordinates; Dig uses _dig_bala(method=2) canonical bounded circular-distance variant because the package default method=1 can exceed 60 virupa,Locked independent JHora GUI witness versus pinned PyJHora Tier B export; diagnostic comparison only; no tolerance widening.
GANN_JHORA_PYJHORA_COMPARISON_V1,case_103_event_start,VENUS,dig,34.350000000,33.980000000,0.370000000,0.370000000,0.5,pass,status\evidence\jhora_shadbala_20260723\case_103_event_start_shadbala_breakup_locked.jpg,05E292BC8D1B42B9277C28997801AE615F399BBAF8FD55DD4FFD0548A4F9AE37,PyJHora 4.8.7 Tier B isolated export; Raman ayanamsa; wheel sha256 D8D8014573A38DDEFEDCAE57D3B8D84687CAC2AD31BB5B1DD70D945906A4D54D; event civil timezone; Tokyo reference coordinates; Dig uses _dig_bala(method=2) canonical bounded circular-distance variant because the package default method=1 can exceed 60 virupa,Locked independent JHora GUI witness versus pinned PyJHora Tier B export; diagnostic comparison only; no tolerance widening.
GANN_JHORA_PYJHORA_COMPARISON_V1,case_103_event_start,VENUS,chesta,19.520000000,19.590000000,-0.070000000,0.070000000,0.5,pass,status\evidence\jhora_shadbala_20260723\case_103_event_start_shadbala_breakup_locked.jpg,05E292BC8D1B42B9277C28997801AE615F399BBAF8FD55DD4FFD0548A4F9AE37,PyJHora 4.8.7 Tier B isolated export; Raman ayanamsa; wheel sha256 D8D8014573A38DDEFEDCAE57D3B8D84687CAC2AD31BB5B1DD70D945906A4D54D; event civil timezone; Tokyo reference coordinates; Dig uses _dig_bala(method=2) canonical bounded circular-distance variant because the package default method=1 can exceed 60 virupa,Locked independent JHora GUI witness versus pinned PyJHora Tier B export; diagnostic comparison only; no tolerance widening.
GANN_JHORA_PYJHORA_COMPARISON_V1,case_103_event_start,VENUS,naisargika,42.850000000,42.860000000,-0.010000000,0.010000000,0.5,pass,status\evidence\jhora_shadbala_20260723\case_103_event_start_shadbala_breakup_locked.jpg,05E292BC8D1B42B9277C28997801AE615F399BBAF8FD55DD4FFD0548A4F9AE37,PyJHora 4.8.7 Tier B isolated export; Raman ayanamsa; wheel sha256 D8D8014573A38DDEFEDCAE57D3B8D84687CAC2AD31BB5B1DD70D945906A4D54D; event civil timezone; Tokyo reference coordinates; Dig uses _dig_bala(method=2) canonical bounded circular-distance variant because the package default method=1 can exceed 60 virupa,Locked independent JHora GUI witness versus pinned PyJHora Tier B export; diagnostic comparison only; no tolerance widening.
GANN_JHORA_PYJHORA_COMPARISON_V1,case_103_event_start,VENUS,drik,3.450000000,-19.540000000,22.990000000,22.990000000,0.5,fail,status\evidence\jhora_shadbala_20260723\case_103_event_start_shadbala_breakup_locked.jpg,05E292BC8D1B42B9277C28997801AE615F399BBAF8FD55DD4FFD0548A4F9AE37,PyJHora 4.8.7 Tier B isolated export; Raman ayanamsa; wheel sha256 D8D8014573A38DDEFEDCAE57D3B8D84687CAC2AD31BB5B1DD70D945906A4D54D; event civil timezone; Tokyo reference coordinates; Dig uses _dig_bala(method=2) canonical bounded circular-distance variant because the package default method=1 can exceed 60 virupa,Locked independent JHora GUI witness versus pinned PyJHora Tier B export; diagnostic comparison only; no tolerance widening.
GANN_JHORA_PYJHORA_COMPARISON_V1,case_103_event_start,VENUS,total,424.510000000,487.410000000,-62.900000000,62.900000000,0.5,fail,status\evidence\jhora_shadbala_20260723\case_103_event_start_shadbala_summary_locked.jpg,065FB8C8583B0047605A5D3DF7473B8B9DB982511FD934B1B2CCC78CB18C69B6,PyJHora 4.8.7 Tier B isolated export; Raman ayanamsa; wheel sha256 D8D8014573A38DDEFEDCAE57D3B8D84687CAC2AD31BB5B1DD70D945906A4D54D; event civil timezone; Tokyo reference coordinates; Dig uses _dig_bala(method=2) canonical bounded circular-distance variant because the package default method=1 can exceed 60 virupa,Locked independent JHora GUI witness versus pinned PyJHora Tier B export; diagnostic comparison only; no tolerance widening.
GANN_JHORA_PYJHORA_COMPARISON_V1,case_103_event_start,SATURN,sthana,172.010000000,172.010000000,0.000000000,0.000000000,0.5,pass,status\evidence\jhora_shadbala_20260723\case_103_event_start_shadbala_breakup_locked.jpg,05E292BC8D1B42B9277C28997801AE615F399BBAF8FD55DD4FFD0548A4F9AE37,PyJHora 4.8.7 Tier B isolated export; Raman ayanamsa; wheel sha256 D8D8014573A38DDEFEDCAE57D3B8D84687CAC2AD31BB5B1DD70D945906A4D54D; event civil timezone; Tokyo reference coordinates; Dig uses _dig_bala(method=2) canonical bounded circular-distance variant because the package default method=1 can exceed 60 virupa,Locked independent JHora GUI witness versus pinned PyJHora Tier B export; diagnostic comparison only; no tolerance widening.
GANN_JHORA_PYJHORA_COMPARISON_V1,case_103_event_start,SATURN,kaala,90.650000000,53.990000000,36.660000000,36.660000000,0.5,fail,status\evidence\jhora_shadbala_20260723\case_103_event_start_shadbala_breakup_locked.jpg,05E292BC8D1B42B9277C28997801AE615F399BBAF8FD55DD4FFD0548A4F9AE37,PyJHora 4.8.7 Tier B isolated export; Raman ayanamsa; wheel sha256 D8D8014573A38DDEFEDCAE57D3B8D84687CAC2AD31BB5B1DD70D945906A4D54D; event civil timezone; Tokyo reference coordinates; Dig uses _dig_bala(method=2) canonical bounded circular-distance variant because the package default method=1 can exceed 60 virupa,Locked independent JHora GUI witness versus pinned PyJHora Tier B export; diagnostic comparison only; no tolerance widening.
GANN_JHORA_PYJHORA_COMPARISON_V1,case_103_event_start,SATURN,dig,0.630000000,0.630000000,0.000000000,0.000000000,0.5,pass,status\evidence\jhora_shadbala_20260723\case_103_event_start_shadbala_breakup_locked.jpg,05E292BC8D1B42B9277C28997801AE615F399BBAF8FD55DD4FFD0548A4F9AE37,PyJHora 4.8.7 Tier B isolated export; Raman ayanamsa; wheel sha256 D8D8014573A38DDEFEDCAE57D3B8D84687CAC2AD31BB5B1DD70D945906A4D54D; event civil timezone; Tokyo reference coordinates; Dig uses _dig_bala(method=2) canonical bounded circular-distance variant because the package default method=1 can exceed 60 virupa,Locked independent JHora GUI witness versus pinned PyJHora Tier B export; diagnostic comparison only; no tolerance widening.
GANN_JHORA_PYJHORA_COMPARISON_V1,case_103_event_start,SATURN,chesta,18.060000000,101.980000000,-83.920000000,83.920000000,0.5,fail,status\evidence\jhora_shadbala_20260723\case_103_event_start_shadbala_breakup_locked.jpg,05E292BC8D1B42B9277C28997801AE615F399BBAF8FD55DD4FFD0548A4F9AE37,PyJHora 4.8.7 Tier B isolated export; Raman ayanamsa; wheel sha256 D8D8014573A38DDEFEDCAE57D3B8D84687CAC2AD31BB5B1DD70D945906A4D54D; event civil timezone; Tokyo reference coordinates; Dig uses _dig_bala(method=2) canonical bounded circular-distance variant because the package default method=1 can exceed 60 virupa,Locked independent JHora GUI witness versus pinned PyJHora Tier B export; diagnostic comparison only; no tolerance widening.
GANN_JHORA_PYJHORA_COMPARISON_V1,case_103_event_start,SATURN,naisargika,8.570000000,8.570000000,0.000000000,0.000000000,0.5,pass,status\evidence\jhora_shadbala_20260723\case_103_event_start_shadbala_breakup_locked.jpg,05E292BC8D1B42B9277C28997801AE615F399BBAF8FD55DD4FFD0548A4F9AE37,PyJHora 4.8.7 Tier B isolated export; Raman ayanamsa; wheel sha256 D8D8014573A38DDEFEDCAE57D3B8D84687CAC2AD31BB5B1DD70D945906A4D54D; event civil timezone; Tokyo reference coordinates; Dig uses _dig_bala(method=2) canonical bounded circular-distance variant because the package default method=1 can exceed 60 virupa,Locked independent JHora GUI witness versus pinned PyJHora Tier B export; diagnostic comparison only; no tolerance widening.
GANN_JHORA_PYJHORA_COMPARISON_V1,case_103_event_start,SATURN,drik,3.450000000,-20.930000000,24.380000000,24.380000000,0.5,fail,status\evidence\jhora_shadbala_20260723\case_103_event_start_shadbala_breakup_locked.jpg,05E292BC8D1B42B9277C28997801AE615F399BBAF8FD55DD4FFD0548A4F9AE37,PyJHora 4.8.7 Tier B isolated export; Raman ayanamsa; wheel sha256 D8D8014573A38DDEFEDCAE57D3B8D84687CAC2AD31BB5B1DD70D945906A4D54D; event civil timezone; Tokyo reference coordinates; Dig uses _dig_bala(method=2) canonical bounded circular-distance variant because the package default method=1 can exceed 60 virupa,Locked independent JHora GUI witness versus pinned PyJHora Tier B export; diagnostic comparison only; no tolerance widening.
GANN_JHORA_PYJHORA_COMPARISON_V1,case_103_event_start,SATURN,total,293.370000000,316.250000000,-22.880000000,22.880000000,0.5,fail,status\evidence\jhora_shadbala_20260723\case_103_event_start_shadbala_summary_locked.jpg,065FB8C8583B0047605A5D3DF7473B8B9DB982511FD934B1B2CCC78CB18C69B6,PyJHora 4.8.7 Tier B isolated export; Raman ayanamsa; wheel sha256 D8D8014573A38DDEFEDCAE57D3B8D84687CAC2AD31BB5B1DD70D945906A4D54D; event civil timezone; Tokyo reference coordinates; Dig uses _dig_bala(method=2) canonical bounded circular-distance variant because the package default method=1 can exceed 60 virupa,Locked independent JHora GUI witness versus pinned PyJHora Tier B export; diagnostic comparison only; no tolerance widening.
GANN_JHORA_PYJHORA_COMPARISON_V1,case_127_sr_touch_start,SUN,sthana,142.140000000,142.140000000,0.000000000,0.000000000,0.5,pass,status\evidence\jhora_shadbala_20260723\case_127_sr_touch_start_shadbala_breakup_locked.jpg,86A7B5071B7C548006A42F31DB5086A89E7F49947AB500F027D072E130393C97,PyJHora 4.8.7 Tier B isolated export; Raman ayanamsa; wheel sha256 D8D8014573A38DDEFEDCAE57D3B8D84687CAC2AD31BB5B1DD70D945906A4D54D; event civil timezone; Tokyo reference coordinates; Dig uses _dig_bala(method=2) canonical bounded circular-distance variant because the package default method=1 can exceed 60 virupa,Locked independent JHora GUI witness versus pinned PyJHora Tier B export; diagnostic comparison only; no tolerance widening.
GANN_JHORA_PYJHORA_COMPARISON_V1,case_127_sr_touch_start,SUN,kaala,176.960000000,197.300000000,-20.340000000,20.340000000,0.5,fail,status\evidence\jhora_shadbala_20260723\case_127_sr_touch_start_shadbala_breakup_locked.jpg,86A7B5071B7C548006A42F31DB5086A89E7F49947AB500F027D072E130393C97,PyJHora 4.8.7 Tier B isolated export; Raman ayanamsa; wheel sha256 D8D8014573A38DDEFEDCAE57D3B8D84687CAC2AD31BB5B1DD70D945906A4D54D; event civil timezone; Tokyo reference coordinates; Dig uses _dig_bala(method=2) canonical bounded circular-distance variant because the package default method=1 can exceed 60 virupa,Locked independent JHora GUI witness versus pinned PyJHora Tier B export; diagnostic comparison only; no tolerance widening.
GANN_JHORA_PYJHORA_COMPARISON_V1,case_127_sr_touch_start,SUN,dig,9.380000000,8.570000000,0.810000000,0.810000000,0.5,fail,status\evidence\jhora_shadbala_20260723\case_127_sr_touch_start_shadbala_breakup_locked.jpg,86A7B5071B7C548006A42F31DB5086A89E7F49947AB500F027D072E130393C97,PyJHora 4.8.7 Tier B isolated export; Raman ayanamsa; wheel sha256 D8D8014573A38DDEFEDCAE57D3B8D84687CAC2AD31BB5B1DD70D945906A4D54D; event civil timezone; Tokyo reference coordinates; Dig uses _dig_bala(method=2) canonical bounded circular-distance variant because the package default method=1 can exceed 60 virupa,Locked independent JHora GUI witness versus pinned PyJHora Tier B export; diagnostic comparison only; no tolerance widening.
GANN_JHORA_PYJHORA_COMPARISON_V1,case_127_sr_touch_start,SUN,chesta,52.610000000,0.000000000,52.610000000,52.610000000,0.5,fail,status\evidence\jhora_shadbala_20260723\case_127_sr_touch_start_shadbala_breakup_locked.jpg,86A7B5071B7C548006A42F31DB5086A89E7F49947AB500F027D072E130393C97,PyJHora 4.8.7 Tier B isolated export; Raman ayanamsa; wheel sha256 D8D8014573A38DDEFEDCAE57D3B8D84687CAC2AD31BB5B1DD70D945906A4D54D; event civil timezone; Tokyo reference coordinates; Dig uses _dig_bala(method=2) canonical bounded circular-distance variant because the package default method=1 can exceed 60 virupa,Locked independent JHora GUI witness versus pinned PyJHora Tier B export; diagnostic comparison only; no tolerance widening.
GANN_JHORA_PYJHORA_COMPARISON_V1,case_127_sr_touch_start,SUN,naisargika,60.000000000,60.000000000,0.000000000,0.000000000,0.5,pass,status\evidence\jhora_shadbala_20260723\case_127_sr_touch_start_shadbala_breakup_locked.jpg,86A7B5071B7C548006A42F31DB5086A89E7F49947AB500F027D072E130393C97,PyJHora 4.8.7 Tier B isolated export; Raman ayanamsa; wheel sha256 D8D8014573A38DDEFEDCAE57D3B8D84687CAC2AD31BB5B1DD70D945906A4D54D; event civil timezone; Tokyo reference coordinates; Dig uses _dig_bala(method=2) canonical bounded circular-distance variant because the package default method=1 can exceed 60 virupa,Locked independent JHora GUI witness versus pinned PyJHora Tier B export; diagnostic comparison only; no tolerance widening.
GANN_JHORA_PYJHORA_COMPARISON_V1,case_127_sr_touch_start,SUN,drik,-13.570000000,-16.320000000,2.750000000,2.750000000,0.5,fail,status\evidence\jhora_shadbala_20260723\case_127_sr_touch_start_shadbala_breakup_locked.jpg,86A7B5071B7C548006A42F31DB5086A89E7F49947AB500F027D072E130393C97,PyJHora 4.8.7 Tier B isolated export; Raman ayanamsa; wheel sha256 D8D8014573A38DDEFEDCAE57D3B8D84687CAC2AD31BB5B1DD70D945906A4D54D; event civil timezone; Tokyo reference coordinates; Dig uses _dig_bala(method=2) canonical bounded circular-distance variant because the package default method=1 can exceed 60 virupa,Locked independent JHora GUI witness versus pinned PyJHora Tier B export; diagnostic comparison only; no tolerance widening.
GANN_JHORA_PYJHORA_COMPARISON_V1,case_127_sr_touch_start,SUN,total,374.910000000,391.690000000,-16.780000000,16.780000000,0.5,fail,status\evidence\jhora_shadbala_20260723\case_127_sr_touch_start_shadbala_summary_locked.jpg,BD3D35AB51807ED46F159061BE2D057F16DF77D7DAD0C186B71514F76AA88E2D,PyJHora 4.8.7 Tier B isolated export; Raman ayanamsa; wheel sha256 D8D8014573A38DDEFEDCAE57D3B8D84687CAC2AD31BB5B1DD70D945906A4D54D; event civil timezone; Tokyo reference coordinates; Dig uses _dig_bala(method=2) canonical bounded circular-distance variant because the package default method=1 can exceed 60 virupa,Locked independent JHora GUI witness versus pinned PyJHora Tier B export; diagnostic comparison only; no tolerance widening.
GANN_JHORA_PYJHORA_COMPARISON_V1,case_127_sr_touch_start,MOON,sthana,273.800000000,273.800000000,0.000000000,0.000000000,0.5,pass,status\evidence\jhora_shadbala_20260723\case_127_sr_touch_start_shadbala_breakup_locked.jpg,86A7B5071B7C548006A42F31DB5086A89E7F49947AB500F027D072E130393C97,PyJHora 4.8.7 Tier B isolated export; Raman ayanamsa; wheel sha256 D8D8014573A38DDEFEDCAE57D3B8D84687CAC2AD31BB5B1DD70D945906A4D54D; event civil timezone; Tokyo reference coordinates; Dig uses _dig_bala(method=2) canonical bounded circular-distance variant because the package default method=1 can exceed 60 virupa,Locked independent JHora GUI witness versus pinned PyJHora Tier B export; diagnostic comparison only; no tolerance widening.
GANN_JHORA_PYJHORA_COMPARISON_V1,case_127_sr_touch_start,MOON,kaala,171.140000000,60.220000000,110.920000000,110.920000000,0.5,fail,status\evidence\jhora_shadbala_20260723\case_127_sr_touch_start_shadbala_breakup_locked.jpg,86A7B5071B7C548006A42F31DB5086A89E7F49947AB500F027D072E130393C97,PyJHora 4.8.7 Tier B isolated export; Raman ayanamsa; wheel sha256 D8D8014573A38DDEFEDCAE57D3B8D84687CAC2AD31BB5B1DD70D945906A4D54D; event civil timezone; Tokyo reference coordinates; Dig uses _dig_bala(method=2) canonical bounded circular-distance variant because the package default method=1 can exceed 60 virupa,Locked independent JHora GUI witness versus pinned PyJHora Tier B export; diagnostic comparison only; no tolerance widening.
GANN_JHORA_PYJHORA_COMPARISON_V1,case_127_sr_touch_start,MOON,dig,57.880000000,58.680000000,-0.800000000,0.800000000,0.5,fail,status\evidence\jhora_shadbala_20260723\case_127_sr_touch_start_shadbala_breakup_locked.jpg,86A7B5071B7C548006A42F31DB5086A89E7F49947AB500F027D072E130393C97,PyJHora 4.8.7 Tier B isolated export; Raman ayanamsa; wheel sha256 D8D8014573A38DDEFEDCAE57D3B8D84687CAC2AD31BB5B1DD70D945906A4D54D; event civil timezone; Tokyo reference coordinates; Dig uses _dig_bala(method=2) canonical bounded circular-distance variant because the package default method=1 can exceed 60 virupa,Locked independent JHora GUI witness versus pinned PyJHora Tier B export; diagnostic comparison only; no tolerance widening.
GANN_JHORA_PYJHORA_COMPARISON_V1,case_127_sr_touch_start,MOON,chesta,7.260000000,0.000000000,7.260000000,7.260000000,0.5,fail,status\evidence\jhora_shadbala_20260723\case_127_sr_touch_start_shadbala_breakup_locked.jpg,86A7B5071B7C548006A42F31DB5086A89E7F49947AB500F027D072E130393C97,PyJHora 4.8.7 Tier B isolated export; Raman ayanamsa; wheel sha256 D8D8014573A38DDEFEDCAE57D3B8D84687CAC2AD31BB5B1DD70D945906A4D54D; event civil timezone; Tokyo reference coordinates; Dig uses _dig_bala(method=2) canonical bounded circular-distance variant because the package default method=1 can exceed 60 virupa,Locked independent JHora GUI witness versus pinned PyJHora Tier B export; diagnostic comparison only; no tolerance widening.
GANN_JHORA_PYJHORA_COMPARISON_V1,case_127_sr_touch_start,MOON,naisargika,51.430000000,51.430000000,0.000000000,0.000000000,0.5,pass,status\evidence\jhora_shadbala_20260723\case_127_sr_touch_start_shadbala_breakup_locked.jpg,86A7B5071B7C548006A42F31DB5086A89E7F49947AB500F027D072E130393C97,PyJHora 4.8.7 Tier B isolated export; Raman ayanamsa; wheel sha256 D8D8014573A38DDEFEDCAE57D3B8D84687CAC2AD31BB5B1DD70D945906A4D54D; event civil timezone; Tokyo reference coordinates; Dig uses _dig_bala(method=2) canonical bounded circular-distance variant because the package default method=1 can exceed 60 virupa,Locked independent JHora GUI witness versus pinned PyJHora Tier B export; diagnostic comparison only; no tolerance widening.
GANN_JHORA_PYJHORA_COMPARISON_V1,case_127_sr_touch_start,MOON,drik,-5.720000000,-16.630000000,10.910000000,10.910000000,0.5,fail,status\evidence\jhora_shadbala_20260723\case_127_sr_touch_start_shadbala_breakup_locked.jpg,86A7B5071B7C548006A42F31DB5086A89E7F49947AB500F027D072E130393C97,PyJHora 4.8.7 Tier B isolated export; Raman ayanamsa; wheel sha256 D8D8014573A38DDEFEDCAE57D3B8D84687CAC2AD31BB5B1DD70D945906A4D54D; event civil timezone; Tokyo reference coordinates; Dig uses _dig_bala(method=2) canonical bounded circular-distance variant because the package default method=1 can exceed 60 virupa,Locked independent JHora GUI witness versus pinned PyJHora Tier B export; diagnostic comparison only; no tolerance widening.
GANN_JHORA_PYJHORA_COMPARISON_V1,case_127_sr_touch_start,MOON,total,548.530000000,430.140000000,118.390000000,118.390000000,0.5,fail,status\evidence\jhora_shadbala_20260723\case_127_sr_touch_start_shadbala_summary_locked.jpg,BD3D35AB51807ED46F159061BE2D057F16DF77D7DAD0C186B71514F76AA88E2D,PyJHora 4.8.7 Tier B isolated export; Raman ayanamsa; wheel sha256 D8D8014573A38DDEFEDCAE57D3B8D84687CAC2AD31BB5B1DD70D945906A4D54D; event civil timezone; Tokyo reference coordinates; Dig uses _dig_bala(method=2) canonical bounded circular-distance variant because the package default method=1 can exceed 60 virupa,Locked independent JHora GUI witness versus pinned PyJHora Tier B export; diagnostic comparison only; no tolerance widening.
GANN_JHORA_PYJHORA_COMPARISON_V1,case_127_sr_touch_start,MARS,sthana,172.990000000,172.990000000,0.000000000,0.000000000,0.5,pass,status\evidence\jhora_shadbala_20260723\case_127_sr_touch_start_shadbala_breakup_locked.jpg,86A7B5071B7C548006A42F31DB5086A89E7F49947AB500F027D072E130393C97,PyJHora 4.8.7 Tier B isolated export; Raman ayanamsa; wheel sha256 D8D8014573A38DDEFEDCAE57D3B8D84687CAC2AD31BB5B1DD70D945906A4D54D; event civil timezone; Tokyo reference coordinates; Dig uses _dig_bala(method=2) canonical bounded circular-distance variant because the package default method=1 can exceed 60 virupa,Locked independent JHora GUI witness versus pinned PyJHora Tier B export; diagnostic comparison only; no tolerance widening.
GANN_JHORA_PYJHORA_COMPARISON_V1,case_127_sr_touch_start,MARS,kaala,242.360000000,162.660000000,79.700000000,79.700000000,0.5,fail,status\evidence\jhora_shadbala_20260723\case_127_sr_touch_start_shadbala_breakup_locked.jpg,86A7B5071B7C548006A42F31DB5086A89E7F49947AB500F027D072E130393C97,PyJHora 4.8.7 Tier B isolated export; Raman ayanamsa; wheel sha256 D8D8014573A38DDEFEDCAE57D3B8D84687CAC2AD31BB5B1DD70D945906A4D54D; event civil timezone; Tokyo reference coordinates; Dig uses _dig_bala(method=2) canonical bounded circular-distance variant because the package default method=1 can exceed 60 virupa,Locked independent JHora GUI witness versus pinned PyJHora Tier B export; diagnostic comparison only; no tolerance widening.
GANN_JHORA_PYJHORA_COMPARISON_V1,case_127_sr_touch_start,MARS,dig,14.530000000,15.330000000,-0.800000000,0.800000000,0.5,fail,status\evidence\jhora_shadbala_20260723\case_127_sr_touch_start_shadbala_breakup_locked.jpg,86A7B5071B7C548006A42F31DB5086A89E7F49947AB500F027D072E130393C97,PyJHora 4.8.7 Tier B isolated export; Raman ayanamsa; wheel sha256 D8D8014573A38DDEFEDCAE57D3B8D84687CAC2AD31BB5B1DD70D945906A4D54D; event civil timezone; Tokyo reference coordinates; Dig uses _dig_bala(method=2) canonical bounded circular-distance variant because the package default method=1 can exceed 60 virupa,Locked independent JHora GUI witness versus pinned PyJHora Tier B export; diagnostic comparison only; no tolerance widening.
GANN_JHORA_PYJHORA_COMPARISON_V1,case_127_sr_touch_start,MARS,chesta,30.880000000,30.670000000,0.210000000,0.210000000,0.5,pass,status\evidence\jhora_shadbala_20260723\case_127_sr_touch_start_shadbala_breakup_locked.jpg,86A7B5071B7C548006A42F31DB5086A89E7F49947AB500F027D072E130393C97,PyJHora 4.8.7 Tier B isolated export; Raman ayanamsa; wheel sha256 D8D8014573A38DDEFEDCAE57D3B8D84687CAC2AD31BB5B1DD70D945906A4D54D; event civil timezone; Tokyo reference coordinates; Dig uses _dig_bala(method=2) canonical bounded circular-distance variant because the package default method=1 can exceed 60 virupa,Locked independent JHora GUI witness versus pinned PyJHora Tier B export; diagnostic comparison only; no tolerance widening.
GANN_JHORA_PYJHORA_COMPARISON_V1,case_127_sr_touch_start,MARS,naisargika,17.140000000,17.140000000,0.000000000,0.000000000,0.5,pass,status\evidence\jhora_shadbala_20260723\case_127_sr_touch_start_shadbala_breakup_locked.jpg,86A7B5071B7C548006A42F31DB5086A89E7F49947AB500F027D072E130393C97,PyJHora 4.8.7 Tier B isolated export; Raman ayanamsa; wheel sha256 D8D8014573A38DDEFEDCAE57D3B8D84687CAC2AD31BB5B1DD70D945906A4D54D; event civil timezone; Tokyo reference coordinates; Dig uses _dig_bala(method=2) canonical bounded circular-distance variant because the package default method=1 can exceed 60 virupa,Locked independent JHora GUI witness versus pinned PyJHora Tier B export; diagnostic comparison only; no tolerance widening.
GANN_JHORA_PYJHORA_COMPARISON_V1,case_127_sr_touch_start,MARS,drik,-8.480000000,-3.490000000,-4.990000000,4.990000000,0.5,fail,status\evidence\jhora_shadbala_20260723\case_127_sr_touch_start_shadbala_breakup_locked.jpg,86A7B5071B7C548006A42F31DB5086A89E7F49947AB500F027D072E130393C97,PyJHora 4.8.7 Tier B isolated export; Raman ayanamsa; wheel sha256 D8D8014573A38DDEFEDCAE57D3B8D84687CAC2AD31BB5B1DD70D945906A4D54D; event civil timezone; Tokyo reference coordinates; Dig uses _dig_bala(method=2) canonical bounded circular-distance variant because the package default method=1 can exceed 60 virupa,Locked independent JHora GUI witness versus pinned PyJHora Tier B export; diagnostic comparison only; no tolerance widening.
GANN_JHORA_PYJHORA_COMPARISON_V1,case_127_sr_touch_start,MARS,total,469.420000000,395.300000000,74.120000000,74.120000000,0.5,fail,status\evidence\jhora_shadbala_20260723\case_127_sr_touch_start_shadbala_summary_locked.jpg,BD3D35AB51807ED46F159061BE2D057F16DF77D7DAD0C186B71514F76AA88E2D,PyJHora 4.8.7 Tier B isolated export; Raman ayanamsa; wheel sha256 D8D8014573A38DDEFEDCAE57D3B8D84687CAC2AD31BB5B1DD70D945906A4D54D; event civil timezone; Tokyo reference coordinates; Dig uses _dig_bala(method=2) canonical bounded circular-distance variant because the package default method=1 can exceed 60 virupa,Locked independent JHora GUI witness versus pinned PyJHora Tier B export; diagnostic comparison only; no tolerance widening.
GANN_JHORA_PYJHORA_COMPARISON_V1,case_127_sr_touch_start,MERCURY,sthana,191.830000000,191.830000000,0.000000000,0.000000000,0.5,pass,status\evidence\jhora_shadbala_20260723\case_127_sr_touch_start_shadbala_breakup_locked.jpg,86A7B5071B7C548006A42F31DB5086A89E7F49947AB500F027D072E130393C97,PyJHora 4.8.7 Tier B isolated export; Raman ayanamsa; wheel sha256 D8D8014573A38DDEFEDCAE57D3B8D84687CAC2AD31BB5B1DD70D945906A4D54D; event civil timezone; Tokyo reference coordinates; Dig uses _dig_bala(method=2) canonical bounded circular-distance variant because the package default method=1 can exceed 60 virupa,Locked independent JHora GUI witness versus pinned PyJHora Tier B export; diagnostic comparison only; no tolerance widening.
GANN_JHORA_PYJHORA_COMPARISON_V1,case_127_sr_touch_start,MERCURY,kaala,274.780000000,214.980000000,59.800000000,59.800000000,0.5,fail,status\evidence\jhora_shadbala_20260723\case_127_sr_touch_start_shadbala_breakup_locked.jpg,86A7B5071B7C548006A42F31DB5086A89E7F49947AB500F027D072E130393C97,PyJHora 4.8.7 Tier B isolated export; Raman ayanamsa; wheel sha256 D8D8014573A38DDEFEDCAE57D3B8D84687CAC2AD31BB5B1DD70D945906A4D54D; event civil timezone; Tokyo reference coordinates; Dig uses _dig_bala(method=2) canonical bounded circular-distance variant because the package default method=1 can exceed 60 virupa,Locked independent JHora GUI witness versus pinned PyJHora Tier B export; diagnostic comparison only; no tolerance widening.
GANN_JHORA_PYJHORA_COMPARISON_V1,case_127_sr_touch_start,MERCURY,dig,39.990000000,39.980000000,0.010000000,0.010000000,0.5,pass,status\evidence\jhora_shadbala_20260723\case_127_sr_touch_start_shadbala_breakup_locked.jpg,86A7B5071B7C548006A42F31DB5086A89E7F49947AB500F027D072E130393C97,PyJHora 4.8.7 Tier B isolated export; Raman ayanamsa; wheel sha256 D8D8014573A38DDEFEDCAE57D3B8D84687CAC2AD31BB5B1DD70D945906A4D54D; event civil timezone; Tokyo reference coordinates; Dig uses _dig_bala(method=2) canonical bounded circular-distance variant because the package default method=1 can exceed 60 virupa,Locked independent JHora GUI witness versus pinned PyJHora Tier B export; diagnostic comparison only; no tolerance widening.
GANN_JHORA_PYJHORA_COMPARISON_V1,case_127_sr_touch_start,MERCURY,chesta,3.870000000,3.890000000,-0.020000000,0.020000000,0.5,pass,status\evidence\jhora_shadbala_20260723\case_127_sr_touch_start_shadbala_breakup_locked.jpg,86A7B5071B7C548006A42F31DB5086A89E7F49947AB500F027D072E130393C97,PyJHora 4.8.7 Tier B isolated export; Raman ayanamsa; wheel sha256 D8D8014573A38DDEFEDCAE57D3B8D84687CAC2AD31BB5B1DD70D945906A4D54D; event civil timezone; Tokyo reference coordinates; Dig uses _dig_bala(method=2) canonical bounded circular-distance variant because the package default method=1 can exceed 60 virupa,Locked independent JHora GUI witness versus pinned PyJHora Tier B export; diagnostic comparison only; no tolerance widening.
GANN_JHORA_PYJHORA_COMPARISON_V1,case_127_sr_touch_start,MERCURY,naisargika,25.700000000,25.710000000,-0.010000000,0.010000000,0.5,pass,status\evidence\jhora_shadbala_20260723\case_127_sr_touch_start_shadbala_breakup_locked.jpg,86A7B5071B7C548006A42F31DB5086A89E7F49947AB500F027D072E130393C97,PyJHora 4.8.7 Tier B isolated export; Raman ayanamsa; wheel sha256 D8D8014573A38DDEFEDCAE57D3B8D84687CAC2AD31BB5B1DD70D945906A4D54D; event civil timezone; Tokyo reference coordinates; Dig uses _dig_bala(method=2) canonical bounded circular-distance variant because the package default method=1 can exceed 60 virupa,Locked independent JHora GUI witness versus pinned PyJHora Tier B export; diagnostic comparison only; no tolerance widening.
GANN_JHORA_PYJHORA_COMPARISON_V1,case_127_sr_touch_start,MERCURY,drik,-14.260000000,-16.320000000,2.060000000,2.060000000,0.5,fail,status\evidence\jhora_shadbala_20260723\case_127_sr_touch_start_shadbala_breakup_locked.jpg,86A7B5071B7C548006A42F31DB5086A89E7F49947AB500F027D072E130393C97,PyJHora 4.8.7 Tier B isolated export; Raman ayanamsa; wheel sha256 D8D8014573A38DDEFEDCAE57D3B8D84687CAC2AD31BB5B1DD70D945906A4D54D; event civil timezone; Tokyo reference coordinates; Dig uses _dig_bala(method=2) canonical bounded circular-distance variant because the package default method=1 can exceed 60 virupa,Locked independent JHora GUI witness versus pinned PyJHora Tier B export; diagnostic comparison only; no tolerance widening.
GANN_JHORA_PYJHORA_COMPARISON_V1,case_127_sr_touch_start,MERCURY,total,521.910000000,460.070000000,61.840000000,61.840000000,0.5,fail,status\evidence\jhora_shadbala_20260723\case_127_sr_touch_start_shadbala_summary_locked.jpg,BD3D35AB51807ED46F159061BE2D057F16DF77D7DAD0C186B71514F76AA88E2D,PyJHora 4.8.7 Tier B isolated export; Raman ayanamsa; wheel sha256 D8D8014573A38DDEFEDCAE57D3B8D84687CAC2AD31BB5B1DD70D945906A4D54D; event civil timezone; Tokyo reference coordinates; Dig uses _dig_bala(method=2) canonical bounded circular-distance variant because the package default method=1 can exceed 60 virupa,Locked independent JHora GUI witness versus pinned PyJHora Tier B export; diagnostic comparison only; no tolerance widening.
GANN_JHORA_PYJHORA_COMPARISON_V1,case_127_sr_touch_start,JUPITER,sthana,237.330000000,237.330000000,0.000000000,0.000000000,0.5,pass,status\evidence\jhora_shadbala_20260723\case_127_sr_touch_start_shadbala_breakup_locked.jpg,86A7B5071B7C548006A42F31DB5086A89E7F49947AB500F027D072E130393C97,PyJHora 4.8.7 Tier B isolated export; Raman ayanamsa; wheel sha256 D8D8014573A38DDEFEDCAE57D3B8D84687CAC2AD31BB5B1DD70D945906A4D54D; event civil timezone; Tokyo reference coordinates; Dig uses _dig_bala(method=2) canonical bounded circular-distance variant because the package default method=1 can exceed 60 virupa,Locked independent JHora GUI witness versus pinned PyJHora Tier B export; diagnostic comparison only; no tolerance widening.
GANN_JHORA_PYJHORA_COMPARISON_V1,case_127_sr_touch_start,JUPITER,kaala,136.450000000,156.490000000,-20.040000000,20.040000000,0.5,fail,status\evidence\jhora_shadbala_20260723\case_127_sr_touch_start_shadbala_breakup_locked.jpg,86A7B5071B7C548006A42F31DB5086A89E7F49947AB500F027D072E130393C97,PyJHora 4.8.7 Tier B isolated export; Raman ayanamsa; wheel sha256 D8D8014573A38DDEFEDCAE57D3B8D84687CAC2AD31BB5B1DD70D945906A4D54D; event civil timezone; Tokyo reference coordinates; Dig uses _dig_bala(method=2) canonical bounded circular-distance variant because the package default method=1 can exceed 60 virupa,Locked independent JHora GUI witness versus pinned PyJHora Tier B export; diagnostic comparison only; no tolerance widening.
GANN_JHORA_PYJHORA_COMPARISON_V1,case_127_sr_touch_start,JUPITER,dig,32.820000000,32.820000000,0.000000000,0.000000000,0.5,pass,status\evidence\jhora_shadbala_20260723\case_127_sr_touch_start_shadbala_breakup_locked.jpg,86A7B5071B7C548006A42F31DB5086A89E7F49947AB500F027D072E130393C97,PyJHora 4.8.7 Tier B isolated export; Raman ayanamsa; wheel sha256 D8D8014573A38DDEFEDCAE57D3B8D84687CAC2AD31BB5B1DD70D945906A4D54D; event civil timezone; Tokyo reference coordinates; Dig uses _dig_bala(method=2) canonical bounded circular-distance variant because the package default method=1 can exceed 60 virupa,Locked independent JHora GUI witness versus pinned PyJHora Tier B export; diagnostic comparison only; no tolerance widening.
GANN_JHORA_PYJHORA_COMPARISON_V1,case_127_sr_touch_start,JUPITER,chesta,7.160000000,7.210000000,-0.050000000,0.050000000,0.5,pass,status\evidence\jhora_shadbala_20260723\case_127_sr_touch_start_shadbala_breakup_locked.jpg,86A7B5071B7C548006A42F31DB5086A89E7F49947AB500F027D072E130393C97,PyJHora 4.8.7 Tier B isolated export; Raman ayanamsa; wheel sha256 D8D8014573A38DDEFEDCAE57D3B8D84687CAC2AD31BB5B1DD70D945906A4D54D; event civil timezone; Tokyo reference coordinates; Dig uses _dig_bala(method=2) canonical bounded circular-distance variant because the package default method=1 can exceed 60 virupa,Locked independent JHora GUI witness versus pinned PyJHora Tier B export; diagnostic comparison only; no tolerance widening.
GANN_JHORA_PYJHORA_COMPARISON_V1,case_127_sr_touch_start,JUPITER,naisargika,34.280000000,34.290000000,-0.010000000,0.010000000,0.5,pass,status\evidence\jhora_shadbala_20260723\case_127_sr_touch_start_shadbala_breakup_locked.jpg,86A7B5071B7C548006A42F31DB5086A89E7F49947AB500F027D072E130393C97,PyJHora 4.8.7 Tier B isolated export; Raman ayanamsa; wheel sha256 D8D8014573A38DDEFEDCAE57D3B8D84687CAC2AD31BB5B1DD70D945906A4D54D; event civil timezone; Tokyo reference coordinates; Dig uses _dig_bala(method=2) canonical bounded circular-distance variant because the package default method=1 can exceed 60 virupa,Locked independent JHora GUI witness versus pinned PyJHora Tier B export; diagnostic comparison only; no tolerance widening.
GANN_JHORA_PYJHORA_COMPARISON_V1,case_127_sr_touch_start,JUPITER,drik,-6.510000000,-16.630000000,10.120000000,10.120000000,0.5,fail,status\evidence\jhora_shadbala_20260723\case_127_sr_touch_start_shadbala_breakup_locked.jpg,86A7B5071B7C548006A42F31DB5086A89E7F49947AB500F027D072E130393C97,PyJHora 4.8.7 Tier B isolated export; Raman ayanamsa; wheel sha256 D8D8014573A38DDEFEDCAE57D3B8D84687CAC2AD31BB5B1DD70D945906A4D54D; event civil timezone; Tokyo reference coordinates; Dig uses _dig_bala(method=2) canonical bounded circular-distance variant because the package default method=1 can exceed 60 virupa,Locked independent JHora GUI witness versus pinned PyJHora Tier B export; diagnostic comparison only; no tolerance widening.
GANN_JHORA_PYJHORA_COMPARISON_V1,case_127_sr_touch_start,JUPITER,total,441.540000000,451.510000000,-9.970000000,9.970000000,0.5,fail,status\evidence\jhora_shadbala_20260723\case_127_sr_touch_start_shadbala_summary_locked.jpg,BD3D35AB51807ED46F159061BE2D057F16DF77D7DAD0C186B71514F76AA88E2D,PyJHora 4.8.7 Tier B isolated export; Raman ayanamsa; wheel sha256 D8D8014573A38DDEFEDCAE57D3B8D84687CAC2AD31BB5B1DD70D945906A4D54D; event civil timezone; Tokyo reference coordinates; Dig uses _dig_bala(method=2) canonical bounded circular-distance variant because the package default method=1 can exceed 60 virupa,Locked independent JHora GUI witness versus pinned PyJHora Tier B export; diagnostic comparison only; no tolerance widening.
GANN_JHORA_PYJHORA_COMPARISON_V1,case_127_sr_touch_start,VENUS,sthana,231.830000000,231.830000000,0.000000000,0.000000000,0.5,pass,status\evidence\jhora_shadbala_20260723\case_127_sr_touch_start_shadbala_breakup_locked.jpg,86A7B5071B7C548006A42F31DB5086A89E7F49947AB500F027D072E130393C97,PyJHora 4.8.7 Tier B isolated export; Raman ayanamsa; wheel sha256 D8D8014573A38DDEFEDCAE57D3B8D84687CAC2AD31BB5B1DD70D945906A4D54D; event civil timezone; Tokyo reference coordinates; Dig uses _dig_bala(method=2) canonical bounded circular-distance variant because the package default method=1 can exceed 60 virupa,Locked independent JHora GUI witness versus pinned PyJHora Tier B export; diagnostic comparison only; no tolerance widening.
GANN_JHORA_PYJHORA_COMPARISON_V1,case_127_sr_touch_start,VENUS,kaala,57.500000000,175.700000000,-118.200000000,118.200000000,0.5,fail,status\evidence\jhora_shadbala_20260723\case_127_sr_touch_start_shadbala_breakup_locked.jpg,86A7B5071B7C548006A42F31DB5086A89E7F49947AB500F027D072E130393C97,PyJHora 4.8.7 Tier B isolated export; Raman ayanamsa; wheel sha256 D8D8014573A38DDEFEDCAE57D3B8D84687CAC2AD31BB5B1DD70D945906A4D54D; event civil timezone; Tokyo reference coordinates; Dig uses _dig_bala(method=2) canonical bounded circular-distance variant because the package default method=1 can exceed 60 virupa,Locked independent JHora GUI witness versus pinned PyJHora Tier B export; diagnostic comparison only; no tolerance widening.
GANN_JHORA_PYJHORA_COMPARISON_V1,case_127_sr_touch_start,VENUS,dig,35.360000000,36.160000000,-0.800000000,0.800000000,0.5,fail,status\evidence\jhora_shadbala_20260723\case_127_sr_touch_start_shadbala_breakup_locked.jpg,86A7B5071B7C548006A42F31DB5086A89E7F49947AB500F027D072E130393C97,PyJHora 4.8.7 Tier B isolated export; Raman ayanamsa; wheel sha256 D8D8014573A38DDEFEDCAE57D3B8D84687CAC2AD31BB5B1DD70D945906A4D54D; event civil timezone; Tokyo reference coordinates; Dig uses _dig_bala(method=2) canonical bounded circular-distance variant because the package default method=1 can exceed 60 virupa,Locked independent JHora GUI witness versus pinned PyJHora Tier B export; diagnostic comparison only; no tolerance widening.
GANN_JHORA_PYJHORA_COMPARISON_V1,case_127_sr_touch_start,VENUS,chesta,22.430000000,22.490000000,-0.060000000,0.060000000,0.5,pass,status\evidence\jhora_shadbala_20260723\case_127_sr_touch_start_shadbala_breakup_locked.jpg,86A7B5071B7C548006A42F31DB5086A89E7F49947AB500F027D072E130393C97,PyJHora 4.8.7 Tier B isolated export; Raman ayanamsa; wheel sha256 D8D8014573A38DDEFEDCAE57D3B8D84687CAC2AD31BB5B1DD70D945906A4D54D; event civil timezone; Tokyo reference coordinates; Dig uses _dig_bala(method=2) canonical bounded circular-distance variant because the package default method=1 can exceed 60 virupa,Locked independent JHora GUI witness versus pinned PyJHora Tier B export; diagnostic comparison only; no tolerance widening.
GANN_JHORA_PYJHORA_COMPARISON_V1,case_127_sr_touch_start,VENUS,naisargika,42.850000000,42.860000000,-0.010000000,0.010000000,0.5,pass,status\evidence\jhora_shadbala_20260723\case_127_sr_touch_start_shadbala_breakup_locked.jpg,86A7B5071B7C548006A42F31DB5086A89E7F49947AB500F027D072E130393C97,PyJHora 4.8.7 Tier B isolated export; Raman ayanamsa; wheel sha256 D8D8014573A38DDEFEDCAE57D3B8D84687CAC2AD31BB5B1DD70D945906A4D54D; event civil timezone; Tokyo reference coordinates; Dig uses _dig_bala(method=2) canonical bounded circular-distance variant because the package default method=1 can exceed 60 virupa,Locked independent JHora GUI witness versus pinned PyJHora Tier B export; diagnostic comparison only; no tolerance widening.
GANN_JHORA_PYJHORA_COMPARISON_V1,case_127_sr_touch_start,VENUS,drik,-7.450000000,-5.560000000,-1.890000000,1.890000000,0.5,fail,status\evidence\jhora_shadbala_20260723\case_127_sr_touch_start_shadbala_breakup_locked.jpg,86A7B5071B7C548006A42F31DB5086A89E7F49947AB500F027D072E130393C97,PyJHora 4.8.7 Tier B isolated export; Raman ayanamsa; wheel sha256 D8D8014573A38DDEFEDCAE57D3B8D84687CAC2AD31BB5B1DD70D945906A4D54D; event civil timezone; Tokyo reference coordinates; Dig uses _dig_bala(method=2) canonical bounded circular-distance variant because the package default method=1 can exceed 60 virupa,Locked independent JHora GUI witness versus pinned PyJHora Tier B export; diagnostic comparison only; no tolerance widening.
GANN_JHORA_PYJHORA_COMPARISON_V1,case_127_sr_touch_start,VENUS,total,382.510000000,503.480000000,-120.970000000,120.970000000,0.5,fail,status\evidence\jhora_shadbala_20260723\case_127_sr_touch_start_shadbala_summary_locked.jpg,BD3D35AB51807ED46F159061BE2D057F16DF77D7DAD0C186B71514F76AA88E2D,PyJHora 4.8.7 Tier B isolated export; Raman ayanamsa; wheel sha256 D8D8014573A38DDEFEDCAE57D3B8D84687CAC2AD31BB5B1DD70D945906A4D54D; event civil timezone; Tokyo reference coordinates; Dig uses _dig_bala(method=2) canonical bounded circular-distance variant because the package default method=1 can exceed 60 virupa,Locked independent JHora GUI witness versus pinned PyJHora Tier B export; diagnostic comparison only; no tolerance widening.
GANN_JHORA_PYJHORA_COMPARISON_V1,case_127_sr_touch_start,SATURN,sthana,171.670000000,171.670000000,0.000000000,0.000000000,0.5,pass,status\evidence\jhora_shadbala_20260723\case_127_sr_touch_start_shadbala_breakup_locked.jpg,86A7B5071B7C548006A42F31DB5086A89E7F49947AB500F027D072E130393C97,PyJHora 4.8.7 Tier B isolated export; Raman ayanamsa; wheel sha256 D8D8014573A38DDEFEDCAE57D3B8D84687CAC2AD31BB5B1DD70D945906A4D54D; event civil timezone; Tokyo reference coordinates; Dig uses _dig_bala(method=2) canonical bounded circular-distance variant because the package default method=1 can exceed 60 virupa,Locked independent JHora GUI witness versus pinned PyJHora Tier B export; diagnostic comparison only; no tolerance widening.
GANN_JHORA_PYJHORA_COMPARISON_V1,case_127_sr_touch_start,SATURN,kaala,133.120000000,113.590000000,19.530000000,19.530000000,0.5,fail,status\evidence\jhora_shadbala_20260723\case_127_sr_touch_start_shadbala_breakup_locked.jpg,86A7B5071B7C548006A42F31DB5086A89E7F49947AB500F027D072E130393C97,PyJHora 4.8.7 Tier B isolated export; Raman ayanamsa; wheel sha256 D8D8014573A38DDEFEDCAE57D3B8D84687CAC2AD31BB5B1DD70D945906A4D54D; event civil timezone; Tokyo reference coordinates; Dig uses _dig_bala(method=2) canonical bounded circular-distance variant because the package default method=1 can exceed 60 virupa,Locked independent JHora GUI witness versus pinned PyJHora Tier B export; diagnostic comparison only; no tolerance widening.
GANN_JHORA_PYJHORA_COMPARISON_V1,case_127_sr_touch_start,SATURN,dig,1.820000000,1.820000000,0.000000000,0.000000000,0.5,pass,status\evidence\jhora_shadbala_20260723\case_127_sr_touch_start_shadbala_breakup_locked.jpg,86A7B5071B7C548006A42F31DB5086A89E7F49947AB500F027D072E130393C97,PyJHora 4.8.7 Tier B isolated export; Raman ayanamsa; wheel sha256 D8D8014573A38DDEFEDCAE57D3B8D84687CAC2AD31BB5B1DD70D945906A4D54D; event civil timezone; Tokyo reference coordinates; Dig uses _dig_bala(method=2) canonical bounded circular-distance variant because the package default method=1 can exceed 60 virupa,Locked independent JHora GUI witness versus pinned PyJHora Tier B export; diagnostic comparison only; no tolerance widening.
GANN_JHORA_PYJHORA_COMPARISON_V1,case_127_sr_touch_start,SATURN,chesta,22.080000000,97.960000000,-75.880000000,75.880000000,0.5,fail,status\evidence\jhora_shadbala_20260723\case_127_sr_touch_start_shadbala_breakup_locked.jpg,86A7B5071B7C548006A42F31DB5086A89E7F49947AB500F027D072E130393C97,PyJHora 4.8.7 Tier B isolated export; Raman ayanamsa; wheel sha256 D8D8014573A38DDEFEDCAE57D3B8D84687CAC2AD31BB5B1DD70D945906A4D54D; event civil timezone; Tokyo reference coordinates; Dig uses _dig_bala(method=2) canonical bounded circular-distance variant because the package default method=1 can exceed 60 virupa,Locked independent JHora GUI witness versus pinned PyJHora Tier B export; diagnostic comparison only; no tolerance widening.
GANN_JHORA_PYJHORA_COMPARISON_V1,case_127_sr_touch_start,SATURN,naisargika,8.570000000,8.570000000,0.000000000,0.000000000,0.5,pass,status\evidence\jhora_shadbala_20260723\case_127_sr_touch_start_shadbala_breakup_locked.jpg,86A7B5071B7C548006A42F31DB5086A89E7F49947AB500F027D072E130393C97,PyJHora 4.8.7 Tier B isolated export; Raman ayanamsa; wheel sha256 D8D8014573A38DDEFEDCAE57D3B8D84687CAC2AD31BB5B1DD70D945906A4D54D; event civil timezone; Tokyo reference coordinates; Dig uses _dig_bala(method=2) canonical bounded circular-distance variant because the package default method=1 can exceed 60 virupa,Locked independent JHora GUI witness versus pinned PyJHora Tier B export; diagnostic comparison only; no tolerance widening.
GANN_JHORA_PYJHORA_COMPARISON_V1,case_127_sr_touch_start,SATURN,drik,-14.130000000,-8.230000000,-5.900000000,5.900000000,0.5,fail,status\evidence\jhora_shadbala_20260723\case_127_sr_touch_start_shadbala_breakup_locked.jpg,86A7B5071B7C548006A42F31DB5086A89E7F49947AB500F027D072E130393C97,PyJHora 4.8.7 Tier B isolated export; Raman ayanamsa; wheel sha256 D8D8014573A38DDEFEDCAE57D3B8D84687CAC2AD31BB5B1DD70D945906A4D54D; event civil timezone; Tokyo reference coordinates; Dig uses _dig_bala(method=2) canonical bounded circular-distance variant because the package default method=1 can exceed 60 virupa,Locked independent JHora GUI witness versus pinned PyJHora Tier B export; diagnostic comparison only; no tolerance widening.
GANN_JHORA_PYJHORA_COMPARISON_V1,case_127_sr_touch_start,SATURN,total,323.140000000,385.380000000,-62.240000000,62.240000000,0.5,fail,status\evidence\jhora_shadbala_20260723\case_127_sr_touch_start_shadbala_summary_locked.jpg,BD3D35AB51807ED46F159061BE2D057F16DF77D7DAD0C186B71514F76AA88E2D,PyJHora 4.8.7 Tier B isolated export; Raman ayanamsa; wheel sha256 D8D8014573A38DDEFEDCAE57D3B8D84687CAC2AD31BB5B1DD70D945906A4D54D; event civil timezone; Tokyo reference coordinates; Dig uses _dig_bala(method=2) canonical bounded circular-distance variant because the package default method=1 can exceed 60 virupa,Locked independent JHora GUI witness versus pinned PyJHora Tier B export; diagnostic comparison only; no tolerance widening.
GANN_JHORA_PYJHORA_COMPARISON_V1,gann_reference_tokyo,SUN,sthana,179.590000000,179.590000000,0.000000000,0.000000000,0.5,pass,status\evidence\jhora_shadbala_20260723\gann_reference_tokyo_shadbala_breakup_locked.jpg,BBF3EC38BCA924C10361E9D6FA6415F17613F452ABB7B50C0E68F050B946F087,PyJHora 4.8.7 Tier B isolated export; Raman ayanamsa; wheel sha256 D8D8014573A38DDEFEDCAE57D3B8D84687CAC2AD31BB5B1DD70D945906A4D54D; event civil timezone; Tokyo reference coordinates; Dig uses _dig_bala(method=2) canonical bounded circular-distance variant because the package default method=1 can exceed 60 virupa,Locked independent JHora GUI witness versus pinned PyJHora Tier B export; diagnostic comparison only; no tolerance widening.
GANN_JHORA_PYJHORA_COMPARISON_V1,gann_reference_tokyo,SUN,kaala,108.160000000,63.490000000,44.670000000,44.670000000,0.5,fail,status\evidence\jhora_shadbala_20260723\gann_reference_tokyo_shadbala_breakup_locked.jpg,BBF3EC38BCA924C10361E9D6FA6415F17613F452ABB7B50C0E68F050B946F087,PyJHora 4.8.7 Tier B isolated export; Raman ayanamsa; wheel sha256 D8D8014573A38DDEFEDCAE57D3B8D84687CAC2AD31BB5B1DD70D945906A4D54D; event civil timezone; Tokyo reference coordinates; Dig uses _dig_bala(method=2) canonical bounded circular-distance variant because the package default method=1 can exceed 60 virupa,Locked independent JHora GUI witness versus pinned PyJHora Tier B export; diagnostic comparison only; no tolerance widening.
GANN_JHORA_PYJHORA_COMPARISON_V1,gann_reference_tokyo,SUN,dig,2.150000000,0.350000000,1.800000000,1.800000000,0.5,fail,status\evidence\jhora_shadbala_20260723\gann_reference_tokyo_shadbala_breakup_locked.jpg,BBF3EC38BCA924C10361E9D6FA6415F17613F452ABB7B50C0E68F050B946F087,PyJHora 4.8.7 Tier B isolated export; Raman ayanamsa; wheel sha256 D8D8014573A38DDEFEDCAE57D3B8D84687CAC2AD31BB5B1DD70D945906A4D54D; event civil timezone; Tokyo reference coordinates; Dig uses _dig_bala(method=2) canonical bounded circular-distance variant because the package default method=1 can exceed 60 virupa,Locked independent JHora GUI witness versus pinned PyJHora Tier B export; diagnostic comparison only; no tolerance widening.
GANN_JHORA_PYJHORA_COMPARISON_V1,gann_reference_tokyo,SUN,chesta,18.090000000,0.000000000,18.090000000,18.090000000,0.5,fail,status\evidence\jhora_shadbala_20260723\gann_reference_tokyo_shadbala_breakup_locked.jpg,BBF3EC38BCA924C10361E9D6FA6415F17613F452ABB7B50C0E68F050B946F087,PyJHora 4.8.7 Tier B isolated export; Raman ayanamsa; wheel sha256 D8D8014573A38DDEFEDCAE57D3B8D84687CAC2AD31BB5B1DD70D945906A4D54D; event civil timezone; Tokyo reference coordinates; Dig uses _dig_bala(method=2) canonical bounded circular-distance variant because the package default method=1 can exceed 60 virupa,Locked independent JHora GUI witness versus pinned PyJHora Tier B export; diagnostic comparison only; no tolerance widening.
GANN_JHORA_PYJHORA_COMPARISON_V1,gann_reference_tokyo,SUN,naisargika,60.000000000,60.000000000,0.000000000,0.000000000,0.5,pass,status\evidence\jhora_shadbala_20260723\gann_reference_tokyo_shadbala_breakup_locked.jpg,BBF3EC38BCA924C10361E9D6FA6415F17613F452ABB7B50C0E68F050B946F087,PyJHora 4.8.7 Tier B isolated export; Raman ayanamsa; wheel sha256 D8D8014573A38DDEFEDCAE57D3B8D84687CAC2AD31BB5B1DD70D945906A4D54D; event civil timezone; Tokyo reference coordinates; Dig uses _dig_bala(method=2) canonical bounded circular-distance variant because the package default method=1 can exceed 60 virupa,Locked independent JHora GUI witness versus pinned PyJHora Tier B export; diagnostic comparison only; no tolerance widening.
GANN_JHORA_PYJHORA_COMPARISON_V1,gann_reference_tokyo,SUN,drik,-4.160000000,-4.160000000,0.000000000,0.000000000,0.5,pass,status\evidence\jhora_shadbala_20260723\gann_reference_tokyo_shadbala_breakup_locked.jpg,BBF3EC38BCA924C10361E9D6FA6415F17613F452ABB7B50C0E68F050B946F087,PyJHora 4.8.7 Tier B isolated export; Raman ayanamsa; wheel sha256 D8D8014573A38DDEFEDCAE57D3B8D84687CAC2AD31BB5B1DD70D945906A4D54D; event civil timezone; Tokyo reference coordinates; Dig uses _dig_bala(method=2) canonical bounded circular-distance variant because the package default method=1 can exceed 60 virupa,Locked independent JHora GUI witness versus pinned PyJHora Tier B export; diagnostic comparison only; no tolerance widening.
GANN_JHORA_PYJHORA_COMPARISON_V1,gann_reference_tokyo,SUN,total,345.750000000,299.270000000,46.480000000,46.480000000,0.5,fail,status\evidence\jhora_shadbala_20260723\gann_reference_tokyo_shadbala_summary_locked.jpg,8DD4424FC0542C9878CB9AA4E05C592A02CB03B4B924AD183801543B7C086AA1,PyJHora 4.8.7 Tier B isolated export; Raman ayanamsa; wheel sha256 D8D8014573A38DDEFEDCAE57D3B8D84687CAC2AD31BB5B1DD70D945906A4D54D; event civil timezone; Tokyo reference coordinates; Dig uses _dig_bala(method=2) canonical bounded circular-distance variant because the package default method=1 can exceed 60 virupa,Locked independent JHora GUI witness versus pinned PyJHora Tier B export; diagnostic comparison only; no tolerance widening.
GANN_JHORA_PYJHORA_COMPARISON_V1,gann_reference_tokyo,MOON,sthana,133.140000000,133.140000000,0.000000000,0.000000000,0.5,pass,status\evidence\jhora_shadbala_20260723\gann_reference_tokyo_shadbala_breakup_locked.jpg,BBF3EC38BCA924C10361E9D6FA6415F17613F452ABB7B50C0E68F050B946F087,PyJHora 4.8.7 Tier B isolated export; Raman ayanamsa; wheel sha256 D8D8014573A38DDEFEDCAE57D3B8D84687CAC2AD31BB5B1DD70D945906A4D54D; event civil timezone; Tokyo reference coordinates; Dig uses _dig_bala(method=2) canonical bounded circular-distance variant because the package default method=1 can exceed 60 virupa,Locked independent JHora GUI witness versus pinned PyJHora Tier B export; diagnostic comparison only; no tolerance widening.
GANN_JHORA_PYJHORA_COMPARISON_V1,gann_reference_tokyo,MOON,kaala,198.150000000,220.820000000,-22.670000000,22.670000000,0.5,fail,status\evidence\jhora_shadbala_20260723\gann_reference_tokyo_shadbala_breakup_locked.jpg,BBF3EC38BCA924C10361E9D6FA6415F17613F452ABB7B50C0E68F050B946F087,PyJHora 4.8.7 Tier B isolated export; Raman ayanamsa; wheel sha256 D8D8014573A38DDEFEDCAE57D3B8D84687CAC2AD31BB5B1DD70D945906A4D54D; event civil timezone; Tokyo reference coordinates; Dig uses _dig_bala(method=2) canonical bounded circular-distance variant because the package default method=1 can exceed 60 virupa,Locked independent JHora GUI witness versus pinned PyJHora Tier B export; diagnostic comparison only; no tolerance widening.
GANN_JHORA_PYJHORA_COMPARISON_V1,gann_reference_tokyo,MOON,dig,17.910000000,20.410000000,-2.500000000,2.500000000,0.5,fail,status\evidence\jhora_shadbala_20260723\gann_reference_tokyo_shadbala_breakup_locked.jpg,BBF3EC38BCA924C10361E9D6FA6415F17613F452ABB7B50C0E68F050B946F087,PyJHora 4.8.7 Tier B isolated export; Raman ayanamsa; wheel sha256 D8D8014573A38DDEFEDCAE57D3B8D84687CAC2AD31BB5B1DD70D945906A4D54D; event civil timezone; Tokyo reference coordinates; Dig uses _dig_bala(method=2) canonical bounded circular-distance variant because the package default method=1 can exceed 60 virupa,Locked independent JHora GUI witness versus pinned PyJHora Tier B export; diagnostic comparison only; no tolerance widening.
GANN_JHORA_PYJHORA_COMPARISON_V1,gann_reference_tokyo,MOON,chesta,39.940000000,0.000000000,39.940000000,39.940000000,0.5,fail,status\evidence\jhora_shadbala_20260723\gann_reference_tokyo_shadbala_breakup_locked.jpg,BBF3EC38BCA924C10361E9D6FA6415F17613F452ABB7B50C0E68F050B946F087,PyJHora 4.8.7 Tier B isolated export; Raman ayanamsa; wheel sha256 D8D8014573A38DDEFEDCAE57D3B8D84687CAC2AD31BB5B1DD70D945906A4D54D; event civil timezone; Tokyo reference coordinates; Dig uses _dig_bala(method=2) canonical bounded circular-distance variant because the package default method=1 can exceed 60 virupa,Locked independent JHora GUI witness versus pinned PyJHora Tier B export; diagnostic comparison only; no tolerance widening.
GANN_JHORA_PYJHORA_COMPARISON_V1,gann_reference_tokyo,MOON,naisargika,51.430000000,51.430000000,0.000000000,0.000000000,0.5,pass,status\evidence\jhora_shadbala_20260723\gann_reference_tokyo_shadbala_breakup_locked.jpg,BBF3EC38BCA924C10361E9D6FA6415F17613F452ABB7B50C0E68F050B946F087,PyJHora 4.8.7 Tier B isolated export; Raman ayanamsa; wheel sha256 D8D8014573A38DDEFEDCAE57D3B8D84687CAC2AD31BB5B1DD70D945906A4D54D; event civil timezone; Tokyo reference coordinates; Dig uses _dig_bala(method=2) canonical bounded circular-distance variant because the package default method=1 can exceed 60 virupa,Locked independent JHora GUI witness versus pinned PyJHora Tier B export; diagnostic comparison only; no tolerance widening.
GANN_JHORA_PYJHORA_COMPARISON_V1,gann_reference_tokyo,MOON,drik,-12.420000000,-9.030000000,-3.390000000,3.390000000,0.5,fail,status\evidence\jhora_shadbala_20260723\gann_reference_tokyo_shadbala_breakup_locked.jpg,BBF3EC38BCA924C10361E9D6FA6415F17613F452ABB7B50C0E68F050B946F087,PyJHora 4.8.7 Tier B isolated export; Raman ayanamsa; wheel sha256 D8D8014573A38DDEFEDCAE57D3B8D84687CAC2AD31BB5B1DD70D945906A4D54D; event civil timezone; Tokyo reference coordinates; Dig uses _dig_bala(method=2) canonical bounded circular-distance variant because the package default method=1 can exceed 60 virupa,Locked independent JHora GUI witness versus pinned PyJHora Tier B export; diagnostic comparison only; no tolerance widening.
GANN_JHORA_PYJHORA_COMPARISON_V1,gann_reference_tokyo,MOON,total,388.210000000,416.770000000,-28.560000000,28.560000000,0.5,fail,status\evidence\jhora_shadbala_20260723\gann_reference_tokyo_shadbala_summary_locked.jpg,8DD4424FC0542C9878CB9AA4E05C592A02CB03B4B924AD183801543B7C086AA1,PyJHora 4.8.7 Tier B isolated export; Raman ayanamsa; wheel sha256 D8D8014573A38DDEFEDCAE57D3B8D84687CAC2AD31BB5B1DD70D945906A4D54D; event civil timezone; Tokyo reference coordinates; Dig uses _dig_bala(method=2) canonical bounded circular-distance variant because the package default method=1 can exceed 60 virupa,Locked independent JHora GUI witness versus pinned PyJHora Tier B export; diagnostic comparison only; no tolerance widening.
GANN_JHORA_PYJHORA_COMPARISON_V1,gann_reference_tokyo,MARS,sthana,224.250000000,224.250000000,0.000000000,0.000000000,0.5,pass,status\evidence\jhora_shadbala_20260723\gann_reference_tokyo_shadbala_breakup_locked.jpg,BBF3EC38BCA924C10361E9D6FA6415F17613F452ABB7B50C0E68F050B946F087,PyJHora 4.8.7 Tier B isolated export; Raman ayanamsa; wheel sha256 D8D8014573A38DDEFEDCAE57D3B8D84687CAC2AD31BB5B1DD70D945906A4D54D; event civil timezone; Tokyo reference coordinates; Dig uses _dig_bala(method=2) canonical bounded circular-distance variant because the package default method=1 can exceed 60 virupa,Locked independent JHora GUI witness versus pinned PyJHora Tier B export; diagnostic comparison only; no tolerance widening.
GANN_JHORA_PYJHORA_COMPARISON_V1,gann_reference_tokyo,MARS,kaala,136.400000000,97.720000000,38.680000000,38.680000000,0.5,fail,status\evidence\jhora_shadbala_20260723\gann_reference_tokyo_shadbala_breakup_locked.jpg,BBF3EC38BCA924C10361E9D6FA6415F17613F452ABB7B50C0E68F050B946F087,PyJHora 4.8.7 Tier B isolated export; Raman ayanamsa; wheel sha256 D8D8014573A38DDEFEDCAE57D3B8D84687CAC2AD31BB5B1DD70D945906A4D54D; event civil timezone; Tokyo reference coordinates; Dig uses _dig_bala(method=2) canonical bounded circular-distance variant because the package default method=1 can exceed 60 virupa,Locked independent JHora GUI witness versus pinned PyJHora Tier B export; diagnostic comparison only; no tolerance widening.
GANN_JHORA_PYJHORA_COMPARISON_V1,gann_reference_tokyo,MARS,dig,13.060000000,10.560000000,2.500000000,2.500000000,0.5,fail,status\evidence\jhora_shadbala_20260723\gann_reference_tokyo_shadbala_breakup_locked.jpg,BBF3EC38BCA924C10361E9D6FA6415F17613F452ABB7B50C0E68F050B946F087,PyJHora 4.8.7 Tier B isolated export; Raman ayanamsa; wheel sha256 D8D8014573A38DDEFEDCAE57D3B8D84687CAC2AD31BB5B1DD70D945906A4D54D; event civil timezone; Tokyo reference coordinates; Dig uses _dig_bala(method=2) canonical bounded circular-distance variant because the package default method=1 can exceed 60 virupa,Locked independent JHora GUI witness versus pinned PyJHora Tier B export; diagnostic comparison only; no tolerance widening.
GANN_JHORA_PYJHORA_COMPARISON_V1,gann_reference_tokyo,MARS,chesta,5.040000000,12.740000000,-7.700000000,7.700000000,0.5,fail,status\evidence\jhora_shadbala_20260723\gann_reference_tokyo_shadbala_breakup_locked.jpg,BBF3EC38BCA924C10361E9D6FA6415F17613F452ABB7B50C0E68F050B946F087,PyJHora 4.8.7 Tier B isolated export; Raman ayanamsa; wheel sha256 D8D8014573A38DDEFEDCAE57D3B8D84687CAC2AD31BB5B1DD70D945906A4D54D; event civil timezone; Tokyo reference coordinates; Dig uses _dig_bala(method=2) canonical bounded circular-distance variant because the package default method=1 can exceed 60 virupa,Locked independent JHora GUI witness versus pinned PyJHora Tier B export; diagnostic comparison only; no tolerance widening.
GANN_JHORA_PYJHORA_COMPARISON_V1,gann_reference_tokyo,MARS,naisargika,17.140000000,17.140000000,0.000000000,0.000000000,0.5,pass,status\evidence\jhora_shadbala_20260723\gann_reference_tokyo_shadbala_breakup_locked.jpg,BBF3EC38BCA924C10361E9D6FA6415F17613F452ABB7B50C0E68F050B946F087,PyJHora 4.8.7 Tier B isolated export; Raman ayanamsa; wheel sha256 D8D8014573A38DDEFEDCAE57D3B8D84687CAC2AD31BB5B1DD70D945906A4D54D; event civil timezone; Tokyo reference coordinates; Dig uses _dig_bala(method=2) canonical bounded circular-distance variant because the package default method=1 can exceed 60 virupa,Locked independent JHora GUI witness versus pinned PyJHora Tier B export; diagnostic comparison only; no tolerance widening.
GANN_JHORA_PYJHORA_COMPARISON_V1,gann_reference_tokyo,MARS,drik,2.590000000,2.590000000,0.000000000,0.000000000,0.5,pass,status\evidence\jhora_shadbala_20260723\gann_reference_tokyo_shadbala_breakup_locked.jpg,BBF3EC38BCA924C10361E9D6FA6415F17613F452ABB7B50C0E68F050B946F087,PyJHora 4.8.7 Tier B isolated export; Raman ayanamsa; wheel sha256 D8D8014573A38DDEFEDCAE57D3B8D84687CAC2AD31BB5B1DD70D945906A4D54D; event civil timezone; Tokyo reference coordinates; Dig uses _dig_bala(method=2) canonical bounded circular-distance variant because the package default method=1 can exceed 60 virupa,Locked independent JHora GUI witness versus pinned PyJHora Tier B export; diagnostic comparison only; no tolerance widening.
GANN_JHORA_PYJHORA_COMPARISON_V1,gann_reference_tokyo,MARS,total,398.480000000,365.000000000,33.480000000,33.480000000,0.5,fail,status\evidence\jhora_shadbala_20260723\gann_reference_tokyo_shadbala_summary_locked.jpg,8DD4424FC0542C9878CB9AA4E05C592A02CB03B4B924AD183801543B7C086AA1,PyJHora 4.8.7 Tier B isolated export; Raman ayanamsa; wheel sha256 D8D8014573A38DDEFEDCAE57D3B8D84687CAC2AD31BB5B1DD70D945906A4D54D; event civil timezone; Tokyo reference coordinates; Dig uses _dig_bala(method=2) canonical bounded circular-distance variant because the package default method=1 can exceed 60 virupa,Locked independent JHora GUI witness versus pinned PyJHora Tier B export; diagnostic comparison only; no tolerance widening.
GANN_JHORA_PYJHORA_COMPARISON_V1,gann_reference_tokyo,MERCURY,sthana,176.610000000,176.610000000,0.000000000,0.000000000,0.5,pass,status\evidence\jhora_shadbala_20260723\gann_reference_tokyo_shadbala_breakup_locked.jpg,BBF3EC38BCA924C10361E9D6FA6415F17613F452ABB7B50C0E68F050B946F087,PyJHora 4.8.7 Tier B isolated export; Raman ayanamsa; wheel sha256 D8D8014573A38DDEFEDCAE57D3B8D84687CAC2AD31BB5B1DD70D945906A4D54D; event civil timezone; Tokyo reference coordinates; Dig uses _dig_bala(method=2) canonical bounded circular-distance variant because the package default method=1 can exceed 60 virupa,Locked independent JHora GUI witness versus pinned PyJHora Tier B export; diagnostic comparison only; no tolerance widening.
GANN_JHORA_PYJHORA_COMPARISON_V1,gann_reference_tokyo,MERCURY,kaala,123.210000000,84.130000000,39.080000000,39.080000000,0.5,fail,status\evidence\jhora_shadbala_20260723\gann_reference_tokyo_shadbala_breakup_locked.jpg,BBF3EC38BCA924C10361E9D6FA6415F17613F452ABB7B50C0E68F050B946F087,PyJHora 4.8.7 Tier B isolated export; Raman ayanamsa; wheel sha256 D8D8014573A38DDEFEDCAE57D3B8D84687CAC2AD31BB5B1DD70D945906A4D54D; event civil timezone; Tokyo reference coordinates; Dig uses _dig_bala(method=2) canonical bounded circular-distance variant because the package default method=1 can exceed 60 virupa,Locked independent JHora GUI witness versus pinned PyJHora Tier B export; diagnostic comparison only; no tolerance widening.
GANN_JHORA_PYJHORA_COMPARISON_V1,gann_reference_tokyo,MERCURY,dig,24.890000000,24.890000000,0.000000000,0.000000000,0.5,pass,status\evidence\jhora_shadbala_20260723\gann_reference_tokyo_shadbala_breakup_locked.jpg,BBF3EC38BCA924C10361E9D6FA6415F17613F452ABB7B50C0E68F050B946F087,PyJHora 4.8.7 Tier B isolated export; Raman ayanamsa; wheel sha256 D8D8014573A38DDEFEDCAE57D3B8D84687CAC2AD31BB5B1DD70D945906A4D54D; event civil timezone; Tokyo reference coordinates; Dig uses _dig_bala(method=2) canonical bounded circular-distance variant because the package default method=1 can exceed 60 virupa,Locked independent JHora GUI witness versus pinned PyJHora Tier B export; diagnostic comparison only; no tolerance widening.
GANN_JHORA_PYJHORA_COMPARISON_V1,gann_reference_tokyo,MERCURY,chesta,11.270000000,97.400000000,-86.130000000,86.130000000,0.5,fail,status\evidence\jhora_shadbala_20260723\gann_reference_tokyo_shadbala_breakup_locked.jpg,BBF3EC38BCA924C10361E9D6FA6415F17613F452ABB7B50C0E68F050B946F087,PyJHora 4.8.7 Tier B isolated export; Raman ayanamsa; wheel sha256 D8D8014573A38DDEFEDCAE57D3B8D84687CAC2AD31BB5B1DD70D945906A4D54D; event civil timezone; Tokyo reference coordinates; Dig uses _dig_bala(method=2) canonical bounded circular-distance variant because the package default method=1 can exceed 60 virupa,Locked independent JHora GUI witness versus pinned PyJHora Tier B export; diagnostic comparison only; no tolerance widening.
GANN_JHORA_PYJHORA_COMPARISON_V1,gann_reference_tokyo,MERCURY,naisargika,25.700000000,25.710000000,-0.010000000,0.010000000,0.5,pass,status\evidence\jhora_shadbala_20260723\gann_reference_tokyo_shadbala_breakup_locked.jpg,BBF3EC38BCA924C10361E9D6FA6415F17613F452ABB7B50C0E68F050B946F087,PyJHora 4.8.7 Tier B isolated export; Raman ayanamsa; wheel sha256 D8D8014573A38DDEFEDCAE57D3B8D84687CAC2AD31BB5B1DD70D945906A4D54D; event civil timezone; Tokyo reference coordinates; Dig uses _dig_bala(method=2) canonical bounded circular-distance variant because the package default method=1 can exceed 60 virupa,Locked independent JHora GUI witness versus pinned PyJHora Tier B export; diagnostic comparison only; no tolerance widening.
GANN_JHORA_PYJHORA_COMPARISON_V1,gann_reference_tokyo,MERCURY,drik,-3.030000000,-3.030000000,0.000000000,0.000000000,0.5,pass,status\evidence\jhora_shadbala_20260723\gann_reference_tokyo_shadbala_breakup_locked.jpg,BBF3EC38BCA924C10361E9D6FA6415F17613F452ABB7B50C0E68F050B946F087,PyJHora 4.8.7 Tier B isolated export; Raman ayanamsa; wheel sha256 D8D8014573A38DDEFEDCAE57D3B8D84687CAC2AD31BB5B1DD70D945906A4D54D; event civil timezone; Tokyo reference coordinates; Dig uses _dig_bala(method=2) canonical bounded circular-distance variant because the package default method=1 can exceed 60 virupa,Locked independent JHora GUI witness versus pinned PyJHora Tier B export; diagnostic comparison only; no tolerance widening.
GANN_JHORA_PYJHORA_COMPARISON_V1,gann_reference_tokyo,MERCURY,total,358.660000000,475.930000000,-117.270000000,117.270000000,0.5,fail,status\evidence\jhora_shadbala_20260723\gann_reference_tokyo_shadbala_summary_locked.jpg,8DD4424FC0542C9878CB9AA4E05C592A02CB03B4B924AD183801543B7C086AA1,PyJHora 4.8.7 Tier B isolated export; Raman ayanamsa; wheel sha256 D8D8014573A38DDEFEDCAE57D3B8D84687CAC2AD31BB5B1DD70D945906A4D54D; event civil timezone; Tokyo reference coordinates; Dig uses _dig_bala(method=2) canonical bounded circular-distance variant because the package default method=1 can exceed 60 virupa,Locked independent JHora GUI witness versus pinned PyJHora Tier B export; diagnostic comparison only; no tolerance widening.
GANN_JHORA_PYJHORA_COMPARISON_V1,gann_reference_tokyo,JUPITER,sthana,210.830000000,192.080000000,18.750000000,18.750000000,0.5,fail,status\evidence\jhora_shadbala_20260723\gann_reference_tokyo_shadbala_breakup_locked.jpg,BBF3EC38BCA924C10361E9D6FA6415F17613F452ABB7B50C0E68F050B946F087,PyJHora 4.8.7 Tier B isolated export; Raman ayanamsa; wheel sha256 D8D8014573A38DDEFEDCAE57D3B8D84687CAC2AD31BB5B1DD70D945906A4D54D; event civil timezone; Tokyo reference coordinates; Dig uses _dig_bala(method=2) canonical bounded circular-distance variant because the package default method=1 can exceed 60 virupa,Locked independent JHora GUI witness versus pinned PyJHora Tier B export; diagnostic comparison only; no tolerance widening.
GANN_JHORA_PYJHORA_COMPARISON_V1,gann_reference_tokyo,JUPITER,kaala,102.310000000,139.700000000,-37.390000000,37.390000000,0.5,fail,status\evidence\jhora_shadbala_20260723\gann_reference_tokyo_shadbala_breakup_locked.jpg,BBF3EC38BCA924C10361E9D6FA6415F17613F452ABB7B50C0E68F050B946F087,PyJHora 4.8.7 Tier B isolated export; Raman ayanamsa; wheel sha256 D8D8014573A38DDEFEDCAE57D3B8D84687CAC2AD31BB5B1DD70D945906A4D54D; event civil timezone; Tokyo reference coordinates; Dig uses _dig_bala(method=2) canonical bounded circular-distance variant because the package default method=1 can exceed 60 virupa,Locked independent JHora GUI witness versus pinned PyJHora Tier B export; diagnostic comparison only; no tolerance widening.
GANN_JHORA_PYJHORA_COMPARISON_V1,gann_reference_tokyo,JUPITER,dig,44.940000000,44.940000000,0.000000000,0.000000000,0.5,pass,status\evidence\jhora_shadbala_20260723\gann_reference_tokyo_shadbala_breakup_locked.jpg,BBF3EC38BCA924C10361E9D6FA6415F17613F452ABB7B50C0E68F050B946F087,PyJHora 4.8.7 Tier B isolated export; Raman ayanamsa; wheel sha256 D8D8014573A38DDEFEDCAE57D3B8D84687CAC2AD31BB5B1DD70D945906A4D54D; event civil timezone; Tokyo reference coordinates; Dig uses _dig_bala(method=2) canonical bounded circular-distance variant because the package default method=1 can exceed 60 virupa,Locked independent JHora GUI witness versus pinned PyJHora Tier B export; diagnostic comparison only; no tolerance widening.
GANN_JHORA_PYJHORA_COMPARISON_V1,gann_reference_tokyo,JUPITER,chesta,20.870000000,11.830000000,9.040000000,9.040000000,0.5,fail,status\evidence\jhora_shadbala_20260723\gann_reference_tokyo_shadbala_breakup_locked.jpg,BBF3EC38BCA924C10361E9D6FA6415F17613F452ABB7B50C0E68F050B946F087,PyJHora 4.8.7 Tier B isolated export; Raman ayanamsa; wheel sha256 D8D8014573A38DDEFEDCAE57D3B8D84687CAC2AD31BB5B1DD70D945906A4D54D; event civil timezone; Tokyo reference coordinates; Dig uses _dig_bala(method=2) canonical bounded circular-distance variant because the package default method=1 can exceed 60 virupa,Locked independent JHora GUI witness versus pinned PyJHora Tier B export; diagnostic comparison only; no tolerance widening.
GANN_JHORA_PYJHORA_COMPARISON_V1,gann_reference_tokyo,JUPITER,naisargika,34.280000000,34.290000000,-0.010000000,0.010000000,0.5,pass,status\evidence\jhora_shadbala_20260723\gann_reference_tokyo_shadbala_breakup_locked.jpg,BBF3EC38BCA924C10361E9D6FA6415F17613F452ABB7B50C0E68F050B946F087,PyJHora 4.8.7 Tier B isolated export; Raman ayanamsa; wheel sha256 D8D8014573A38DDEFEDCAE57D3B8D84687CAC2AD31BB5B1DD70D945906A4D54D; event civil timezone; Tokyo reference coordinates; Dig uses _dig_bala(method=2) canonical bounded circular-distance variant because the package default method=1 can exceed 60 virupa,Locked independent JHora GUI witness versus pinned PyJHora Tier B export; diagnostic comparison only; no tolerance widening.
GANN_JHORA_PYJHORA_COMPARISON_V1,gann_reference_tokyo,JUPITER,drik,11.670000000,11.670000000,0.000000000,0.000000000,0.5,pass,status\evidence\jhora_shadbala_20260723\gann_reference_tokyo_shadbala_breakup_locked.jpg,BBF3EC38BCA924C10361E9D6FA6415F17613F452ABB7B50C0E68F050B946F087,PyJHora 4.8.7 Tier B isolated export; Raman ayanamsa; wheel sha256 D8D8014573A38DDEFEDCAE57D3B8D84687CAC2AD31BB5B1DD70D945906A4D54D; event civil timezone; Tokyo reference coordinates; Dig uses _dig_bala(method=2) canonical bounded circular-distance variant because the package default method=1 can exceed 60 virupa,Locked independent JHora GUI witness versus pinned PyJHora Tier B export; diagnostic comparison only; no tolerance widening.
GANN_JHORA_PYJHORA_COMPARISON_V1,gann_reference_tokyo,JUPITER,total,424.900000000,464.630000000,-39.730000000,39.730000000,0.5,fail,status\evidence\jhora_shadbala_20260723\gann_reference_tokyo_shadbala_summary_locked.jpg,8DD4424FC0542C9878CB9AA4E05C592A02CB03B4B924AD183801543B7C086AA1,PyJHora 4.8.7 Tier B isolated export; Raman ayanamsa; wheel sha256 D8D8014573A38DDEFEDCAE57D3B8D84687CAC2AD31BB5B1DD70D945906A4D54D; event civil timezone; Tokyo reference coordinates; Dig uses _dig_bala(method=2) canonical bounded circular-distance variant because the package default method=1 can exceed 60 virupa,Locked independent JHora GUI witness versus pinned PyJHora Tier B export; diagnostic comparison only; no tolerance widening.
GANN_JHORA_PYJHORA_COMPARISON_V1,gann_reference_tokyo,VENUS,sthana,184.390000000,184.390000000,0.000000000,0.000000000,0.5,pass,status\evidence\jhora_shadbala_20260723\gann_reference_tokyo_shadbala_breakup_locked.jpg,BBF3EC38BCA924C10361E9D6FA6415F17613F452ABB7B50C0E68F050B946F087,PyJHora 4.8.7 Tier B isolated export; Raman ayanamsa; wheel sha256 D8D8014573A38DDEFEDCAE57D3B8D84687CAC2AD31BB5B1DD70D945906A4D54D; event civil timezone; Tokyo reference coordinates; Dig uses _dig_bala(method=2) canonical bounded circular-distance variant because the package default method=1 can exceed 60 virupa,Locked independent JHora GUI witness versus pinned PyJHora Tier B export; diagnostic comparison only; no tolerance widening.
GANN_JHORA_PYJHORA_COMPARISON_V1,gann_reference_tokyo,VENUS,kaala,137.460000000,225.370000000,-87.910000000,87.910000000,0.5,fail,status\evidence\jhora_shadbala_20260723\gann_reference_tokyo_shadbala_breakup_locked.jpg,BBF3EC38BCA924C10361E9D6FA6415F17613F452ABB7B50C0E68F050B946F087,PyJHora 4.8.7 Tier B isolated export; Raman ayanamsa; wheel sha256 D8D8014573A38DDEFEDCAE57D3B8D84687CAC2AD31BB5B1DD70D945906A4D54D; event civil timezone; Tokyo reference coordinates; Dig uses _dig_bala(method=2) canonical bounded circular-distance variant because the package default method=1 can exceed 60 virupa,Locked independent JHora GUI witness versus pinned PyJHora Tier B export; diagnostic comparison only; no tolerance widening.
GANN_JHORA_PYJHORA_COMPARISON_V1,gann_reference_tokyo,VENUS,dig,42.380000000,44.880000000,-2.500000000,2.500000000,0.5,fail,status\evidence\jhora_shadbala_20260723\gann_reference_tokyo_shadbala_breakup_locked.jpg,BBF3EC38BCA924C10361E9D6FA6415F17613F452ABB7B50C0E68F050B946F087,PyJHora 4.8.7 Tier B isolated export; Raman ayanamsa; wheel sha256 D8D8014573A38DDEFEDCAE57D3B8D84687CAC2AD31BB5B1DD70D945906A4D54D; event civil timezone; Tokyo reference coordinates; Dig uses _dig_bala(method=2) canonical bounded circular-distance variant because the package default method=1 can exceed 60 virupa,Locked independent JHora GUI witness versus pinned PyJHora Tier B export; diagnostic comparison only; no tolerance widening.
GANN_JHORA_PYJHORA_COMPARISON_V1,gann_reference_tokyo,VENUS,chesta,22.080000000,78.270000000,-56.190000000,56.190000000,0.5,fail,status\evidence\jhora_shadbala_20260723\gann_reference_tokyo_shadbala_breakup_locked.jpg,BBF3EC38BCA924C10361E9D6FA6415F17613F452ABB7B50C0E68F050B946F087,PyJHora 4.8.7 Tier B isolated export; Raman ayanamsa; wheel sha256 D8D8014573A38DDEFEDCAE57D3B8D84687CAC2AD31BB5B1DD70D945906A4D54D; event civil timezone; Tokyo reference coordinates; Dig uses _dig_bala(method=2) canonical bounded circular-distance variant because the package default method=1 can exceed 60 virupa,Locked independent JHora GUI witness versus pinned PyJHora Tier B export; diagnostic comparison only; no tolerance widening.
GANN_JHORA_PYJHORA_COMPARISON_V1,gann_reference_tokyo,VENUS,naisargika,42.850000000,42.860000000,-0.010000000,0.010000000,0.5,pass,status\evidence\jhora_shadbala_20260723\gann_reference_tokyo_shadbala_breakup_locked.jpg,BBF3EC38BCA924C10361E9D6FA6415F17613F452ABB7B50C0E68F050B946F087,PyJHora 4.8.7 Tier B isolated export; Raman ayanamsa; wheel sha256 D8D8014573A38DDEFEDCAE57D3B8D84687CAC2AD31BB5B1DD70D945906A4D54D; event civil timezone; Tokyo reference coordinates; Dig uses _dig_bala(method=2) canonical bounded circular-distance variant because the package default method=1 can exceed 60 virupa,Locked independent JHora GUI witness versus pinned PyJHora Tier B export; diagnostic comparison only; no tolerance widening.
GANN_JHORA_PYJHORA_COMPARISON_V1,gann_reference_tokyo,VENUS,drik,2.400000000,0.480000000,1.920000000,1.920000000,0.5,fail,status\evidence\jhora_shadbala_20260723\gann_reference_tokyo_shadbala_breakup_locked.jpg,BBF3EC38BCA924C10361E9D6FA6415F17613F452ABB7B50C0E68F050B946F087,PyJHora 4.8.7 Tier B isolated export; Raman ayanamsa; wheel sha256 D8D8014573A38DDEFEDCAE57D3B8D84687CAC2AD31BB5B1DD70D945906A4D54D; event civil timezone; Tokyo reference coordinates; Dig uses _dig_bala(method=2) canonical bounded circular-distance variant because the package default method=1 can exceed 60 virupa,Locked independent JHora GUI witness versus pinned PyJHora Tier B export; diagnostic comparison only; no tolerance widening.
GANN_JHORA_PYJHORA_COMPARISON_V1,gann_reference_tokyo,VENUS,total,431.560000000,606.490000000,-174.930000000,174.930000000,0.5,fail,status\evidence\jhora_shadbala_20260723\gann_reference_tokyo_shadbala_summary_locked.jpg,8DD4424FC0542C9878CB9AA4E05C592A02CB03B4B924AD183801543B7C086AA1,PyJHora 4.8.7 Tier B isolated export; Raman ayanamsa; wheel sha256 D8D8014573A38DDEFEDCAE57D3B8D84687CAC2AD31BB5B1DD70D945906A4D54D; event civil timezone; Tokyo reference coordinates; Dig uses _dig_bala(method=2) canonical bounded circular-distance variant because the package default method=1 can exceed 60 virupa,Locked independent JHora GUI witness versus pinned PyJHora Tier B export; diagnostic comparison only; no tolerance widening.
GANN_JHORA_PYJHORA_COMPARISON_V1,gann_reference_tokyo,SATURN,sthana,166.880000000,166.880000000,0.000000000,0.000000000,0.5,pass,status\evidence\jhora_shadbala_20260723\gann_reference_tokyo_shadbala_breakup_locked.jpg,BBF3EC38BCA924C10361E9D6FA6415F17613F452ABB7B50C0E68F050B946F087,PyJHora 4.8.7 Tier B isolated export; Raman ayanamsa; wheel sha256 D8D8014573A38DDEFEDCAE57D3B8D84687CAC2AD31BB5B1DD70D945906A4D54D; event civil timezone; Tokyo reference coordinates; Dig uses _dig_bala(method=2) canonical bounded circular-distance variant because the package default method=1 can exceed 60 virupa,Locked independent JHora GUI witness versus pinned PyJHora Tier B export; diagnostic comparison only; no tolerance widening.
GANN_JHORA_PYJHORA_COMPARISON_V1,gann_reference_tokyo,SATURN,kaala,88.550000000,50.010000000,38.540000000,38.540000000,0.5,fail,status\evidence\jhora_shadbala_20260723\gann_reference_tokyo_shadbala_breakup_locked.jpg,BBF3EC38BCA924C10361E9D6FA6415F17613F452ABB7B50C0E68F050B946F087,PyJHora 4.8.7 Tier B isolated export; Raman ayanamsa; wheel sha256 D8D8014573A38DDEFEDCAE57D3B8D84687CAC2AD31BB5B1DD70D945906A4D54D; event civil timezone; Tokyo reference coordinates; Dig uses _dig_bala(method=2) canonical bounded circular-distance variant because the package default method=1 can exceed 60 virupa,Locked independent JHora GUI witness versus pinned PyJHora Tier B export; diagnostic comparison only; no tolerance widening.
GANN_JHORA_PYJHORA_COMPARISON_V1,gann_reference_tokyo,SATURN,dig,29.730000000,29.730000000,0.000000000,0.000000000,0.5,pass,status\evidence\jhora_shadbala_20260723\gann_reference_tokyo_shadbala_breakup_locked.jpg,BBF3EC38BCA924C10361E9D6FA6415F17613F452ABB7B50C0E68F050B946F087,PyJHora 4.8.7 Tier B isolated export; Raman ayanamsa; wheel sha256 D8D8014573A38DDEFEDCAE57D3B8D84687CAC2AD31BB5B1DD70D945906A4D54D; event civil timezone; Tokyo reference coordinates; Dig uses _dig_bala(method=2) canonical bounded circular-distance variant because the package default method=1 can exceed 60 virupa,Locked independent JHora GUI witness versus pinned PyJHora Tier B export; diagnostic comparison only; no tolerance widening.
GANN_JHORA_PYJHORA_COMPARISON_V1,gann_reference_tokyo,SATURN,chesta,39.440000000,44.790000000,-5.350000000,5.350000000,0.5,fail,status\evidence\jhora_shadbala_20260723\gann_reference_tokyo_shadbala_breakup_locked.jpg,BBF3EC38BCA924C10361E9D6FA6415F17613F452ABB7B50C0E68F050B946F087,PyJHora 4.8.7 Tier B isolated export; Raman ayanamsa; wheel sha256 D8D8014573A38DDEFEDCAE57D3B8D84687CAC2AD31BB5B1DD70D945906A4D54D; event civil timezone; Tokyo reference coordinates; Dig uses _dig_bala(method=2) canonical bounded circular-distance variant because the package default method=1 can exceed 60 virupa,Locked independent JHora GUI witness versus pinned PyJHora Tier B export; diagnostic comparison only; no tolerance widening.
GANN_JHORA_PYJHORA_COMPARISON_V1,gann_reference_tokyo,SATURN,naisargika,8.570000000,8.570000000,0.000000000,0.000000000,0.5,pass,status\evidence\jhora_shadbala_20260723\gann_reference_tokyo_shadbala_breakup_locked.jpg,BBF3EC38BCA924C10361E9D6FA6415F17613F452ABB7B50C0E68F050B946F087,PyJHora 4.8.7 Tier B isolated export; Raman ayanamsa; wheel sha256 D8D8014573A38DDEFEDCAE57D3B8D84687CAC2AD31BB5B1DD70D945906A4D54D; event civil timezone; Tokyo reference coordinates; Dig uses _dig_bala(method=2) canonical bounded circular-distance variant because the package default method=1 can exceed 60 virupa,Locked independent JHora GUI witness versus pinned PyJHora Tier B export; diagnostic comparison only; no tolerance widening.
GANN_JHORA_PYJHORA_COMPARISON_V1,gann_reference_tokyo,SATURN,drik,-0.230000000,-4.130000000,3.900000000,3.900000000,0.5,fail,status\evidence\jhora_shadbala_20260723\gann_reference_tokyo_shadbala_breakup_locked.jpg,BBF3EC38BCA924C10361E9D6FA6415F17613F452ABB7B50C0E68F050B946F087,PyJHora 4.8.7 Tier B isolated export; Raman ayanamsa; wheel sha256 D8D8014573A38DDEFEDCAE57D3B8D84687CAC2AD31BB5B1DD70D945906A4D54D; event civil timezone; Tokyo reference coordinates; Dig uses _dig_bala(method=2) canonical bounded circular-distance variant because the package default method=1 can exceed 60 virupa,Locked independent JHora GUI witness versus pinned PyJHora Tier B export; diagnostic comparison only; no tolerance widening.
GANN_JHORA_PYJHORA_COMPARISON_V1,gann_reference_tokyo,SATURN,total,332.940000000,295.850000000,37.090000000,37.090000000,0.5,fail,status\evidence\jhora_shadbala_20260723\gann_reference_tokyo_shadbala_summary_locked.jpg,8DD4424FC0542C9878CB9AA4E05C592A02CB03B4B924AD183801543B7C086AA1,PyJHora 4.8.7 Tier B isolated export; Raman ayanamsa; wheel sha256 D8D8014573A38DDEFEDCAE57D3B8D84687CAC2AD31BB5B1DD70D945906A4D54D; event civil timezone; Tokyo reference coordinates; Dig uses _dig_bala(method=2) canonical bounded circular-distance variant because the package default method=1 can exceed 60 virupa,Locked independent JHora GUI witness versus pinned PyJHora Tier B export; diagnostic comparison only; no tolerance widening.
